player_name,position,origin_season,origin_week,target_season,target_week,horizon_step,y_true,y_pred,target_played,forecast_age_days,prediction_ci_low,prediction_ci_high,forecast_start_week
A.J. Brown,WR,2026,1,2026,2,1,0.0,14.63235855102539,False,0,3.5337430953979485,29.348118495941144,2
A.J. Brown,WR,2026,1,2026,3,2,0.0,14.868165969848633,False,7,1.200871753692626,29.029478454589835,2
A.J. Brown,WR,2026,1,2026,4,3,0.0,15.043128967285156,False,14,0.9155436515808102,28.572358226776117,2
A.J. Brown,WR,2026,1,2026,5,4,0.0,15.01445770263672,False,21,0.7267034530639656,28.566010189056385,2
A.J. Brown,WR,2026,1,2026,6,5,0.0,14.946527481079102,False,28,0.508077239990234,27.889520096778867,2
A.J. Brown,WR,2026,1,2026,7,6,0.0,14.880905151367188,False,35,0.3475039482116688,27.09759712219238,2
A.J. Brown,WR,2026,1,2026,8,7,0.0,14.858101844787598,False,42,0.2524491310119625,26.47165794372558,2
A.J. Brown,WR,2026,1,2026,9,8,0.0,14.805063247680664,False,49,0.1496150016784661,25.821990776062005,2
A.J. Brown,WR,2026,1,2026,10,9,0.0,14.734055519104004,False,56,0.0322384834289568,24.639933967590306,2
A.J. Brown,WR,2026,1,2026,11,10,0.0,14.66261863708496,False,63,0.0,23.93359100818634,2
A.J. Brown,WR,2026,1,2026,12,11,0.0,14.586247444152832,False,70,0.0,23.58889183998107,2
A.J. Brown,WR,2026,1,2026,13,12,0.0,14.496183395385742,False,77,0.0,22.94301824569701,2
A.J. Brown,WR,2026,1,2026,14,13,0.0,14.419429779052734,False,84,0.0,22.066418266296377,2
A.J. Brown,WR,2026,1,2026,15,14,0.0,14.363567352294922,False,91,0.0,19.97674667835235,2
A.J. Brown,WR,2026,1,2026,16,15,0.0,14.298436164855955,False,98,0.0,17.902930068969685,2
A.J. Brown,WR,2026,1,2026,17,16,0.0,14.224783897399902,False,105,0.0,15.172608447074882,2
AJ Dillon,RB,2026,1,2026,2,1,0.0,1.4342235326766968,False,0,0.0,16.14998347759245,2
AJ Dillon,RB,2026,1,2026,3,2,0.0,1.3760194778442385,False,7,0.0,15.537331962585442,2
AJ Dillon,RB,2026,1,2026,4,3,0.0,1.4250950813293457,False,14,0.0,14.954324340820303,2
AJ Dillon,RB,2026,1,2026,5,4,0.0,1.4034771919250488,False,21,0.0,14.955029678344712,2
AJ Dillon,RB,2026,1,2026,6,5,0.0,1.3587408065795898,False,28,0.0,14.301733422279357,2
AJ Dillon,RB,2026,1,2026,7,6,0.0,1.368623971939087,False,35,0.0,13.58531594276428,2
AJ Dillon,RB,2026,1,2026,8,7,0.0,1.3674702644348145,False,42,0.0,12.981026363372798,2
AJ Dillon,RB,2026,1,2026,9,8,0.0,1.4382059574127195,False,49,0.0,12.45513348579406,2
AJ Dillon,RB,2026,1,2026,10,9,0.0,1.5056495666503906,False,56,0.0,11.41152801513669,2
AJ Dillon,RB,2026,1,2026,11,10,0.0,1.5744826793670654,False,63,0.0,10.845455050468445,2
AJ Dillon,RB,2026,1,2026,12,11,0.0,1.6653263568878174,False,70,0.0,10.667970752716055,2
AJ Dillon,RB,2026,1,2026,13,12,0.0,1.7604503631591797,False,77,0.0,10.207285213470453,2
AJ Dillon,RB,2026,1,2026,14,13,0.0,1.8389291763305664,False,84,0.0,9.48591766357421,2
AJ Dillon,RB,2026,1,2026,15,14,0.0,1.900089263916016,False,91,0.0,7.5132685899734435,2
AJ Dillon,RB,2026,1,2026,16,15,0.0,1.952898979187012,False,98,0.0,5.55739288330074,2
AJ Dillon,RB,2026,1,2026,17,16,0.0,2.016261339187622,False,105,0.0,2.964085888862603,2
Aaron Jones,RB,2026,1,2026,2,1,0.0,17.626220703125,False,0,6.527605247497558,32.34198064804075,2
Aaron Jones,RB,2026,1,2026,3,2,0.0,17.95853042602539,False,7,4.291236209869384,32.11984291076659,2
Aaron Jones,RB,2026,1,2026,4,3,0.0,18.08268165588379,False,14,3.955096340179443,31.611910915374747,2
Aaron Jones,RB,2026,1,2026,5,4,0.0,17.957420349121094,False,21,3.669666099548341,31.50897283554076,2
Aaron Jones,RB,2026,1,2026,6,5,0.0,17.959339141845703,False,28,3.520888900756836,30.90233175754547,2
Aaron Jones,RB,2026,1,2026,7,6,0.0,17.953107833862305,False,35,3.419706630706786,30.169799804687496,2
Aaron Jones,RB,2026,1,2026,8,7,0.0,17.95646858215332,False,42,3.350815868377685,29.570024681091304,2
Aaron Jones,RB,2026,1,2026,9,8,0.0,17.90148162841797,False,49,3.2460333824157708,28.91840915679931,2
Aaron Jones,RB,2026,1,2026,10,9,0.0,17.85026741027832,False,56,3.1484503746032733,27.75614585876462,2
Aaron Jones,RB,2026,1,2026,11,10,0.0,17.80057716369629,False,63,3.03585023880005,27.07154953479767,2
Aaron Jones,RB,2026,1,2026,12,11,0.0,17.73497200012207,False,70,2.923698329925537,26.737616395950308,2
Aaron Jones,RB,2026,1,2026,13,12,0.0,17.641246795654297,False,77,2.798441791534424,26.08808164596557,2
Aaron Jones,RB,2026,1,2026,14,13,0.0,17.567703247070312,False,84,2.715105724334716,25.21469173431396,2
Aaron Jones,RB,2026,1,2026,15,14,0.0,17.507896423339844,False,91,2.62460355758667,23.12107574939727,2
Aaron Jones,RB,2026,1,2026,16,15,0.0,17.434654235839844,False,98,2.5556630134582523,21.03914813995357,2
Aaron Jones,RB,2026,1,2026,17,16,0.0,17.35691261291504,False,105,2.4442211151123043,18.30473716259002,2
Adam Prentice,RB,2026,1,2026,2,1,0.0,1.552147626876831,False,0,0.0,16.267907571792584,2
Adam Prentice,RB,2026,1,2026,3,2,0.0,1.548702836036682,False,7,0.0,15.710015320777886,2
Adam Prentice,RB,2026,1,2026,4,3,0.0,1.600735068321228,False,14,0.0,15.129964327812186,2
Adam Prentice,RB,2026,1,2026,5,4,0.0,1.5723572969436646,False,21,0.0,15.12390978336333,2
Adam Prentice,RB,2026,1,2026,6,5,0.0,1.50813889503479,False,28,0.0,14.451131510734555,2
Adam Prentice,RB,2026,1,2026,7,6,0.0,1.4805275201797483,False,35,0.0,13.69721949100494,2
Adam Prentice,RB,2026,1,2026,8,7,0.0,1.4450747966766355,False,42,0.0,13.05863089561462,2
Adam Prentice,RB,2026,1,2026,9,8,0.0,1.4647387266159058,False,49,0.0,12.481666254997249,2
Adam Prentice,RB,2026,1,2026,10,9,0.0,1.4754343032836914,False,56,0.0,11.381312751769991,2
Adam Prentice,RB,2026,1,2026,11,10,0.0,1.4830334186553955,False,63,0.0,10.754005789756777,2
Adam Prentice,RB,2026,1,2026,12,11,0.0,1.5157570838928225,False,70,0.0,10.51840147972106,2
Adam Prentice,RB,2026,1,2026,13,12,0.0,1.5585720539093018,False,77,0.0,10.005406904220576,2
Adam Prentice,RB,2026,1,2026,14,13,0.0,1.5962698459625244,False,84,0.0,9.243258333206168,2
Adam Prentice,RB,2026,1,2026,15,14,0.0,1.639867067337036,False,91,0.0,7.253046393394464,2
Adam Prentice,RB,2026,1,2026,16,15,0.0,1.6886398792266846,False,98,0.0,5.293133783340413,2
Adam Prentice,RB,2026,1,2026,17,16,0.0,1.7504122257232666,False,105,0.0,2.6982367753982475,2
Adonai Mitchell,WR,2026,1,2026,2,1,0.0,7.431853294372559,False,0,0.0,22.14761323928831,2
Adonai Mitchell,WR,2026,1,2026,3,2,0.0,7.528861045837402,False,7,0.0,21.690173530578605,2
Adonai Mitchell,WR,2026,1,2026,4,3,0.0,7.643564224243164,False,14,0.0,21.17279348373412,2
Adonai Mitchell,WR,2026,1,2026,5,4,0.0,7.8293375968933105,False,21,0.0,21.380890083312977,2
Adonai Mitchell,WR,2026,1,2026,6,5,0.0,7.994805335998535,False,28,0.0,20.9377979516983,2
Adonai Mitchell,WR,2026,1,2026,7,6,0.0,8.081721305847168,False,35,0.0,20.29841327667236,2
Adonai Mitchell,WR,2026,1,2026,8,7,0.0,8.19483757019043,False,42,0.0,19.808393669128414,2
Adonai Mitchell,WR,2026,1,2026,9,8,0.0,8.305574417114258,False,49,0.0,19.3225019454956,2
Adonai Mitchell,WR,2026,1,2026,10,9,0.0,8.39326286315918,False,56,0.0,18.29914131164548,2
Adonai Mitchell,WR,2026,1,2026,11,10,0.0,8.448196411132812,False,63,0.0,17.719168782234192,2
Adonai Mitchell,WR,2026,1,2026,12,11,0.0,8.40245532989502,False,70,0.0,17.405099725723257,2
Adonai Mitchell,WR,2026,1,2026,13,12,0.0,8.292802810668945,False,77,0.0,16.739637660980218,2
Adonai Mitchell,WR,2026,1,2026,14,13,0.0,8.171258926391602,False,84,0.0,15.818247413635245,2
Adonai Mitchell,WR,2026,1,2026,15,14,0.0,8.065279960632324,False,91,0.0,13.678459286689751,2
Adonai Mitchell,WR,2026,1,2026,16,15,0.0,7.964497566223144,False,98,0.0,11.568991470336872,2
Adonai Mitchell,WR,2026,1,2026,17,16,0.0,7.840828895568848,False,105,0.0,8.788653445243828,2
Alec Ingold,RB,2026,1,2026,2,1,0.0,2.5355234146118164,False,0,0.0,17.25128335952757,2
Alec Ingold,RB,2026,1,2026,3,2,0.0,2.551778078079224,False,7,0.0,16.713090562820426,2
Alec Ingold,RB,2026,1,2026,4,3,0.0,2.547006607055664,False,14,0.0,16.07623586654662,2
Alec Ingold,RB,2026,1,2026,5,4,0.0,2.475780963897705,False,21,0.0,16.02733345031737,2
Alec Ingold,RB,2026,1,2026,6,5,0.0,2.3821678161621094,False,28,0.0,15.325160431861876,2
Alec Ingold,RB,2026,1,2026,7,6,0.0,2.2886805534362797,False,35,0.0,14.505372524261473,2
Alec Ingold,RB,2026,1,2026,8,7,0.0,2.1873512268066406,False,42,0.0,13.800907325744625,2
Alec Ingold,RB,2026,1,2026,9,8,0.0,2.11820912361145,False,49,0.0,13.135136651992791,2
Alec Ingold,RB,2026,1,2026,10,9,0.0,2.049856424331665,False,56,0.0,11.955734872817963,2
Alec Ingold,RB,2026,1,2026,11,10,0.0,1.98747193813324,False,63,0.0,11.25844430923462,2
Alec Ingold,RB,2026,1,2026,12,11,0.0,1.964223861694336,False,70,0.0,10.966868257522574,2
Alec Ingold,RB,2026,1,2026,13,12,0.0,1.9616098403930664,False,77,0.0,10.40844469070434,2
Alec Ingold,RB,2026,1,2026,14,13,0.0,1.9648652076721191,False,84,0.0,9.611853694915762,2
Alec Ingold,RB,2026,1,2026,15,14,0.0,1.9876861572265625,False,91,0.0,7.60086548328399,2
Alec Ingold,RB,2026,1,2026,16,15,0.0,2.0244572162628174,False,98,0.0,5.628951120376546,2
Alec Ingold,RB,2026,1,2026,17,16,0.0,2.079620599746704,False,105,0.0,3.027445149421685,2
Alec Pierce,WR,2026,1,2026,2,1,0.0,13.401723861694336,False,0,2.303108406066894,28.11748380661009,2
Alec Pierce,WR,2026,1,2026,3,2,0.0,13.399255752563477,False,7,0.0,27.56056823730468,2
Alec Pierce,WR,2026,1,2026,4,3,0.0,13.611615180969238,False,14,0.0,27.1408444404602,2
Alec Pierce,WR,2026,1,2026,5,4,0.0,13.880194664001465,False,21,0.0,27.43174715042113,2
Alec Pierce,WR,2026,1,2026,6,5,0.0,14.13605499267578,False,28,0.0,27.079047608375543,2
Alec Pierce,WR,2026,1,2026,7,6,0.0,14.366677284240724,False,35,0.0,26.583369255065914,2
Alec Pierce,WR,2026,1,2026,8,7,0.0,14.452888488769531,False,42,0.0,26.066444587707515,2
Alec Pierce,WR,2026,1,2026,9,8,0.0,14.46656608581543,False,49,0.0,25.48349361419677,2
Alec Pierce,WR,2026,1,2026,10,9,0.0,14.438061714172363,False,56,0.0,24.34394016265866,2
Alec Pierce,WR,2026,1,2026,11,10,0.0,14.403759956359863,False,63,0.0,23.674732327461243,2
Alec Pierce,WR,2026,1,2026,12,11,0.0,14.355881690979004,False,70,0.0,23.35852608680724,2
Alec Pierce,WR,2026,1,2026,13,12,0.0,14.292587280273438,False,77,0.0,22.73942213058471,2
Alec Pierce,WR,2026,1,2026,14,13,0.0,14.229120254516602,False,84,0.0,21.876108741760245,2
Alec Pierce,WR,2026,1,2026,15,14,0.0,14.182873725891112,False,91,0.0,19.79605305194854,2
Alec Pierce,WR,2026,1,2026,16,15,0.0,14.121610641479492,False,98,0.0,17.72610454559322,2
Alec Pierce,WR,2026,1,2026,17,16,0.0,14.052919387817385,False,105,0.0,15.000743937492365,2
Alvin Kamara,RB,2026,1,2026,2,1,0.0,5.255473613739014,False,0,0.0,19.971233558654767,2
Alvin Kamara,RB,2026,1,2026,3,2,0.0,5.181072235107422,False,7,0.0,19.342384719848624,2
Alvin Kamara,RB,2026,1,2026,4,3,0.0,5.30073356628418,False,14,0.0,18.829962825775137,2
Alvin Kamara,RB,2026,1,2026,5,4,0.0,5.423858642578125,False,21,0.0,18.97541112899779,2
Alvin Kamara,RB,2026,1,2026,6,5,0.0,5.630282402038574,False,28,0.0,18.57327501773834,2
Alvin Kamara,RB,2026,1,2026,7,6,0.0,5.896711349487305,False,35,0.0,18.113403320312496,2
Alvin Kamara,RB,2026,1,2026,8,7,0.0,6.22350025177002,False,42,0.0,17.837056350708004,2
Alvin Kamara,RB,2026,1,2026,9,8,0.0,6.634460926055908,False,49,0.0,17.65138845443725,2
Alvin Kamara,RB,2026,1,2026,10,9,0.0,7.083263397216797,False,56,0.0,16.989141845703095,2
Alvin Kamara,RB,2026,1,2026,11,10,0.0,7.577819347381592,False,63,0.0,16.84879171848297,2
Alvin Kamara,RB,2026,1,2026,12,11,0.0,7.987599849700928,False,70,0.0,16.990244245529166,2
Alvin Kamara,RB,2026,1,2026,13,12,0.0,8.266115188598633,False,77,0.0,16.712950038909906,2
Alvin Kamara,RB,2026,1,2026,14,13,0.0,8.431333541870117,False,84,0.0,16.07832202911376,2
Alvin Kamara,RB,2026,1,2026,15,14,0.0,8.484916687011719,False,91,0.0,14.098096013069146,2
Alvin Kamara,RB,2026,1,2026,16,15,0.0,8.451499938964844,False,98,0.0,12.055993843078571,2
Alvin Kamara,RB,2026,1,2026,17,16,0.0,8.313456535339355,False,105,0.0,9.261281085014335,2
Ameer Abdullah,RB,2026,1,2026,2,1,0.0,4.840638160705566,False,0,0.0,19.55639810562132,2
Ameer Abdullah,RB,2026,1,2026,3,2,0.0,4.894498348236084,False,7,0.0,19.055810832977286,2
Ameer Abdullah,RB,2026,1,2026,4,3,0.0,4.784339904785156,False,14,0.0,18.313569164276117,2
Ameer Abdullah,RB,2026,1,2026,5,4,0.0,4.582371711730957,False,21,0.0,18.133924198150623,2
Ameer Abdullah,RB,2026,1,2026,6,5,0.0,4.37877368927002,False,28,0.0,17.321766304969785,2
Ameer Abdullah,RB,2026,1,2026,7,6,0.0,4.134774684906006,False,35,0.0,16.351466655731198,2
Ameer Abdullah,RB,2026,1,2026,8,7,0.0,3.892691135406494,False,42,0.0,15.506247234344478,2
Ameer Abdullah,RB,2026,1,2026,9,8,0.0,3.596586942672729,False,49,0.0,14.61351447105407,2
Ameer Abdullah,RB,2026,1,2026,10,9,0.0,3.278206348419189,False,56,0.0,13.18408479690549,2
Ameer Abdullah,RB,2026,1,2026,11,10,0.0,2.986253261566162,False,63,0.0,12.257225632667542,2
Ameer Abdullah,RB,2026,1,2026,12,11,0.0,2.8221802711486816,False,70,0.0,11.82482466697692,2
Ameer Abdullah,RB,2026,1,2026,13,12,0.0,2.739068984985352,False,77,0.0,11.185903835296624,2
Ameer Abdullah,RB,2026,1,2026,14,13,0.0,2.7004897594451904,False,84,0.0,10.347478246688834,2
Ameer Abdullah,RB,2026,1,2026,15,14,0.0,2.7059812545776367,False,91,0.0,8.319160580635064,2
Ameer Abdullah,RB,2026,1,2026,16,15,0.0,2.7365310192108154,False,98,0.0,6.341024923324544,2
Ameer Abdullah,RB,2026,1,2026,17,16,0.0,2.7980403900146484,False,105,0.0,3.745864939689629,2
Amon-Ra St. Brown,WR,2026,1,2026,2,1,0.0,18.33449363708496,False,0,7.235878181457519,33.050253582000714,2
Amon-Ra St. Brown,WR,2026,1,2026,3,2,0.0,20.28649139404297,False,7,6.619197177886962,34.44780387878417,2
Amon-Ra St. Brown,WR,2026,1,2026,4,3,0.0,20.63992691040039,False,14,6.512341594696045,34.16915616989135,2
Amon-Ra St. Brown,WR,2026,1,2026,5,4,0.0,20.919294357299805,False,21,6.631540107727052,34.47084684371947,2
Amon-Ra St. Brown,WR,2026,1,2026,6,5,0.0,21.123018264770508,False,28,6.68456802368164,34.06601088047027,2
Amon-Ra St. Brown,WR,2026,1,2026,7,6,0.0,21.19720268249512,False,35,6.663801479339599,33.41389465332031,2
Amon-Ra St. Brown,WR,2026,1,2026,8,7,0.0,21.228981018066406,False,42,6.623328304290771,32.84253711700439,2
Amon-Ra St. Brown,WR,2026,1,2026,9,8,0.0,21.196727752685547,False,49,6.541279506683349,32.21365528106689,2
Amon-Ra St. Brown,WR,2026,1,2026,10,9,0.0,21.142013549804688,False,56,6.44019651412964,31.047891998290982,2
Amon-Ra St. Brown,WR,2026,1,2026,11,10,0.0,21.080385208129883,False,63,6.315658283233644,30.351357579231266,2
Amon-Ra St. Brown,WR,2026,1,2026,12,11,0.0,20.96584892272949,False,70,6.154575252532959,29.96849331855773,2
Amon-Ra St. Brown,WR,2026,1,2026,13,12,0.0,20.82610511779785,False,77,5.983300113677979,29.272939968109124,2
Amon-Ra St. Brown,WR,2026,1,2026,14,13,0.0,20.691747665405277,False,84,5.839150142669677,28.33873615264892,2
Amon-Ra St. Brown,WR,2026,1,2026,15,14,0.0,20.579364776611328,False,91,5.696071910858155,26.192544102668755,2
Amon-Ra St. Brown,WR,2026,1,2026,16,15,0.0,20.444583892822266,False,98,5.565592670440674,24.049077796935997,2
Amon-Ra St. Brown,WR,2026,1,2026,17,16,0.0,20.288782119750977,False,105,5.376090621948242,21.23660666942596,2
Andrei Iosivas,WR,2026,1,2026,2,1,0.0,2.0090420246124268,False,0,0.0,16.72480196952818,2
Andrei Iosivas,WR,2026,1,2026,3,2,0.0,1.8266868591308596,False,7,0.0,15.987999343872064,2
Andrei Iosivas,WR,2026,1,2026,4,3,0.0,1.760784387588501,False,14,0.0,15.29001364707946,2
Andrei Iosivas,WR,2026,1,2026,5,4,0.0,1.6298167705535889,False,21,0.0,15.181369256973252,2
Andrei Iosivas,WR,2026,1,2026,6,5,0.0,1.5717298984527588,False,28,0.0,14.514722514152524,2
Andrei Iosivas,WR,2026,1,2026,7,6,0.0,1.6336684226989746,False,35,0.0,13.850360393524166,2
Andrei Iosivas,WR,2026,1,2026,8,7,0.0,1.7244583368301392,False,42,0.0,13.338014435768123,2
Andrei Iosivas,WR,2026,1,2026,9,8,0.0,1.9313982725143437,False,49,0.0,12.948325800895685,2
Andrei Iosivas,WR,2026,1,2026,10,9,0.0,2.17521333694458,False,56,0.0,12.08109178543088,2
Andrei Iosivas,WR,2026,1,2026,11,10,0.0,2.4904325008392334,False,63,0.0,11.761404871940613,2
Andrei Iosivas,WR,2026,1,2026,12,11,0.0,2.8522517681121826,False,70,0.0,11.85489616394042,2
Andrei Iosivas,WR,2026,1,2026,13,12,0.0,3.235550880432129,False,77,0.0,11.682385730743402,2
Andrei Iosivas,WR,2026,1,2026,14,13,0.0,3.5758371353149414,False,84,0.0,11.222825622558585,2
Andrei Iosivas,WR,2026,1,2026,15,14,0.0,3.801482200622559,False,91,0.0,9.414661526679986,2
Andrei Iosivas,WR,2026,1,2026,16,15,0.0,3.947291374206543,False,98,0.0,7.551785278320271,2
Andrei Iosivas,WR,2026,1,2026,17,16,0.0,4.047874450683594,False,105,0.0,4.995699000358575,2
Andrew Beck,RB,2026,1,2026,2,1,0.0,1.5749449729919434,False,0,0.0,16.290704917907696,2
Andrew Beck,RB,2026,1,2026,3,2,0.0,1.5827184915542605,False,7,0.0,15.744030976295464,2
Andrew Beck,RB,2026,1,2026,4,3,0.0,1.6112494468688965,False,14,0.0,15.140478706359854,2
Andrew Beck,RB,2026,1,2026,5,4,0.0,1.564127802848816,False,21,0.0,15.11568028926848,2
Andrew Beck,RB,2026,1,2026,6,5,0.0,1.4883019924163818,False,28,0.0,14.431294608116149,2
Andrew Beck,RB,2026,1,2026,7,6,0.0,1.4521445035934448,False,35,0.0,13.668836474418637,2
Andrew Beck,RB,2026,1,2026,8,7,0.0,1.411858320236206,False,42,0.0,13.02541441917419,2
Andrew Beck,RB,2026,1,2026,9,8,0.0,1.4241700172424316,False,49,0.0,12.441097545623771,2
Andrew Beck,RB,2026,1,2026,10,9,0.0,1.428407907485962,False,56,0.0,11.334286355972262,2
Andrew Beck,RB,2026,1,2026,11,10,0.0,1.428632736206055,False,63,0.0,10.699605107307434,2
Andrew Beck,RB,2026,1,2026,12,11,0.0,1.4533076286315918,False,70,0.0,10.45595202445983,2
Andrew Beck,RB,2026,1,2026,13,12,0.0,1.4893290996551514,False,77,0.0,9.936163949966424,2
Andrew Beck,RB,2026,1,2026,14,13,0.0,1.5217951536178589,False,84,0.0,9.168783640861502,2
Andrew Beck,RB,2026,1,2026,15,14,0.0,1.5623118877410889,False,91,0.0,7.175491213798517,2
Andrew Beck,RB,2026,1,2026,16,15,0.0,1.6078519821166992,False,98,0.0,5.212345886230428,2
Andrew Beck,RB,2026,1,2026,17,16,0.0,1.6665115356445312,False,105,0.0,2.614336085319512,2
Antonio Williams,WR,2026,1,2026,2,1,0.0,1.8078429698944087,False,0,0.0,16.523602914810162,2
Antonio Williams,WR,2026,1,2026,3,2,0.0,1.761865496635437,False,7,0.0,15.92317798137664,2
Antonio Williams,WR,2026,1,2026,4,3,0.0,1.7612087726593018,False,14,0.0,15.29043803215026,2
Antonio Williams,WR,2026,1,2026,5,4,0.0,1.704989671707153,False,21,0.0,15.256542158126818,2
Antonio Williams,WR,2026,1,2026,6,5,0.0,1.644569993019104,False,28,0.0,14.58756260871887,2
Antonio Williams,WR,2026,1,2026,7,6,0.0,1.6331461668014526,False,35,0.0,13.849838137626644,2
Antonio Williams,WR,2026,1,2026,8,7,0.0,1.616729736328125,False,42,0.0,13.230285835266107,2
Antonio Williams,WR,2026,1,2026,9,8,0.0,1.6646099090576172,False,49,0.0,12.681537437438958,2
Antonio Williams,WR,2026,1,2026,10,9,0.0,1.7064292430877686,False,56,0.0,11.612307691574069,2
Antonio Williams,WR,2026,1,2026,11,10,0.0,1.7478859424591064,False,63,0.0,11.018858313560486,2
Antonio Williams,WR,2026,1,2026,12,11,0.0,1.814196228981018,False,70,0.0,10.816840624809256,2
Antonio Williams,WR,2026,1,2026,13,12,0.0,1.8858741521835327,False,77,0.0,10.332709002494806,2
Antonio Williams,WR,2026,1,2026,14,13,0.0,1.945151805877685,False,84,0.0,9.592140293121329,2
Antonio Williams,WR,2026,1,2026,15,14,0.0,1.9961411952972408,False,91,0.0,7.609320521354669,2
Antonio Williams,WR,2026,1,2026,16,15,0.0,2.045082092285156,False,98,0.0,5.649575996398885,2
Antonio Williams,WR,2026,1,2026,17,16,0.0,2.108794927597046,False,105,0.0,3.0566194772720268,2
Arian Smith,WR,2026,1,2026,2,1,0.0,1.4672869443893433,False,0,0.0,16.183046889305096,2
Arian Smith,WR,2026,1,2026,3,2,0.0,1.4465951919555664,False,7,0.0,15.60790767669677,2
Arian Smith,WR,2026,1,2026,4,3,0.0,1.4783557653427124,False,14,0.0,15.00758502483367,2
Arian Smith,WR,2026,1,2026,5,4,0.0,1.433061599731445,False,21,0.0,14.98461408615111,2
Arian Smith,WR,2026,1,2026,6,5,0.0,1.36062490940094,False,28,0.0,14.303617525100703,2
Arian Smith,WR,2026,1,2026,7,6,0.0,1.3332723379135132,False,35,0.0,13.549964308738703,2
Arian Smith,WR,2026,1,2026,8,7,0.0,1.3001489639282229,False,42,0.0,12.913705062866208,2
Arian Smith,WR,2026,1,2026,9,8,0.0,1.3240885734558103,False,49,0.0,12.341016101837152,2
Arian Smith,WR,2026,1,2026,10,9,0.0,1.3422892093658447,False,56,0.0,11.248167657852145,2
Arian Smith,WR,2026,1,2026,11,10,0.0,1.3561818599700928,False,63,0.0,10.627154231071472,2
Arian Smith,WR,2026,1,2026,12,11,0.0,1.3909857273101809,False,70,0.0,10.393630123138418,2
Arian Smith,WR,2026,1,2026,13,12,0.0,1.4351983070373535,False,77,0.0,9.882033157348626,2
Arian Smith,WR,2026,1,2026,14,13,0.0,1.4734348058700562,False,84,0.0,9.1204232931137,2
Arian Smith,WR,2026,1,2026,15,14,0.0,1.515855073928833,False,91,0.0,7.129034399986261,2
Arian Smith,WR,2026,1,2026,16,15,0.0,1.5610333681106567,False,98,0.0,5.165527272224385,2
Arian Smith,WR,2026,1,2026,17,16,0.0,1.619307279586792,False,105,0.0,2.567131829261773,2
Ashton Dulin,WR,2026,1,2026,2,1,0.0,2.221294641494751,False,0,0.0,16.937054586410504,2
Ashton Dulin,WR,2026,1,2026,3,2,0.0,2.1696155071258545,False,7,0.0,16.330927991867057,2
Ashton Dulin,WR,2026,1,2026,4,3,0.0,2.1044793128967285,False,14,0.0,15.633708572387686,2
Ashton Dulin,WR,2026,1,2026,5,4,0.0,1.9829847812652588,False,21,0.0,15.534537267684923,2
Ashton Dulin,WR,2026,1,2026,6,5,0.0,1.8517332077026367,False,28,0.0,14.794725823402402,2
Ashton Dulin,WR,2026,1,2026,7,6,0.0,1.739243745803833,False,35,0.0,13.955935716629025,2
Ashton Dulin,WR,2026,1,2026,8,7,0.0,1.6307942867279053,False,42,0.0,13.24435038566589,2
Ashton Dulin,WR,2026,1,2026,9,8,0.0,1.5618977546691897,False,49,0.0,12.57882528305053,2
Ashton Dulin,WR,2026,1,2026,10,9,0.0,1.5023150444030762,False,56,0.0,11.408193492889376,2
Ashton Dulin,WR,2026,1,2026,11,10,0.0,1.4511103630065918,False,63,0.0,10.722082734107971,2
Ashton Dulin,WR,2026,1,2026,12,11,0.0,1.4416590929031372,False,70,0.0,10.444303488731377,2
Ashton Dulin,WR,2026,1,2026,13,12,0.0,1.4551135301589966,False,77,0.0,9.90194838047027,2
Ashton Dulin,WR,2026,1,2026,14,13,0.0,1.4739797115325928,False,84,0.0,9.120968198776236,2
Ashton Dulin,WR,2026,1,2026,15,14,0.0,1.510551691055298,False,91,0.0,7.123731017112726,2
Ashton Dulin,WR,2026,1,2026,16,15,0.0,1.558513045310974,False,98,0.0,5.163006949424703,2
Ashton Dulin,WR,2026,1,2026,17,16,0.0,1.623335361480713,False,105,0.0,2.5711599111556938,2
Ashton Jeanty,RB,2026,1,2026,2,1,0.0,14.427868843078612,False,0,3.329253387451171,29.143628787994366,2
Ashton Jeanty,RB,2026,1,2026,3,2,0.0,14.421756744384766,False,7,0.7544625282287587,28.583069229125968,2
Ashton Jeanty,RB,2026,1,2026,4,3,0.0,14.44275951385498,False,14,0.3151741981506344,27.971988773345934,2
Ashton Jeanty,RB,2026,1,2026,5,4,0.0,14.46322250366211,False,21,0.1754682540893561,28.014774990081776,2
Ashton Jeanty,RB,2026,1,2026,6,5,0.0,14.455821990966797,False,28,0.0173717498779293,27.39881460666656,2
Ashton Jeanty,RB,2026,1,2026,7,6,0.0,14.436988830566406,False,35,0.0,26.6536808013916,2
Ashton Jeanty,RB,2026,1,2026,8,7,0.0,14.425399780273438,False,42,0.0,26.03895587921142,2
Ashton Jeanty,RB,2026,1,2026,9,8,0.0,14.393978118896484,False,49,0.0,25.410905647277826,2
Ashton Jeanty,RB,2026,1,2026,10,9,0.0,14.33687973022461,False,56,0.0,24.242758178710908,2
Ashton Jeanty,RB,2026,1,2026,11,10,0.0,14.279600143432615,False,63,0.0,23.550572514534,2
Ashton Jeanty,RB,2026,1,2026,12,11,0.0,14.215303421020508,False,70,0.0,23.217947816848746,2
Ashton Jeanty,RB,2026,1,2026,13,12,0.0,14.140542984008787,False,77,0.0,22.587377834320066,2
Ashton Jeanty,RB,2026,1,2026,14,13,0.0,14.06338882446289,False,84,0.0,21.710377311706534,2
Ashton Jeanty,RB,2026,1,2026,15,14,0.0,14.009151458740234,False,91,0.0,19.62233078479766,2
Ashton Jeanty,RB,2026,1,2026,16,15,0.0,13.938112258911133,False,98,0.0,17.54260616302486,2
Ashton Jeanty,RB,2026,1,2026,17,16,0.0,13.859097480773926,False,105,0.0,14.806922030448906,2
Bam Knight,RB,2026,1,2026,2,1,0.0,4.356942176818848,False,0,0.0,19.0727021217346,2
Bam Knight,RB,2026,1,2026,3,2,0.0,4.1716742515563965,False,7,0.0,18.3329867362976,2
Bam Knight,RB,2026,1,2026,4,3,0.0,3.9837357997894287,False,14,0.0,17.512965059280386,2
Bam Knight,RB,2026,1,2026,5,4,0.0,3.766883850097656,False,21,0.0,17.318436336517323,2
Bam Knight,RB,2026,1,2026,6,5,0.0,3.6089773178100586,False,28,0.0,16.551969933509824,2
Bam Knight,RB,2026,1,2026,7,6,0.0,3.445797920227051,False,35,0.0,15.662489891052244,2
Bam Knight,RB,2026,1,2026,8,7,0.0,3.290400981903076,False,42,0.0,14.90395708084106,2
Bam Knight,RB,2026,1,2026,9,8,0.0,3.1101365089416504,False,49,0.0,14.127064037322992,2
Bam Knight,RB,2026,1,2026,10,9,0.0,2.934399127960205,False,56,0.0,12.840277576446503,2
Bam Knight,RB,2026,1,2026,11,10,0.0,2.783144950866699,False,63,0.0,12.05411732196808,2
Bam Knight,RB,2026,1,2026,12,11,0.0,2.702033758163452,False,70,0.0,11.70467815399169,2
Bam Knight,RB,2026,1,2026,13,12,0.0,2.6617467403411865,False,77,0.0,11.10858159065246,2
Bam Knight,RB,2026,1,2026,14,13,0.0,2.642689943313598,False,84,0.0,10.289678430557242,2
Bam Knight,RB,2026,1,2026,15,14,0.0,2.63968825340271,False,91,0.0,8.252867579460137,2
Bam Knight,RB,2026,1,2026,16,15,0.0,2.6450014114379883,False,98,0.0,6.249495315551717,2
Bam Knight,RB,2026,1,2026,17,16,0.0,2.6704025268554688,False,105,0.0,3.6182270765304496,2
Barion Brown,WR,2026,1,2026,2,1,0.0,1.2338417768478394,False,0,0.0,15.949601721763592,2
Barion Brown,WR,2026,1,2026,3,2,0.0,1.1795828342437744,False,7,0.0,15.34089531898498,2
Barion Brown,WR,2026,1,2026,4,3,0.0,1.2573920488357544,False,14,0.0,14.786621308326712,2
Barion Brown,WR,2026,1,2026,5,4,0.0,1.2572680711746216,False,21,0.0,14.808820557594286,2
Barion Brown,WR,2026,1,2026,6,5,0.0,1.2221629619598389,False,28,0.0,14.165155577659604,2
Barion Brown,WR,2026,1,2026,7,6,0.0,1.2436615228652954,False,35,0.0,13.460353493690487,2
Barion Brown,WR,2026,1,2026,8,7,0.0,1.252913236618042,False,42,0.0,12.866469335556026,2
Barion Brown,WR,2026,1,2026,9,8,0.0,1.3377408981323242,False,49,0.0,12.354668426513664,2
Barion Brown,WR,2026,1,2026,10,9,0.0,1.4209251403808594,False,56,0.0,11.32680358886716,2
Barion Brown,WR,2026,1,2026,11,10,0.0,1.509357213973999,False,63,0.0,10.780329585075378,2
Barion Brown,WR,2026,1,2026,12,11,0.0,1.6230461597442627,False,70,0.0,10.6256905555725,2
Barion Brown,WR,2026,1,2026,13,12,0.0,1.735911250114441,False,77,0.0,10.182746100425714,2
Barion Brown,WR,2026,1,2026,14,13,0.0,1.8311171531677248,False,84,0.0,9.478105640411368,2
Barion Brown,WR,2026,1,2026,15,14,0.0,1.898446083068848,False,91,0.0,7.5116254091262755,2
Barion Brown,WR,2026,1,2026,16,15,0.0,1.954032063484192,False,98,0.0,5.55852596759792,2
Barion Brown,WR,2026,1,2026,17,16,0.0,2.015222549438477,False,105,0.0,2.963047099113457,2
Ben Skowronek,WR,2026,1,2026,2,1,0.0,2.263426780700684,False,0,0.0,16.979186725616437,2
Ben Skowronek,WR,2026,1,2026,3,2,0.0,2.2694807052612305,False,7,0.0,16.430793190002433,2
Ben Skowronek,WR,2026,1,2026,4,3,0.0,2.262760162353516,False,14,0.0,15.791989421844471,2
Ben Skowronek,WR,2026,1,2026,5,4,0.0,2.188963890075684,False,21,0.0,15.740516376495348,2
Ben Skowronek,WR,2026,1,2026,6,5,0.0,2.094144821166992,False,28,0.0,15.037137436866756,2
Ben Skowronek,WR,2026,1,2026,7,6,0.0,2.0136818885803223,False,35,0.0,14.230373859405514,2
Ben Skowronek,WR,2026,1,2026,8,7,0.0,1.9289970397949217,False,42,0.0,13.542553138732906,2
Ben Skowronek,WR,2026,1,2026,9,8,0.0,1.8860020637512207,False,49,0.0,12.902929592132562,2
Ben Skowronek,WR,2026,1,2026,10,9,0.0,1.8424067497253416,False,56,0.0,11.748285198211642,2
Ben Skowronek,WR,2026,1,2026,11,10,0.0,1.8015663623809812,False,63,0.0,11.07253873348236,2
Ben Skowronek,WR,2026,1,2026,12,11,0.0,1.7957282066345217,False,70,0.0,10.79837260246276,2
Ben Skowronek,WR,2026,1,2026,13,12,0.0,1.807590126991272,False,77,0.0,10.254424977302545,2
Ben Skowronek,WR,2026,1,2026,14,13,0.0,1.8223063945770264,False,84,0.0,9.46929488182067,2
Ben Skowronek,WR,2026,1,2026,15,14,0.0,1.8534245491027832,False,91,0.0,7.466603875160211,2
Ben Skowronek,WR,2026,1,2026,16,15,0.0,1.8958815336227417,False,98,0.0,5.50037543773647,2
Ben Skowronek,WR,2026,1,2026,17,16,0.0,1.954814910888672,False,105,0.0,2.9026394605636527,2
Ben VanSumeren,RB,2026,1,2026,2,1,0.0,2.522225379943848,False,0,0.0,17.2379853248596,2
Ben VanSumeren,RB,2026,1,2026,3,2,0.0,2.5581064224243164,False,7,0.0,16.71941890716552,2
Ben VanSumeren,RB,2026,1,2026,4,3,0.0,2.5872063636779785,False,14,0.0,16.116435623168936,2
Ben VanSumeren,RB,2026,1,2026,5,4,0.0,2.547745943069458,False,21,0.0,16.099298429489124,2
Ben VanSumeren,RB,2026,1,2026,6,5,0.0,2.496453285217285,False,28,0.0,15.43944590091705,2
Ben VanSumeren,RB,2026,1,2026,7,6,0.0,2.4635133743286133,False,35,0.0,14.680205345153803,2
Ben VanSumeren,RB,2026,1,2026,8,7,0.0,2.4206361770629883,False,42,0.0,14.034192276000972,2
Ben VanSumeren,RB,2026,1,2026,9,8,0.0,2.4239208698272705,False,49,0.0,13.440848398208612,2
Ben VanSumeren,RB,2026,1,2026,10,9,0.0,2.417693853378296,False,56,0.0,12.323572301864596,2
Ben VanSumeren,RB,2026,1,2026,11,10,0.0,2.4085705280303955,False,63,0.0,11.679542899131777,2
Ben VanSumeren,RB,2026,1,2026,12,11,0.0,2.42146110534668,False,70,0.0,11.424105501174918,2
Ben VanSumeren,RB,2026,1,2026,13,12,0.0,2.4398136138916016,False,77,0.0,10.886648464202874,2
Ben VanSumeren,RB,2026,1,2026,14,13,0.0,2.453621625900269,False,84,0.0,10.100610113143912,2
Ben VanSumeren,RB,2026,1,2026,15,14,0.0,2.4738776683807373,False,91,0.0,8.087056994438164,2
Ben VanSumeren,RB,2026,1,2026,16,15,0.0,2.503347396850586,False,98,0.0,6.107841300964314,2
Ben VanSumeren,RB,2026,1,2026,17,16,0.0,2.5517563819885254,False,105,0.0,3.4995809316635063,2
Bhayshul Tuten,RB,2026,1,2026,2,1,0.0,3.539640426635742,False,0,0.0,18.25540037155149,2
Bhayshul Tuten,RB,2026,1,2026,3,2,0.0,3.647665739059448,False,7,0.0,17.80897822380065,2
Bhayshul Tuten,RB,2026,1,2026,4,3,0.0,3.7084012031555176,False,14,0.0,17.237630462646475,2
Bhayshul Tuten,RB,2026,1,2026,5,4,0.0,3.626788854598999,False,21,0.0,17.178341341018665,2
Bhayshul Tuten,RB,2026,1,2026,6,5,0.0,3.584571361541748,False,28,0.0,16.527563977241513,2
Bhayshul Tuten,RB,2026,1,2026,7,6,0.0,3.609661340713501,False,35,0.0,15.826353311538693,2
Bhayshul Tuten,RB,2026,1,2026,8,7,0.0,3.679816484451294,False,42,0.0,15.293372583389278,2
Bhayshul Tuten,RB,2026,1,2026,9,8,0.0,3.805900096893311,False,49,0.0,14.822827625274652,2
Bhayshul Tuten,RB,2026,1,2026,10,9,0.0,3.944355964660645,False,56,0.0,13.850234413146945,2
Bhayshul Tuten,RB,2026,1,2026,11,10,0.0,4.125876426696777,False,63,0.0,13.396848797798157,2
Bhayshul Tuten,RB,2026,1,2026,12,11,0.0,4.338624954223633,False,70,0.0,13.34126935005187,2
Bhayshul Tuten,RB,2026,1,2026,13,12,0.0,4.562777519226074,False,77,0.0,13.009612369537347,2
Bhayshul Tuten,RB,2026,1,2026,14,13,0.0,4.75327730178833,False,84,0.0,12.400265789031971,2
Bhayshul Tuten,RB,2026,1,2026,15,14,0.0,4.8794355392456055,False,91,0.0,10.492614865303032,2
Bhayshul Tuten,RB,2026,1,2026,16,15,0.0,4.957960605621338,False,98,0.0,8.562454509735065,2
Bhayshul Tuten,RB,2026,1,2026,17,16,0.0,5.01492166519165,False,105,0.0,5.962746214866631,2
Bijan Robinson,RB,2026,1,2026,2,1,0.0,17.63567352294922,False,0,6.537058067321777,32.35143346786497,2
Bijan Robinson,RB,2026,1,2026,3,2,0.0,17.470613479614258,False,7,3.803319263458251,31.63192596435546,2
Bijan Robinson,RB,2026,1,2026,4,3,0.0,17.543983459472656,False,14,3.41639814376831,31.07321271896361,2
Bijan Robinson,RB,2026,1,2026,5,4,0.0,17.42481231689453,False,21,3.137058067321778,30.9763648033142,2
Bijan Robinson,RB,2026,1,2026,6,5,0.0,17.470821380615234,False,28,3.032371139526367,30.413813996315,2
Bijan Robinson,RB,2026,1,2026,7,6,0.0,17.47426414489746,False,35,2.9408629417419423,29.690956115722653,2
Bijan Robinson,RB,2026,1,2026,8,7,0.0,17.477981567382812,False,42,2.8723288536071774,29.0915376663208,2
Bijan Robinson,RB,2026,1,2026,9,8,0.0,17.437042236328125,False,49,2.781593990325927,28.453969764709463,2
Bijan Robinson,RB,2026,1,2026,10,9,0.0,17.401832580566406,False,56,2.700015544891359,27.307711029052705,2
Bijan Robinson,RB,2026,1,2026,11,10,0.0,17.368070602416992,False,63,2.603343677520753,26.63904297351837,2
Bijan Robinson,RB,2026,1,2026,12,11,0.0,17.316272735595703,False,70,2.5049990653991703,26.31891713142394,2
Bijan Robinson,RB,2026,1,2026,13,12,0.0,17.239248275756836,False,77,2.3964432716369632,25.68608312606811,2
Bijan Robinson,RB,2026,1,2026,14,13,0.0,17.177227020263672,False,84,2.3246294975280755,24.824215507507315,2
Bijan Robinson,RB,2026,1,2026,15,14,0.0,17.12558937072754,False,91,2.242296504974366,22.73876869678497,2
Bijan Robinson,RB,2026,1,2026,16,15,0.0,17.06012535095215,False,98,2.181134128570557,20.66461925506588,2
Bijan Robinson,RB,2026,1,2026,17,16,0.0,16.9925594329834,False,105,2.079867935180664,17.94038398265838,2
Blake Corum,RB,2026,1,2026,2,1,0.0,8.584074020385742,False,0,0.0,23.29983396530149,2
Blake Corum,RB,2026,1,2026,3,2,0.0,8.721733093261719,False,7,0.0,22.88304557800292,2
Blake Corum,RB,2026,1,2026,4,3,0.0,8.660601615905762,False,14,0.0,22.18983087539672,2
Blake Corum,RB,2026,1,2026,5,4,0.0,8.585653305053711,False,21,0.0,22.137205791473377,2
Blake Corum,RB,2026,1,2026,6,5,0.0,8.426135063171387,False,28,0.0,21.369127678871152,2
Blake Corum,RB,2026,1,2026,7,6,0.0,8.179976463317871,False,35,0.0,20.396668434143063,2
Blake Corum,RB,2026,1,2026,8,7,0.0,7.947640419006348,False,42,0.0,19.56119651794433,2
Blake Corum,RB,2026,1,2026,9,8,0.0,7.584858894348144,False,49,0.0,18.60178642272949,2
Blake Corum,RB,2026,1,2026,10,9,0.0,7.161088943481445,False,56,0.0,17.066967391967744,2
Blake Corum,RB,2026,1,2026,11,10,0.0,6.772111892700195,False,63,0.0,16.043084263801575,2
Blake Corum,RB,2026,1,2026,12,11,0.0,6.48378324508667,False,70,0.0,15.486427640914908,2
Blake Corum,RB,2026,1,2026,13,12,0.0,6.2585320472717285,False,77,0.0,14.705366897583,2
Blake Corum,RB,2026,1,2026,14,13,0.0,6.102190017700195,False,84,0.0,13.749178504943838,2
Blake Corum,RB,2026,1,2026,15,14,0.0,6.007079601287842,False,91,0.0,11.620258927345269,2
Blake Corum,RB,2026,1,2026,16,15,0.0,5.949915885925293,False,98,0.0,9.55440979003902,2
Blake Corum,RB,2026,1,2026,17,16,0.0,5.908135890960693,False,105,0.0,6.855960440635674,2
Bo Melton,WR,2026,1,2026,2,1,0.0,4.60699987411499,False,0,0.0,19.322759819030743,2
Bo Melton,WR,2026,1,2026,3,2,0.0,4.82496452331543,False,7,0.0,18.986277008056632,2
Bo Melton,WR,2026,1,2026,4,3,0.0,5.017609596252441,False,14,0.0,18.5468388557434,2
Bo Melton,WR,2026,1,2026,5,4,0.0,5.200604438781738,False,21,0.0,18.752156925201405,2
Bo Melton,WR,2026,1,2026,6,5,0.0,5.5070085525512695,False,28,0.0,18.450001168251035,2
Bo Melton,WR,2026,1,2026,7,6,0.0,5.906015396118164,False,35,0.0,18.12270736694336,2
Bo Melton,WR,2026,1,2026,8,7,0.0,6.299407005310059,False,42,0.0,17.912963104248043,2
Bo Melton,WR,2026,1,2026,9,8,0.0,6.704675674438477,False,49,0.0,17.721603202819818,2
Bo Melton,WR,2026,1,2026,10,9,0.0,7.050675868988037,False,56,0.0,16.956554317474335,2
Bo Melton,WR,2026,1,2026,11,10,0.0,7.3767170906066895,False,63,0.0,16.64768946170807,2
Bo Melton,WR,2026,1,2026,12,11,0.0,7.629377365112305,False,70,0.0,16.632021760940543,2
Bo Melton,WR,2026,1,2026,13,12,0.0,7.802801132202148,False,77,0.0,16.24963598251342,2
Bo Melton,WR,2026,1,2026,14,13,0.0,7.91998291015625,False,84,0.0,15.566971397399891,2
Bo Melton,WR,2026,1,2026,15,14,0.0,7.968538761138916,False,91,0.0,13.581718087196345,2
Bo Melton,WR,2026,1,2026,16,15,0.0,7.985807418823242,False,98,0.0,11.59030132293697,2
Bo Melton,WR,2026,1,2026,17,16,0.0,7.964211940765381,False,105,0.0,8.91203649044036,2
Brady Russell,RB,2026,1,2026,2,1,0.0,2.395119428634644,False,0,0.0,17.110879373550397,2
Brady Russell,RB,2026,1,2026,3,2,0.0,2.451141834259033,False,7,0.0,16.612454319000236,2
Brady Russell,RB,2026,1,2026,4,3,0.0,2.504239559173584,False,14,0.0,16.03346881866454,2
Brady Russell,RB,2026,1,2026,5,4,0.0,2.484532594680786,False,21,0.0,16.036085081100452,2
Brady Russell,RB,2026,1,2026,6,5,0.0,2.43926739692688,False,28,0.0,15.382260012626643,2
Brady Russell,RB,2026,1,2026,7,6,0.0,2.4048409461975098,False,35,0.0,14.621532917022702,2
Brady Russell,RB,2026,1,2026,8,7,0.0,2.3562161922454834,False,42,0.0,13.969772291183467,2
Brady Russell,RB,2026,1,2026,9,8,0.0,2.3501453399658203,False,49,0.0,13.367072868347162,2
Brady Russell,RB,2026,1,2026,10,9,0.0,2.33284068107605,False,56,0.0,12.23871912956235,2
Brady Russell,RB,2026,1,2026,11,10,0.0,2.31265640258789,False,63,0.0,11.58362877368927,2
Brady Russell,RB,2026,1,2026,12,11,0.0,2.318780899047852,False,70,0.0,11.32142529487609,2
Brady Russell,RB,2026,1,2026,13,12,0.0,2.33459997177124,False,77,0.0,10.781434822082511,2
Brady Russell,RB,2026,1,2026,14,13,0.0,2.348839282989502,False,84,0.0,9.995827770233143,2
Brady Russell,RB,2026,1,2026,15,14,0.0,2.374506711959839,False,91,0.0,7.987686038017267,2
Brady Russell,RB,2026,1,2026,16,15,0.0,2.4098148345947266,False,98,0.0,6.014308738708455,2
Brady Russell,RB,2026,1,2026,17,16,0.0,2.4626622200012207,False,105,0.0,3.4104867696762016,2
Braelon Allen,RB,2026,1,2026,2,1,0.0,3.525142192840576,False,0,0.0,18.24090213775633,2
Braelon Allen,RB,2026,1,2026,3,2,0.0,3.668835639953613,False,7,0.0,17.830148124694816,2
Braelon Allen,RB,2026,1,2026,4,3,0.0,3.776710510253906,False,14,0.0,17.305939769744864,2
Braelon Allen,RB,2026,1,2026,5,4,0.0,3.773729085922241,False,21,0.0,17.325281572341908,2
Braelon Allen,RB,2026,1,2026,6,5,0.0,3.817364454269409,False,28,0.0,16.760357069969174,2
Braelon Allen,RB,2026,1,2026,7,6,0.0,3.9151787757873535,False,35,0.0,16.131870746612545,2
Braelon Allen,RB,2026,1,2026,8,7,0.0,4.034421443939209,False,42,0.0,15.647977542877191,2
Braelon Allen,RB,2026,1,2026,9,8,0.0,4.211860656738281,False,49,0.0,15.228788185119624,2
Braelon Allen,RB,2026,1,2026,10,9,0.0,4.382905006408691,False,56,0.0,14.288783454894991,2
Braelon Allen,RB,2026,1,2026,11,10,0.0,4.578638076782227,False,63,0.0,13.849610447883606,2
Braelon Allen,RB,2026,1,2026,12,11,0.0,4.791254997253418,False,70,0.0,13.793899393081656,2
Braelon Allen,RB,2026,1,2026,13,12,0.0,4.990479469299316,False,77,0.0,13.43731431961059,2
Braelon Allen,RB,2026,1,2026,14,13,0.0,5.153061866760254,False,84,0.0,12.800050354003895,2
Braelon Allen,RB,2026,1,2026,15,14,0.0,5.251343250274658,False,91,0.0,10.864522576332083,2
Braelon Allen,RB,2026,1,2026,16,15,0.0,5.302187919616699,False,98,0.0,8.906681823730427,2
Braelon Allen,RB,2026,1,2026,17,16,0.0,5.325942516326904,False,105,0.0,6.273767066001885,2
Brashard Smith,RB,2026,1,2026,2,1,0.0,4.712944030761719,False,0,0.0,19.42870397567747,2
Brashard Smith,RB,2026,1,2026,3,2,0.0,4.957755088806152,False,7,0.0,19.119067573547355,2
Brashard Smith,RB,2026,1,2026,4,3,0.0,5.193074703216553,False,14,0.0,18.72230396270751,2
Brashard Smith,RB,2026,1,2026,5,4,0.0,5.319505214691162,False,21,0.0,18.87105770111083,2
Brashard Smith,RB,2026,1,2026,6,5,0.0,5.4416351318359375,False,28,0.0,18.384627747535703,2
Brashard Smith,RB,2026,1,2026,7,6,0.0,5.540952682495117,False,35,0.0,17.75764465332031,2
Brashard Smith,RB,2026,1,2026,8,7,0.0,5.668587684631348,False,42,0.0,17.28214378356933,2
Brashard Smith,RB,2026,1,2026,9,8,0.0,5.82033634185791,False,49,0.0,16.83726387023925,2
Brashard Smith,RB,2026,1,2026,10,9,0.0,5.943820953369141,False,56,0.0,15.84969940185544,2
Brashard Smith,RB,2026,1,2026,11,10,0.0,6.0675554275512695,False,63,0.0,15.338527798652647,2
Brashard Smith,RB,2026,1,2026,12,11,0.0,6.184566020965576,False,70,0.0,15.187210416793814,2
Brashard Smith,RB,2026,1,2026,13,12,0.0,6.271201133728027,False,77,0.0,14.7180359840393,2
Brashard Smith,RB,2026,1,2026,14,13,0.0,6.3211750984191895,False,84,0.0,13.968163585662833,2
Brashard Smith,RB,2026,1,2026,15,14,0.0,6.334763526916504,False,91,0.0,11.94794285297393,2
Brashard Smith,RB,2026,1,2026,16,15,0.0,6.318789005279541,False,98,0.0,9.923282909393269,2
Brashard Smith,RB,2026,1,2026,17,16,0.0,6.274336338043213,False,105,0.0,7.222160887718194,2
Braxton Berrios,WR,2026,1,2026,2,1,0.0,1.9600205421447756,False,0,0.0,16.67578048706053,2
Braxton Berrios,WR,2026,1,2026,3,2,0.0,1.9787378311157229,False,7,0.0,16.140050315856925,2
Braxton Berrios,WR,2026,1,2026,4,3,0.0,2.071450710296631,False,14,0.0,15.600679969787588,2
Braxton Berrios,WR,2026,1,2026,5,4,0.0,2.0850861072540283,False,21,0.0,15.636638593673691,2
Braxton Berrios,WR,2026,1,2026,6,5,0.0,2.06956148147583,False,28,0.0,15.012554097175595,2
Braxton Berrios,WR,2026,1,2026,7,6,0.0,2.085954189300537,False,35,0.0,14.302646160125729,2
Braxton Berrios,WR,2026,1,2026,8,7,0.0,2.084987163543701,False,42,0.0,13.698543262481683,2
Braxton Berrios,WR,2026,1,2026,9,8,0.0,2.140618085861206,False,49,0.0,13.157545614242547,2
Braxton Berrios,WR,2026,1,2026,10,9,0.0,2.1813888549804688,False,56,0.0,12.087267303466769,2
Braxton Berrios,WR,2026,1,2026,11,10,0.0,2.2186479568481445,False,63,0.0,11.489620327949524,2
Braxton Berrios,WR,2026,1,2026,12,11,0.0,2.274931669235229,False,70,0.0,11.277576065063467,2
Braxton Berrios,WR,2026,1,2026,13,12,0.0,2.3317883014678955,False,77,0.0,10.778623151779168,2
Braxton Berrios,WR,2026,1,2026,14,13,0.0,2.376728057861328,False,84,0.0,10.023716545104971,2
Braxton Berrios,WR,2026,1,2026,15,14,0.0,2.4179623126983643,False,91,0.0,8.031141638755791,2
Braxton Berrios,WR,2026,1,2026,16,15,0.0,2.460189819335937,False,98,0.0,6.064683723449666,2
Braxton Berrios,WR,2026,1,2026,17,16,0.0,2.5163445472717285,False,105,0.0,3.4641690969467094,2
Breece Hall,RB,2026,1,2026,2,1,0.0,16.44608497619629,False,0,5.347469520568847,31.16184492111204,2
Breece Hall,RB,2026,1,2026,3,2,0.0,16.440839767456055,False,7,2.773545551300048,30.602152252197257,2
Breece Hall,RB,2026,1,2026,4,3,0.0,16.41615104675293,False,14,2.288565731048584,29.945380306243887,2
Breece Hall,RB,2026,1,2026,5,4,0.0,16.0408935546875,False,21,1.7531393051147468,29.592446041107166,2
Breece Hall,RB,2026,1,2026,6,5,0.0,15.77294921875,False,28,1.3344989776611325,28.715941834449765,2
Breece Hall,RB,2026,1,2026,7,6,0.0,15.5570707321167,False,35,1.0236695289611806,27.77376270294189,2
Breece Hall,RB,2026,1,2026,8,7,0.0,15.473058700561523,False,42,0.8674059867858883,27.086614799499507,2
Breece Hall,RB,2026,1,2026,9,8,0.0,15.36991024017334,False,49,0.7144619941711419,26.38683776855468,2
Breece Hall,RB,2026,1,2026,10,9,0.0,15.270163536071776,False,56,0.5683465003967303,25.17604198455808,2
Breece Hall,RB,2026,1,2026,11,10,0.0,15.174410820007324,False,63,0.409683895111085,24.445383191108704,2
Breece Hall,RB,2026,1,2026,12,11,0.0,15.084033966064451,False,70,0.2727602958679203,24.08667836189269,2
Breece Hall,RB,2026,1,2026,13,12,0.0,14.976911544799805,False,77,0.134106540679932,23.42374639511108,2
Breece Hall,RB,2026,1,2026,14,13,0.0,14.873665809631348,False,84,0.0210682868957512,22.52065429687499,2
Breece Hall,RB,2026,1,2026,15,14,0.0,14.794904708862305,False,91,0.0,20.40808403491973,2
Breece Hall,RB,2026,1,2026,16,15,0.0,14.706697463989258,False,98,0.0,18.311191368102985,2
Breece Hall,RB,2026,1,2026,17,16,0.0,14.614883422851562,False,105,0.0,15.562707972526542,2
Brenen Thompson,WR,2026,1,2026,2,1,0.0,1.234874248504639,False,0,0.0,15.950634193420392,2
Brenen Thompson,WR,2026,1,2026,3,2,0.0,1.1995999813079834,False,7,0.0,15.360912466049188,2
Brenen Thompson,WR,2026,1,2026,4,3,0.0,1.2552770376205444,False,14,0.0,14.784506297111502,2
Brenen Thompson,WR,2026,1,2026,5,4,0.0,1.2359665632247925,False,21,0.0,14.787519049644455,2
Brenen Thompson,WR,2026,1,2026,6,5,0.0,1.185342788696289,False,28,0.0,14.128335404396054,2
Brenen Thompson,WR,2026,1,2026,7,6,0.0,1.191912293434143,False,35,0.0,13.408604264259337,2
Brenen Thompson,WR,2026,1,2026,8,7,0.0,1.190227508544922,False,42,0.0,12.803783607482906,2
Brenen Thompson,WR,2026,1,2026,9,8,0.0,1.2628462314605713,False,49,0.0,12.279773759841913,2
Brenen Thompson,WR,2026,1,2026,10,9,0.0,1.3352315425872805,False,56,0.0,11.24110999107358,2
Brenen Thompson,WR,2026,1,2026,11,10,0.0,1.4105117321014404,False,63,0.0,10.68148410320282,2
Brenen Thompson,WR,2026,1,2026,12,11,0.0,1.5107965469360352,False,70,0.0,10.513440942764271,2
Brenen Thompson,WR,2026,1,2026,13,12,0.0,1.6092510223388672,False,77,0.0,10.05608587265014,2
Brenen Thompson,WR,2026,1,2026,14,13,0.0,1.692246675491333,False,84,0.0,9.339235162734976,2
Brenen Thompson,WR,2026,1,2026,15,14,0.0,1.7534561157226562,False,91,0.0,7.366635441780084,2
Brenen Thompson,WR,2026,1,2026,16,15,0.0,1.808290958404541,False,98,0.0,5.4127848625182695,2
Brenen Thompson,WR,2026,1,2026,17,16,0.0,1.8707432746887207,False,105,0.0,2.8185678243637016,2
Brian Robinson,RB,2026,1,2026,2,1,0.0,4.607367038726807,False,0,0.0,19.32312698364256,2
Brian Robinson,RB,2026,1,2026,3,2,0.0,4.6756768226623535,False,7,0.0,18.83698930740356,2
Brian Robinson,RB,2026,1,2026,4,3,0.0,4.813981056213379,False,14,0.0,18.343210315704336,2
Brian Robinson,RB,2026,1,2026,5,4,0.0,4.908121109008789,False,21,0.0,18.459673595428452,2
Brian Robinson,RB,2026,1,2026,6,5,0.0,5.092623233795166,False,28,0.0,18.03561584949493,2
Brian Robinson,RB,2026,1,2026,7,6,0.0,5.399340629577637,False,35,0.0,17.61603260040283,2
Brian Robinson,RB,2026,1,2026,8,7,0.0,5.784782886505127,False,42,0.0,17.39833898544311,2
Brian Robinson,RB,2026,1,2026,9,8,0.0,6.254866600036621,False,49,0.0,17.271794128417962,2
Brian Robinson,RB,2026,1,2026,10,9,0.0,6.710075378417969,False,56,0.0,16.615953826904267,2
Brian Robinson,RB,2026,1,2026,11,10,0.0,7.186257362365723,False,63,0.0,16.457229733467102,2
Brian Robinson,RB,2026,1,2026,12,11,0.0,7.589088439941406,False,70,0.0,16.591732835769644,2
Brian Robinson,RB,2026,1,2026,13,12,0.0,7.88407039642334,False,77,0.0,16.330905246734613,2
Brian Robinson,RB,2026,1,2026,14,13,0.0,8.070849418640137,False,84,0.0,15.71783790588378,2
Brian Robinson,RB,2026,1,2026,15,14,0.0,8.131891250610352,False,91,0.0,13.74507057666778,2
Brian Robinson,RB,2026,1,2026,16,15,0.0,8.123242378234863,False,98,0.0,11.727736282348593,2
Brian Robinson,RB,2026,1,2026,17,16,0.0,8.056483268737793,False,105,0.0,9.004307818412773,2
Brian Thomas Jr.,WR,2026,1,2026,2,1,0.0,10.485682487487791,False,0,0.0,25.201442432403542,2
Brian Thomas Jr.,WR,2026,1,2026,3,2,0.0,10.440977096557615,False,7,0.0,24.60228958129882,2
Brian Thomas Jr.,WR,2026,1,2026,4,3,0.0,10.153575897216797,False,14,0.0,23.682805156707754,2
Brian Thomas Jr.,WR,2026,1,2026,5,4,0.0,9.870468139648438,False,21,0.0,23.422020626068104,2
Brian Thomas Jr.,WR,2026,1,2026,6,5,0.0,9.47800350189209,False,28,0.0,22.42099611759185,2
Brian Thomas Jr.,WR,2026,1,2026,7,6,0.0,8.920015335083008,False,35,0.0,21.1367073059082,2
Brian Thomas Jr.,WR,2026,1,2026,8,7,0.0,8.435370445251465,False,42,0.0,20.04892654418945,2
Brian Thomas Jr.,WR,2026,1,2026,9,8,0.0,7.830296516418457,False,49,0.0,18.8472240447998,2
Brian Thomas Jr.,WR,2026,1,2026,10,9,0.0,7.1970930099487305,False,56,0.0,17.10297145843503,2
Brian Thomas Jr.,WR,2026,1,2026,11,10,0.0,6.619361877441406,False,63,0.0,15.890334248542786,2
Brian Thomas Jr.,WR,2026,1,2026,12,11,0.0,6.212098598480225,False,70,0.0,15.214742994308462,2
Brian Thomas Jr.,WR,2026,1,2026,13,12,0.0,5.920782566070557,False,77,0.0,14.36761741638183,2
Brian Thomas Jr.,WR,2026,1,2026,14,13,0.0,5.73345947265625,False,84,0.0,13.380447959899891,2
Brian Thomas Jr.,WR,2026,1,2026,15,14,0.0,5.635260581970215,False,91,0.0,11.248439908027642,2
Brian Thomas Jr.,WR,2026,1,2026,16,15,0.0,5.586066246032715,False,98,0.0,9.190560150146442,2
Brian Thomas Jr.,WR,2026,1,2026,17,16,0.0,5.559373378753662,False,105,0.0,6.507197928428643,2
Britain Covey,WR,2026,1,2026,2,1,0.0,1.8850603103637693,False,0,0.0,16.600820255279523,2
Britain Covey,WR,2026,1,2026,3,2,0.0,1.890028715133667,False,7,0.0,16.05134119987487,2
Britain Covey,WR,2026,1,2026,4,3,0.0,1.9169950485229488,False,14,0.0,15.446224308013909,2
Britain Covey,WR,2026,1,2026,5,4,0.0,1.866995334625244,False,21,0.0,15.418547821044909,2
Britain Covey,WR,2026,1,2026,6,5,0.0,1.793097972869873,False,28,0.0,14.736090588569638,2
Britain Covey,WR,2026,1,2026,7,6,0.0,1.7531743049621582,False,35,0.0,13.96986627578735,2
Britain Covey,WR,2026,1,2026,8,7,0.0,1.7085548639297483,False,42,0.0,13.322110962867733,2
Britain Covey,WR,2026,1,2026,9,8,0.0,1.7190375328063965,False,49,0.0,12.735965061187738,2
Britain Covey,WR,2026,1,2026,10,9,0.0,1.722711443901062,False,56,0.0,11.628589892387362,2
Britain Covey,WR,2026,1,2026,11,10,0.0,1.7230379581451416,False,63,0.0,10.99401032924652,2
Britain Covey,WR,2026,1,2026,12,11,0.0,1.7464606761932373,False,70,0.0,10.749105072021475,2
Britain Covey,WR,2026,1,2026,13,12,0.0,1.7792876958847046,False,77,0.0,10.226122546195976,2
Britain Covey,WR,2026,1,2026,14,13,0.0,1.809108018875122,False,84,0.0,9.456096506118763,2
Britain Covey,WR,2026,1,2026,15,14,0.0,1.845554232597351,False,91,0.0,7.458733558654779,2
Britain Covey,WR,2026,1,2026,16,15,0.0,1.8892054557800293,False,98,0.0,5.493699359893758,2
Britain Covey,WR,2026,1,2026,17,16,0.0,1.948369264602661,False,105,0.0,2.896193814277642,2
British Brooks,RB,2026,1,2026,2,1,0.0,2.9612791538238525,False,0,0.0,17.677039098739606,2
British Brooks,RB,2026,1,2026,3,2,0.0,2.9742579460144043,False,7,0.0,17.135570430755607,2
British Brooks,RB,2026,1,2026,4,3,0.0,3.0268337726593018,False,14,0.0,16.55606303215026,2
British Brooks,RB,2026,1,2026,5,4,0.0,3.0416717529296875,False,21,0.0,16.593224239349354,2
British Brooks,RB,2026,1,2026,6,5,0.0,3.057098150253296,False,28,0.0,16.00009076595306,2
British Brooks,RB,2026,1,2026,7,6,0.0,3.0871238708496094,False,35,0.0,15.3038158416748,2
British Brooks,RB,2026,1,2026,8,7,0.0,3.1002979278564453,False,42,0.0,14.71385402679443,2
British Brooks,RB,2026,1,2026,9,8,0.0,3.1592531204223637,False,49,0.0,14.176180648803705,2
British Brooks,RB,2026,1,2026,10,9,0.0,3.1988978385925293,False,56,0.0,13.10477628707883,2
British Brooks,RB,2026,1,2026,11,10,0.0,3.2370262145996094,False,63,0.0,12.507998585700989,2
British Brooks,RB,2026,1,2026,12,11,0.0,3.287466526031494,False,70,0.0,12.290110921859732,2
British Brooks,RB,2026,1,2026,13,12,0.0,3.329983711242676,False,77,0.0,11.776818561553949,2
British Brooks,RB,2026,1,2026,14,13,0.0,3.3534154891967773,False,84,0.0,11.00040397644042,2
British Brooks,RB,2026,1,2026,15,14,0.0,3.367729663848877,False,91,0.0,8.980908989906304,2
British Brooks,RB,2026,1,2026,16,15,0.0,3.3805336952209477,False,98,0.0,6.985027599334676,2
British Brooks,RB,2026,1,2026,17,16,0.0,3.408163785934448,False,105,0.0,4.355988335609429,2
Bryce Lance,WR,2026,1,2026,2,1,0.0,2.600480079650879,False,0,0.0,17.316240024566632,2
Bryce Lance,WR,2026,1,2026,3,2,0.0,2.661832332611084,False,7,0.0,16.823144817352286,2
Bryce Lance,WR,2026,1,2026,4,3,0.0,2.678408622741699,False,14,0.0,16.207637882232657,2
Bryce Lance,WR,2026,1,2026,5,4,0.0,2.613175868988037,False,21,0.0,16.164728355407703,2
Bryce Lance,WR,2026,1,2026,6,5,0.0,2.5774588584899902,False,28,0.0,15.520451474189755,2
Bryce Lance,WR,2026,1,2026,7,6,0.0,2.5968711376190186,False,35,0.0,14.81356310844421,2
Bryce Lance,WR,2026,1,2026,8,7,0.0,2.6293506622314453,False,42,0.0,14.24290676116943,2
Bryce Lance,WR,2026,1,2026,9,8,0.0,2.7264509201049805,False,49,0.0,13.743378448486322,2
Bryce Lance,WR,2026,1,2026,10,9,0.0,2.818972587585449,False,56,0.0,12.72485103607175,2
Bryce Lance,WR,2026,1,2026,11,10,0.0,2.921877384185791,False,63,0.0,12.19284975528717,2
Bryce Lance,WR,2026,1,2026,12,11,0.0,3.050154209136963,False,70,0.0,12.0527986049652,2
Bryce Lance,WR,2026,1,2026,13,12,0.0,3.176490306854248,False,77,0.0,11.62332515716552,2
Bryce Lance,WR,2026,1,2026,14,13,0.0,3.28125,False,84,0.0,10.928238487243645,2
Bryce Lance,WR,2026,1,2026,15,14,0.0,3.3491172790527344,False,91,0.0,8.962296605110161,2
Bryce Lance,WR,2026,1,2026,16,15,0.0,3.391019821166992,False,98,0.0,6.995513725280721,2
Bryce Lance,WR,2026,1,2026,17,16,0.0,3.4266164302825928,False,105,0.0,4.374440979957574,2
Brycen Tremayne,WR,2026,1,2026,2,1,0.0,1.214493751525879,False,0,0.0,15.930253696441632,2
Brycen Tremayne,WR,2026,1,2026,3,2,0.0,1.279637575149536,False,7,0.0,15.44095005989074,2
Brycen Tremayne,WR,2026,1,2026,4,3,0.0,1.34224271774292,False,14,0.0,14.871471977233876,2
Brycen Tremayne,WR,2026,1,2026,5,4,0.0,1.3099225759506226,False,21,0.0,14.861475062370287,2
Brycen Tremayne,WR,2026,1,2026,6,5,0.0,1.2347346544265747,False,28,0.0,14.17772727012634,2
Brycen Tremayne,WR,2026,1,2026,7,6,0.0,1.1975862979888916,False,35,0.0,13.414278268814083,2
Brycen Tremayne,WR,2026,1,2026,8,7,0.0,1.1547727584838867,False,42,0.0,12.76832885742187,2
Brycen Tremayne,WR,2026,1,2026,9,8,0.0,1.163075566291809,False,49,0.0,12.18000309467315,2
Brycen Tremayne,WR,2026,1,2026,10,9,0.0,1.1640760898590088,False,56,0.0,11.069954538345309,2
Brycen Tremayne,WR,2026,1,2026,11,10,0.0,1.1615777015686035,False,63,0.0,10.432550072669985,2
Brycen Tremayne,WR,2026,1,2026,12,11,0.0,1.184677004814148,False,70,0.0,10.187321400642386,2
Brycen Tremayne,WR,2026,1,2026,13,12,0.0,1.2204313278198242,False,77,0.0,9.667266178131095,2
Brycen Tremayne,WR,2026,1,2026,14,13,0.0,1.252432107925415,False,84,0.0,8.899420595169058,2
Brycen Tremayne,WR,2026,1,2026,15,14,0.0,1.2931430339813232,False,91,0.0,6.906322360038751,2
Brycen Tremayne,WR,2026,1,2026,16,15,0.0,1.3371587991714478,False,98,0.0,4.941652703285176,2
Brycen Tremayne,WR,2026,1,2026,17,16,0.0,1.3914952278137207,False,105,0.0,2.3393197774887016,2
Bucky Irving,RB,2026,1,2026,2,1,0.0,7.044689655303955,False,0,0.0,21.760449600219708,2
Bucky Irving,RB,2026,1,2026,3,2,0.0,7.24389123916626,False,7,0.0,21.405203723907466,2
Bucky Irving,RB,2026,1,2026,4,3,0.0,7.444523811340332,False,14,0.0,20.97375307083129,2
Bucky Irving,RB,2026,1,2026,5,4,0.0,7.69931173324585,False,21,0.0,21.25086421966552,2
Bucky Irving,RB,2026,1,2026,6,5,0.0,8.013826370239258,False,28,0.0,20.956818985939023,2
Bucky Irving,RB,2026,1,2026,7,6,0.0,8.376933097839355,False,35,0.0,20.593625068664547,2
Bucky Irving,RB,2026,1,2026,8,7,0.0,8.746818542480469,False,42,0.0,20.360374641418453,2
Bucky Irving,RB,2026,1,2026,9,8,0.0,9.081409454345703,False,49,0.0,20.098336982727044,2
Bucky Irving,RB,2026,1,2026,10,9,0.0,9.358068466186523,False,56,0.0,19.26394691467282,2
Bucky Irving,RB,2026,1,2026,11,10,0.0,9.606561660766602,False,63,0.0,18.87753403186798,2
Bucky Irving,RB,2026,1,2026,12,11,0.0,9.741898536682127,False,70,0.0,18.744542932510367,2
Bucky Irving,RB,2026,1,2026,13,12,0.0,9.785475730895996,False,77,0.0,18.23231058120727,2
Bucky Irving,RB,2026,1,2026,14,13,0.0,9.798040390014648,False,84,0.0,17.44502887725829,2
Bucky Irving,RB,2026,1,2026,15,14,0.0,9.77289581298828,False,91,0.0,15.386075139045708,2
Bucky Irving,RB,2026,1,2026,16,15,0.0,9.737719535827637,False,98,0.0,13.342213439941364,2
Bucky Irving,RB,2026,1,2026,17,16,0.0,9.660632133483888,False,105,0.0,10.608456683158868,2
C.J. Williams,WR,2026,1,2026,2,1,0.0,1.394092679023743,False,0,0.0,16.109852623939496,2
C.J. Williams,WR,2026,1,2026,3,2,0.0,1.3025529384613037,False,7,0.0,15.463865423202508,2
C.J. Williams,WR,2026,1,2026,4,3,0.0,1.34712815284729,False,14,0.0,14.876357412338248,2
C.J. Williams,WR,2026,1,2026,5,4,0.0,1.32851243019104,False,21,0.0,14.880064916610705,2
C.J. Williams,WR,2026,1,2026,6,5,0.0,1.2901147603988647,False,28,0.0,14.23310737609863,2
C.J. Williams,WR,2026,1,2026,7,6,0.0,1.3118486404418943,False,35,0.0,13.528540611267086,2
C.J. Williams,WR,2026,1,2026,8,7,0.0,1.326228380203247,False,42,0.0,12.939784479141233,2
C.J. Williams,WR,2026,1,2026,9,8,0.0,1.4191322326660156,False,49,0.0,12.436059761047357,2
C.J. Williams,WR,2026,1,2026,10,9,0.0,1.5111877918243408,False,56,0.0,11.41706624031064,2
C.J. Williams,WR,2026,1,2026,11,10,0.0,1.6087076663970947,False,63,0.0,10.879680037498474,2
C.J. Williams,WR,2026,1,2026,12,11,0.0,1.7289170026779177,False,70,0.0,10.731561398506155,2
C.J. Williams,WR,2026,1,2026,13,12,0.0,1.8427796363830569,False,77,0.0,10.28961448669433,2
C.J. Williams,WR,2026,1,2026,14,13,0.0,1.9376546144485476,False,84,0.0,9.58464310169219,2
C.J. Williams,WR,2026,1,2026,15,14,0.0,1.9961392879486084,False,91,0.0,7.609318614006036,2
C.J. Williams,WR,2026,1,2026,16,15,0.0,2.04299545288086,False,98,0.0,5.647489356994588,2
C.J. Williams,WR,2026,1,2026,17,16,0.0,2.0937423706054688,False,105,0.0,3.0415669202804496,2
CJ Daniels,WR,2026,1,2026,2,1,0.0,1.1821955442428589,False,0,0.0,15.897955489158612,2
CJ Daniels,WR,2026,1,2026,3,2,0.0,1.150193214416504,False,7,0.0,15.311505699157708,2
CJ Daniels,WR,2026,1,2026,4,3,0.0,1.211889147758484,False,14,0.0,14.74111840724944,2
CJ Daniels,WR,2026,1,2026,5,4,0.0,1.1964021921157837,False,21,0.0,14.747954678535448,2
CJ Daniels,WR,2026,1,2026,6,5,0.0,1.14518940448761,False,28,0.0,14.088182020187377,2
CJ Daniels,WR,2026,1,2026,7,6,0.0,1.148870587348938,False,35,0.0,13.36556255817413,2
CJ Daniels,WR,2026,1,2026,8,7,0.0,1.1434844732284546,False,42,0.0,12.75704057216644,2
CJ Daniels,WR,2026,1,2026,9,8,0.0,1.2104861736297607,False,49,0.0,12.227413702011102,2
CJ Daniels,WR,2026,1,2026,10,9,0.0,1.2767008543014526,False,56,0.0,11.182579302787753,2
CJ Daniels,WR,2026,1,2026,11,10,0.0,1.3440372943878174,False,63,0.0,10.615009665489197,2
CJ Daniels,WR,2026,1,2026,12,11,0.0,1.4362090826034546,False,70,0.0,10.438853478431692,2
CJ Daniels,WR,2026,1,2026,13,12,0.0,1.52786123752594,False,77,0.0,9.974696087837213,2
CJ Daniels,WR,2026,1,2026,14,13,0.0,1.6051509380340576,False,84,0.0,9.2521394252777,2
CJ Daniels,WR,2026,1,2026,15,14,0.0,1.6648435592651367,False,91,0.0,7.278022885322565,2
CJ Daniels,WR,2026,1,2026,16,15,0.0,1.7193331718444824,False,98,0.0,5.323827075958211,2
CJ Daniels,WR,2026,1,2026,17,16,0.0,1.781863570213318,False,105,0.0,2.7296881198882987,2
CJ Donaldson,RB,2026,1,2026,2,1,0.0,1.7162048816680908,False,0,0.0,16.431964826583844,2
CJ Donaldson,RB,2026,1,2026,3,2,0.0,1.6826858520507812,False,7,0.0,15.843998336791984,2
CJ Donaldson,RB,2026,1,2026,4,3,0.0,1.7173616886138916,False,14,0.0,15.24659094810485,2
CJ Donaldson,RB,2026,1,2026,5,4,0.0,1.6868592500686646,False,21,0.0,15.23841173648833,2
CJ Donaldson,RB,2026,1,2026,6,5,0.0,1.6560468673706057,False,28,0.0,14.59903948307037,2
CJ Donaldson,RB,2026,1,2026,7,6,0.0,1.6896308660507202,False,35,0.0,13.906322836875912,2
CJ Donaldson,RB,2026,1,2026,8,7,0.0,1.71946918964386,False,42,0.0,13.333025288581844,2
CJ Donaldson,RB,2026,1,2026,9,8,0.0,1.8257585763931277,False,49,0.0,12.842686104774469,2
CJ Donaldson,RB,2026,1,2026,10,9,0.0,1.931804895401001,False,56,0.0,11.8376833438873,2
CJ Donaldson,RB,2026,1,2026,11,10,0.0,2.0493884086608887,False,63,0.0,11.320360779762268,2
CJ Donaldson,RB,2026,1,2026,12,11,0.0,2.1919708251953125,False,70,0.0,11.19461522102355,2
CJ Donaldson,RB,2026,1,2026,13,12,0.0,2.330777645111084,False,77,0.0,10.777612495422357,2
CJ Donaldson,RB,2026,1,2026,14,13,0.0,2.4483721256256104,False,84,0.0,10.095360612869252,2
CJ Donaldson,RB,2026,1,2026,15,14,0.0,2.5237350463867188,False,91,0.0,8.136914372444146,2
CJ Donaldson,RB,2026,1,2026,16,15,0.0,2.5770273208618164,False,98,0.0,6.181521224975545,2
CJ Donaldson,RB,2026,1,2026,17,16,0.0,2.628307819366455,False,105,0.0,3.576132369041436,2
Caleb Douglas,WR,2026,1,2026,2,1,0.0,2.4546070098876958,False,0,0.0,17.17036695480345,2
Caleb Douglas,WR,2026,1,2026,3,2,0.0,2.392270088195801,False,7,0.0,16.553582572937003,2
Caleb Douglas,WR,2026,1,2026,4,3,0.0,2.3426449298858643,False,14,0.0,15.871874189376822,2
Caleb Douglas,WR,2026,1,2026,5,4,0.0,2.2463977336883545,False,21,0.0,15.79795022010802,2
Caleb Douglas,WR,2026,1,2026,6,5,0.0,2.206961154937744,False,28,0.0,15.14995377063751,2
Caleb Douglas,WR,2026,1,2026,7,6,0.0,2.237679958343506,False,35,0.0,14.454371929168698,2
Caleb Douglas,WR,2026,1,2026,8,7,0.0,2.277958393096924,False,42,0.0,13.891514492034908,2
Caleb Douglas,WR,2026,1,2026,9,8,0.0,2.383949041366577,False,49,0.0,13.400876569747918,2
Caleb Douglas,WR,2026,1,2026,10,9,0.0,2.48672866821289,False,56,0.0,12.39260711669919,2
Caleb Douglas,WR,2026,1,2026,11,10,0.0,2.5977783203125,False,63,0.0,11.86875069141388,2
Caleb Douglas,WR,2026,1,2026,12,11,0.0,2.732090711593628,False,70,0.0,11.734735107421866,2
Caleb Douglas,WR,2026,1,2026,13,12,0.0,2.863142251968384,False,77,0.0,11.309977102279657,2
Caleb Douglas,WR,2026,1,2026,14,13,0.0,2.976728677749634,False,84,0.0,10.623717164993275,2
Caleb Douglas,WR,2026,1,2026,15,14,0.0,3.0501153469085693,False,91,0.0,8.663294672965996,2
Caleb Douglas,WR,2026,1,2026,16,15,0.0,3.1013712882995605,False,98,0.0,6.705865192413289,2
Caleb Douglas,WR,2026,1,2026,17,16,0.0,3.1459994316101074,False,105,0.0,4.093823981285088,2
Calvin Ridley,WR,2026,1,2026,2,1,0.0,3.3167529106140137,False,0,0.0,18.032512855529767,2
Calvin Ridley,WR,2026,1,2026,3,2,0.0,3.438458204269409,False,7,0.0,17.59977068901061,2
Calvin Ridley,WR,2026,1,2026,4,3,0.0,3.511355400085449,False,14,0.0,17.040584659576407,2
Calvin Ridley,WR,2026,1,2026,5,4,0.0,3.543058395385742,False,21,0.0,17.09461088180541,2
Calvin Ridley,WR,2026,1,2026,6,5,0.0,3.590639591217041,False,28,0.0,16.533632206916806,2
Calvin Ridley,WR,2026,1,2026,7,6,0.0,3.659219026565552,False,35,0.0,15.875910997390744,2
Calvin Ridley,WR,2026,1,2026,8,7,0.0,3.71549654006958,False,42,0.0,15.329052639007564,2
Calvin Ridley,WR,2026,1,2026,9,8,0.0,3.809791088104248,False,49,0.0,14.82671861648559,2
Calvin Ridley,WR,2026,1,2026,10,9,0.0,3.874824047088623,False,56,0.0,13.780702495574925,2
Calvin Ridley,WR,2026,1,2026,11,10,0.0,3.933072805404663,False,63,0.0,13.204045176506042,2
Calvin Ridley,WR,2026,1,2026,12,11,0.0,3.9969186782836914,False,70,0.0,12.99956307411193,2
Calvin Ridley,WR,2026,1,2026,13,12,0.0,4.04786491394043,False,77,0.0,12.494699764251704,2
Calvin Ridley,WR,2026,1,2026,14,13,0.0,4.079659461975098,False,84,0.0,11.72664794921874,2
Calvin Ridley,WR,2026,1,2026,15,14,0.0,4.092060089111328,False,91,0.0,9.705239415168757,2
Calvin Ridley,WR,2026,1,2026,16,15,0.0,4.091175079345703,False,98,0.0,7.695668983459432,2
Calvin Ridley,WR,2026,1,2026,17,16,0.0,4.095835208892822,False,105,0.0,5.043659758567803,2
Cam Skattebo,RB,2026,1,2026,2,1,0.0,14.762018203735352,False,0,3.663402748107909,29.477778148651105,2
Cam Skattebo,RB,2026,1,2026,3,2,0.0,14.999998092651367,False,7,1.3327038764953605,29.16131057739257,2
Cam Skattebo,RB,2026,1,2026,4,3,0.0,15.433995246887209,False,14,1.306409931182861,28.963224506378165,2
Cam Skattebo,RB,2026,1,2026,5,4,0.0,15.48328971862793,False,21,1.1955354690551765,29.0348422050476,2
Cam Skattebo,RB,2026,1,2026,6,5,0.0,15.510729789733888,False,28,1.0722795486450192,28.45372240543365,2
Cam Skattebo,RB,2026,1,2026,7,6,0.0,15.322190284729004,False,35,0.7887890815734853,27.5388822555542,2
Cam Skattebo,RB,2026,1,2026,8,7,0.0,15.158546447753906,False,42,0.5528937339782711,26.77210254669189,2
Cam Skattebo,RB,2026,1,2026,9,8,0.0,14.983497619628906,False,49,0.3280493736267083,26.000425148010248,2
Cam Skattebo,RB,2026,1,2026,10,9,0.0,14.814068794250488,False,56,0.1122517585754412,24.719947242736787,2
Cam Skattebo,RB,2026,1,2026,11,10,0.0,14.642799377441406,False,63,0.0,23.913771748542786,2
Cam Skattebo,RB,2026,1,2026,12,11,0.0,14.500809669494627,False,70,0.0,23.503454065322867,2
Cam Skattebo,RB,2026,1,2026,13,12,0.0,14.359844207763672,False,77,0.0,22.806679058074945,2
Cam Skattebo,RB,2026,1,2026,14,13,0.0,14.23703384399414,False,84,0.0,21.884022331237784,2
Cam Skattebo,RB,2026,1,2026,15,14,0.0,14.126136779785156,False,91,0.0,19.739316105842583,2
Cam Skattebo,RB,2026,1,2026,16,15,0.0,14.00019073486328,False,98,0.0,17.60468463897701,2
Cam Skattebo,RB,2026,1,2026,17,16,0.0,13.840808868408203,False,105,0.0,14.788633418083185,2
Camden Brown,WR,2026,1,2026,2,1,0.0,1.192656636238098,False,0,0.0,15.908416581153851,2
Camden Brown,WR,2026,1,2026,3,2,0.0,1.1537840366363523,False,7,0.0,15.315096521377557,2
Camden Brown,WR,2026,1,2026,4,3,0.0,1.2142053842544556,False,14,0.0,14.743434643745411,2
Camden Brown,WR,2026,1,2026,5,4,0.0,1.19828462600708,False,21,0.0,14.749837112426745,2
Camden Brown,WR,2026,1,2026,6,5,0.0,1.151462197303772,False,28,0.0,14.094454813003535,2
Camden Brown,WR,2026,1,2026,7,6,0.0,1.1650776863098145,False,35,0.0,13.381769657135006,2
Camden Brown,WR,2026,1,2026,8,7,0.0,1.1703447103500366,False,42,0.0,12.78390080928802,2
Camden Brown,WR,2026,1,2026,9,8,0.0,1.253036379814148,False,49,0.0,12.26996390819549,2
Camden Brown,WR,2026,1,2026,10,9,0.0,1.335623264312744,False,56,0.0,11.241501712799044,2
Camden Brown,WR,2026,1,2026,11,10,0.0,1.4223567247390747,False,63,0.0,10.693329095840454,2
Camden Brown,WR,2026,1,2026,12,11,0.0,1.533604383468628,False,70,0.0,10.536248779296866,2
Camden Brown,WR,2026,1,2026,13,12,0.0,1.6411681175231934,False,77,0.0,10.088002967834466,2
Camden Brown,WR,2026,1,2026,14,13,0.0,1.7317006587982178,False,84,0.0,9.37868914604186,2
Camden Brown,WR,2026,1,2026,15,14,0.0,1.79410719871521,False,91,0.0,7.407286524772638,2
Camden Brown,WR,2026,1,2026,16,15,0.0,1.8478493690490725,False,98,0.0,5.452343273162801,2
Camden Brown,WR,2026,1,2026,17,16,0.0,1.9077050685882568,False,105,0.0,2.8555296182632377,2
Carnell Tate,WR,2026,1,2026,2,1,0.0,2.209412097930908,False,0,0.0,16.92517204284666,2
Carnell Tate,WR,2026,1,2026,3,2,0.0,2.1854827404022217,False,7,0.0,16.346795225143424,2
Carnell Tate,WR,2026,1,2026,4,3,0.0,2.1789679527282715,False,14,0.0,15.708197212219227,2
Carnell Tate,WR,2026,1,2026,5,4,0.0,2.1141293048858643,False,21,0.0,15.665681791305529,2
Carnell Tate,WR,2026,1,2026,6,5,0.0,2.082763195037842,False,28,0.0,15.025755810737609,2
Carnell Tate,WR,2026,1,2026,7,6,0.0,2.118478298187256,False,35,0.0,14.335170269012448,2
Carnell Tate,WR,2026,1,2026,8,7,0.0,2.160724639892578,False,42,0.0,13.774280738830562,2
Carnell Tate,WR,2026,1,2026,9,8,0.0,2.273421287536621,False,49,0.0,13.290348815917962,2
Carnell Tate,WR,2026,1,2026,10,9,0.0,2.384995937347412,False,56,0.0,12.290874385833712,2
Carnell Tate,WR,2026,1,2026,11,10,0.0,2.5060272216796875,False,63,0.0,11.776999592781069,2
Carnell Tate,WR,2026,1,2026,12,11,0.0,2.65083122253418,False,70,0.0,11.653475618362418,2
Carnell Tate,WR,2026,1,2026,13,12,0.0,2.7902045249938965,False,77,0.0,11.23703937530517,2
Carnell Tate,WR,2026,1,2026,14,13,0.0,2.9113073348999023,False,84,0.0,10.558295822143544,2
Carnell Tate,WR,2026,1,2026,15,14,0.0,2.988755702972412,False,91,0.0,8.601935029029839,2
Carnell Tate,WR,2026,1,2026,16,15,0.0,3.0427417755126958,False,98,0.0,6.647235679626424,2
Carnell Tate,WR,2026,1,2026,17,16,0.0,3.090015172958374,False,105,0.0,4.037839722633355,2
CeeDee Lamb,WR,2026,1,2026,2,1,0.0,17.444974899291992,False,0,6.34635944366455,32.160734844207745,2
CeeDee Lamb,WR,2026,1,2026,3,2,0.0,17.444664001464844,False,7,3.777369785308837,31.60597648620605,2
CeeDee Lamb,WR,2026,1,2026,4,3,0.0,17.492273330688477,False,14,3.3646880149841305,31.021502590179438,2
CeeDee Lamb,WR,2026,1,2026,5,4,0.0,17.26889991760254,False,21,2.981145668029786,30.820452404022205,2
CeeDee Lamb,WR,2026,1,2026,6,5,0.0,17.204965591430664,False,28,2.7665153503417965,30.14795820713043,2
CeeDee Lamb,WR,2026,1,2026,7,6,0.0,17.158241271972656,False,35,2.6248400688171376,29.374933242797848,2
CeeDee Lamb,WR,2026,1,2026,8,7,0.0,17.14546775817871,False,42,2.539815044403076,28.75902385711669,2
CeeDee Lamb,WR,2026,1,2026,9,8,0.0,17.08402442932129,False,49,2.428576183319091,28.10095195770263,2
CeeDee Lamb,WR,2026,1,2026,10,9,0.0,17.024450302124023,False,56,2.3226332664489764,26.93032875061032,2
CeeDee Lamb,WR,2026,1,2026,11,10,0.0,16.96583366394043,False,63,2.2011067390441905,26.23680603504181,2
CeeDee Lamb,WR,2026,1,2026,12,11,0.0,16.90092658996582,False,70,2.0896529197692875,25.903570985794055,2
CeeDee Lamb,WR,2026,1,2026,13,12,0.0,16.812854766845703,False,77,1.9700497627258304,25.259689617156976,2
CeeDee Lamb,WR,2026,1,2026,14,13,0.0,16.741453170776367,False,84,1.8888556480407708,24.38844165802001,2
CeeDee Lamb,WR,2026,1,2026,15,14,0.0,16.686275482177734,False,91,1.8029826164245613,22.29945480823516,2
CeeDee Lamb,WR,2026,1,2026,16,15,0.0,16.617029190063477,False,98,1.7380379676818851,20.221523094177204,2
CeeDee Lamb,WR,2026,1,2026,17,16,0.0,16.547067642211914,False,105,1.634376144409179,17.494892191886894,2
Chase Brown,RB,2026,1,2026,2,1,0.0,18.001230239868164,False,0,6.902614784240722,32.71699018478392,2
Chase Brown,RB,2026,1,2026,3,2,0.0,18.134519577026367,False,7,4.46722536087036,32.29583206176757,2
Chase Brown,RB,2026,1,2026,4,3,0.0,18.12010383605957,False,14,3.992518520355224,31.649333095550528,2
Chase Brown,RB,2026,1,2026,5,4,0.0,17.93398094177246,False,21,3.646226692199708,31.485533428192127,2
Chase Brown,RB,2026,1,2026,6,5,0.0,17.932876586914062,False,28,3.494426345825195,30.875869202613828,2
Chase Brown,RB,2026,1,2026,7,6,0.0,17.92165184020996,False,35,3.3882506370544423,30.138343811035156,2
Chase Brown,RB,2026,1,2026,8,7,0.0,17.923410415649414,False,42,3.317757701873779,29.5369665145874,2
Chase Brown,RB,2026,1,2026,9,8,0.0,17.868791580200195,False,49,3.2133433341979973,28.885719108581537,2
Chase Brown,RB,2026,1,2026,10,9,0.0,17.82158660888672,False,56,3.119769573211672,27.727465057373017,2
Chase Brown,RB,2026,1,2026,11,10,0.0,17.776086807250977,False,63,3.0113598823547374,27.04705917835236,2
Chase Brown,RB,2026,1,2026,12,11,0.0,17.712675094604492,False,70,2.90140142440796,26.71531949043273,2
Chase Brown,RB,2026,1,2026,13,12,0.0,17.623043060302734,False,77,2.7802380561828617,26.069877910614007,2
Chase Brown,RB,2026,1,2026,14,13,0.0,17.55308723449707,False,84,2.700489711761474,25.200075721740717,2
Chase Brown,RB,2026,1,2026,15,14,0.0,17.494762420654297,False,91,2.611469554901124,23.107941746711724,2
Chase Brown,RB,2026,1,2026,16,15,0.0,17.422178268432617,False,98,2.5431870460510257,21.026672172546345,2
Chase Brown,RB,2026,1,2026,17,16,0.0,17.34569549560547,False,105,2.433003997802734,18.29352004528045,2
Chimere Dike,WR,2026,1,2026,2,1,0.0,6.824234962463379,False,0,0.0,21.53999490737913,2
Chimere Dike,WR,2026,1,2026,3,2,0.0,6.960389137268066,False,7,0.0,21.12170162200927,2
Chimere Dike,WR,2026,1,2026,4,3,0.0,7.042610168457031,False,14,0.0,20.57183942794799,2
Chimere Dike,WR,2026,1,2026,5,4,0.0,7.140169620513916,False,21,0.0,20.691722106933582,2
Chimere Dike,WR,2026,1,2026,6,5,0.0,7.208657741546631,False,28,0.0,20.1516503572464,2
Chimere Dike,WR,2026,1,2026,7,6,0.0,7.240260601043701,False,35,0.0,19.456952571868893,2
Chimere Dike,WR,2026,1,2026,8,7,0.0,7.310896396636963,False,42,0.0,18.924452495574947,2
Chimere Dike,WR,2026,1,2026,9,8,0.0,7.371909141540527,False,49,0.0,18.38883666992187,2
Chimere Dike,WR,2026,1,2026,10,9,0.0,7.424326419830322,False,56,0.0,17.33020486831662,2
Chimere Dike,WR,2026,1,2026,11,10,0.0,7.494956970214844,False,63,0.0,16.765929341316223,2
Chimere Dike,WR,2026,1,2026,12,11,0.0,7.5314507484436035,False,70,0.0,16.53409514427184,2
Chimere Dike,WR,2026,1,2026,13,12,0.0,7.521384239196777,False,77,0.0,15.96821908950805,2
Chimere Dike,WR,2026,1,2026,14,13,0.0,7.502238273620605,False,84,0.0,15.149226760864249,2
Chimere Dike,WR,2026,1,2026,15,14,0.0,7.465638637542725,False,91,0.0,13.078817963600152,2
Chimere Dike,WR,2026,1,2026,16,15,0.0,7.415912628173828,False,98,0.0,11.020406532287556,2
Chimere Dike,WR,2026,1,2026,17,16,0.0,7.335320472717285,False,105,0.0,8.283145022392265,2
Chris Bell,WR,2026,1,2026,2,1,0.0,1.5351890325546265,False,0,0.0,16.25094897747038,2
Chris Bell,WR,2026,1,2026,3,2,0.0,1.470292091369629,False,7,0.0,15.631604576110831,2
Chris Bell,WR,2026,1,2026,4,3,0.0,1.4944000244140625,False,14,0.0,15.02362928390502,2
Chris Bell,WR,2026,1,2026,5,4,0.0,1.461998701095581,False,21,0.0,15.013551187515246,2
Chris Bell,WR,2026,1,2026,6,5,0.0,1.423594951629639,False,28,0.0,14.366587567329404,2
Chris Bell,WR,2026,1,2026,7,6,0.0,1.447839379310608,False,35,0.0,13.6645313501358,2
Chris Bell,WR,2026,1,2026,8,7,0.0,1.4667656421661377,False,42,0.0,13.080321741104122,2
Chris Bell,WR,2026,1,2026,9,8,0.0,1.5628612041473389,False,49,0.0,12.57978873252868,2
Chris Bell,WR,2026,1,2026,10,9,0.0,1.660499095916748,False,56,0.0,11.566377544403048,2
Chris Bell,WR,2026,1,2026,11,10,0.0,1.7655844688415527,False,63,0.0,11.036556839942932,2
Chris Bell,WR,2026,1,2026,12,11,0.0,1.894338846206665,False,70,0.0,10.896983242034905,2
Chris Bell,WR,2026,1,2026,13,12,0.0,2.0199148654937744,False,77,0.0,10.466749715805047,2
Chris Bell,WR,2026,1,2026,14,13,0.0,2.1273319721221924,False,84,0.0,9.774320459365835,2
Chris Bell,WR,2026,1,2026,15,14,0.0,2.197625637054444,False,91,0.0,7.810804963111871,2
Chris Bell,WR,2026,1,2026,16,15,0.0,2.251974105834961,False,98,0.0,5.856468009948689,2
Chris Bell,WR,2026,1,2026,17,16,0.0,2.308107852935791,False,105,0.0,3.255932402610772,2
Chris Blair,WR,2026,1,2026,2,1,0.0,1.2955251932144165,False,0,0.0,16.01128513813017,2
Chris Blair,WR,2026,1,2026,3,2,0.0,1.29508638381958,False,7,0.0,15.456398868560784,2
Chris Blair,WR,2026,1,2026,4,3,0.0,1.3501291275024414,False,14,0.0,14.8793583869934,2
Chris Blair,WR,2026,1,2026,5,4,0.0,1.31964111328125,False,21,0.0,14.871193599700916,2
Chris Blair,WR,2026,1,2026,6,5,0.0,1.2522515058517456,False,28,0.0,14.19524412155151,2
Chris Blair,WR,2026,1,2026,7,6,0.0,1.230968356132507,False,35,0.0,13.4476603269577,2
Chris Blair,WR,2026,1,2026,8,7,0.0,1.2021498680114746,False,42,0.0,12.81570596694946,2
Chris Blair,WR,2026,1,2026,9,8,0.0,1.234497308731079,False,49,0.0,12.25142483711242,2
Chris Blair,WR,2026,1,2026,10,9,0.0,1.2609293460845947,False,56,0.0,11.166807794570897,2
Chris Blair,WR,2026,1,2026,11,10,0.0,1.283277988433838,False,63,0.0,10.554250359535216,2
Chris Blair,WR,2026,1,2026,12,11,0.0,1.3282008171081543,False,70,0.0,10.330845212936392,2
Chris Blair,WR,2026,1,2026,13,12,0.0,1.3816359043121338,False,77,0.0,9.828470754623408,2
Chris Blair,WR,2026,1,2026,14,13,0.0,1.4287137985229492,False,84,0.0,9.075702285766592,2
Chris Blair,WR,2026,1,2026,15,14,0.0,1.477818250656128,False,91,0.0,7.090997576713556,2
Chris Blair,WR,2026,1,2026,16,15,0.0,1.5281184911727903,False,98,0.0,5.132612395286519,2
Chris Blair,WR,2026,1,2026,17,16,0.0,1.5894770622253418,False,105,0.0,2.5373016119003227,2
Chris Brooks,RB,2026,1,2026,2,1,0.0,1.1869245767593384,False,0,0.0,15.902684521675091,2
Chris Brooks,RB,2026,1,2026,3,2,0.0,1.117442965507507,False,7,0.0,15.278755450248712,2
Chris Brooks,RB,2026,1,2026,4,3,0.0,1.0820297002792358,False,14,0.0,14.611258959770192,2
Chris Brooks,RB,2026,1,2026,5,4,0.0,0.991317093372345,False,21,0.0,14.54286957979201,2
Chris Brooks,RB,2026,1,2026,6,5,0.0,0.8729497790336609,False,28,0.0,13.815942394733426,2
Chris Brooks,RB,2026,1,2026,7,6,0.0,0.797545850276947,False,35,0.0,13.01423782110214,2
Chris Brooks,RB,2026,1,2026,8,7,0.0,0.7292811870574951,False,42,0.0,12.34283728599548,2
Chris Brooks,RB,2026,1,2026,9,8,0.0,0.7209258079528809,False,49,0.0,11.737853336334222,2
Chris Brooks,RB,2026,1,2026,10,9,0.0,0.7197431325912476,False,56,0.0,10.625621581077548,2
Chris Brooks,RB,2026,1,2026,11,10,0.0,0.7201312780380249,False,63,0.0,9.991103649139404,2
Chris Brooks,RB,2026,1,2026,12,11,0.0,0.7503312826156616,False,70,0.0,9.7529756784439,2
Chris Brooks,RB,2026,1,2026,13,12,0.0,0.7929481267929077,False,77,0.0,9.23978297710418,2
Chris Brooks,RB,2026,1,2026,14,13,0.0,0.8295173645019531,False,84,0.0,8.476505851745596,2
Chris Brooks,RB,2026,1,2026,15,14,0.0,0.8726578950881958,False,91,0.0,6.485837221145624,2
Chris Brooks,RB,2026,1,2026,16,15,0.0,0.9163503646850586,False,98,0.0,4.520844268798787,2
Chris Brooks,RB,2026,1,2026,17,16,0.0,0.9667128920555116,False,105,0.0,1.9145374417304923,2
Chris Godwin Jr.,WR,2026,1,2026,2,1,0.0,7.306950569152832,False,0,0.0,22.022710514068585,2
Chris Godwin Jr.,WR,2026,1,2026,3,2,0.0,7.597042560577393,False,7,0.0,21.758355045318595,2
Chris Godwin Jr.,WR,2026,1,2026,4,3,0.0,7.573152542114258,False,14,0.0,21.102381801605212,2
Chris Godwin Jr.,WR,2026,1,2026,5,4,0.0,7.483768463134766,False,21,0.0,21.035320949554432,2
Chris Godwin Jr.,WR,2026,1,2026,6,5,0.0,7.355201721191406,False,28,0.0,20.29819433689117,2
Chris Godwin Jr.,WR,2026,1,2026,7,6,0.0,7.138736248016357,False,35,0.0,19.35542821884155,2
Chris Godwin Jr.,WR,2026,1,2026,8,7,0.0,6.915599346160889,False,42,0.0,18.529155445098876,2
Chris Godwin Jr.,WR,2026,1,2026,9,8,0.0,6.58076286315918,False,49,0.0,17.59769039154052,2
Chris Godwin Jr.,WR,2026,1,2026,10,9,0.0,6.164468288421631,False,56,0.0,16.07034673690793,2
Chris Godwin Jr.,WR,2026,1,2026,11,10,0.0,5.711158275604248,False,63,0.0,14.982130646705627,2
Chris Godwin Jr.,WR,2026,1,2026,12,11,0.0,5.361273765563965,False,70,0.0,14.363918161392204,2
Chris Godwin Jr.,WR,2026,1,2026,13,12,0.0,5.105259418487549,False,77,0.0,13.552094268798822,2
Chris Godwin Jr.,WR,2026,1,2026,14,13,0.0,4.942943572998047,False,84,0.0,12.58993206024169,2
Chris Godwin Jr.,WR,2026,1,2026,15,14,0.0,4.847879409790039,False,91,0.0,10.461058735847466,2
Chris Godwin Jr.,WR,2026,1,2026,16,15,0.0,4.800239562988281,False,98,0.0,8.404733467102009,2
Chris Godwin Jr.,WR,2026,1,2026,17,16,0.0,4.781712532043457,False,105,0.0,5.729537081718438,2
Chris Moore,WR,2026,1,2026,2,1,0.0,3.1593339443206787,False,0,0.0,17.87509388923643,2
Chris Moore,WR,2026,1,2026,3,2,0.0,3.2351491451263428,False,7,0.0,17.396461629867545,2
Chris Moore,WR,2026,1,2026,4,3,0.0,3.280348539352417,False,14,0.0,16.809577798843375,2
Chris Moore,WR,2026,1,2026,5,4,0.0,3.260554075241089,False,21,0.0,16.812106561660755,2
Chris Moore,WR,2026,1,2026,6,5,0.0,3.258211135864258,False,28,0.0,16.201203751564023,2
Chris Moore,WR,2026,1,2026,7,6,0.0,3.28012752532959,False,35,0.0,15.496819496154782,2
Chris Moore,WR,2026,1,2026,8,7,0.0,3.2920477390289307,False,42,0.0,14.905603837966916,2
Chris Moore,WR,2026,1,2026,9,8,0.0,3.344961166381836,False,49,0.0,14.361888694763175,2
Chris Moore,WR,2026,1,2026,10,9,0.0,3.377438545227051,False,56,0.0,13.28331699371335,2
Chris Moore,WR,2026,1,2026,11,10,0.0,3.4060497283935547,False,63,0.0,12.677022099494934,2
Chris Moore,WR,2026,1,2026,12,11,0.0,3.4474921226501465,False,70,0.0,12.450136518478384,2
Chris Moore,WR,2026,1,2026,13,12,0.0,3.48923397064209,False,77,0.0,11.936068820953365,2
Chris Moore,WR,2026,1,2026,14,13,0.0,3.5197625160217285,False,84,0.0,11.166751003265372,2
Chris Moore,WR,2026,1,2026,15,14,0.0,3.536984443664551,False,91,0.0,9.150163769721978,2
Chris Moore,WR,2026,1,2026,16,15,0.0,3.544673204421997,False,98,0.0,7.149167108535726,2
Chris Moore,WR,2026,1,2026,17,16,0.0,3.5613293647766118,False,105,0.0,4.509153914451592,2
Chris Olave,WR,2026,1,2026,2,1,0.0,12.797677993774414,False,0,1.699062538146972,27.513437938690167,2
Chris Olave,WR,2026,1,2026,3,2,0.0,12.645441055297852,False,7,0.0,26.80675354003905,2
Chris Olave,WR,2026,1,2026,4,3,0.0,12.742833137512209,False,14,0.0,26.272062397003165,2
Chris Olave,WR,2026,1,2026,5,4,0.0,13.00878620147705,False,21,0.0,26.56033868789672,2
Chris Olave,WR,2026,1,2026,6,5,0.0,13.30533218383789,False,28,0.0,26.248324799537656,2
Chris Olave,WR,2026,1,2026,7,6,0.0,13.448516845703123,False,35,0.0,25.66520881652832,2
Chris Olave,WR,2026,1,2026,8,7,0.0,13.49450969696045,False,42,0.0,25.108065795898437,2
Chris Olave,WR,2026,1,2026,9,8,0.0,13.45118522644043,False,49,0.0,24.46811275482177,2
Chris Olave,WR,2026,1,2026,10,9,0.0,13.34939193725586,False,56,0.0,23.25527038574216,2
Chris Olave,WR,2026,1,2026,11,10,0.0,13.238603591918944,False,63,0.0,22.509575963020325,2
Chris Olave,WR,2026,1,2026,12,11,0.0,13.113441467285156,False,70,0.0,22.116085863113398,2
Chris Olave,WR,2026,1,2026,13,12,0.0,12.961396217346191,False,77,0.0,21.408231067657464,2
Chris Olave,WR,2026,1,2026,14,13,0.0,12.821420669555664,False,84,0.0,20.468409156799307,2
Chris Olave,WR,2026,1,2026,15,14,0.0,12.709814071655272,False,91,0.0,18.3229933977127,2
Chris Olave,WR,2026,1,2026,16,15,0.0,12.60614013671875,False,98,0.0,16.210634040832478,2
Chris Olave,WR,2026,1,2026,17,16,0.0,12.476919174194336,False,105,0.0,13.424743723869316,2
Chris Rodriguez Jr.,RB,2026,1,2026,2,1,0.0,7.53192138671875,False,0,0.0,22.247681331634503,2
Chris Rodriguez Jr.,RB,2026,1,2026,3,2,0.0,7.480379104614258,False,7,0.0,21.64169158935546,2
Chris Rodriguez Jr.,RB,2026,1,2026,4,3,0.0,7.321277618408203,False,14,0.0,20.85050687789916,2
Chris Rodriguez Jr.,RB,2026,1,2026,5,4,0.0,7.1338300704956055,False,21,0.0,20.685382556915272,2
Chris Rodriguez Jr.,RB,2026,1,2026,6,5,0.0,6.874359130859375,False,28,0.0,19.81735174655914,2
Chris Rodriguez Jr.,RB,2026,1,2026,7,6,0.0,6.465583801269531,False,35,0.0,18.682275772094723,2
Chris Rodriguez Jr.,RB,2026,1,2026,8,7,0.0,6.053779602050781,False,42,0.0,17.667335700988765,2
Chris Rodriguez Jr.,RB,2026,1,2026,9,8,0.0,5.53767204284668,False,49,0.0,16.55459957122802,2
Chris Rodriguez Jr.,RB,2026,1,2026,10,9,0.0,4.995233058929443,False,56,0.0,14.901111507415743,2
Chris Rodriguez Jr.,RB,2026,1,2026,11,10,0.0,4.535942077636719,False,63,0.0,13.806914448738098,2
Chris Rodriguez Jr.,RB,2026,1,2026,12,11,0.0,4.257330894470215,False,70,0.0,13.259975290298453,2
Chris Rodriguez Jr.,RB,2026,1,2026,13,12,0.0,4.088890552520752,False,77,0.0,12.535725402832025,2
Chris Rodriguez Jr.,RB,2026,1,2026,14,13,0.0,3.9954617023468018,False,84,0.0,11.642450189590445,2
Chris Rodriguez Jr.,RB,2026,1,2026,15,14,0.0,3.96429967880249,False,91,0.0,9.577479004859915,2
Chris Rodriguez Jr.,RB,2026,1,2026,16,15,0.0,3.966179132461548,False,98,0.0,7.570673036575276,2
Chris Rodriguez Jr.,RB,2026,1,2026,17,16,0.0,3.9984636306762695,False,105,0.0,4.94628818035125,2
Christian McCaffrey,RB,2026,1,2026,2,1,0.0,18.297704696655277,False,0,7.199089241027831,33.01346464157103,2
Christian McCaffrey,RB,2026,1,2026,3,2,0.0,20.052186965942383,False,7,6.384892749786376,34.213499450683585,2
Christian McCaffrey,RB,2026,1,2026,4,3,0.0,20.43707656860352,False,14,6.30949125289917,33.96630582809448,2
Christian McCaffrey,RB,2026,1,2026,5,4,0.0,20.72218894958496,False,21,6.434434700012208,34.27374143600463,2
Christian McCaffrey,RB,2026,1,2026,6,5,0.0,20.92398834228516,False,28,6.485538101196289,33.86698095798492,2
Christian McCaffrey,RB,2026,1,2026,7,6,0.0,20.99538803100586,False,35,6.461986827850341,33.212080001831055,2
Christian McCaffrey,RB,2026,1,2026,8,7,0.0,21.0255126953125,False,42,6.419859981536865,32.639068794250484,2
Christian McCaffrey,RB,2026,1,2026,9,8,0.0,20.989721298217773,False,49,6.334273052215576,32.00664882659912,2
Christian McCaffrey,RB,2026,1,2026,10,9,0.0,20.93572235107422,False,56,6.233905315399172,30.84160079956052,2
Christian McCaffrey,RB,2026,1,2026,11,10,0.0,20.876373291015625,False,63,6.111646366119386,30.147345662117004,2
Christian McCaffrey,RB,2026,1,2026,12,11,0.0,20.769268035888672,False,70,5.957994365692139,29.77191243171691,2
Christian McCaffrey,RB,2026,1,2026,13,12,0.0,20.6379451751709,False,77,5.795140171051026,29.08478002548217,2
Christian McCaffrey,RB,2026,1,2026,14,13,0.0,20.51494407653809,False,84,5.6623465538024895,28.16193256378173,2
Christian McCaffrey,RB,2026,1,2026,15,14,0.0,20.40911674499512,False,91,5.525823879241944,26.022296071052544,2
Christian McCaffrey,RB,2026,1,2026,16,15,0.0,20.280981063842773,False,98,5.401989841461182,23.8854749679565,2
Christian McCaffrey,RB,2026,1,2026,17,16,0.0,20.13402366638184,False,105,5.221332168579101,21.081848216056816,2
Christian Watson,WR,2026,1,2026,2,1,0.0,9.857975006103516,False,0,0.0,24.57373495101927,2
Christian Watson,WR,2026,1,2026,3,2,0.0,9.953861236572266,False,7,0.0,24.115173721313468,2
Christian Watson,WR,2026,1,2026,4,3,0.0,10.028281211853027,False,14,0.0,23.557510471343985,2
Christian Watson,WR,2026,1,2026,5,4,0.0,10.246282577514648,False,21,0.0,23.797835063934315,2
Christian Watson,WR,2026,1,2026,6,5,0.0,10.526739120483398,False,28,0.0,23.469731736183164,2
Christian Watson,WR,2026,1,2026,7,6,0.0,10.849066734313965,False,35,0.0,23.06575870513916,2
Christian Watson,WR,2026,1,2026,8,7,0.0,11.195853233337402,False,42,0.0,22.809409332275383,2
Christian Watson,WR,2026,1,2026,9,8,0.0,11.50055694580078,False,49,0.0,22.517484474182123,2
Christian Watson,WR,2026,1,2026,10,9,0.0,11.72454833984375,False,56,0.0,21.63042678833005,2
Christian Watson,WR,2026,1,2026,11,10,0.0,11.897379875183104,False,63,0.0,21.168352246284485,2
Christian Watson,WR,2026,1,2026,12,11,0.0,11.933441162109377,False,70,0.0,20.936085557937613,2
Christian Watson,WR,2026,1,2026,13,12,0.0,11.899322509765623,False,77,0.0,20.346157360076894,2
Christian Watson,WR,2026,1,2026,14,13,0.0,11.854684829711914,False,84,0.0,19.50167331695556,2
Christian Watson,WR,2026,1,2026,15,14,0.0,11.783920288085938,False,91,0.0,17.397099614143364,2
Christian Watson,WR,2026,1,2026,16,15,0.0,11.696576118469238,False,98,0.0,15.301070022582966,2
Christian Watson,WR,2026,1,2026,17,16,0.0,11.56474781036377,False,105,0.0,12.51257236003875,2
Chuba Hubbard,RB,2026,1,2026,2,1,0.0,9.21568489074707,False,0,0.0,23.931444835662823,2
Chuba Hubbard,RB,2026,1,2026,3,2,0.0,9.030489921569824,False,7,0.0,23.191802406311027,2
Chuba Hubbard,RB,2026,1,2026,4,3,0.0,8.699321746826172,False,14,0.0,22.22855100631713,2
Chuba Hubbard,RB,2026,1,2026,5,4,0.0,8.314979553222656,False,21,0.0,21.866532039642323,2
Chuba Hubbard,RB,2026,1,2026,6,5,0.0,7.88746166229248,False,28,0.0,20.83045427799225,2
Chuba Hubbard,RB,2026,1,2026,7,6,0.0,7.389494895935059,False,35,0.0,19.60618686676025,2
Chuba Hubbard,RB,2026,1,2026,8,7,0.0,6.971774101257324,False,42,0.0,18.58533020019531,2
Chuba Hubbard,RB,2026,1,2026,9,8,0.0,6.442243576049805,False,49,0.0,17.459171104431146,2
Chuba Hubbard,RB,2026,1,2026,10,9,0.0,5.880914688110352,False,56,0.0,15.786793136596652,2
Chuba Hubbard,RB,2026,1,2026,11,10,0.0,5.344382286071777,False,63,0.0,14.615354657173157,2
Chuba Hubbard,RB,2026,1,2026,12,11,0.0,4.965604305267334,False,70,0.0,13.968248701095572,2
Chuba Hubbard,RB,2026,1,2026,13,12,0.0,4.714601993560791,False,77,0.0,13.161436843872064,2
Chuba Hubbard,RB,2026,1,2026,14,13,0.0,4.569249629974365,False,84,0.0,12.216238117218008,2
Chuba Hubbard,RB,2026,1,2026,15,14,0.0,4.498343467712402,False,91,0.0,10.11152279376983,2
Chuba Hubbard,RB,2026,1,2026,16,15,0.0,4.477420330047607,False,98,0.0,8.081914234161335,2
Chuba Hubbard,RB,2026,1,2026,17,16,0.0,4.484108924865723,False,105,0.0,5.431933474540704,2
Cody White,WR,2026,1,2026,2,1,0.0,1.022105097770691,False,0,0.0,15.737865042686444,2
Cody White,WR,2026,1,2026,3,2,0.0,1.1247801780700684,False,7,0.0,15.286092662811273,2
Cody White,WR,2026,1,2026,4,3,0.0,1.2427886724472046,False,14,0.0,14.772017931938162,2
Cody White,WR,2026,1,2026,5,4,0.0,1.2453911304473877,False,21,0.0,14.796943616867052,2
Cody White,WR,2026,1,2026,6,5,0.0,1.194627285003662,False,28,0.0,14.137619900703427,2
Cody White,WR,2026,1,2026,7,6,0.0,1.1863181591033936,False,35,0.0,13.403010129928584,2
Cody White,WR,2026,1,2026,8,7,0.0,1.1640018224716189,False,42,0.0,12.777557921409604,2
Cody White,WR,2026,1,2026,9,8,0.0,1.196942687034607,False,49,0.0,12.213870215415948,2
Cody White,WR,2026,1,2026,10,9,0.0,1.220615267753601,False,56,0.0,11.1264937162399,2
Cody White,WR,2026,1,2026,11,10,0.0,1.2387797832489014,False,63,0.0,10.50975215435028,2
Cody White,WR,2026,1,2026,12,11,0.0,1.279116153717041,False,70,0.0,10.28176054954528,2
Cody White,WR,2026,1,2026,13,12,0.0,1.328929424285889,False,77,0.0,9.775764274597162,2
Cody White,WR,2026,1,2026,14,13,0.0,1.372000217437744,False,84,0.0,9.018988704681387,2
Cody White,WR,2026,1,2026,15,14,0.0,1.417713284492493,False,91,0.0,7.0308926105499205,2
Cody White,WR,2026,1,2026,16,15,0.0,1.464078426361084,False,98,0.0,5.0685723304748125,2
Cody White,WR,2026,1,2026,17,16,0.0,1.5205329656600952,False,105,0.0,2.468357515335076,2
Colbie Young,WR,2026,1,2026,2,1,0.0,1.3035134077072144,False,0,0.0,16.019273352622967,2
Colbie Young,WR,2026,1,2026,3,2,0.0,1.2010267972946167,False,7,0.0,15.36233928203582,2
Colbie Young,WR,2026,1,2026,4,3,0.0,1.2467252016067505,False,14,0.0,14.775954461097708,2
Colbie Young,WR,2026,1,2026,5,4,0.0,1.227351188659668,False,21,0.0,14.778903675079333,2
Colbie Young,WR,2026,1,2026,6,5,0.0,1.1874650716781616,False,28,0.0,14.130457687377929,2
Colbie Young,WR,2026,1,2026,7,6,0.0,1.210831880569458,False,35,0.0,13.42752385139465,2
Colbie Young,WR,2026,1,2026,8,7,0.0,1.227361083030701,False,42,0.0,12.840917181968685,2
Colbie Young,WR,2026,1,2026,9,8,0.0,1.326733112335205,False,49,0.0,12.343660640716546,2
Colbie Young,WR,2026,1,2026,10,9,0.0,1.4268896579742432,False,56,0.0,11.332768106460543,2
Colbie Young,WR,2026,1,2026,11,10,0.0,1.535580277442932,False,63,0.0,10.806552648544312,2
Colbie Young,WR,2026,1,2026,12,11,0.0,1.6695442199707031,False,70,0.0,10.67218861579894,2
Colbie Young,WR,2026,1,2026,13,12,0.0,1.7985475063323977,False,77,0.0,10.24538235664367,2
Colbie Young,WR,2026,1,2026,14,13,0.0,1.909261465072632,False,84,0.0,9.556249952316277,2
Colbie Young,WR,2026,1,2026,15,14,0.0,1.977462887763977,False,91,0.0,7.590642213821405,2
Colbie Young,WR,2026,1,2026,16,15,0.0,2.029358148574829,False,98,0.0,5.633852052688558,2
Colbie Young,WR,2026,1,2026,17,16,0.0,2.082183599472046,False,105,0.0,3.0300081491470268,2
Connor Heyward,RB,2026,1,2026,2,1,0.0,1.2720143795013428,False,0,0.0,15.987774324417096,2
Connor Heyward,RB,2026,1,2026,3,2,0.0,1.2621365785598757,False,7,0.0,15.42344906330108,2
Connor Heyward,RB,2026,1,2026,4,3,0.0,1.3249435424804688,False,14,0.0,14.854172801971426,2
Connor Heyward,RB,2026,1,2026,5,4,0.0,1.3088871240615845,False,21,0.0,14.860439610481247,2
Connor Heyward,RB,2026,1,2026,6,5,0.0,1.260529398918152,False,28,0.0,14.203522014617915,2
Connor Heyward,RB,2026,1,2026,7,6,0.0,1.2669683694839478,False,35,0.0,13.48366034030914,2
Connor Heyward,RB,2026,1,2026,8,7,0.0,1.2644891738891602,False,42,0.0,12.878045272827144,2
Connor Heyward,RB,2026,1,2026,9,8,0.0,1.334174633026123,False,49,0.0,12.351102161407464,2
Connor Heyward,RB,2026,1,2026,10,9,0.0,1.4021313190460205,False,56,0.0,11.30800976753232,2
Connor Heyward,RB,2026,1,2026,11,10,0.0,1.4717168807983398,False,63,0.0,10.74268925189972,2
Connor Heyward,RB,2026,1,2026,12,11,0.0,1.5662814378738403,False,70,0.0,10.568925833702078,2
Connor Heyward,RB,2026,1,2026,13,12,0.0,1.6602495908737185,False,77,0.0,10.107084441184991,2
Connor Heyward,RB,2026,1,2026,14,13,0.0,1.739696025848389,False,84,0.0,9.386684513092032,2
Connor Heyward,RB,2026,1,2026,15,14,0.0,1.7998573780059814,False,91,0.0,7.413036704063409,2
Connor Heyward,RB,2026,1,2026,16,15,0.0,1.8539469242095947,False,98,0.0,5.458440828323323,2
Connor Heyward,RB,2026,1,2026,17,16,0.0,1.9159682989120483,False,105,0.0,2.863792848587029,2
Cooper Kupp,WR,2026,1,2026,2,1,0.0,5.940570831298828,False,0,0.0,20.65633077621458,2
Cooper Kupp,WR,2026,1,2026,3,2,0.0,5.602598667144775,False,7,0.0,19.763911151885974,2
Cooper Kupp,WR,2026,1,2026,4,3,0.0,5.326066017150879,False,14,0.0,18.85529527664184,2
Cooper Kupp,WR,2026,1,2026,5,4,0.0,5.032232761383057,False,21,0.0,18.583785247802723,2
Cooper Kupp,WR,2026,1,2026,6,5,0.0,4.7753095626831055,False,28,0.0,17.71830217838287,2
Cooper Kupp,WR,2026,1,2026,7,6,0.0,4.477333068847656,False,35,0.0,16.694025039672848,2
Cooper Kupp,WR,2026,1,2026,8,7,0.0,4.200024604797363,False,42,0.0,15.813580703735347,2
Cooper Kupp,WR,2026,1,2026,9,8,0.0,3.856490850448608,False,49,0.0,14.87341837882995,2
Cooper Kupp,WR,2026,1,2026,10,9,0.0,3.510589599609375,False,56,0.0,13.416468048095677,2
Cooper Kupp,WR,2026,1,2026,11,10,0.0,3.1973094940185547,False,63,0.0,12.468281865119934,2
Cooper Kupp,WR,2026,1,2026,12,11,0.0,3.000887155532837,False,70,0.0,12.003531551361077,2
Cooper Kupp,WR,2026,1,2026,13,12,0.0,2.8812501430511475,False,77,0.0,11.32808499336242,2
Cooper Kupp,WR,2026,1,2026,14,13,0.0,2.8163092136383057,False,84,0.0,10.463297700881949,2
Cooper Kupp,WR,2026,1,2026,15,14,0.0,2.795448303222656,False,91,0.0,8.408627629280083,2
Cooper Kupp,WR,2026,1,2026,16,15,0.0,2.805959224700928,False,98,0.0,6.410453128814656,2
Cooper Kupp,WR,2026,1,2026,17,16,0.0,2.8452768325805664,False,105,0.0,3.7931013822555473,2
Corey Kiner,RB,2026,1,2026,2,1,0.0,3.549607515335083,False,0,0.0,18.26536746025084,2
Corey Kiner,RB,2026,1,2026,3,2,0.0,3.623042583465576,False,7,0.0,17.78435506820678,2
Corey Kiner,RB,2026,1,2026,4,3,0.0,3.669687271118164,False,14,0.0,17.19891653060912,2
Corey Kiner,RB,2026,1,2026,5,4,0.0,3.6935553550720215,False,21,0.0,17.245107841491688,2
Corey Kiner,RB,2026,1,2026,6,5,0.0,3.757298469543457,False,28,0.0,16.700291085243222,2
Corey Kiner,RB,2026,1,2026,7,6,0.0,3.840842247009277,False,35,0.0,16.05753421783447,2
Corey Kiner,RB,2026,1,2026,8,7,0.0,3.904511213302612,False,42,0.0,15.518067312240596,2
Corey Kiner,RB,2026,1,2026,9,8,0.0,3.9996418952941895,False,49,0.0,15.01656942367553,2
Corey Kiner,RB,2026,1,2026,10,9,0.0,4.062524318695068,False,56,0.0,13.968402767181368,2
Corey Kiner,RB,2026,1,2026,11,10,0.0,4.119687557220459,False,63,0.0,13.390659928321838,2
Corey Kiner,RB,2026,1,2026,12,11,0.0,4.176148414611816,False,70,0.0,13.178792810440054,2
Corey Kiner,RB,2026,1,2026,13,12,0.0,4.216411113739014,False,77,0.0,12.663245964050288,2
Corey Kiner,RB,2026,1,2026,14,13,0.0,4.231173515319824,False,84,0.0,11.878162002563467,2
Corey Kiner,RB,2026,1,2026,15,14,0.0,4.226137161254883,False,91,0.0,9.83931648731231,2
Corey Kiner,RB,2026,1,2026,16,15,0.0,4.212251663208008,False,98,0.0,7.816745567321736,2
Corey Kiner,RB,2026,1,2026,17,16,0.0,4.207416534423828,False,105,0.0,5.155241084098809,2
Courtland Sutton,WR,2026,1,2026,2,1,0.0,13.930974960327148,False,0,2.8323595046997063,28.6467349052429,2
Courtland Sutton,WR,2026,1,2026,3,2,0.0,14.153016090393066,False,7,0.4857218742370595,28.31432857513427,2
Courtland Sutton,WR,2026,1,2026,4,3,0.0,14.360048294067385,False,14,0.2324629783630367,27.88927755355834,2
Courtland Sutton,WR,2026,1,2026,5,4,0.0,14.224651336669922,False,21,0.0,27.77620382308959,2
Courtland Sutton,WR,2026,1,2026,6,5,0.0,13.97054672241211,False,28,0.0,26.913539338111875,2
Courtland Sutton,WR,2026,1,2026,7,6,0.0,13.68673324584961,False,35,0.0,25.9034252166748,2
Courtland Sutton,WR,2026,1,2026,8,7,0.0,13.537602424621582,False,42,0.0,25.15115852355957,2
Courtland Sutton,WR,2026,1,2026,9,8,0.0,13.3990478515625,False,49,0.0,24.41597537994384,2
Courtland Sutton,WR,2026,1,2026,10,9,0.0,13.270917892456056,False,56,0.0,23.176796340942357,2
Courtland Sutton,WR,2026,1,2026,11,10,0.0,13.150362014770508,False,63,0.0,22.421334385871887,2
Courtland Sutton,WR,2026,1,2026,12,11,0.0,13.029454231262209,False,70,0.0,22.032098627090445,2
Courtland Sutton,WR,2026,1,2026,13,12,0.0,12.887018203735352,False,77,0.0,21.333853054046624,2
Courtland Sutton,WR,2026,1,2026,14,13,0.0,12.747720718383787,False,84,0.0,20.394709205627432,2
Courtland Sutton,WR,2026,1,2026,15,14,0.0,12.636313438415527,False,91,0.0,18.249492764472954,2
Courtland Sutton,WR,2026,1,2026,16,15,0.0,12.526209831237791,False,98,0.0,16.13070373535152,2
Courtland Sutton,WR,2026,1,2026,17,16,0.0,12.395145416259766,False,105,0.0,13.342969965934746,2
Cyrus Allen,WR,2026,1,2026,2,1,0.0,1.2392209768295288,False,0,0.0,15.954980921745282,2
Cyrus Allen,WR,2026,1,2026,3,2,0.0,1.25254225730896,False,7,0.0,15.413854742050164,2
Cyrus Allen,WR,2026,1,2026,4,3,0.0,1.3321104049682615,False,14,0.0,14.86133966445922,2
Cyrus Allen,WR,2026,1,2026,5,4,0.0,1.3269915580749512,False,21,0.0,14.878544044494616,2
Cyrus Allen,WR,2026,1,2026,6,5,0.0,1.2862783670425415,False,28,0.0,14.229270982742309,2
Cyrus Allen,WR,2026,1,2026,7,6,0.0,1.3006224632263184,False,35,0.0,13.51731443405151,2
Cyrus Allen,WR,2026,1,2026,8,7,0.0,1.3034989833831787,False,42,0.0,12.917055082321165,2
Cyrus Allen,WR,2026,1,2026,9,8,0.0,1.3774715662002563,False,49,0.0,12.394399094581598,2
Cyrus Allen,WR,2026,1,2026,10,9,0.0,1.4474437236785889,False,56,0.0,11.353322172164887,2
Cyrus Allen,WR,2026,1,2026,11,10,0.0,1.5189634561538696,False,63,0.0,10.789935827255247,2
Cyrus Allen,WR,2026,1,2026,12,11,0.0,1.6157004833221436,False,70,0.0,10.61834487915038,2
Cyrus Allen,WR,2026,1,2026,13,12,0.0,1.7121617794036863,False,77,0.0,10.15899662971496,2
Cyrus Allen,WR,2026,1,2026,14,13,0.0,1.7931349277496338,False,84,0.0,9.440123414993275,2
Cyrus Allen,WR,2026,1,2026,15,14,0.0,1.853441596031189,False,91,0.0,7.466620922088617,2
Cyrus Allen,WR,2026,1,2026,16,15,0.0,1.9060938358306885,False,98,0.0,5.510587739944417,2
Cyrus Allen,WR,2026,1,2026,17,16,0.0,1.966635465621948,False,105,0.0,2.914460015296929,2
D'Andre Swift,RB,2026,1,2026,2,1,0.0,16.207382202148438,False,0,5.108766746520995,30.92314214706419,2
D'Andre Swift,RB,2026,1,2026,3,2,0.0,16.200942993164062,False,7,2.533648777008056,30.362255477905265,2
D'Andre Swift,RB,2026,1,2026,4,3,0.0,16.266706466674805,False,14,2.139121150970458,29.79593572616576,2
D'Andre Swift,RB,2026,1,2026,5,4,0.0,15.882539749145508,False,21,1.5947854995727546,29.43409223556517,2
D'Andre Swift,RB,2026,1,2026,6,5,0.0,15.565454483032228,False,28,1.127004241943359,28.508447098731992,2
D'Andre Swift,RB,2026,1,2026,7,6,0.0,15.246516227722168,False,35,0.7131150245666493,27.46320819854736,2
D'Andre Swift,RB,2026,1,2026,8,7,0.0,15.063712120056152,False,42,0.4580594062805172,26.677268218994136,2
D'Andre Swift,RB,2026,1,2026,9,8,0.0,14.88043212890625,False,49,0.224983882904052,25.89735965728759,2
D'Andre Swift,RB,2026,1,2026,10,9,0.0,14.702325820922852,False,56,0.0005087852478045,24.60820426940915,2
D'Andre Swift,RB,2026,1,2026,11,10,0.0,14.540989875793455,False,63,0.0,23.81196224689484,2
D'Andre Swift,RB,2026,1,2026,12,11,0.0,14.425840377807615,False,70,0.0,23.42848477363585,2
D'Andre Swift,RB,2026,1,2026,13,12,0.0,14.30364990234375,False,77,0.0,22.750484752655023,2
D'Andre Swift,RB,2026,1,2026,14,13,0.0,14.19857406616211,False,84,0.0,21.845562553405752,2
D'Andre Swift,RB,2026,1,2026,15,14,0.0,14.11255931854248,False,91,0.0,19.725738644599907,2
D'Andre Swift,RB,2026,1,2026,16,15,0.0,14.018926620483398,False,98,0.0,17.623420524597126,2
D'Andre Swift,RB,2026,1,2026,17,16,0.0,13.910581588745115,False,105,0.0,14.858406138420095,2
DJ Giddens,RB,2026,1,2026,2,1,0.0,4.539163112640381,False,0,0.0,19.25492305755613,2
DJ Giddens,RB,2026,1,2026,3,2,0.0,4.691009044647217,False,7,0.0,18.85232152938842,2
DJ Giddens,RB,2026,1,2026,4,3,0.0,4.664387702941895,False,14,0.0,18.19361696243285,2
DJ Giddens,RB,2026,1,2026,5,4,0.0,4.585086822509766,False,21,0.0,18.136639308929432,2
DJ Giddens,RB,2026,1,2026,6,5,0.0,4.537483215332031,False,28,0.0,17.480475831031796,2
DJ Giddens,RB,2026,1,2026,7,6,0.0,4.473043441772461,False,35,0.0,16.689735412597653,2
DJ Giddens,RB,2026,1,2026,8,7,0.0,4.396732330322266,False,42,0.0,16.01028842926025,2
DJ Giddens,RB,2026,1,2026,9,8,0.0,4.3126630783081055,False,49,0.0,15.329590606689449,2
DJ Giddens,RB,2026,1,2026,10,9,0.0,4.207276344299316,False,56,0.0,14.113154792785616,2
DJ Giddens,RB,2026,1,2026,11,10,0.0,4.111128807067871,False,63,0.0,13.38210117816925,2
DJ Giddens,RB,2026,1,2026,12,11,0.0,4.049286365509033,False,70,0.0,13.051930761337273,2
DJ Giddens,RB,2026,1,2026,13,12,0.0,4.003724575042725,False,77,0.0,12.450559425353998,2
DJ Giddens,RB,2026,1,2026,14,13,0.0,3.965826988220215,False,84,0.0,11.612815475463858,2
DJ Giddens,RB,2026,1,2026,15,14,0.0,3.9416308403015137,False,91,0.0,9.55481016635894,2
DJ Giddens,RB,2026,1,2026,16,15,0.0,3.930299043655396,False,98,0.0,7.534792947769124,2
DJ Giddens,RB,2026,1,2026,17,16,0.0,3.9414215087890634,False,105,0.0,4.889246058464043,2
DJ Herman,RB,2026,1,2026,2,1,0.0,1.3038926124572754,False,0,0.0,16.01965255737303,2
DJ Herman,RB,2026,1,2026,3,2,0.0,1.2698144912719729,False,7,0.0,15.431126976013177,2
DJ Herman,RB,2026,1,2026,4,3,0.0,1.320794939994812,False,14,0.0,14.85002419948577,2
DJ Herman,RB,2026,1,2026,5,4,0.0,1.3008201122283936,False,21,0.0,14.852372598648058,2
DJ Herman,RB,2026,1,2026,6,5,0.0,1.254091739654541,False,28,0.0,14.197084355354306,2
DJ Herman,RB,2026,1,2026,7,6,0.0,1.2645928859710691,False,35,0.0,13.48128485679626,2
DJ Herman,RB,2026,1,2026,8,7,0.0,1.266756892204285,False,42,0.0,12.880312991142269,2
DJ Herman,RB,2026,1,2026,9,8,0.0,1.3426529169082642,False,49,0.0,12.359580445289604,2
DJ Herman,RB,2026,1,2026,10,9,0.0,1.4183847904205322,False,56,0.0,11.324263238906832,2
DJ Herman,RB,2026,1,2026,11,10,0.0,1.497531175613403,False,63,0.0,10.768503546714784,2
DJ Herman,RB,2026,1,2026,12,11,0.0,1.6016569137573242,False,70,0.0,10.604301309585562,2
DJ Herman,RB,2026,1,2026,13,12,0.0,1.7038835287094116,False,77,0.0,10.150718379020685,2
DJ Herman,RB,2026,1,2026,14,13,0.0,1.789952278137207,False,84,0.0,9.43694076538085,2
DJ Herman,RB,2026,1,2026,15,14,0.0,1.8527071475982664,False,91,0.0,7.4658864736556945,2
DJ Herman,RB,2026,1,2026,16,15,0.0,1.9078569412231443,False,98,0.0,5.512350845336873,2
DJ Herman,RB,2026,1,2026,17,16,0.0,1.9699556827545168,False,105,0.0,2.917780232429497,2
DJ Moore,WR,2026,1,2026,2,1,0.0,11.195377349853516,False,0,0.0967618942260735,25.91113729476927,2
DJ Moore,WR,2026,1,2026,3,2,0.0,11.062073707580566,False,7,0.0,25.22338619232177,2
DJ Moore,WR,2026,1,2026,4,3,0.0,10.717048645019531,False,14,0.0,24.24627790451049,2
DJ Moore,WR,2026,1,2026,5,4,0.0,10.30533218383789,False,21,0.0,23.85688467025756,2
DJ Moore,WR,2026,1,2026,6,5,0.0,9.798620223999023,False,28,0.0,22.74161283969879,2
DJ Moore,WR,2026,1,2026,7,6,0.0,9.20017433166504,False,35,0.0,21.41686630249023,2
DJ Moore,WR,2026,1,2026,8,7,0.0,8.727996826171875,False,42,0.0,20.34155292510986,2
DJ Moore,WR,2026,1,2026,9,8,0.0,8.146232604980469,False,49,0.0,19.16316013336181,2
DJ Moore,WR,2026,1,2026,10,9,0.0,7.510887145996094,False,56,0.0,17.416765594482392,2
DJ Moore,WR,2026,1,2026,11,10,0.0,6.894343376159668,False,63,0.0,16.165315747261047,2
DJ Moore,WR,2026,1,2026,12,11,0.0,6.449517250061035,False,70,0.0,15.452161645889271,2
DJ Moore,WR,2026,1,2026,13,12,0.0,6.13729190826416,False,77,0.0,14.584126758575431,2
DJ Moore,WR,2026,1,2026,14,13,0.0,5.935206413269043,False,84,0.0,13.582194900512686,2
DJ Moore,WR,2026,1,2026,15,14,0.0,5.820673942565918,False,91,0.0,11.433853268623343,2
DJ Moore,WR,2026,1,2026,16,15,0.0,5.762997150421143,False,98,0.0,9.36749105453487,2
DJ Moore,WR,2026,1,2026,17,16,0.0,5.731503009796143,False,105,0.0,6.679327559471123,2
DK Metcalf,WR,2026,1,2026,2,1,0.0,13.874099731445312,False,0,2.7754842758178704,28.589859676361066,2
DK Metcalf,WR,2026,1,2026,3,2,0.0,14.075538635253906,False,7,0.4082444190978993,28.23685111999511,2
DK Metcalf,WR,2026,1,2026,4,3,0.0,14.21794605255127,False,14,0.0903607368469234,27.747175312042227,2
DK Metcalf,WR,2026,1,2026,5,4,0.0,14.223270416259766,False,21,0.0,27.774822902679432,2
DK Metcalf,WR,2026,1,2026,6,5,0.0,14.114946365356444,False,28,0.0,27.05793898105621,2
DK Metcalf,WR,2026,1,2026,7,6,0.0,13.975221633911133,False,35,0.0,26.191913604736325,2
DK Metcalf,WR,2026,1,2026,8,7,0.0,13.917048454284668,False,42,0.0,25.53060455322265,2
DK Metcalf,WR,2026,1,2026,9,8,0.0,13.830648422241213,False,49,0.0,24.847575950622552,2
DK Metcalf,WR,2026,1,2026,10,9,0.0,13.715710639953612,False,56,0.0,23.62158908843991,2
DK Metcalf,WR,2026,1,2026,11,10,0.0,13.608620643615724,False,63,0.0,22.879593014717106,2
DK Metcalf,WR,2026,1,2026,12,11,0.0,13.515804290771484,False,70,0.0,22.51844868659972,2
DK Metcalf,WR,2026,1,2026,13,12,0.0,13.413966178894045,False,77,0.0,21.86080102920532,2
DK Metcalf,WR,2026,1,2026,14,13,0.0,13.31576919555664,False,84,0.0,20.962757682800284,2
DK Metcalf,WR,2026,1,2026,15,14,0.0,13.23854637145996,False,91,0.0,18.851725697517388,2
DK Metcalf,WR,2026,1,2026,16,15,0.0,13.15045928955078,False,98,0.0,16.75495319366451,2
DK Metcalf,WR,2026,1,2026,17,16,0.0,13.04469394683838,False,105,0.0,13.99251849651336,2
Dareke Young,WR,2026,1,2026,2,1,0.0,1.063577651977539,False,0,0.0,15.779337596893292,2
Dareke Young,WR,2026,1,2026,3,2,0.0,1.1450523138046265,False,7,0.0,15.30636479854583,2
Dareke Young,WR,2026,1,2026,4,3,0.0,1.260830640792847,False,14,0.0,14.790059900283804,2
Dareke Young,WR,2026,1,2026,5,4,0.0,1.266046166419983,False,21,0.0,14.817598652839647,2
Dareke Young,WR,2026,1,2026,6,5,0.0,1.219311237335205,False,28,0.0,14.16230385303497,2
Dareke Young,WR,2026,1,2026,7,6,0.0,1.217892050743103,False,35,0.0,13.434584021568297,2
Dareke Young,WR,2026,1,2026,8,7,0.0,1.2016394138336182,False,42,0.0,12.815195512771602,2
Dareke Young,WR,2026,1,2026,9,8,0.0,1.243307113647461,False,49,0.0,12.260234642028802,2
Dareke Young,WR,2026,1,2026,10,9,0.0,1.2749489545822144,False,56,0.0,11.180827403068514,2
Dareke Young,WR,2026,1,2026,11,10,0.0,1.3014949560165403,False,63,0.0,10.57246732711792,2
Dareke Young,WR,2026,1,2026,12,11,0.0,1.3501849174499512,False,70,0.0,10.352829313278187,2
Dareke Young,WR,2026,1,2026,13,12,0.0,1.4069241285324097,False,77,0.0,9.853758978843684,2
Dareke Young,WR,2026,1,2026,14,13,0.0,1.45599365234375,False,84,0.0,9.102982139587391,2
Dareke Young,WR,2026,1,2026,15,14,0.0,1.5057990550994873,False,91,0.0,7.118978381156915,2
Dareke Young,WR,2026,1,2026,16,15,0.0,1.5554585456848145,False,98,0.0,5.159952449798543,2
Dareke Young,WR,2026,1,2026,17,16,0.0,1.615299940109253,False,105,0.0,2.563124489784234,2
Darius Cooper,WR,2026,1,2026,2,1,0.0,1.771254301071167,False,0,0.0,16.48701424598692,2
Darius Cooper,WR,2026,1,2026,3,2,0.0,1.7692376375198364,False,7,0.0,15.93055012226104,2
Darius Cooper,WR,2026,1,2026,4,3,0.0,1.8084580898284912,False,14,0.0,15.337687349319449,2
Darius Cooper,WR,2026,1,2026,5,4,0.0,1.7681257724761963,False,21,0.0,15.31967825889586,2
Darius Cooper,WR,2026,1,2026,6,5,0.0,1.701784372329712,False,28,0.0,14.644776988029475,2
Darius Cooper,WR,2026,1,2026,7,6,0.0,1.6732423305511477,False,35,0.0,13.88993430137634,2
Darius Cooper,WR,2026,1,2026,8,7,0.0,1.6382334232330322,False,42,0.0,13.251789522171016,2
Darius Cooper,WR,2026,1,2026,9,8,0.0,1.6607223749160769,False,49,0.0,12.677649903297418,2
Darius Cooper,WR,2026,1,2026,10,9,0.0,1.6764650344848633,False,56,0.0,11.582343482971163,2
Darius Cooper,WR,2026,1,2026,11,10,0.0,1.688234567642212,False,63,0.0,10.959206938743591,2
Darius Cooper,WR,2026,1,2026,12,11,0.0,1.7208679914474487,False,70,0.0,10.723512387275688,2
Darius Cooper,WR,2026,1,2026,13,12,0.0,1.7619729042053225,False,77,0.0,10.208807754516595,2
Darius Cooper,WR,2026,1,2026,14,13,0.0,1.798070192337036,False,84,0.0,9.44505867958068,2
Darius Cooper,WR,2026,1,2026,15,14,0.0,1.837908744812012,False,91,0.0,7.45108807086944,2
Darius Cooper,WR,2026,1,2026,16,15,0.0,1.8828020095825195,False,98,0.0,5.487295913696248,2
Darius Cooper,WR,2026,1,2026,17,16,0.0,1.9424595832824707,False,105,0.0,2.890284132957452,2
Darnell Mooney,WR,2026,1,2026,2,1,0.0,9.277846336364746,False,0,0.0,23.9936062812805,2
Darnell Mooney,WR,2026,1,2026,3,2,0.0,9.216511726379396,False,7,0.0,23.3778242111206,2
Darnell Mooney,WR,2026,1,2026,4,3,0.0,9.03542423248291,False,14,0.0,22.564653491973868,2
Darnell Mooney,WR,2026,1,2026,5,4,0.0,8.897261619567871,False,21,0.0,22.448814105987537,2
Darnell Mooney,WR,2026,1,2026,6,5,0.0,8.68952751159668,False,28,0.0,21.632520127296445,2
Darnell Mooney,WR,2026,1,2026,7,6,0.0,8.399480819702148,False,35,0.0,20.61617279052734,2
Darnell Mooney,WR,2026,1,2026,8,7,0.0,8.142678260803223,False,42,0.0,19.756234359741207,2
Darnell Mooney,WR,2026,1,2026,9,8,0.0,7.783588886260986,False,49,0.0,18.800516414642328,2
Darnell Mooney,WR,2026,1,2026,10,9,0.0,7.431743621826172,False,56,0.0,17.33762207031247,2
Darnell Mooney,WR,2026,1,2026,11,10,0.0,7.135513782501221,False,63,0.0,16.4064861536026,2
Darnell Mooney,WR,2026,1,2026,12,11,0.0,6.901987075805664,False,70,0.0,15.904631471633902,2
Darnell Mooney,WR,2026,1,2026,13,12,0.0,6.704415321350098,False,77,0.0,15.15125017166137,2
Darnell Mooney,WR,2026,1,2026,14,13,0.0,6.551865577697754,False,84,0.0,14.198854064941395,2
Darnell Mooney,WR,2026,1,2026,15,14,0.0,6.447640419006348,False,91,0.0,12.060819745063776,2
Darnell Mooney,WR,2026,1,2026,16,15,0.0,6.374914169311523,False,98,0.0,9.979408073425253,2
Darnell Mooney,WR,2026,1,2026,17,16,0.0,6.307159423828125,False,105,0.0,7.254983973503106,2
Davante Adams,WR,2026,1,2026,2,1,0.0,16.679487228393555,False,0,5.580871772766113,31.395247173309308,2
Davante Adams,WR,2026,1,2026,3,2,0.0,16.697193145751953,False,7,3.029898929595946,30.85850563049316,2
Davante Adams,WR,2026,1,2026,4,3,0.0,16.637514114379883,False,14,2.5099287986755368,30.16674337387084,2
Davante Adams,WR,2026,1,2026,5,4,0.0,16.237241744995117,False,21,1.949487495422364,29.788794231414784,2
Davante Adams,WR,2026,1,2026,6,5,0.0,15.920486450195312,False,28,1.482036209106445,28.86347906589508,2
Davante Adams,WR,2026,1,2026,7,6,0.0,15.60881805419922,False,35,1.0754168510437,27.82551002502441,2
Davante Adams,WR,2026,1,2026,8,7,0.0,15.431089401245115,False,42,0.8254366874694821,27.0446455001831,2
Davante Adams,WR,2026,1,2026,9,8,0.0,15.26766586303711,False,49,0.6122176170349114,26.28459339141845,2
Davante Adams,WR,2026,1,2026,10,9,0.0,15.12449073791504,False,56,0.422673702239992,25.030369186401337,2
Davante Adams,WR,2026,1,2026,11,10,0.0,14.988409042358398,False,63,0.2236821174621592,24.259381413459774,2
Davante Adams,WR,2026,1,2026,12,11,0.0,14.8706636428833,False,70,0.0593899726867679,23.87330803871154,2
Davante Adams,WR,2026,1,2026,13,12,0.0,14.734349250793455,False,77,0.0,23.18118410110473,2
Davante Adams,WR,2026,1,2026,14,13,0.0,14.61220359802246,False,84,0.0,22.259192085266104,2
Davante Adams,WR,2026,1,2026,15,14,0.0,14.52422046661377,False,91,0.0,20.1373997926712,2
Davante Adams,WR,2026,1,2026,16,15,0.0,14.435646057128906,False,98,0.0,18.040139961242637,2
Davante Adams,WR,2026,1,2026,17,16,0.0,14.344655990600586,False,105,0.0,15.292480540275566,2
David Montgomery,RB,2026,1,2026,2,1,0.0,8.395133972167969,False,0,0.0,23.11089391708372,2
David Montgomery,RB,2026,1,2026,3,2,0.0,8.454996109008789,False,7,0.0,22.61630859374999,2
David Montgomery,RB,2026,1,2026,4,3,0.0,8.437150001525879,False,14,0.0,21.96637926101684,2
David Montgomery,RB,2026,1,2026,5,4,0.0,8.39758586883545,False,21,0.0,21.94913835525512,2
David Montgomery,RB,2026,1,2026,6,5,0.0,8.273956298828125,False,28,0.0,21.21694891452789,2
David Montgomery,RB,2026,1,2026,7,6,0.0,7.944457054138184,False,35,0.0,20.161149024963372,2
David Montgomery,RB,2026,1,2026,8,7,0.0,7.535892486572266,False,42,0.0,19.14944858551025,2
David Montgomery,RB,2026,1,2026,9,8,0.0,6.903512001037598,False,49,0.0,17.92043952941894,2
David Montgomery,RB,2026,1,2026,10,9,0.0,6.208989143371582,False,56,0.0,16.11486759185788,2
David Montgomery,RB,2026,1,2026,11,10,0.0,5.5262227058410645,False,63,0.0,14.797195076942444,2
David Montgomery,RB,2026,1,2026,12,11,0.0,4.976729393005371,False,70,0.0,13.979373788833607,2
David Montgomery,RB,2026,1,2026,13,12,0.0,4.57062292098999,False,77,0.0,13.017457771301263,2
David Montgomery,RB,2026,1,2026,14,13,0.0,4.328042030334473,False,84,0.0,11.975030517578116,2
David Montgomery,RB,2026,1,2026,15,14,0.0,4.242339134216309,False,91,0.0,9.855518460273736,2
David Montgomery,RB,2026,1,2026,16,15,0.0,4.214362144470215,False,98,0.0,7.818856048583943,2
David Montgomery,RB,2026,1,2026,17,16,0.0,4.227677345275879,False,105,0.0,5.17550189495086,2
De'Von Achane,RB,2026,1,2026,2,1,0.0,18.116788864135746,False,0,7.0181734085083,32.832548809051495,2
De'Von Achane,RB,2026,1,2026,3,2,0.0,18.40157890319824,False,7,4.734284687042235,32.562891387939445,2
De'Von Achane,RB,2026,1,2026,4,3,0.0,18.28239250183105,False,14,4.154807186126709,31.81162176132201,2
De'Von Achane,RB,2026,1,2026,5,4,0.0,18.018739700317383,False,21,3.7309854507446296,31.57029218673705,2
De'Von Achane,RB,2026,1,2026,6,5,0.0,17.93832015991211,False,28,3.499869918823242,30.881312775611875,2
De'Von Achane,RB,2026,1,2026,7,6,0.0,17.890945434570312,False,35,3.357544231414794,30.107637405395504,2
De'Von Achane,RB,2026,1,2026,8,7,0.0,17.87885093688965,False,42,3.2731982231140133,29.492407035827632,2
De'Von Achane,RB,2026,1,2026,9,8,0.0,17.812246322631836,False,49,3.156798076629638,28.829173851013177,2
De'Von Achane,RB,2026,1,2026,10,9,0.0,17.74925422668457,False,56,3.0474371910095237,27.65513267517087,2
De'Von Achane,RB,2026,1,2026,11,10,0.0,17.684755325317383,False,63,2.920028400421144,26.95572769641876,2
De'Von Achane,RB,2026,1,2026,12,11,0.0,17.61118507385254,False,70,2.799911403656006,26.613829469680777,2
De'Von Achane,RB,2026,1,2026,13,12,0.0,17.510526657104492,False,77,2.6677216529846195,25.957361507415765,2
De'Von Achane,RB,2026,1,2026,14,13,0.0,17.434423446655273,False,84,2.581825923919677,25.08141193389892,2
De'Von Achane,RB,2026,1,2026,15,14,0.0,17.37514305114746,False,91,2.491850185394288,22.988322377204888,2
De'Von Achane,RB,2026,1,2026,16,15,0.0,17.302385330200195,False,98,2.423394107818604,20.906879234313923,2
De'Von Achane,RB,2026,1,2026,17,16,0.0,17.226343154907227,False,105,2.313651657104492,18.174167704582207,2
De'Zhaun Stribling,WR,2026,1,2026,2,1,0.0,1.4107316732406616,False,0,0.0,16.126491618156415,2
De'Zhaun Stribling,WR,2026,1,2026,3,2,0.0,1.3817806243896484,False,7,0.0,15.543093109130853,2
De'Zhaun Stribling,WR,2026,1,2026,4,3,0.0,1.4300576448440552,False,14,0.0,14.959286904335013,2
De'Zhaun Stribling,WR,2026,1,2026,5,4,0.0,1.4079440832138062,False,21,0.0,14.95949656963347,2
De'Zhaun Stribling,WR,2026,1,2026,6,5,0.0,1.3623032569885254,False,28,0.0,14.30529587268829,2
De'Zhaun Stribling,WR,2026,1,2026,7,6,0.0,1.3729894161224363,False,35,0.0,13.589681386947628,2
De'Zhaun Stribling,WR,2026,1,2026,8,7,0.0,1.3762919902801514,False,42,0.0,12.989848089218135,2
De'Zhaun Stribling,WR,2026,1,2026,9,8,0.0,1.4525147676467896,False,49,0.0,12.46944229602813,2
De'Zhaun Stribling,WR,2026,1,2026,10,9,0.0,1.526987910270691,False,56,0.0,11.432866358756993,2
De'Zhaun Stribling,WR,2026,1,2026,11,10,0.0,1.6045805215835571,False,63,0.0,10.875552892684937,2
De'Zhaun Stribling,WR,2026,1,2026,12,11,0.0,1.7055076360702517,False,70,0.0,10.70815203189849,2
De'Zhaun Stribling,WR,2026,1,2026,13,12,0.0,1.8024078607559204,False,77,0.0,10.249242711067192,2
De'Zhaun Stribling,WR,2026,1,2026,14,13,0.0,1.882741928100586,False,84,0.0,9.529730415344227,2
De'Zhaun Stribling,WR,2026,1,2026,15,14,0.0,1.9381277561187744,False,91,0.0,7.551307082176202,2
De'Zhaun Stribling,WR,2026,1,2026,16,15,0.0,1.98695707321167,False,98,0.0,5.591450977325398,2
De'Zhaun Stribling,WR,2026,1,2026,17,16,0.0,2.043491840362549,False,105,0.0,2.9913163900375297,2
DeMario Douglas,WR,2026,1,2026,2,1,0.0,5.378185272216797,False,0,0.0,20.09394521713255,2
DeMario Douglas,WR,2026,1,2026,3,2,0.0,5.474924564361572,False,7,0.0,19.63623704910277,2
DeMario Douglas,WR,2026,1,2026,4,3,0.0,5.602106094360352,False,14,0.0,19.13133535385131,2
DeMario Douglas,WR,2026,1,2026,5,4,0.0,5.719111919403076,False,21,0.0,19.270664405822743,2
DeMario Douglas,WR,2026,1,2026,6,5,0.0,5.897185325622559,False,28,0.0,18.840177941322324,2
DeMario Douglas,WR,2026,1,2026,7,6,0.0,6.132901191711426,False,35,0.0,18.349593162536618,2
DeMario Douglas,WR,2026,1,2026,8,7,0.0,6.402056694030762,False,42,0.0,18.015612792968746,2
DeMario Douglas,WR,2026,1,2026,9,8,0.0,6.685621738433838,False,49,0.0,17.70254926681518,2
DeMario Douglas,WR,2026,1,2026,10,9,0.0,6.927840709686279,False,56,0.0,16.833719158172578,2
DeMario Douglas,WR,2026,1,2026,11,10,0.0,7.180113315582275,False,63,0.0,16.451085686683655,2
DeMario Douglas,WR,2026,1,2026,12,11,0.0,7.389066219329834,False,70,0.0,16.391710615158072,2
DeMario Douglas,WR,2026,1,2026,13,12,0.0,7.529718399047852,False,77,0.0,15.976553249359124,2
DeMario Douglas,WR,2026,1,2026,14,13,0.0,7.612453460693359,False,84,0.0,15.259441947937002,2
DeMario Douglas,WR,2026,1,2026,15,14,0.0,7.627946376800537,False,91,0.0,13.241125702857964,2
DeMario Douglas,WR,2026,1,2026,16,15,0.0,7.604877471923828,False,98,0.0,11.209371376037556,2
DeMario Douglas,WR,2026,1,2026,17,16,0.0,7.541453838348389,False,105,0.0,8.489278388023369,2
DeVonta Smith,WR,2026,1,2026,2,1,0.0,15.390243530273438,False,0,4.291628074645995,30.10600347518919,2
DeVonta Smith,WR,2026,1,2026,3,2,0.0,15.546453475952148,False,7,1.8791592597961413,29.70776596069335,2
DeVonta Smith,WR,2026,1,2026,4,3,0.0,15.694923400878906,False,14,1.5673380851745602,29.224152660369864,2
DeVonta Smith,WR,2026,1,2026,5,4,0.0,15.638322830200195,False,21,1.350568580627442,29.18987531661986,2
DeVonta Smith,WR,2026,1,2026,6,5,0.0,15.609861373901367,False,28,1.1714111328124996,28.55285398960113,2
DeVonta Smith,WR,2026,1,2026,7,6,0.0,15.579933166503906,False,35,1.0465319633483876,27.796625137329094,2
DeVonta Smith,WR,2026,1,2026,8,7,0.0,15.565261840820312,False,42,0.9596091270446774,27.178817939758297,2
DeVonta Smith,WR,2026,1,2026,9,8,0.0,15.520759582519531,False,49,0.8653113365173333,26.537687110900876,2
DeVonta Smith,WR,2026,1,2026,10,9,0.0,15.464320182800291,False,56,0.7625031471252459,25.37019863128659,2
DeVonta Smith,WR,2026,1,2026,11,10,0.0,15.411273002624512,False,63,0.6465460777282726,24.68224537372589,2
DeVonta Smith,WR,2026,1,2026,12,11,0.0,15.355128288269045,False,70,0.5438546180725101,24.35777268409728,2
DeVonta Smith,WR,2026,1,2026,13,12,0.0,15.282411575317385,False,77,0.4396065711975101,23.729246425628656,2
DeVonta Smith,WR,2026,1,2026,14,13,0.0,15.214591979980469,False,84,0.3619944572448723,22.861580467224112,2
DeVonta Smith,WR,2026,1,2026,15,14,0.0,15.16167449951172,False,91,0.2783816337585456,20.774853825569146,2
DeVonta Smith,WR,2026,1,2026,16,15,0.0,15.097610473632812,False,98,0.218619251251221,18.70210437774654,2
DeVonta Smith,WR,2026,1,2026,17,16,0.0,15.033890724182127,False,105,0.1211992263793941,15.981715273857109,2
DeeJay Dallas,RB,2026,1,2026,2,1,0.0,1.7225158214569092,False,0,0.0,16.438275766372662,2
DeeJay Dallas,RB,2026,1,2026,3,2,0.0,1.77607524394989,False,7,0.0,15.937387728691094,2
DeeJay Dallas,RB,2026,1,2026,4,3,0.0,1.8687232732772827,False,14,0.0,15.39795253276824,2
DeeJay Dallas,RB,2026,1,2026,5,4,0.0,1.872292160987854,False,21,0.0,15.42384464740752,2
DeeJay Dallas,RB,2026,1,2026,6,5,0.0,1.8391205072402956,False,28,0.0,14.78211312294006,2
DeeJay Dallas,RB,2026,1,2026,7,6,0.0,1.8418760299682615,False,35,0.0,14.058568000793452,2
DeeJay Dallas,RB,2026,1,2026,8,7,0.0,1.829689621925354,False,42,0.0,13.443245720863338,2
DeeJay Dallas,RB,2026,1,2026,9,8,0.0,1.872165560722351,False,49,0.0,12.889093089103692,2
DeeJay Dallas,RB,2026,1,2026,10,9,0.0,1.8995771408081052,False,56,0.0,11.805455589294406,2
DeeJay Dallas,RB,2026,1,2026,11,10,0.0,1.9216077327728271,False,63,0.0,11.192580103874208,2
DeeJay Dallas,RB,2026,1,2026,12,11,0.0,1.9643559455871584,False,70,0.0,10.967000341415396,2
DeeJay Dallas,RB,2026,1,2026,13,12,0.0,2.013414144515991,False,77,0.0,10.460248994827264,2
DeeJay Dallas,RB,2026,1,2026,14,13,0.0,2.0546061992645264,False,84,0.0,9.70159468650817,2
DeeJay Dallas,RB,2026,1,2026,15,14,0.0,2.097792863845825,False,91,0.0,7.710972189903253,2
DeeJay Dallas,RB,2026,1,2026,16,15,0.0,2.144019603729248,False,98,0.0,5.7485135078429765,2
DeeJay Dallas,RB,2026,1,2026,17,16,0.0,2.2044613361358643,False,105,0.0,3.152285885810845,2
Deebo Samuel Sr.,WR,2026,1,2026,2,1,0.0,11.645048141479492,False,0,0.5464326858520501,26.360808086395245,2
Deebo Samuel Sr.,WR,2026,1,2026,3,2,0.0,11.451817512512209,False,7,0.0,25.61312999725341,2
Deebo Samuel Sr.,WR,2026,1,2026,4,3,0.0,11.471173286437988,False,14,0.0,25.000402545928942,2
Deebo Samuel Sr.,WR,2026,1,2026,5,4,0.0,11.793508529663086,False,21,0.0,25.345061016082752,2
Deebo Samuel Sr.,WR,2026,1,2026,6,5,0.0,12.162714004516602,False,28,0.0,25.105706620216367,2
Deebo Samuel Sr.,WR,2026,1,2026,7,6,0.0,12.538999557495115,False,35,0.0,24.75569152832031,2
Deebo Samuel Sr.,WR,2026,1,2026,8,7,0.0,12.874990463256836,False,42,0.0,24.48854656219482,2
Deebo Samuel Sr.,WR,2026,1,2026,9,8,0.0,13.12547492980957,False,49,0.0,24.14240245819091,2
Deebo Samuel Sr.,WR,2026,1,2026,10,9,0.0,13.132156372070312,False,56,0.0,23.03803482055661,2
Deebo Samuel Sr.,WR,2026,1,2026,11,10,0.0,13.020648956298828,False,63,0.0,22.291621327400208,2
Deebo Samuel Sr.,WR,2026,1,2026,12,11,0.0,12.897836685180664,False,70,0.0,21.900481081008905,2
Deebo Samuel Sr.,WR,2026,1,2026,13,12,0.0,12.769294738769531,False,77,0.0,21.216129589080804,2
Deebo Samuel Sr.,WR,2026,1,2026,14,13,0.0,12.658476829528809,False,84,0.0,20.30546531677245,2
Deebo Samuel Sr.,WR,2026,1,2026,15,14,0.0,12.580713272094728,False,91,0.0,18.193892598152157,2
Deebo Samuel Sr.,WR,2026,1,2026,16,15,0.0,12.504352569580078,False,98,0.0,16.108846473693806,2
Deebo Samuel Sr.,WR,2026,1,2026,17,16,0.0,12.397372245788574,False,105,0.0,13.345196795463554,2
Deion Burks,WR,2026,1,2026,2,1,0.0,1.1070160865783691,False,0,0.0,15.822776031494122,2
Deion Burks,WR,2026,1,2026,3,2,0.0,1.0636885166168213,False,7,0.0,15.225001001358024,2
Deion Burks,WR,2026,1,2026,4,3,0.0,1.1240209341049194,False,14,0.0,14.653250193595875,2
Deion Burks,WR,2026,1,2026,5,4,0.0,1.1047098636627195,False,21,0.0,14.656262350082384,2
Deion Burks,WR,2026,1,2026,6,5,0.0,1.0509577989578247,False,28,0.0,13.99395041465759,2
Deion Burks,WR,2026,1,2026,7,6,0.0,1.0578840970993042,False,35,0.0,13.274576067924496,2
Deion Burks,WR,2026,1,2026,8,7,0.0,1.0566785335540771,False,42,0.0,12.67023463249206,2
Deion Burks,WR,2026,1,2026,9,8,0.0,1.1332290172576904,False,49,0.0,12.150156545639032,2
Deion Burks,WR,2026,1,2026,10,9,0.0,1.2094793319702148,False,56,0.0,11.115357780456517,2
Deion Burks,WR,2026,1,2026,11,10,0.0,1.2887274026870728,False,63,0.0,10.559699773788452,2
Deion Burks,WR,2026,1,2026,12,11,0.0,1.3912606239318848,False,70,0.0,10.393905019760124,2
Deion Burks,WR,2026,1,2026,13,12,0.0,1.4912998676300049,False,77,0.0,9.938134717941278,2
Deion Burks,WR,2026,1,2026,14,13,0.0,1.5750359296798706,False,84,0.0,9.222024416923514,2
Deion Burks,WR,2026,1,2026,15,14,0.0,1.6342182159423828,False,91,0.0,7.247397541999811,2
Deion Burks,WR,2026,1,2026,16,15,0.0,1.6866436004638672,False,98,0.0,5.291137504577596,2
Deion Burks,WR,2026,1,2026,17,16,0.0,1.747342824935913,False,105,0.0,2.695167374610894,2
Demarcus Robinson,WR,2026,1,2026,2,1,0.0,4.030261039733887,False,0,0.0,18.74602098464964,2
Demarcus Robinson,WR,2026,1,2026,3,2,0.0,4.026692867279053,False,7,0.0,18.18800535202025,2
Demarcus Robinson,WR,2026,1,2026,4,3,0.0,4.145326137542725,False,14,0.0,17.674555397033682,2
Demarcus Robinson,WR,2026,1,2026,5,4,0.0,4.267881870269775,False,21,0.0,17.81943435668944,2
Demarcus Robinson,WR,2026,1,2026,6,5,0.0,4.526454448699951,False,28,0.0,17.469447064399716,2
Demarcus Robinson,WR,2026,1,2026,7,6,0.0,4.915478229522705,False,35,0.0,17.132170200347897,2
Demarcus Robinson,WR,2026,1,2026,8,7,0.0,5.338445663452148,False,42,0.0,16.952001762390132,2
Demarcus Robinson,WR,2026,1,2026,9,8,0.0,5.892707824707031,False,49,0.0,16.909635353088373,2
Demarcus Robinson,WR,2026,1,2026,10,9,0.0,6.462636947631836,False,56,0.0,16.368515396118134,2
Demarcus Robinson,WR,2026,1,2026,11,10,0.0,7.102678298950195,False,63,0.0,16.373650670051575,2
Demarcus Robinson,WR,2026,1,2026,12,11,0.0,7.710532188415527,False,70,0.0,16.713176584243765,2
Demarcus Robinson,WR,2026,1,2026,13,12,0.0,8.247446060180664,False,77,0.0,16.694280910491937,2
Demarcus Robinson,WR,2026,1,2026,14,13,0.0,8.646928787231445,False,84,0.0,16.29391727447509,2
Demarcus Robinson,WR,2026,1,2026,15,14,0.0,8.850061416625977,False,91,0.0,14.463240742683404,2
Demarcus Robinson,WR,2026,1,2026,16,15,0.0,8.933899879455566,False,98,0.0,12.538393783569294,2
Demarcus Robinson,WR,2026,1,2026,17,16,0.0,8.92586898803711,False,105,0.0,9.87369353771209,2
Demond Claiborne,RB,2026,1,2026,2,1,0.0,1.171402096748352,False,0,0.0,15.887162041664103,2
Demond Claiborne,RB,2026,1,2026,3,2,0.0,1.1309659481048584,False,7,0.0,15.292278432846064,2
Demond Claiborne,RB,2026,1,2026,4,3,0.0,1.1883492469787598,False,14,0.0,14.717578506469716,2
Demond Claiborne,RB,2026,1,2026,5,4,0.0,1.169152021408081,False,21,0.0,14.720704507827746,2
Demond Claiborne,RB,2026,1,2026,6,5,0.0,1.1175788640975952,False,28,0.0,14.06057147979736,2
Demond Claiborne,RB,2026,1,2026,7,6,0.0,1.1263580322265625,False,35,0.0,13.343050003051754,2
Demond Claiborne,RB,2026,1,2026,8,7,0.0,1.1277344226837158,False,42,0.0,12.7412905216217,2
Demond Claiborne,RB,2026,1,2026,9,8,0.0,1.206135630607605,False,49,0.0,12.223063158988946,2
Demond Claiborne,RB,2026,1,2026,10,9,0.0,1.2843815088272097,False,56,0.0,11.19025995731351,2
Demond Claiborne,RB,2026,1,2026,11,10,0.0,1.366512417793274,False,63,0.0,10.637484788894652,2
Demond Claiborne,RB,2026,1,2026,12,11,0.0,1.4736769199371338,False,70,0.0,10.476321315765372,2
Demond Claiborne,RB,2026,1,2026,13,12,0.0,1.5768136978149414,False,77,0.0,10.023648548126214,2
Demond Claiborne,RB,2026,1,2026,14,13,0.0,1.6624321937561035,False,84,0.0,9.309420680999748,2
Demond Claiborne,RB,2026,1,2026,15,14,0.0,1.7220008373260498,False,91,0.0,7.335180163383478,2
Demond Claiborne,RB,2026,1,2026,16,15,0.0,1.7742738723754885,False,98,0.0,5.378767776489217,2
Demond Claiborne,RB,2026,1,2026,17,16,0.0,1.833761215209961,False,105,0.0,2.781585764884942,2
Denzel Boston,WR,2026,1,2026,2,1,0.0,3.647415161132813,False,0,0.0,18.36317510604857,2
Denzel Boston,WR,2026,1,2026,3,2,0.0,3.789522886276245,False,7,0.0,17.950835371017448,2
Denzel Boston,WR,2026,1,2026,4,3,0.0,3.8126778602600098,False,14,0.0,17.341907119750967,2
Denzel Boston,WR,2026,1,2026,5,4,0.0,3.7308309078216553,False,21,0.0,17.28238339424132,2
Denzel Boston,WR,2026,1,2026,6,5,0.0,3.689613580703736,False,28,0.0,16.6326061964035,2
Denzel Boston,WR,2026,1,2026,7,6,0.0,3.6742444038391113,False,35,0.0,15.890936374664305,2
Denzel Boston,WR,2026,1,2026,8,7,0.0,3.671989679336548,False,42,0.0,15.285545778274532,2
Denzel Boston,WR,2026,1,2026,9,8,0.0,3.70291805267334,False,49,0.0,14.71984558105468,2
Denzel Boston,WR,2026,1,2026,10,9,0.0,3.7248051166534415,False,56,0.0,13.630683565139742,2
Denzel Boston,WR,2026,1,2026,11,10,0.0,3.7503232955932617,False,63,0.0,13.02129566669464,2
Denzel Boston,WR,2026,1,2026,12,11,0.0,3.813833951950073,False,70,0.0,12.816478347778313,2
Denzel Boston,WR,2026,1,2026,13,12,0.0,3.8820223808288574,False,77,0.0,12.32885723114013,2
Denzel Boston,WR,2026,1,2026,14,13,0.0,3.940545082092285,False,84,0.0,11.587533569335928,2
Denzel Boston,WR,2026,1,2026,15,14,0.0,3.980978488922119,False,91,0.0,9.594157814979546,2
Denzel Boston,WR,2026,1,2026,16,15,0.0,4.004475116729736,False,98,0.0,7.608969020843465,2
Denzel Boston,WR,2026,1,2026,17,16,0.0,4.02510404586792,False,105,0.0,4.972928595542901,2
Derius Davis,WR,2026,1,2026,2,1,0.0,3.8093128204345694,False,0,0.0,18.525072765350323,2
Derius Davis,WR,2026,1,2026,3,2,0.0,3.858440399169922,False,7,0.0,18.019752883911124,2
Derius Davis,WR,2026,1,2026,4,3,0.0,3.820763111114502,False,14,0.0,17.34999237060546,2
Derius Davis,WR,2026,1,2026,5,4,0.0,3.735284090042114,False,21,0.0,17.28683657646178,2
Derius Davis,WR,2026,1,2026,6,5,0.0,3.640310287475586,False,28,0.0,16.58330290317535,2
Derius Davis,WR,2026,1,2026,7,6,0.0,3.5147547721862797,False,35,0.0,15.731446743011473,2
Derius Davis,WR,2026,1,2026,8,7,0.0,3.3778367042541504,False,42,0.0,14.991392803192134,2
Derius Davis,WR,2026,1,2026,9,8,0.0,3.256412982940674,False,49,0.0,14.273340511322017,2
Derius Davis,WR,2026,1,2026,10,9,0.0,3.136320114135742,False,56,0.0,13.042198562622042,2
Derius Davis,WR,2026,1,2026,11,10,0.0,3.0309948921203613,False,63,0.0,12.30196726322174,2
Derius Davis,WR,2026,1,2026,12,11,0.0,2.968082427978516,False,70,0.0,11.970726823806752,2
Derius Davis,WR,2026,1,2026,13,12,0.0,2.9262115955352783,False,77,0.0,11.373046445846551,2
Derius Davis,WR,2026,1,2026,14,13,0.0,2.89473295211792,False,84,0.0,10.541721439361565,2
Derius Davis,WR,2026,1,2026,15,14,0.0,2.8835690021514893,False,91,0.0,8.496748328208916,2
Derius Davis,WR,2026,1,2026,16,15,0.0,2.892076015472412,False,98,0.0,6.496569919586141,2
Derius Davis,WR,2026,1,2026,17,16,0.0,2.9249918460845947,False,105,0.0,3.872816395759576,2
Derrick Henry,RB,2026,1,2026,2,1,0.0,16.212120056152344,False,0,5.113504600524902,30.927880001068097,2
Derrick Henry,RB,2026,1,2026,3,2,0.0,16.01515007019043,False,7,2.3478558540344228,30.176462554931632,2
Derrick Henry,RB,2026,1,2026,4,3,0.0,16.23818016052246,False,14,2.110594844818115,29.76740942001342,2
Derrick Henry,RB,2026,1,2026,5,4,0.0,16.33222198486328,False,21,2.044467735290528,29.883774471282948,2
Derrick Henry,RB,2026,1,2026,6,5,0.0,16.412508010864258,False,28,1.9740577697753905,29.355500626564023,2
Derrick Henry,RB,2026,1,2026,7,6,0.0,16.437456130981445,False,35,1.904054927825927,28.65414810180664,2
Derrick Henry,RB,2026,1,2026,8,7,0.0,16.44273567199707,False,42,1.8370829582214352,28.05629177093505,2
Derrick Henry,RB,2026,1,2026,9,8,0.0,16.422042846679688,False,49,1.7665946006774895,27.43897037506103,2
Derrick Henry,RB,2026,1,2026,10,9,0.0,16.390052795410156,False,56,1.6882357597351092,26.29593124389645,2
Derrick Henry,RB,2026,1,2026,11,10,0.0,16.360017776489258,False,63,1.5952908515930186,25.63099014759064,2
Derrick Henry,RB,2026,1,2026,12,11,0.0,16.31965446472168,False,70,1.5083807945251468,25.32229886054992,2
Derrick Henry,RB,2026,1,2026,13,12,0.0,16.25972557067871,False,77,1.4169205665588382,24.706560420989984,2
Derrick Henry,RB,2026,1,2026,14,13,0.0,16.209604263305664,False,84,1.3570067405700676,23.856592750549307,2
Derrick Henry,RB,2026,1,2026,15,14,0.0,16.171140670776367,False,91,1.287847805023194,21.784319996833798,2
Derrick Henry,RB,2026,1,2026,16,15,0.0,16.1187686920166,False,98,1.23977746963501,19.72326259613033,2
Derrick Henry,RB,2026,1,2026,17,16,0.0,16.06490135192871,False,105,1.1522098541259762,17.01272590160369,2
Devaughn Vele,WR,2026,1,2026,2,1,0.0,5.812365531921387,False,0,0.0,20.52812547683714,2
Devaughn Vele,WR,2026,1,2026,3,2,0.0,5.72055721282959,False,7,0.0,19.881869697570792,2
Devaughn Vele,WR,2026,1,2026,4,3,0.0,5.518571853637695,False,14,0.0,19.047801113128653,2
Devaughn Vele,WR,2026,1,2026,5,4,0.0,5.259455680847168,False,21,0.0,18.811008167266834,2
Devaughn Vele,WR,2026,1,2026,6,5,0.0,5.007491111755371,False,28,0.0,17.950483727455136,2
Devaughn Vele,WR,2026,1,2026,7,6,0.0,4.712833881378174,False,35,0.0,16.929525852203366,2
Devaughn Vele,WR,2026,1,2026,8,7,0.0,4.444393634796143,False,42,0.0,16.057949733734127,2
Devaughn Vele,WR,2026,1,2026,9,8,0.0,4.107020854949951,False,49,0.0,15.123948383331292,2
Devaughn Vele,WR,2026,1,2026,10,9,0.0,3.737125396728516,False,56,0.0,13.643003845214816,2
Devaughn Vele,WR,2026,1,2026,11,10,0.0,3.339233875274658,False,63,0.0,12.610206246376038,2
Devaughn Vele,WR,2026,1,2026,12,11,0.0,3.0464577674865723,False,70,0.0,12.04910216331481,2
Devaughn Vele,WR,2026,1,2026,13,12,0.0,2.8559162616729736,False,77,0.0,11.302751111984248,2
Devaughn Vele,WR,2026,1,2026,14,13,0.0,2.74761962890625,False,84,0.0,10.394608116149891,2
Devaughn Vele,WR,2026,1,2026,15,14,0.0,2.7041127681732178,False,91,0.0,8.317292094230645,2
Devaughn Vele,WR,2026,1,2026,16,15,0.0,2.7047905921936035,False,98,0.0,6.309284496307332,2
Devaughn Vele,WR,2026,1,2026,17,16,0.0,2.739506721496582,False,105,0.0,3.687331271171563,2
Devin Duvernay,WR,2026,1,2026,2,1,0.0,1.8447555303573608,False,0,0.0,16.560515475273114,2
Devin Duvernay,WR,2026,1,2026,3,2,0.0,1.775810480117798,False,7,0.0,15.937122964859002,2
Devin Duvernay,WR,2026,1,2026,4,3,0.0,1.7566653490066528,False,14,0.0,15.28589460849761,2
Devin Duvernay,WR,2026,1,2026,5,4,0.0,1.6797112226486206,False,21,0.0,15.231263709068283,2
Devin Duvernay,WR,2026,1,2026,6,5,0.0,1.589620590209961,False,28,0.0,14.532613205909726,2
Devin Duvernay,WR,2026,1,2026,7,6,0.0,1.5352180004119873,False,35,0.0,13.75190997123718,2
Devin Duvernay,WR,2026,1,2026,8,7,0.0,1.4791799783706665,False,42,0.0,13.09273607730865,2
Devin Duvernay,WR,2026,1,2026,9,8,0.0,1.4805233478546145,False,49,0.0,12.497450876235956,2
Devin Duvernay,WR,2026,1,2026,10,9,0.0,1.4819917678833008,False,56,0.0,11.3878702163696,2
Devin Duvernay,WR,2026,1,2026,11,10,0.0,1.482463836669922,False,63,0.0,10.7534362077713,2
Devin Duvernay,WR,2026,1,2026,12,11,0.0,1.507807731628418,False,70,0.0,10.510452127456656,2
Devin Duvernay,WR,2026,1,2026,13,12,0.0,1.5446536540985107,False,77,0.0,9.991488504409784,2
Devin Duvernay,WR,2026,1,2026,14,13,0.0,1.5787732601165771,False,84,0.0,9.22576174736022,2
Devin Duvernay,WR,2026,1,2026,15,14,0.0,1.6202597618103027,False,91,0.0,7.233439087867731,2
Devin Duvernay,WR,2026,1,2026,16,15,0.0,1.6680747270584106,False,98,0.0,5.272568631172139,2
Devin Duvernay,WR,2026,1,2026,17,16,0.0,1.730638027191162,False,105,0.0,2.678462576866143,2
Devin Singletary,RB,2026,1,2026,2,1,0.0,5.908791542053223,False,0,0.0,20.624551486968976,2
Devin Singletary,RB,2026,1,2026,3,2,0.0,5.926841735839844,False,7,0.0,20.08815422058105,2
Devin Singletary,RB,2026,1,2026,4,3,0.0,5.8138298988342285,False,14,0.0,19.343059158325183,2
Devin Singletary,RB,2026,1,2026,5,4,0.0,5.625382423400879,False,21,0.0,19.176934909820545,2
Devin Singletary,RB,2026,1,2026,6,5,0.0,5.390433311462402,False,28,0.0,18.333425927162168,2
Devin Singletary,RB,2026,1,2026,7,6,0.0,5.030569076538086,False,35,0.0,17.247261047363278,2
Devin Singletary,RB,2026,1,2026,8,7,0.0,4.662139415740967,False,42,0.0,16.27569551467895,2
Devin Singletary,RB,2026,1,2026,9,8,0.0,4.231713771820068,False,49,0.0,15.24864130020141,2
Devin Singletary,RB,2026,1,2026,10,9,0.0,3.796430110931397,False,56,0.0,13.702308559417697,2
Devin Singletary,RB,2026,1,2026,11,10,0.0,3.3333237171173096,False,63,0.0,12.604296088218687,2
Devin Singletary,RB,2026,1,2026,12,11,0.0,2.915135383605957,False,70,0.0,11.917779779434197,2
Devin Singletary,RB,2026,1,2026,13,12,0.0,2.578169822692871,False,77,0.0,11.025004673004144,2
Devin Singletary,RB,2026,1,2026,14,13,0.0,2.3781795501708984,False,84,0.0,10.025168037414542,2
Devin Singletary,RB,2026,1,2026,15,14,0.0,2.3027114868164062,False,91,0.0,7.915890812873834,2
Devin Singletary,RB,2026,1,2026,16,15,0.0,2.291243076324463,False,98,0.0,5.895736980438191,2
Devin Singletary,RB,2026,1,2026,17,16,0.0,2.328114748001098,False,105,0.0,3.2759392976760795,2
Devontez Walker,WR,2026,1,2026,2,1,0.0,3.5042567253112797,False,0,0.0,18.220016670227032,2
Devontez Walker,WR,2026,1,2026,3,2,0.0,3.4887118339538574,False,7,0.0,17.65002431869506,2
Devontez Walker,WR,2026,1,2026,4,3,0.0,3.5385642051696777,False,14,0.0,17.067793464660635,2
Devontez Walker,WR,2026,1,2026,5,4,0.0,3.577828884124756,False,21,0.0,17.129381370544422,2
Devontez Walker,WR,2026,1,2026,6,5,0.0,3.7153408527374263,False,28,0.0,16.658333468437192,2
Devontez Walker,WR,2026,1,2026,7,6,0.0,3.940470933914185,False,35,0.0,16.157162904739376,2
Devontez Walker,WR,2026,1,2026,8,7,0.0,4.165166854858398,False,42,0.0,15.778722953796382,2
Devontez Walker,WR,2026,1,2026,9,8,0.0,4.456114292144775,False,49,0.0,15.473041820526117,2
Devontez Walker,WR,2026,1,2026,10,9,0.0,4.711038112640381,False,56,0.0,14.61691656112668,2
Devontez Walker,WR,2026,1,2026,11,10,0.0,4.9763360023498535,False,63,0.0,14.247308373451231,2
Devontez Walker,WR,2026,1,2026,12,11,0.0,5.238245010375977,False,70,0.0,14.240889406204214,2
Devontez Walker,WR,2026,1,2026,13,12,0.0,5.47722053527832,False,77,0.0,13.924055385589591,2
Devontez Walker,WR,2026,1,2026,14,13,0.0,5.664102554321289,False,84,0.0,13.311091041564932,2
Devontez Walker,WR,2026,1,2026,15,14,0.0,5.7610039710998535,False,91,0.0,11.37418329715728,2
Devontez Walker,WR,2026,1,2026,16,15,0.0,5.795052528381348,False,98,0.0,9.399546432495075,2
Devontez Walker,WR,2026,1,2026,17,16,0.0,5.791885852813721,False,105,0.0,6.739710402488702,2
Dohnte Meyers,WR,2026,1,2026,2,1,0.0,1.6982725858688354,False,0,0.0,16.41403253078459,2
Dohnte Meyers,WR,2026,1,2026,3,2,0.0,1.6460283994674685,False,7,0.0,15.807340884208672,2
Dohnte Meyers,WR,2026,1,2026,4,3,0.0,1.6682592630386353,False,14,0.0,15.197488522529593,2
Dohnte Meyers,WR,2026,1,2026,5,4,0.0,1.637683987617493,False,21,0.0,15.189236474037155,2
Dohnte Meyers,WR,2026,1,2026,6,5,0.0,1.6139428615570068,False,28,0.0,14.556935477256772,2
Dohnte Meyers,WR,2026,1,2026,7,6,0.0,1.65381920337677,False,35,0.0,13.870511174201962,2
Dohnte Meyers,WR,2026,1,2026,8,7,0.0,1.6882597208023071,False,42,0.0,13.301815819740291,2
Dohnte Meyers,WR,2026,1,2026,9,8,0.0,1.7993290424346924,False,49,0.0,12.816256570816034,2
Dohnte Meyers,WR,2026,1,2026,10,9,0.0,1.9108781814575195,False,56,0.0,11.81675662994382,2
Dohnte Meyers,WR,2026,1,2026,11,10,0.0,2.030797481536865,False,63,0.0,11.301769852638245,2
Dohnte Meyers,WR,2026,1,2026,12,11,0.0,2.17152738571167,False,70,0.0,11.174171781539908,2
Dohnte Meyers,WR,2026,1,2026,13,12,0.0,2.305211544036865,False,77,0.0,10.752046394348138,2
Dohnte Meyers,WR,2026,1,2026,14,13,0.0,2.4211349487304688,False,84,0.0,10.068123435974112,2
Dohnte Meyers,WR,2026,1,2026,15,14,0.0,2.492358684539795,False,91,0.0,8.105538010597222,2
Dohnte Meyers,WR,2026,1,2026,16,15,0.0,2.5432677268981934,False,98,0.0,6.147761631011922,2
Dohnte Meyers,WR,2026,1,2026,17,16,0.0,2.590970993041992,False,105,0.0,3.538795542716973,2
Dontayvion Wicks,WR,2026,1,2026,2,1,0.0,8.034991264343262,False,0,0.0,22.75075120925901,2
Dontayvion Wicks,WR,2026,1,2026,3,2,0.0,7.999444961547852,False,7,0.0,22.16075744628905,2
Dontayvion Wicks,WR,2026,1,2026,4,3,0.0,7.859533786773682,False,14,0.0,21.38876304626464,2
Dontayvion Wicks,WR,2026,1,2026,5,4,0.0,7.722782135009766,False,21,0.0,21.274334621429432,2
Dontayvion Wicks,WR,2026,1,2026,6,5,0.0,7.555902481079102,False,28,0.0,20.498895096778867,2
Dontayvion Wicks,WR,2026,1,2026,7,6,0.0,7.319949150085449,False,35,0.0,19.53664112091064,2
Dontayvion Wicks,WR,2026,1,2026,8,7,0.0,7.093967914581299,False,42,0.0,18.707524013519283,2
Dontayvion Wicks,WR,2026,1,2026,9,8,0.0,6.744378566741943,False,49,0.0,17.761306095123285,2
Dontayvion Wicks,WR,2026,1,2026,10,9,0.0,6.335357189178467,False,56,0.0,16.241235637664765,2
Dontayvion Wicks,WR,2026,1,2026,11,10,0.0,5.947823524475098,False,63,0.0,15.218795895576475,2
Dontayvion Wicks,WR,2026,1,2026,12,11,0.0,5.668643474578857,False,70,0.0,14.671287870407095,2
Dontayvion Wicks,WR,2026,1,2026,13,12,0.0,5.464081287384033,False,77,0.0,13.910916137695306,2
Dontayvion Wicks,WR,2026,1,2026,14,13,0.0,5.328632354736328,False,84,0.0,12.975620841979971,2
Dontayvion Wicks,WR,2026,1,2026,15,14,0.0,5.2426347732543945,False,91,0.0,10.855814099311822,2
Dontayvion Wicks,WR,2026,1,2026,16,15,0.0,5.188117980957031,False,98,0.0,8.792611885070759,2
Dontayvion Wicks,WR,2026,1,2026,17,16,0.0,5.150097370147705,False,105,0.0,6.097921919822686,2
Drake London,WR,2026,1,2026,2,1,0.0,14.291318893432615,False,0,3.192703437805175,29.00707883834837,2
Drake London,WR,2026,1,2026,3,2,0.0,14.365001678466797,False,7,0.69770746231079,28.526314163208,2
Drake London,WR,2026,1,2026,4,3,0.0,14.475678443908691,False,14,0.3480931282043453,28.00490770339965,2
Drake London,WR,2026,1,2026,5,4,0.0,14.579654693603516,False,21,0.2919004440307624,28.131207180023186,2
Drake London,WR,2026,1,2026,6,5,0.0,14.714229583740234,False,28,0.2757793426513668,27.65722219944,2
Drake London,WR,2026,1,2026,7,6,0.0,14.757596969604492,False,35,0.2241957664489735,26.974288940429684,2
Drake London,WR,2026,1,2026,8,7,0.0,14.76358413696289,False,42,0.1579314231872555,26.377140235900875,2
Drake London,WR,2026,1,2026,9,8,0.0,14.748398780822754,False,49,0.0929505348205559,25.76532630920409,2
Drake London,WR,2026,1,2026,10,9,0.0,14.705596923828123,False,56,0.0037798881530779,24.611475372314423,2
Drake London,WR,2026,1,2026,11,10,0.0,14.662617683410645,False,63,0.0,23.933590054512024,2
Drake London,WR,2026,1,2026,12,11,0.0,14.611902236938477,False,70,0.0,23.614546632766714,2
Drake London,WR,2026,1,2026,13,12,0.0,14.548969268798828,False,77,0.0,22.9958041191101,2
Drake London,WR,2026,1,2026,14,13,0.0,14.486043930053713,False,84,0.0,22.133032417297358,2
Drake London,WR,2026,1,2026,15,14,0.0,14.441110610961914,False,91,0.0,20.05428993701934,2
Drake London,WR,2026,1,2026,16,15,0.0,14.379925727844238,False,98,0.0,17.984419631957966,2
Drake London,WR,2026,1,2026,17,16,0.0,14.31309700012207,False,105,0.0,15.26092154979705,2
Dyami Brown,WR,2026,1,2026,2,1,0.0,5.931792736053467,False,0,0.0,20.64755268096922,2
Dyami Brown,WR,2026,1,2026,3,2,0.0,6.144176483154297,False,7,0.0,20.3054889678955,2
Dyami Brown,WR,2026,1,2026,4,3,0.0,6.298977851867676,False,14,0.0,19.828207111358637,2
Dyami Brown,WR,2026,1,2026,5,4,0.0,6.422882080078125,False,21,0.0,19.97443456649779,2
Dyami Brown,WR,2026,1,2026,6,5,0.0,6.574219703674316,False,28,0.0,19.51721231937408,2
Dyami Brown,WR,2026,1,2026,7,6,0.0,6.72160530090332,False,35,0.0,18.938297271728512,2
Dyami Brown,WR,2026,1,2026,8,7,0.0,6.856709957122803,False,42,0.0,18.470266056060787,2
Dyami Brown,WR,2026,1,2026,9,8,0.0,6.945540904998779,False,49,0.0,17.96246843338012,2
Dyami Brown,WR,2026,1,2026,10,9,0.0,6.983600616455078,False,56,0.0,16.889479064941376,2
Dyami Brown,WR,2026,1,2026,11,10,0.0,7.010822296142578,False,63,0.0,16.281794667243958,2
Dyami Brown,WR,2026,1,2026,12,11,0.0,6.993556499481201,False,70,0.0,15.99620089530944,2
Dyami Brown,WR,2026,1,2026,13,12,0.0,6.943726539611816,False,77,0.0,15.39056138992309,2
Dyami Brown,WR,2026,1,2026,14,13,0.0,6.88353443145752,False,84,0.0,14.530522918701164,2
Dyami Brown,WR,2026,1,2026,15,14,0.0,6.821514129638672,False,91,0.0,12.4346934556961,2
Dyami Brown,WR,2026,1,2026,16,15,0.0,6.757405757904053,False,98,0.0,10.36189966201778,2
Dyami Brown,WR,2026,1,2026,17,16,0.0,6.676252841949463,False,105,0.0,7.624077391624444,2
Dylan Laube,RB,2026,1,2026,2,1,0.0,1.797728180885315,False,0,0.0,16.513488125801068,2
Dylan Laube,RB,2026,1,2026,3,2,0.0,1.8248769044876096,False,7,0.0,15.986189389228814,2
Dylan Laube,RB,2026,1,2026,4,3,0.0,1.897525429725647,False,14,0.0,15.426754689216605,2
Dylan Laube,RB,2026,1,2026,5,4,0.0,1.892178297042847,False,21,0.0,15.443730783462511,2
Dylan Laube,RB,2026,1,2026,6,5,0.0,1.8609411716461184,False,28,0.0,14.803933787345883,2
Dylan Laube,RB,2026,1,2026,7,6,0.0,1.871740460395813,False,35,0.0,14.088432431221005,2
Dylan Laube,RB,2026,1,2026,8,7,0.0,1.8689651489257808,False,42,0.0,13.482521247863763,2
Dylan Laube,RB,2026,1,2026,9,8,0.0,1.9252941608428955,False,49,0.0,12.942221689224237,2
Dylan Laube,RB,2026,1,2026,10,9,0.0,1.967168927192688,False,56,0.0,11.873047375678988,2
Dylan Laube,RB,2026,1,2026,11,10,0.0,2.0040507316589355,False,63,0.0,11.275023102760317,2
Dylan Laube,RB,2026,1,2026,12,11,0.0,2.060858726501465,False,70,0.0,11.063503122329704,2
Dylan Laube,RB,2026,1,2026,13,12,0.0,2.122952938079834,False,77,0.0,10.569787788391109,2
Dylan Laube,RB,2026,1,2026,14,13,0.0,2.174964189529419,False,84,0.0,9.821952676773062,2
Dylan Laube,RB,2026,1,2026,15,14,0.0,2.2240843772888184,False,91,0.0,7.837263703346246,2
Dylan Laube,RB,2026,1,2026,16,15,0.0,2.272634029388428,False,98,0.0,5.877127933502156,2
Dylan Laube,RB,2026,1,2026,17,16,0.0,2.334613561630249,False,105,0.0,3.28243811130523,2
Dylan Sampson,RB,2026,1,2026,2,1,0.0,5.153987884521484,False,0,0.0,19.86974782943724,2
Dylan Sampson,RB,2026,1,2026,3,2,0.0,5.201011657714844,False,7,0.0,19.36232414245605,2
Dylan Sampson,RB,2026,1,2026,4,3,0.0,5.312532424926758,False,14,0.0,18.841761684417715,2
Dylan Sampson,RB,2026,1,2026,5,4,0.0,5.412426471710205,False,21,0.0,18.96397895812987,2
Dylan Sampson,RB,2026,1,2026,6,5,0.0,5.555461406707764,False,28,0.0,18.49845402240753,2
Dylan Sampson,RB,2026,1,2026,7,6,0.0,5.748379707336426,False,35,0.0,17.965071678161618,2
Dylan Sampson,RB,2026,1,2026,8,7,0.0,5.999619483947754,False,42,0.0,17.613175582885738,2
Dylan Sampson,RB,2026,1,2026,9,8,0.0,6.308688163757324,False,49,0.0,17.325615692138665,2
Dylan Sampson,RB,2026,1,2026,10,9,0.0,6.583467483520508,False,56,0.0,16.489345932006806,2
Dylan Sampson,RB,2026,1,2026,11,10,0.0,6.86444616317749,False,63,0.0,16.13541853427887,2
Dylan Sampson,RB,2026,1,2026,12,11,0.0,7.103288650512695,False,70,0.0,16.105933046340933,2
Dylan Sampson,RB,2026,1,2026,13,12,0.0,7.279414653778076,False,77,0.0,15.726249504089347,2
Dylan Sampson,RB,2026,1,2026,14,13,0.0,7.395486831665039,False,84,0.0,15.042475318908682,2
Dylan Sampson,RB,2026,1,2026,15,14,0.0,7.421413421630859,False,91,0.0,13.034592747688286,2
Dylan Sampson,RB,2026,1,2026,16,15,0.0,7.389034271240234,False,98,0.0,10.993528175353962,2
Dylan Sampson,RB,2026,1,2026,17,16,0.0,7.302880764007568,False,105,0.0,8.250705313682548,2
Efton Chism III,WR,2026,1,2026,2,1,0.0,1.91304349899292,False,0,0.0,16.628803443908673,2
Efton Chism III,WR,2026,1,2026,3,2,0.0,1.9425969123840328,False,7,0.0,16.103909397125236,2
Efton Chism III,WR,2026,1,2026,4,3,0.0,2.045478820800781,False,14,0.0,15.57470808029174,2
Efton Chism III,WR,2026,1,2026,5,4,0.0,2.0586953163146973,False,21,0.0,15.610247802734362,2
Efton Chism III,WR,2026,1,2026,6,5,0.0,2.034029960632324,False,28,0.0,14.97702257633209,2
Efton Chism III,WR,2026,1,2026,7,6,0.0,2.0295393466949463,False,35,0.0,14.246231317520138,2
Efton Chism III,WR,2026,1,2026,8,7,0.0,2.0053627490997314,False,42,0.0,13.618918848037715,2
Efton Chism III,WR,2026,1,2026,9,8,0.0,2.0304737091064453,False,49,0.0,13.047401237487788,2
Efton Chism III,WR,2026,1,2026,10,9,0.0,2.041702508926392,False,56,0.0,11.947580957412692,2
Efton Chism III,WR,2026,1,2026,11,10,0.0,2.0478594303131104,False,63,0.0,11.31883180141449,2
Efton Chism III,WR,2026,1,2026,12,11,0.0,2.075504779815674,False,70,0.0,11.078149175643912,2
Efton Chism III,WR,2026,1,2026,13,12,0.0,2.111469030380249,False,77,0.0,10.558303880691522,2
Efton Chism III,WR,2026,1,2026,14,13,0.0,2.141542434692383,False,84,0.0,9.788530921936026,2
Efton Chism III,WR,2026,1,2026,15,14,0.0,2.17586088180542,False,91,0.0,7.789040207862848,2
Efton Chism III,WR,2026,1,2026,16,15,0.0,2.216485023498535,False,98,0.0,5.820978927612264,2
Efton Chism III,WR,2026,1,2026,17,16,0.0,2.2732975482940674,False,105,0.0,3.221122097969048,2
Eli Heidenreich,RB,2026,1,2026,2,1,0.0,1.328754425048828,False,0,0.0,16.04451436996458,2
Eli Heidenreich,RB,2026,1,2026,3,2,0.0,1.2970186471939087,False,7,0.0,15.458331131935113,2
Eli Heidenreich,RB,2026,1,2026,4,3,0.0,1.3576509952545166,False,14,0.0,14.886880254745474,2
Eli Heidenreich,RB,2026,1,2026,5,4,0.0,1.3463979959487915,False,21,0.0,14.897950482368456,2
Eli Heidenreich,RB,2026,1,2026,6,5,0.0,1.3083741664886477,False,28,0.0,14.251366782188413,2
Eli Heidenreich,RB,2026,1,2026,7,6,0.0,1.3275378942489624,False,35,0.0,13.544229865074154,2
Eli Heidenreich,RB,2026,1,2026,8,7,0.0,1.3366743326187134,False,42,0.0,12.950230431556696,2
Eli Heidenreich,RB,2026,1,2026,9,8,0.0,1.419294357299805,False,49,0.0,12.436221885681146,2
Eli Heidenreich,RB,2026,1,2026,10,9,0.0,1.5001131296157837,False,56,0.0,11.405991578102084,2
Eli Heidenreich,RB,2026,1,2026,11,10,0.0,1.5841064453125,False,63,0.0,10.85507881641388,2
Eli Heidenreich,RB,2026,1,2026,12,11,0.0,1.6925392150878906,False,70,0.0,10.695183610916128,2
Eli Heidenreich,RB,2026,1,2026,13,12,0.0,1.798280954360962,False,77,0.0,10.245115804672237,2
Eli Heidenreich,RB,2026,1,2026,14,13,0.0,1.887212038040161,False,84,0.0,9.534200525283804,2
Eli Heidenreich,RB,2026,1,2026,15,14,0.0,1.9506070613861084,False,91,0.0,7.563786387443536,2
Eli Heidenreich,RB,2026,1,2026,16,15,0.0,2.005356550216675,False,98,0.0,5.609850454330403,2
Eli Heidenreich,RB,2026,1,2026,17,16,0.0,2.0659666061401367,False,105,0.0,3.0137911558151176,2
Elic Ayomanor,WR,2026,1,2026,2,1,0.0,6.818714618682861,False,0,0.0,21.53447456359861,2
Elic Ayomanor,WR,2026,1,2026,3,2,0.0,6.8920087814331055,False,7,0.0,21.053321266174308,2
Elic Ayomanor,WR,2026,1,2026,4,3,0.0,7.054212093353272,False,14,0.0,20.58344135284423,2
Elic Ayomanor,WR,2026,1,2026,5,4,0.0,7.353669166564941,False,21,0.0,20.905221652984608,2
Elic Ayomanor,WR,2026,1,2026,6,5,0.0,7.743865013122559,False,28,0.0,20.686857628822324,2
Elic Ayomanor,WR,2026,1,2026,7,6,0.0,8.179147720336914,False,35,0.0,20.395839691162102,2
Elic Ayomanor,WR,2026,1,2026,8,7,0.0,8.674783706665039,False,42,0.0,20.288339805603023,2
Elic Ayomanor,WR,2026,1,2026,9,8,0.0,9.18388557434082,False,49,0.0,20.20081310272216,2
Elic Ayomanor,WR,2026,1,2026,10,9,0.0,9.573040008544922,False,56,0.0,19.47891845703122,2
Elic Ayomanor,WR,2026,1,2026,11,10,0.0,9.903911590576172,False,63,0.0,19.17488396167755,2
Elic Ayomanor,WR,2026,1,2026,12,11,0.0,10.142478942871094,False,70,0.0,19.14512333869933,2
Elic Ayomanor,WR,2026,1,2026,13,12,0.0,10.31446647644043,False,77,0.0,18.761301326751703,2
Elic Ayomanor,WR,2026,1,2026,14,13,0.0,10.467371940612791,False,84,0.0,18.11436042785644,2
Elic Ayomanor,WR,2026,1,2026,15,14,0.0,10.50552749633789,False,91,0.0,16.118706822395318,2
Elic Ayomanor,WR,2026,1,2026,16,15,0.0,10.46748161315918,False,98,0.0,14.071975517272907,2
Elic Ayomanor,WR,2026,1,2026,17,16,0.0,10.356918334960938,False,105,0.0,11.304742884635916,2
Elijah Moore,WR,2026,1,2026,2,1,0.0,1.2153608798980713,False,0,0.0,15.931120824813824,2
Elijah Moore,WR,2026,1,2026,3,2,0.0,1.1129153966903689,False,7,0.0,15.274227881431573,2
Elijah Moore,WR,2026,1,2026,4,3,0.0,1.127166986465454,False,14,0.0,14.656396245956412,2
Elijah Moore,WR,2026,1,2026,5,4,0.0,1.075460433959961,False,21,0.0,14.627012920379626,2
Elijah Moore,WR,2026,1,2026,6,5,0.0,0.995570182800293,False,28,0.0,13.938562798500058,2
Elijah Moore,WR,2026,1,2026,7,6,0.0,0.9699342846870422,False,35,0.0,13.186626255512234,2
Elijah Moore,WR,2026,1,2026,8,7,0.0,0.9394953846931458,False,42,0.0,12.55305148363113,2
Elijah Moore,WR,2026,1,2026,9,8,0.0,0.9781572818756104,False,49,0.0,11.995084810256952,2
Elijah Moore,WR,2026,1,2026,10,9,0.0,1.016969919204712,False,56,0.0,10.922848367691012,2
Elijah Moore,WR,2026,1,2026,11,10,0.0,1.052649974822998,False,63,0.0,10.323622345924376,2
Elijah Moore,WR,2026,1,2026,12,11,0.0,1.1089987754821775,False,70,0.0,10.111643171310416,2
Elijah Moore,WR,2026,1,2026,13,12,0.0,1.173473596572876,False,77,0.0,9.620308446884149,2
Elijah Moore,WR,2026,1,2026,14,13,0.0,1.2240288257598877,False,84,0.0,8.87101731300353,2
Elijah Moore,WR,2026,1,2026,15,14,0.0,1.2712664604187012,False,91,0.0,6.884445786476129,2
Elijah Moore,WR,2026,1,2026,16,15,0.0,1.3145043849945068,False,98,0.0,4.918998289108235,2
Elijah Moore,WR,2026,1,2026,17,16,0.0,1.367197036743164,False,105,0.0,2.315021586418145,2
Elijah Sarratt,WR,2026,1,2026,2,1,0.0,0.7260074615478516,False,0,0.0,15.441767406463605,2
Elijah Sarratt,WR,2026,1,2026,3,2,0.0,0.7920717000961304,False,7,0.0,14.953384184837336,2
Elijah Sarratt,WR,2026,1,2026,4,3,0.0,0.9132035970687866,False,14,0.0,14.442432856559744,2
Elijah Sarratt,WR,2026,1,2026,5,4,0.0,0.918343722820282,False,21,0.0,14.469896209239948,2
Elijah Sarratt,WR,2026,1,2026,6,5,0.0,0.8660874962806702,False,28,0.0,13.809080111980435,2
Elijah Sarratt,WR,2026,1,2026,7,6,0.0,0.8636280298233032,False,35,0.0,13.080320000648497,2
Elijah Sarratt,WR,2026,1,2026,8,7,0.0,0.846124529838562,False,42,0.0,12.459680628776546,2
Elijah Sarratt,WR,2026,1,2026,9,8,0.0,0.8922153115272522,False,49,0.0,11.909142839908592,2
Elijah Sarratt,WR,2026,1,2026,10,9,0.0,0.9315676689147948,False,56,0.0,10.837446117401097,2
Elijah Sarratt,WR,2026,1,2026,11,10,0.0,0.9663857221603394,False,63,0.0,10.23735809326172,2
Elijah Sarratt,WR,2026,1,2026,12,11,0.0,1.0222880840301514,False,70,0.0,10.02493247985839,2
Elijah Sarratt,WR,2026,1,2026,13,12,0.0,1.0833858251571655,False,77,0.0,9.530220675468438,2
Elijah Sarratt,WR,2026,1,2026,14,13,0.0,1.132082462310791,False,84,0.0,8.779070949554434,2
Elijah Sarratt,WR,2026,1,2026,15,14,0.0,1.1750229597091677,False,91,0.0,6.788202285766595,2
Elijah Sarratt,WR,2026,1,2026,16,15,0.0,1.2130122184753418,False,98,0.0,4.81750612258907,2
Elijah Sarratt,WR,2026,1,2026,17,16,0.0,1.257562518119812,False,105,0.0,2.205387067794793,2
Emanuel Wilson,RB,2026,1,2026,2,1,0.0,5.95896053314209,False,0,0.0,20.674720478057843,2
Emanuel Wilson,RB,2026,1,2026,3,2,0.0,6.002429008483887,False,7,0.0,20.16374149322509,2
Emanuel Wilson,RB,2026,1,2026,4,3,0.0,5.963868141174316,False,14,0.0,19.493097400665278,2
Emanuel Wilson,RB,2026,1,2026,5,4,0.0,5.856620788574219,False,21,0.0,19.408173274993885,2
Emanuel Wilson,RB,2026,1,2026,6,5,0.0,5.761175632476807,False,28,0.0,18.70416824817657,2
Emanuel Wilson,RB,2026,1,2026,7,6,0.0,5.622413635253906,False,35,0.0,17.839105606079098,2
Emanuel Wilson,RB,2026,1,2026,8,7,0.0,5.477447032928467,False,42,0.0,17.09100313186645,2
Emanuel Wilson,RB,2026,1,2026,9,8,0.0,5.230500221252441,False,49,0.0,16.247427749633783,2
Emanuel Wilson,RB,2026,1,2026,10,9,0.0,4.907689571380615,False,56,0.0,14.813568019866915,2
Emanuel Wilson,RB,2026,1,2026,11,10,0.0,4.586766719818115,False,63,0.0,13.857739090919496,2
Emanuel Wilson,RB,2026,1,2026,12,11,0.0,4.380711555480957,False,70,0.0,13.383355951309197,2
Emanuel Wilson,RB,2026,1,2026,13,12,0.0,4.257758140563965,False,77,0.0,12.704592990875238,2
Emanuel Wilson,RB,2026,1,2026,14,13,0.0,4.188943862915039,False,84,0.0,11.835932350158682,2
Emanuel Wilson,RB,2026,1,2026,15,14,0.0,4.161109924316406,False,91,0.0,9.774289250373831,2
Emanuel Wilson,RB,2026,1,2026,16,15,0.0,4.148948669433594,False,98,0.0,7.753442573547322,2
Emanuel Wilson,RB,2026,1,2026,17,16,0.0,4.155141353607178,False,105,0.0,5.102965903282159,2
Emari Demercado,RB,2026,1,2026,2,1,0.0,2.655663013458252,False,0,0.0,17.371422958374005,2
Emari Demercado,RB,2026,1,2026,3,2,0.0,2.516389846801758,False,7,0.0,16.67770233154296,2
Emari Demercado,RB,2026,1,2026,4,3,0.0,2.439326286315918,False,14,0.0,15.968555545806876,2
Emari Demercado,RB,2026,1,2026,5,4,0.0,2.3065643310546875,False,21,0.0,15.858116817474352,2
Emari Demercado,RB,2026,1,2026,6,5,0.0,2.2593581676483154,False,28,0.0,15.20235078334808,2
Emari Demercado,RB,2026,1,2026,7,6,0.0,2.301321506500244,False,35,0.0,14.518013477325436,2
Emari Demercado,RB,2026,1,2026,8,7,0.0,2.358893871307373,False,42,0.0,13.972449970245355,2
Emari Demercado,RB,2026,1,2026,9,8,0.0,2.4885621070861816,False,49,0.0,13.505489635467525,2
Emari Demercado,RB,2026,1,2026,10,9,0.0,2.63060998916626,False,56,0.0,12.53648843765256,2
Emari Demercado,RB,2026,1,2026,11,10,0.0,2.805205106735229,False,63,0.0,12.076177477836609,2
Emari Demercado,RB,2026,1,2026,12,11,0.0,2.9990715980529785,False,70,0.0,12.001715993881216,2
Emari Demercado,RB,2026,1,2026,13,12,0.0,3.177624464035034,False,77,0.0,11.624459314346309,2
Emari Demercado,RB,2026,1,2026,14,13,0.0,3.310821056365967,False,84,0.0,10.95780954360961,2
Emari Demercado,RB,2026,1,2026,15,14,0.0,3.375054121017456,False,91,0.0,8.988233447074883,2
Emari Demercado,RB,2026,1,2026,16,15,0.0,3.40192985534668,False,98,0.0,7.006423759460408,2
Emari Demercado,RB,2026,1,2026,17,16,0.0,3.4247732162475586,False,105,0.0,4.37259776592254,2
Emeka Egbuka,WR,2026,1,2026,2,1,0.0,14.339638710021973,False,0,3.2410232543945305,29.05539865493773,2
Emeka Egbuka,WR,2026,1,2026,3,2,0.0,14.51237678527832,False,7,0.8450825691223134,28.673689270019523,2
Emeka Egbuka,WR,2026,1,2026,4,3,0.0,14.678878784179688,False,14,0.5512934684753414,28.208108043670645,2
Emeka Egbuka,WR,2026,1,2026,5,4,0.0,14.778139114379885,False,21,0.4903848648071296,28.32969160079955,2
Emeka Egbuka,WR,2026,1,2026,6,5,0.0,14.80962371826172,False,28,0.3711734771728512,27.752616333961484,2
Emeka Egbuka,WR,2026,1,2026,7,6,0.0,14.816855430603027,False,35,0.2834542274475087,27.03354740142822,2
Emeka Egbuka,WR,2026,1,2026,8,7,0.0,14.821104049682615,False,42,0.215451335906982,26.4346601486206,2
Emeka Egbuka,WR,2026,1,2026,9,8,0.0,14.792054176330566,False,49,0.1366059303283684,25.808981704711908,2
Emeka Egbuka,WR,2026,1,2026,10,9,0.0,14.7369966506958,False,56,0.0351796150207537,24.6428750991821,2
Emeka Egbuka,WR,2026,1,2026,11,10,0.0,14.680322647094728,False,63,0.0,23.951295018196102,2
Emeka Egbuka,WR,2026,1,2026,12,11,0.0,14.615581512451172,False,70,0.0,23.61822590827941,2
Emeka Egbuka,WR,2026,1,2026,13,12,0.0,14.53561305999756,False,77,0.0,22.98244791030883,2
Emeka Egbuka,WR,2026,1,2026,14,13,0.0,14.466814041137695,False,84,0.0,22.11380252838134,2
Emeka Egbuka,WR,2026,1,2026,15,14,0.0,14.41680908203125,False,91,0.0,20.02998840808868,2
Emeka Egbuka,WR,2026,1,2026,16,15,0.0,14.35702133178711,False,98,0.0,17.961515235900837,2
Emeka Egbuka,WR,2026,1,2026,17,16,0.0,14.2899808883667,False,105,0.0,15.23780543804168,2
Emmett Johnson,RB,2026,1,2026,2,1,0.0,1.3698633909225464,False,0,0.0,16.0856233358383,2
Emmett Johnson,RB,2026,1,2026,3,2,0.0,1.227626919746399,False,7,0.0,15.388939404487603,2
Emmett Johnson,RB,2026,1,2026,4,3,0.0,1.2608505487442017,False,14,0.0,14.79007980823516,2
Emmett Johnson,RB,2026,1,2026,5,4,0.0,1.24917471408844,False,21,0.0,14.800727200508105,2
Emmett Johnson,RB,2026,1,2026,6,5,0.0,1.2198011875152588,False,28,0.0,14.162793803215024,2
Emmett Johnson,RB,2026,1,2026,7,6,0.0,1.2505923509597778,False,35,0.0,13.46728432178497,2
Emmett Johnson,RB,2026,1,2026,8,7,0.0,1.2704110145568848,False,42,0.0,12.883967113494869,2
Emmett Johnson,RB,2026,1,2026,9,8,0.0,1.3707327842712402,False,49,0.0,12.38766031265258,2
Emmett Johnson,RB,2026,1,2026,10,9,0.0,1.4715297222137451,False,56,0.0,11.377408170700043,2
Emmett Johnson,RB,2026,1,2026,11,10,0.0,1.5803067684173584,False,63,0.0,10.851279139518738,2
Emmett Johnson,RB,2026,1,2026,12,11,0.0,1.716005802154541,False,70,0.0,10.71865019798278,2
Emmett Johnson,RB,2026,1,2026,13,12,0.0,1.854087471961975,False,77,0.0,10.300922322273248,2
Emmett Johnson,RB,2026,1,2026,14,13,0.0,1.9734786748886108,False,84,0.0,9.620467162132254,2
Emmett Johnson,RB,2026,1,2026,15,14,0.0,2.0524911880493164,False,91,0.0,7.665670514106744,2
Emmett Johnson,RB,2026,1,2026,16,15,0.0,2.112705707550049,False,98,0.0,5.717199611663777,2
Emmett Johnson,RB,2026,1,2026,17,16,0.0,2.1736159324646,False,105,0.0,3.1214404821395805,2
Frank Gore Jr.,RB,2026,1,2026,2,1,0.0,2.892820358276367,False,0,0.0,17.60858030319212,2
Frank Gore Jr.,RB,2026,1,2026,3,2,0.0,2.857826471328736,False,7,0.0,17.019138956069938,2
Frank Gore Jr.,RB,2026,1,2026,4,3,0.0,2.85232925415039,False,14,0.0,16.381558513641348,2
Frank Gore Jr.,RB,2026,1,2026,5,4,0.0,2.8113958835601807,False,21,0.0,16.362948369979847,2
Frank Gore Jr.,RB,2026,1,2026,6,5,0.0,2.810126304626465,False,28,0.0,15.75311892032623,2
Frank Gore Jr.,RB,2026,1,2026,7,6,0.0,2.854940891265869,False,35,0.0,15.07163286209106,2
Frank Gore Jr.,RB,2026,1,2026,8,7,0.0,2.896429538726806,False,42,0.0,14.50998563766479,2
Frank Gore Jr.,RB,2026,1,2026,9,8,0.0,2.9980711936950684,False,49,0.0,14.01499872207641,2
Frank Gore Jr.,RB,2026,1,2026,10,9,0.0,3.090229034423828,False,56,0.0,12.996107482910128,2
Frank Gore Jr.,RB,2026,1,2026,11,10,0.0,3.1881368160247803,False,63,0.0,12.45910918712616,2
Frank Gore Jr.,RB,2026,1,2026,12,11,0.0,3.3014912605285645,False,70,0.0,12.304135656356802,2
Frank Gore Jr.,RB,2026,1,2026,13,12,0.0,3.412049531936645,False,77,0.0,11.858884382247918,2
Frank Gore Jr.,RB,2026,1,2026,14,13,0.0,3.4972822666168213,False,84,0.0,11.144270753860464,2
Frank Gore Jr.,RB,2026,1,2026,15,14,0.0,3.547266721725464,False,91,0.0,9.16044604778289,2
Frank Gore Jr.,RB,2026,1,2026,16,15,0.0,3.572471141815185,False,98,0.0,7.176965045928914,2
Frank Gore Jr.,RB,2026,1,2026,17,16,0.0,3.599251747131348,False,105,0.0,4.5470762968063285,2
Garrett Wilson,WR,2026,1,2026,2,1,0.0,7.005166053771973,False,0,0.0,21.72092599868773,2
Garrett Wilson,WR,2026,1,2026,3,2,0.0,7.04946231842041,False,7,0.0,21.210774803161613,2
Garrett Wilson,WR,2026,1,2026,4,3,0.0,7.140892505645752,False,14,0.0,20.67012176513671,2
Garrett Wilson,WR,2026,1,2026,5,4,0.0,7.309866428375244,False,21,0.0,20.86141891479491,2
Garrett Wilson,WR,2026,1,2026,6,5,0.0,7.517601013183594,False,28,0.0,20.46059362888336,2
Garrett Wilson,WR,2026,1,2026,7,6,0.0,7.669158935546875,False,35,0.0,19.885850906372067,2
Garrett Wilson,WR,2026,1,2026,8,7,0.0,7.809754371643066,False,42,0.0,19.42331047058105,2
Garrett Wilson,WR,2026,1,2026,9,8,0.0,7.90631103515625,False,49,0.0,18.92323856353759,2
Garrett Wilson,WR,2026,1,2026,10,9,0.0,7.982167243957519,False,56,0.0,17.888045692443818,2
Garrett Wilson,WR,2026,1,2026,11,10,0.0,8.092488288879395,False,63,0.0,17.363460659980774,2
Garrett Wilson,WR,2026,1,2026,12,11,0.0,8.140356063842773,False,70,0.0,17.14300045967101,2
Garrett Wilson,WR,2026,1,2026,13,12,0.0,8.088000297546387,False,77,0.0,16.53483514785766,2
Garrett Wilson,WR,2026,1,2026,14,13,0.0,7.948976039886475,False,84,0.0,15.595964527130118,2
Garrett Wilson,WR,2026,1,2026,15,14,0.0,7.804969787597656,False,91,0.0,13.418149113655083,2
Garrett Wilson,WR,2026,1,2026,16,15,0.0,7.677299976348877,False,98,0.0,11.281793880462605,2
Garrett Wilson,WR,2026,1,2026,17,16,0.0,7.542265892028809,False,105,0.0,8.490090441703789,2
Gary Jennings,WR,2026,1,2026,2,1,0.0,1.4371213912963867,False,0,0.0,16.15288133621214,2
Gary Jennings,WR,2026,1,2026,3,2,0.0,1.409090876579285,False,7,0.0,15.570403361320489,2
Gary Jennings,WR,2026,1,2026,4,3,0.0,1.454891324043274,False,14,0.0,14.984120583534231,2
Gary Jennings,WR,2026,1,2026,5,4,0.0,1.4332040548324585,False,21,0.0,14.984756541252125,2
Gary Jennings,WR,2026,1,2026,6,5,0.0,1.394601583480835,False,28,0.0,14.3375941991806,2
Gary Jennings,WR,2026,1,2026,7,6,0.0,1.4162229299545288,False,35,0.0,13.63291490077972,2
Gary Jennings,WR,2026,1,2026,8,7,0.0,1.430060863494873,False,42,0.0,13.043616962432855,2
Gary Jennings,WR,2026,1,2026,9,8,0.0,1.519155502319336,False,49,0.0,12.536083030700675,2
Gary Jennings,WR,2026,1,2026,10,9,0.0,1.6078989505767822,False,56,0.0,11.513777399063082,2
Gary Jennings,WR,2026,1,2026,11,10,0.0,1.7018420696258545,False,63,0.0,10.972814440727234,2
Gary Jennings,WR,2026,1,2026,12,11,0.0,1.820263385772705,False,70,0.0,10.822907781600945,2
Gary Jennings,WR,2026,1,2026,13,12,0.0,1.935681939125061,False,77,0.0,10.382516789436334,2
Gary Jennings,WR,2026,1,2026,14,13,0.0,2.033769130706787,False,84,0.0,9.68075761795043,2
Gary Jennings,WR,2026,1,2026,15,14,0.0,2.1009225845336914,False,91,0.0,7.714101910591119,2
Gary Jennings,WR,2026,1,2026,16,15,0.0,2.1559712886810303,False,98,0.0,5.760465192794759,2
Gary Jennings,WR,2026,1,2026,17,16,0.0,2.21498966217041,False,105,0.0,3.162814211845391,2
George Holani,RB,2026,1,2026,2,1,0.0,1.2546377182006836,False,0,0.0,15.970397663116437,2
George Holani,RB,2026,1,2026,3,2,0.0,1.284491777420044,False,7,0.0,15.445804262161248,2
George Holani,RB,2026,1,2026,4,3,0.0,1.3880457878112793,False,14,0.0,14.917275047302237,2
George Holani,RB,2026,1,2026,5,4,0.0,1.3931249380111694,False,21,0.0,14.944677424430834,2
George Holani,RB,2026,1,2026,6,5,0.0,1.356110692024231,False,28,0.0,14.299103307723996,2
George Holani,RB,2026,1,2026,7,6,0.0,1.3665664196014404,False,35,0.0,13.583258390426632,2
George Holani,RB,2026,1,2026,8,7,0.0,1.3610113859176636,False,42,0.0,12.974567484855648,2
George Holani,RB,2026,1,2026,9,8,0.0,1.4193899631500244,False,49,0.0,12.436317491531366,2
George Holani,RB,2026,1,2026,10,9,0.0,1.471517562866211,False,56,0.0,11.377396011352513,2
George Holani,RB,2026,1,2026,11,10,0.0,1.5204274654388428,False,63,0.0,10.791399836540222,2
George Holani,RB,2026,1,2026,12,11,0.0,1.591141700744629,False,70,0.0,10.593786096572869,2
George Holani,RB,2026,1,2026,13,12,0.0,1.6675190925598145,False,77,0.0,10.114353942871087,2
George Holani,RB,2026,1,2026,14,13,0.0,1.7326631546020508,False,84,0.0,9.379651641845694,2
George Holani,RB,2026,1,2026,15,14,0.0,1.7906241416931152,False,91,0.0,7.403803467750543,2
George Holani,RB,2026,1,2026,16,15,0.0,1.8437578678131104,False,98,0.0,5.448251771926839,2
George Holani,RB,2026,1,2026,17,16,0.0,1.907145857810974,False,105,0.0,2.854970407485955,2
George Pickens,WR,2026,1,2026,2,1,0.0,16.648813247680664,False,0,5.550197792053222,31.364573192596417,2
George Pickens,WR,2026,1,2026,3,2,0.0,16.63028335571289,False,7,2.962989139556884,30.791595840454093,2
George Pickens,WR,2026,1,2026,4,3,0.0,16.93482780456543,False,14,2.807242488861084,30.464057064056387,2
George Pickens,WR,2026,1,2026,5,4,0.0,17.048086166381836,False,21,2.7603319168090827,30.599638652801502,2
George Pickens,WR,2026,1,2026,6,5,0.0,17.1541748046875,False,28,2.7157245635986325,30.097167420387265,2
George Pickens,WR,2026,1,2026,7,6,0.0,17.186166763305664,False,35,2.6527655601501454,29.402858734130856,2
George Pickens,WR,2026,1,2026,8,7,0.0,17.198671340942383,False,42,2.593018627166748,28.812227439880367,2
George Pickens,WR,2026,1,2026,9,8,0.0,17.169654846191406,False,49,2.5142066001892083,28.186582374572748,2
George Pickens,WR,2026,1,2026,10,9,0.0,17.137041091918945,False,56,2.4352240562438983,27.042919540405244,2
George Pickens,WR,2026,1,2026,11,10,0.0,17.10686492919922,False,63,2.34213800430298,26.3778373003006,2
George Pickens,WR,2026,1,2026,12,11,0.0,17.060945510864258,False,70,2.249671840667725,26.063589906692496,2
George Pickens,WR,2026,1,2026,13,12,0.0,16.99290657043457,False,77,2.1501015663146976,25.439741420745843,2
George Pickens,WR,2026,1,2026,14,13,0.0,16.93737030029297,False,84,2.0847727775573723,24.58435878753661,2
George Pickens,WR,2026,1,2026,15,14,0.0,16.89211654663086,False,91,2.0088236808776863,22.505295872688286,2
George Pickens,WR,2026,1,2026,16,15,0.0,16.832487106323242,False,98,1.9534958839416507,20.43698101043697,2
George Pickens,WR,2026,1,2026,17,16,0.0,16.77157974243164,False,105,1.858888244628906,17.71940429210662,2
Germie Bernard,WR,2026,1,2026,2,1,0.0,1.3196511268615725,False,0,0.0,16.035411071777325,2
Germie Bernard,WR,2026,1,2026,3,2,0.0,1.2902424335479736,False,7,0.0,15.451554918289178,2
Germie Bernard,WR,2026,1,2026,4,3,0.0,1.352099895477295,False,14,0.0,14.881329154968252,2
Germie Bernard,WR,2026,1,2026,5,4,0.0,1.3411952257156372,False,21,0.0,14.892747712135302,2
Germie Bernard,WR,2026,1,2026,6,5,0.0,1.302709698677063,False,28,0.0,14.245702314376828,2
Germie Bernard,WR,2026,1,2026,7,6,0.0,1.3212388753890991,False,35,0.0,13.53793084621429,2
Germie Bernard,WR,2026,1,2026,8,7,0.0,1.3296257257461548,False,42,0.0,12.94318182468414,2
Germie Bernard,WR,2026,1,2026,9,8,0.0,1.4113065004348757,False,49,0.0,12.428234028816217,2
Germie Bernard,WR,2026,1,2026,10,9,0.0,1.491075873374939,False,56,0.0,11.39695432186124,2
Germie Bernard,WR,2026,1,2026,11,10,0.0,1.573804259300232,False,63,0.0,10.844776630401611,2
Germie Bernard,WR,2026,1,2026,12,11,0.0,1.6809744834899902,False,70,0.0,10.683618879318228,2
Germie Bernard,WR,2026,1,2026,13,12,0.0,1.7855639457702637,False,77,0.0,10.232398796081537,2
Germie Bernard,WR,2026,1,2026,14,13,0.0,1.8735406398773196,False,84,0.0,9.520529127120962,2
Germie Bernard,WR,2026,1,2026,15,14,0.0,1.9366517066955569,False,91,0.0,7.549831032752984,2
Germie Bernard,WR,2026,1,2026,16,15,0.0,1.991443157196045,False,98,0.0,5.595937061309773,2
Germie Bernard,WR,2026,1,2026,17,16,0.0,2.0522422790527344,False,105,0.0,3.0000668287277152,2
Greg Dortch,WR,2026,1,2026,2,1,0.0,3.232820987701416,False,0,0.0,17.94858093261717,2
Greg Dortch,WR,2026,1,2026,3,2,0.0,3.303652286529541,False,7,0.0,17.464964771270743,2
Greg Dortch,WR,2026,1,2026,4,3,0.0,3.3623926639556885,False,14,0.0,16.891621923446646,2
Greg Dortch,WR,2026,1,2026,5,4,0.0,3.283336877822876,False,21,0.0,16.834889364242542,2
Greg Dortch,WR,2026,1,2026,6,5,0.0,3.2350854873657227,False,28,0.0,16.178078103065488,2
Greg Dortch,WR,2026,1,2026,7,6,0.0,3.2448127269744877,False,35,0.0,15.46150469779968,2
Greg Dortch,WR,2026,1,2026,8,7,0.0,3.2940595149993896,False,42,0.0,14.907615613937374,2
Greg Dortch,WR,2026,1,2026,9,8,0.0,3.411317825317383,False,49,0.0,14.428245353698724,2
Greg Dortch,WR,2026,1,2026,10,9,0.0,3.549001693725586,False,56,0.0,13.454880142211886,2
Greg Dortch,WR,2026,1,2026,11,10,0.0,3.736115694046021,False,63,0.0,13.0070880651474,2
Greg Dortch,WR,2026,1,2026,12,11,0.0,3.9660840034484863,False,70,0.0,12.968728399276724,2
Greg Dortch,WR,2026,1,2026,13,12,0.0,4.186764240264893,False,77,0.0,12.633599090576164,2
Greg Dortch,WR,2026,1,2026,14,13,0.0,4.35980224609375,False,84,0.0,12.006790733337391,2
Greg Dortch,WR,2026,1,2026,15,14,0.0,4.458666801452637,False,91,0.0,10.071846127510064,2
Greg Dortch,WR,2026,1,2026,16,15,0.0,4.507622718811035,False,98,0.0,8.112116622924763,2
Greg Dortch,WR,2026,1,2026,17,16,0.0,4.535794258117676,False,105,0.0,5.483618807792657,2
Hunter Luepke,RB,2026,1,2026,2,1,0.0,2.046184778213501,False,0,0.0,16.761944723129254,2
Hunter Luepke,RB,2026,1,2026,3,2,0.0,2.045130729675293,False,7,0.0,16.206443214416495,2
Hunter Luepke,RB,2026,1,2026,4,3,0.0,2.1949503421783447,False,14,0.0,15.724179601669302,2
Hunter Luepke,RB,2026,1,2026,5,4,0.0,2.2745556831359863,False,21,0.0,15.826108169555653,2
Hunter Luepke,RB,2026,1,2026,6,5,0.0,2.353878974914551,False,28,0.0,15.296871590614316,2
Hunter Luepke,RB,2026,1,2026,7,6,0.0,2.4887681007385254,False,35,0.0,14.705460071563715,2
Hunter Luepke,RB,2026,1,2026,8,7,0.0,2.601845979690552,False,42,0.0,14.215402078628536,2
Hunter Luepke,RB,2026,1,2026,9,8,0.0,2.798689365386963,False,49,0.0,13.815616893768304,2
Hunter Luepke,RB,2026,1,2026,10,9,0.0,3.003262519836426,False,56,0.0,12.909140968322726,2
Hunter Luepke,RB,2026,1,2026,11,10,0.0,3.2502517700195312,False,63,0.0,12.52122414112091,2
Hunter Luepke,RB,2026,1,2026,12,11,0.0,3.533787250518799,False,70,0.0,12.536431646347037,2
Hunter Luepke,RB,2026,1,2026,13,12,0.0,3.815660953521729,False,77,0.0,12.262495803833,2
Hunter Luepke,RB,2026,1,2026,14,13,0.0,4.051859855651856,False,84,0.0,11.6988483428955,2
Hunter Luepke,RB,2026,1,2026,15,14,0.0,4.189355850219727,False,91,0.0,9.802535176277154,2
Hunter Luepke,RB,2026,1,2026,16,15,0.0,4.258359909057617,False,98,0.0,7.862853813171346,2
Hunter Luepke,RB,2026,1,2026,17,16,0.0,4.298069000244141,False,105,0.0,5.2458935499191215,2
Isaac TeSlaa,WR,2026,1,2026,2,1,0.0,5.552390098571777,False,0,0.0,20.26815004348753,2
Isaac TeSlaa,WR,2026,1,2026,3,2,0.0,5.8340253829956055,False,7,0.0,19.995337867736808,2
Isaac TeSlaa,WR,2026,1,2026,4,3,0.0,6.024831295013428,False,14,0.0,19.554060554504385,2
Isaac TeSlaa,WR,2026,1,2026,5,4,0.0,6.170515537261963,False,21,0.0,19.72206802368163,2
Isaac TeSlaa,WR,2026,1,2026,6,5,0.0,6.355215072631836,False,28,0.0,19.2982076883316,2
Isaac TeSlaa,WR,2026,1,2026,7,6,0.0,6.565492630004883,False,35,0.0,18.782184600830075,2
Isaac TeSlaa,WR,2026,1,2026,8,7,0.0,6.770069122314453,False,42,0.0,18.38362522125244,2
Isaac TeSlaa,WR,2026,1,2026,9,8,0.0,6.942922592163086,False,49,0.0,17.959850120544427,2
Isaac TeSlaa,WR,2026,1,2026,10,9,0.0,7.062063217163086,False,56,0.0,16.967941665649384,2
Isaac TeSlaa,WR,2026,1,2026,11,10,0.0,7.172102451324463,False,63,0.0,16.443074822425842,2
Isaac TeSlaa,WR,2026,1,2026,12,11,0.0,7.2479567527771,False,70,0.0,16.250601148605337,2
Isaac TeSlaa,WR,2026,1,2026,13,12,0.0,7.283732414245605,False,77,0.0,15.730567264556878,2
Isaac TeSlaa,WR,2026,1,2026,14,13,0.0,7.309993267059326,False,84,0.0,14.95698175430297,2
Isaac TeSlaa,WR,2026,1,2026,15,14,0.0,7.313204765319824,False,91,0.0,12.926384091377251,2
Isaac TeSlaa,WR,2026,1,2026,16,15,0.0,7.3018317222595215,False,98,0.0,10.906325626373247,2
Isaac TeSlaa,WR,2026,1,2026,17,16,0.0,7.25875186920166,False,105,0.0,8.20657641887664,2
Isaiah Bond,WR,2026,1,2026,2,1,0.0,4.534348487854004,False,0,0.0,19.25010843276976,2
Isaiah Bond,WR,2026,1,2026,3,2,0.0,4.749543190002441,False,7,0.0,18.910855674743644,2
Isaiah Bond,WR,2026,1,2026,4,3,0.0,4.924211502075195,False,14,0.0,18.453440761566156,2
Isaiah Bond,WR,2026,1,2026,5,4,0.0,5.076397895812988,False,21,0.0,18.62795038223265,2
Isaiah Bond,WR,2026,1,2026,6,5,0.0,5.33006477355957,False,28,0.0,18.273057389259336,2
Isaiah Bond,WR,2026,1,2026,7,6,0.0,5.66904354095459,False,35,0.0,17.88573551177978,2
Isaiah Bond,WR,2026,1,2026,8,7,0.0,6.003363609313965,False,42,0.0,17.61691970825195,2
Isaiah Bond,WR,2026,1,2026,9,8,0.0,6.355701446533203,False,49,0.0,17.372628974914544,2
Isaiah Bond,WR,2026,1,2026,10,9,0.0,6.649851799011231,False,56,0.0,16.55573024749753,2
Isaiah Bond,WR,2026,1,2026,11,10,0.0,6.937936305999756,False,63,0.0,16.208908677101135,2
Isaiah Bond,WR,2026,1,2026,12,11,0.0,7.175498962402344,False,70,0.0,16.17814335823058,2
Isaiah Bond,WR,2026,1,2026,13,12,0.0,7.339450836181641,False,77,0.0,15.786285686492914,2
Isaiah Bond,WR,2026,1,2026,14,13,0.0,7.438457012176514,False,84,0.0,15.085445499420157,2
Isaiah Bond,WR,2026,1,2026,15,14,0.0,7.462945461273193,False,91,0.0,13.07612478733062,2
Isaiah Bond,WR,2026,1,2026,16,15,0.0,7.442368030548096,False,98,0.0,11.046861934661823,2
Isaiah Bond,WR,2026,1,2026,17,16,0.0,7.375322341918945,False,105,0.0,8.323146891593925,2
Isaiah Davis,RB,2026,1,2026,2,1,0.0,4.328536033630371,False,0,0.0,19.044295978546124,2
Isaiah Davis,RB,2026,1,2026,3,2,0.0,4.342798233032227,False,7,0.0,18.50411071777343,2
Isaiah Davis,RB,2026,1,2026,4,3,0.0,4.2023115158081055,False,14,0.0,17.731540775299063,2
Isaiah Davis,RB,2026,1,2026,5,4,0.0,3.9924778938293457,False,21,0.0,17.544030380249012,2
Isaiah Davis,RB,2026,1,2026,6,5,0.0,3.807570219039917,False,28,0.0,16.750562834739682,2
Isaiah Davis,RB,2026,1,2026,7,6,0.0,3.600550413131714,False,35,0.0,15.817242383956906,2
Isaiah Davis,RB,2026,1,2026,8,7,0.0,3.3947927951812744,False,42,0.0,15.008348894119258,2
Isaiah Davis,RB,2026,1,2026,9,8,0.0,3.1596338748931885,False,49,0.0,14.17656140327453,2
Isaiah Davis,RB,2026,1,2026,10,9,0.0,2.91885757446289,False,56,0.0,12.82473602294919,2
Isaiah Davis,RB,2026,1,2026,11,10,0.0,2.7099385261535645,False,63,0.0,11.980910897254944,2
Isaiah Davis,RB,2026,1,2026,12,11,0.0,2.5968518257141118,False,70,0.0,11.59949622154235,2
Isaiah Davis,RB,2026,1,2026,13,12,0.0,2.539114236831665,False,77,0.0,10.985949087142938,2
Isaiah Davis,RB,2026,1,2026,14,13,0.0,2.5136427879333496,False,84,0.0,10.160631275176993,2
Isaiah Davis,RB,2026,1,2026,15,14,0.0,2.5250556468963623,False,91,0.0,8.13823497295379,2
Isaiah Davis,RB,2026,1,2026,16,15,0.0,2.5597379207611084,False,98,0.0,6.164231824874837,2
Isaiah Davis,RB,2026,1,2026,17,16,0.0,2.622882604598999,False,105,0.0,3.57070715427398,2
Isaiah Williams,WR,2026,1,2026,2,1,0.0,2.779747009277344,False,0,0.0,17.495506954193097,2
Isaiah Williams,WR,2026,1,2026,3,2,0.0,2.960820436477661,False,7,0.0,17.122132921218864,2
Isaiah Williams,WR,2026,1,2026,4,3,0.0,3.1045374870300293,False,14,0.0,16.633766746520987,2
Isaiah Williams,WR,2026,1,2026,5,4,0.0,3.165971279144287,False,21,0.0,16.717523765563953,2
Isaiah Williams,WR,2026,1,2026,6,5,0.0,3.249520301818848,False,28,0.0,16.192512917518613,2
Isaiah Williams,WR,2026,1,2026,7,6,0.0,3.387859582901001,False,35,0.0,15.604551553726193,2
Isaiah Williams,WR,2026,1,2026,8,7,0.0,3.5146872997283936,False,42,0.0,15.128243398666378,2
Isaiah Williams,WR,2026,1,2026,9,8,0.0,3.707675457000733,False,49,0.0,14.724602985382074,2
Isaiah Williams,WR,2026,1,2026,10,9,0.0,3.887210130691528,False,56,0.0,13.793088579177828,2
Isaiah Williams,WR,2026,1,2026,11,10,0.0,4.088627338409424,False,63,0.0,13.359599709510803,2
Isaiah Williams,WR,2026,1,2026,12,11,0.0,4.312695503234863,False,70,0.0,13.3153398990631,2
Isaiah Williams,WR,2026,1,2026,13,12,0.0,4.542716979980469,False,77,0.0,12.989551830291742,2
Isaiah Williams,WR,2026,1,2026,14,13,0.0,4.753985404968262,False,84,0.0,12.400973892211905,2
Isaiah Williams,WR,2026,1,2026,15,14,0.0,4.898543357849121,False,91,0.0,10.511722683906548,2
Isaiah Williams,WR,2026,1,2026,16,15,0.0,4.988354682922363,False,98,0.0,8.592848587036091,2
Isaiah Williams,WR,2026,1,2026,17,16,0.0,5.049298286437988,False,105,0.0,5.997122836112969,2
J. Michael Sturdivant,WR,2026,1,2026,2,1,0.0,1.329227328300476,False,0,0.0,16.04498727321623,2
J. Michael Sturdivant,WR,2026,1,2026,3,2,0.0,1.2914384603500366,False,7,0.0,15.45275094509124,2
J. Michael Sturdivant,WR,2026,1,2026,4,3,0.0,1.34815776348114,False,14,0.0,14.877387022972098,2
J. Michael Sturdivant,WR,2026,1,2026,5,4,0.0,1.331214427947998,False,21,0.0,14.882766914367664,2
J. Michael Sturdivant,WR,2026,1,2026,6,5,0.0,1.285843849182129,False,28,0.0,14.228836464881894,2
J. Michael Sturdivant,WR,2026,1,2026,7,6,0.0,1.296855926513672,False,35,0.0,13.513547897338864,2
J. Michael Sturdivant,WR,2026,1,2026,8,7,0.0,1.2995524406433103,False,42,0.0,12.913108539581296,2
J. Michael Sturdivant,WR,2026,1,2026,9,8,0.0,1.3761370182037354,False,49,0.0,12.393064546585077,2
J. Michael Sturdivant,WR,2026,1,2026,10,9,0.0,1.451836109161377,False,56,0.0,11.357714557647675,2
J. Michael Sturdivant,WR,2026,1,2026,11,10,0.0,1.531909704208374,False,63,0.0,10.802882075309752,2
J. Michael Sturdivant,WR,2026,1,2026,12,11,0.0,1.636750102043152,False,70,0.0,10.63939449787139,2
J. Michael Sturdivant,WR,2026,1,2026,13,12,0.0,1.7377595901489258,False,77,0.0,10.1845944404602,2
J. Michael Sturdivant,WR,2026,1,2026,14,13,0.0,1.8220548629760744,False,84,0.0,9.469043350219716,2
J. Michael Sturdivant,WR,2026,1,2026,15,14,0.0,1.881927251815796,False,91,0.0,7.495106577873224,2
J. Michael Sturdivant,WR,2026,1,2026,16,15,0.0,1.9351831674575808,False,98,0.0,5.539677071571309,2
J. Michael Sturdivant,WR,2026,1,2026,17,16,0.0,1.995690107345581,False,105,0.0,2.943514657020562,2
J.K. Dobbins,RB,2026,1,2026,2,1,0.0,6.760009765625,False,0,0.0,21.475769710540757,2
J.K. Dobbins,RB,2026,1,2026,3,2,0.0,6.84490442276001,False,7,0.0,21.00621690750121,2
J.K. Dobbins,RB,2026,1,2026,4,3,0.0,6.805428504943848,False,14,0.0,20.334657764434805,2
J.K. Dobbins,RB,2026,1,2026,5,4,0.0,6.748719215393066,False,21,0.0,20.300271701812733,2
J.K. Dobbins,RB,2026,1,2026,6,5,0.0,6.647091865539551,False,28,0.0,19.59008448123932,2
J.K. Dobbins,RB,2026,1,2026,7,6,0.0,6.467678070068359,False,35,0.0,18.68437004089355,2
J.K. Dobbins,RB,2026,1,2026,8,7,0.0,6.310572147369385,False,42,0.0,17.92412824630737,2
J.K. Dobbins,RB,2026,1,2026,9,8,0.0,6.093110084533691,False,49,0.0,17.110037612915033,2
J.K. Dobbins,RB,2026,1,2026,10,9,0.0,5.856929779052734,False,56,0.0,15.762808227539034,2
J.K. Dobbins,RB,2026,1,2026,11,10,0.0,5.660123825073242,False,63,0.0,14.931096196174622,2
J.K. Dobbins,RB,2026,1,2026,12,11,0.0,5.515778541564941,False,70,0.0,14.51842293739318,2
J.K. Dobbins,RB,2026,1,2026,13,12,0.0,5.402002334594727,False,77,0.0,13.848837184906,2
J.K. Dobbins,RB,2026,1,2026,14,13,0.0,5.316737174987793,False,84,0.0,12.963725662231436,2
J.K. Dobbins,RB,2026,1,2026,15,14,0.0,5.259733200073242,False,91,0.0,10.87291252613067,2
J.K. Dobbins,RB,2026,1,2026,16,15,0.0,5.2120466232299805,False,98,0.0,8.816540527343708,2
J.K. Dobbins,RB,2026,1,2026,17,16,0.0,5.167490005493164,False,105,0.0,6.115314555168145,2
Ja'Kobi Lane,WR,2026,1,2026,2,1,0.0,1.0925438404083252,False,0,0.0,15.808303785324078,2
Ja'Kobi Lane,WR,2026,1,2026,3,2,0.0,1.1025432348251345,False,7,0.0,15.263855719566338,2
Ja'Kobi Lane,WR,2026,1,2026,4,3,0.0,1.2062610387802124,False,14,0.0,14.73549029827117,2
Ja'Kobi Lane,WR,2026,1,2026,5,4,0.0,1.2190839052200315,False,21,0.0,14.770636391639696,2
Ja'Kobi Lane,WR,2026,1,2026,6,5,0.0,1.1907191276550293,False,28,0.0,14.133711743354796,2
Ja'Kobi Lane,WR,2026,1,2026,7,6,0.0,1.2179542779922483,False,35,0.0,13.43464624881744,2
Ja'Kobi Lane,WR,2026,1,2026,8,7,0.0,1.2285232543945312,False,42,0.0,12.842079353332515,2
Ja'Kobi Lane,WR,2026,1,2026,9,8,0.0,1.3111377954483032,False,49,0.0,12.328065323829644,2
Ja'Kobi Lane,WR,2026,1,2026,10,9,0.0,1.390104055404663,False,56,0.0,11.295982503890963,2
Ja'Kobi Lane,WR,2026,1,2026,11,10,0.0,1.4717233180999756,False,63,0.0,10.742695689201357,2
Ja'Kobi Lane,WR,2026,1,2026,12,11,0.0,1.5776522159576416,False,70,0.0,10.58029661178588,2
Ja'Kobi Lane,WR,2026,1,2026,13,12,0.0,1.685462236404419,False,77,0.0,10.132297086715692,2
Ja'Kobi Lane,WR,2026,1,2026,14,13,0.0,1.7770416736602783,False,84,0.0,9.42403016090392,2
Ja'Kobi Lane,WR,2026,1,2026,15,14,0.0,1.8439879417419436,False,91,0.0,7.457167267799371,2
Ja'Kobi Lane,WR,2026,1,2026,16,15,0.0,1.8994848728179927,False,98,0.0,5.503978776931722,2
Ja'Kobi Lane,WR,2026,1,2026,17,16,0.0,1.9617036581039429,False,105,0.0,2.909528207778924,2
Ja'Marr Chase,WR,2026,1,2026,2,1,0.0,17.918149948120117,False,0,6.819534492492675,32.63390989303587,2
Ja'Marr Chase,WR,2026,1,2026,3,2,0.0,18.03588485717773,False,7,4.368590641021728,32.19719734191894,2
Ja'Marr Chase,WR,2026,1,2026,4,3,0.0,17.952306747436523,False,14,3.8247214317321774,31.48153600692748,2
Ja'Marr Chase,WR,2026,1,2026,5,4,0.0,17.687219619750977,False,21,3.399465370178224,31.238772106170643,2
Ja'Marr Chase,WR,2026,1,2026,6,5,0.0,17.611276626586914,False,28,3.1728263854980465,30.55426924228668,2
Ja'Marr Chase,WR,2026,1,2026,7,6,0.0,17.563173294067383,False,35,3.029772090911864,29.77986526489257,2
Ja'Marr Chase,WR,2026,1,2026,8,7,0.0,17.5512752532959,False,42,2.9456225395202638,29.16483135223388,2
Ja'Marr Chase,WR,2026,1,2026,9,8,0.0,17.486085891723633,False,49,2.830637645721435,28.50301342010497,2
Ja'Marr Chase,WR,2026,1,2026,10,9,0.0,17.42441177368164,False,56,2.7225947380065936,27.33029022216794,2
Ja'Marr Chase,WR,2026,1,2026,11,10,0.0,17.36296844482422,False,63,2.59824151992798,26.6339408159256,2
Ja'Marr Chase,WR,2026,1,2026,12,11,0.0,17.29265022277832,False,70,2.4813765525817875,26.29529461860656,2
Ja'Marr Chase,WR,2026,1,2026,13,12,0.0,17.197734832763672,False,77,2.354929828643799,25.644569683074945,2
Ja'Marr Chase,WR,2026,1,2026,14,13,0.0,17.123414993286133,False,84,2.2708174705505364,24.770403480529776,2
Ja'Marr Chase,WR,2026,1,2026,15,14,0.0,17.065135955810547,False,91,2.1818430900573738,22.67831528186797,2
Ja'Marr Chase,WR,2026,1,2026,16,15,0.0,16.992713928222656,False,98,2.113722705841065,20.597207832336384,2
Ja'Marr Chase,WR,2026,1,2026,17,16,0.0,16.918119430541992,False,105,2.005427932739257,17.865943980216972,2
Jack Bech,WR,2026,1,2026,2,1,0.0,3.021397113800049,False,0,0.0,17.737157058715802,2
Jack Bech,WR,2026,1,2026,3,2,0.0,3.179255247116089,False,7,0.0,17.34056773185729,2
Jack Bech,WR,2026,1,2026,4,3,0.0,3.291044950485229,False,14,0.0,16.820274209976187,2
Jack Bech,WR,2026,1,2026,5,4,0.0,3.319455623626709,False,21,0.0,16.871008110046375,2
Jack Bech,WR,2026,1,2026,6,5,0.0,3.3665711879730225,False,28,0.0,16.309563803672788,2
Jack Bech,WR,2026,1,2026,7,6,0.0,3.447164535522461,False,35,0.0,15.663856506347653,2
Jack Bech,WR,2026,1,2026,8,7,0.0,3.5168230533599854,False,42,0.0,15.13037915229797,2
Jack Bech,WR,2026,1,2026,9,8,0.0,3.6327404975891113,False,49,0.0,14.649668025970453,2
Jack Bech,WR,2026,1,2026,10,9,0.0,3.730128049850464,False,56,0.0,13.636006498336764,2
Jack Bech,WR,2026,1,2026,11,10,0.0,3.827933788299561,False,63,0.0,13.09890615940094,2
Jack Bech,WR,2026,1,2026,12,11,0.0,3.939607620239258,False,70,0.0,12.942252016067496,2
Jack Bech,WR,2026,1,2026,13,12,0.0,4.046768665313721,False,77,0.0,12.493603515624994,2
Jack Bech,WR,2026,1,2026,14,13,0.0,4.137487888336182,False,84,0.0,11.784476375579825,2
Jack Bech,WR,2026,1,2026,15,14,0.0,4.20021390914917,False,91,0.0,9.813393235206595,2
Jack Bech,WR,2026,1,2026,16,15,0.0,4.23600959777832,False,98,0.0,7.840503501892049,2
Jack Bech,WR,2026,1,2026,17,16,0.0,4.263466835021973,False,105,0.0,5.2112913846969535,2
Jacob Cowing,WR,2026,1,2026,2,1,0.0,2.5468053817749023,False,0,0.0,17.262565326690655,2
Jacob Cowing,WR,2026,1,2026,3,2,0.0,2.5289340019226074,False,7,0.0,16.69024648666381,2
Jacob Cowing,WR,2026,1,2026,4,3,0.0,2.5958504676818848,False,14,0.0,16.125079727172842,2
Jacob Cowing,WR,2026,1,2026,5,4,0.0,2.6139039993286133,False,21,0.0,16.16545648574828,2
Jacob Cowing,WR,2026,1,2026,6,5,0.0,2.6460390090942383,False,28,0.0,15.589031624794004,2
Jacob Cowing,WR,2026,1,2026,7,6,0.0,2.715911865234375,False,35,0.0,14.932603836059569,2
Jacob Cowing,WR,2026,1,2026,8,7,0.0,2.7697997093200684,False,42,0.0,14.383355808258052,2
Jacob Cowing,WR,2026,1,2026,9,8,0.0,2.8831605911254883,False,49,0.0,13.90008811950683,2
Jacob Cowing,WR,2026,1,2026,10,9,0.0,2.980443000793457,False,56,0.0,12.886321449279755,2
Jacob Cowing,WR,2026,1,2026,11,10,0.0,3.084343433380127,False,63,0.0,12.355315804481506,2
Jacob Cowing,WR,2026,1,2026,12,11,0.0,3.201010465621948,False,70,0.0,12.203654861450186,2
Jacob Cowing,WR,2026,1,2026,13,12,0.0,3.304490327835083,False,77,0.0,11.751325178146356,2
Jacob Cowing,WR,2026,1,2026,14,13,0.0,3.377023458480835,False,84,0.0,11.024011945724478,2
Jacob Cowing,WR,2026,1,2026,15,14,0.0,3.4166507720947266,False,91,0.0,9.029830098152154,2
Jacob Cowing,WR,2026,1,2026,16,15,0.0,3.4398136138916016,False,98,0.0,7.04430751800533,2
Jacob Cowing,WR,2026,1,2026,17,16,0.0,3.4692068099975586,False,105,0.0,4.41703135967254,2
Jacob Saylors,RB,2026,1,2026,2,1,0.0,2.670654773712158,False,0,0.0,17.38641471862791,2
Jacob Saylors,RB,2026,1,2026,3,2,0.0,2.7219696044921875,False,7,0.0,16.88328208923339,2
Jacob Saylors,RB,2026,1,2026,4,3,0.0,2.74646258354187,False,14,0.0,16.275691843032828,2
Jacob Saylors,RB,2026,1,2026,5,4,0.0,2.697798728942871,False,21,0.0,16.249351215362537,2
Jacob Saylors,RB,2026,1,2026,6,5,0.0,2.639441967010498,False,28,0.0,15.582434582710263,2
Jacob Saylors,RB,2026,1,2026,7,6,0.0,2.596721172332764,False,35,0.0,14.813413143157955,2
Jacob Saylors,RB,2026,1,2026,8,7,0.0,2.5466017723083496,False,42,0.0,14.160157871246334,2
Jacob Saylors,RB,2026,1,2026,9,8,0.0,2.5380704402923584,False,49,0.0,13.5549979686737,2
Jacob Saylors,RB,2026,1,2026,10,9,0.0,2.5190086364746094,False,56,0.0,12.42488708496091,2
Jacob Saylors,RB,2026,1,2026,11,10,0.0,2.496987819671631,False,63,0.0,11.76796019077301,2
Jacob Saylors,RB,2026,1,2026,12,11,0.0,2.500694274902344,False,70,0.0,11.503338670730582,2
Jacob Saylors,RB,2026,1,2026,13,12,0.0,2.51350212097168,False,77,0.0,10.960336971282953,2
Jacob Saylors,RB,2026,1,2026,14,13,0.0,2.523679256439209,False,84,0.0,10.170667743682852,2
Jacob Saylors,RB,2026,1,2026,15,14,0.0,2.542426586151123,False,91,0.0,8.15560591220855,2
Jacob Saylors,RB,2026,1,2026,16,15,0.0,2.5711474418640137,False,98,0.0,6.175641345977742,2
Jacob Saylors,RB,2026,1,2026,17,16,0.0,2.620291233062744,False,105,0.0,3.568115782737725,2
Jacory Croskey-Merritt,RB,2026,1,2026,2,1,0.0,5.831480979919434,False,0,0.0,20.547240924835187,2
Jacory Croskey-Merritt,RB,2026,1,2026,3,2,0.0,5.961152076721191,False,7,0.0,20.122464561462397,2
Jacory Croskey-Merritt,RB,2026,1,2026,4,3,0.0,6.0977983474731445,False,14,0.0,19.627027606964106,2
Jacory Croskey-Merritt,RB,2026,1,2026,5,4,0.0,6.226937770843506,False,21,0.0,19.77849025726317,2
Jacory Croskey-Merritt,RB,2026,1,2026,6,5,0.0,6.363595962524414,False,28,0.0,19.30658857822418,2
Jacory Croskey-Merritt,RB,2026,1,2026,7,6,0.0,6.43858528137207,False,35,0.0,18.655277252197266,2
Jacory Croskey-Merritt,RB,2026,1,2026,8,7,0.0,6.523393630981445,False,42,0.0,18.13694972991943,2
Jacory Croskey-Merritt,RB,2026,1,2026,9,8,0.0,6.620777130126953,False,49,0.0,17.637704658508294,2
Jacory Croskey-Merritt,RB,2026,1,2026,10,9,0.0,6.694529533386231,False,56,0.0,16.60040798187253,2
Jacory Croskey-Merritt,RB,2026,1,2026,11,10,0.0,6.761597633361816,False,63,0.0,16.032570004463196,2
Jacory Croskey-Merritt,RB,2026,1,2026,12,11,0.0,6.755841255187988,False,70,0.0,15.758485651016226,2
Jacory Croskey-Merritt,RB,2026,1,2026,13,12,0.0,6.681718349456787,False,77,0.0,15.12855319976806,2
Jacory Croskey-Merritt,RB,2026,1,2026,14,13,0.0,6.575434684753418,False,84,0.0,14.22242317199706,2
Jacory Croskey-Merritt,RB,2026,1,2026,15,14,0.0,6.495660781860352,False,91,0.0,12.10884010791778,2
Jacory Croskey-Merritt,RB,2026,1,2026,16,15,0.0,6.43155574798584,False,98,0.0,10.036049652099567,2
Jacory Croskey-Merritt,RB,2026,1,2026,17,16,0.0,6.370530128479004,False,105,0.0,7.318354678153985,2
Jadarian Price,RB,2026,1,2026,2,1,0.0,2.05991792678833,False,0,0.0,16.775677871704083,2
Jadarian Price,RB,2026,1,2026,3,2,0.0,1.9206347465515137,False,7,0.0,16.081947231292716,2
Jadarian Price,RB,2026,1,2026,4,3,0.0,1.8799978494644165,False,14,0.0,15.409227108955374,2
Jadarian Price,RB,2026,1,2026,5,4,0.0,1.8036856651306152,False,21,0.0,15.35523815155028,2
Jadarian Price,RB,2026,1,2026,6,5,0.0,1.7658518552780151,False,28,0.0,14.70884447097778,2
Jadarian Price,RB,2026,1,2026,7,6,0.0,1.7930750846862793,False,35,0.0,14.009767055511473,2
Jadarian Price,RB,2026,1,2026,8,7,0.0,1.8226876258850095,False,42,0.0,13.436243724822994,2
Jadarian Price,RB,2026,1,2026,9,8,0.0,1.926229238510132,False,49,0.0,12.943156766891471,2
Jadarian Price,RB,2026,1,2026,10,9,0.0,2.033707857131958,False,56,0.0,11.939586305618258,2
Jadarian Price,RB,2026,1,2026,11,10,0.0,2.153254508972168,False,63,0.0,11.424226880073547,2
Jadarian Price,RB,2026,1,2026,12,11,0.0,2.2945704460144043,False,70,0.0,11.297214841842642,2
Jadarian Price,RB,2026,1,2026,13,12,0.0,2.432852268218994,False,77,0.0,10.879687118530269,2
Jadarian Price,RB,2026,1,2026,14,13,0.0,2.556626796722412,False,84,0.0,10.203615283966055,2
Jadarian Price,RB,2026,1,2026,15,14,0.0,2.633479118347168,False,91,0.0,8.246658444404595,2
Jadarian Price,RB,2026,1,2026,16,15,0.0,2.690324544906616,False,98,0.0,6.294818449020345,2
Jadarian Price,RB,2026,1,2026,17,16,0.0,2.7395570278167725,False,105,0.0,3.687381577491753,2
Jahan Dotson,WR,2026,1,2026,2,1,0.0,3.409351348876953,False,0,0.0,18.125111293792703,2
Jahan Dotson,WR,2026,1,2026,3,2,0.0,3.433070659637451,False,7,0.0,17.594383144378654,2
Jahan Dotson,WR,2026,1,2026,4,3,0.0,3.438076972961426,False,14,0.0,16.967306232452383,2
Jahan Dotson,WR,2026,1,2026,5,4,0.0,3.4034993648529053,False,21,0.0,16.95505185127257,2
Jahan Dotson,WR,2026,1,2026,6,5,0.0,3.3973264694213867,False,28,0.0,16.340319085121152,2
Jahan Dotson,WR,2026,1,2026,7,6,0.0,3.407475233078003,False,35,0.0,15.624167203903196,2
Jahan Dotson,WR,2026,1,2026,8,7,0.0,3.406470775604248,False,42,0.0,15.020026874542232,2
Jahan Dotson,WR,2026,1,2026,9,8,0.0,3.4458117485046387,False,49,0.0,14.46273927688598,2
Jahan Dotson,WR,2026,1,2026,10,9,0.0,3.4713263511657715,False,56,0.0,13.377204799652072,2
Jahan Dotson,WR,2026,1,2026,11,10,0.0,3.4973020553588867,False,63,0.0,12.768274426460266,2
Jahan Dotson,WR,2026,1,2026,12,11,0.0,3.5350453853607178,False,70,0.0,12.537689781188956,2
Jahan Dotson,WR,2026,1,2026,13,12,0.0,3.5723042488098145,False,77,0.0,12.019139099121087,2
Jahan Dotson,WR,2026,1,2026,14,13,0.0,3.5978307723999023,False,84,0.0,11.244819259643544,2
Jahan Dotson,WR,2026,1,2026,15,14,0.0,3.6076619625091553,False,91,0.0,9.220841288566582,2
Jahan Dotson,WR,2026,1,2026,16,15,0.0,3.609920501708984,False,98,0.0,7.214414405822713,2
Jahan Dotson,WR,2026,1,2026,17,16,0.0,3.62162971496582,False,105,0.0,4.569454264640801,2
Jahdae Walker,WR,2026,1,2026,2,1,0.0,3.676351547241211,False,0,0.0,18.392111492156964,2
Jahdae Walker,WR,2026,1,2026,3,2,0.0,3.6595864295959473,False,7,0.0,17.82089891433715,2
Jahdae Walker,WR,2026,1,2026,4,3,0.0,3.6065380573272714,False,14,0.0,17.135767316818228,2
Jahdae Walker,WR,2026,1,2026,5,4,0.0,3.5282437801361084,False,21,0.0,17.079796266555775,2
Jahdae Walker,WR,2026,1,2026,6,5,0.0,3.484851121902466,False,28,0.0,16.42784373760223,2
Jahdae Walker,WR,2026,1,2026,7,6,0.0,3.438274383544922,False,35,0.0,15.654966354370114,2
Jahdae Walker,WR,2026,1,2026,8,7,0.0,3.377789258956909,False,42,0.0,14.991345357894891,2
Jahdae Walker,WR,2026,1,2026,9,8,0.0,3.340510368347168,False,49,0.0,14.35743789672851,2
Jahdae Walker,WR,2026,1,2026,10,9,0.0,3.299715757369995,False,56,0.0,13.205594205856295,2
Jahdae Walker,WR,2026,1,2026,11,10,0.0,3.2692108154296875,False,63,0.0,12.540183186531069,2
Jahdae Walker,WR,2026,1,2026,12,11,0.0,3.2652976512908936,False,70,0.0,12.267942047119131,2
Jahdae Walker,WR,2026,1,2026,13,12,0.0,3.270573139190674,False,77,0.0,11.717407989501949,2
Jahdae Walker,WR,2026,1,2026,14,13,0.0,3.272613525390625,False,84,0.0,10.919602012634268,2
Jahdae Walker,WR,2026,1,2026,15,14,0.0,3.2718424797058105,False,91,0.0,8.885021805763238,2
Jahdae Walker,WR,2026,1,2026,16,15,0.0,3.2745440006256104,False,98,0.0,6.879037904739339,2
Jahdae Walker,WR,2026,1,2026,17,16,0.0,3.293820858001709,False,105,0.0,4.24164540767669,2
Jahmyr Gibbs,RB,2026,1,2026,2,1,0.0,17.854127883911133,False,0,6.755512428283691,32.569887828826886,2
Jahmyr Gibbs,RB,2026,1,2026,3,2,0.0,18.039995193481445,False,7,4.372700977325438,32.20130767822265,2
Jahmyr Gibbs,RB,2026,1,2026,4,3,0.0,18.095075607299805,False,14,3.967490291595458,31.62430486679076,2
Jahmyr Gibbs,RB,2026,1,2026,5,4,0.0,17.996545791625977,False,21,3.708791542053224,31.548098278045643,2
Jahmyr Gibbs,RB,2026,1,2026,6,5,0.0,18.05059814453125,False,28,3.6121479034423833,30.99359076023101,2
Jahmyr Gibbs,RB,2026,1,2026,7,6,0.0,18.059555053710938,False,35,3.526153850555419,30.27624702453613,2
Jahmyr Gibbs,RB,2026,1,2026,8,7,0.0,18.069828033447266,False,42,3.4641753196716305,29.68338413238525,2
Jahmyr Gibbs,RB,2026,1,2026,9,8,0.0,18.021562576293945,False,49,3.366114330291748,29.038490104675287,2
Jahmyr Gibbs,RB,2026,1,2026,10,9,0.0,17.98063087463379,False,56,3.278813838958742,27.886509323120087,2
Jahmyr Gibbs,RB,2026,1,2026,11,10,0.0,17.940675735473633,False,63,3.1759488105773936,27.21164810657501,2
Jahmyr Gibbs,RB,2026,1,2026,12,11,0.0,17.878498077392578,False,70,3.0672244071960453,26.881142473220816,2
Jahmyr Gibbs,RB,2026,1,2026,13,12,0.0,17.788198471069336,False,77,2.9453934669494632,26.23503332138061,2
Jahmyr Gibbs,RB,2026,1,2026,14,13,0.0,17.71710205078125,False,84,2.8645045280456536,25.364090538024893,2
Jahmyr Gibbs,RB,2026,1,2026,15,14,0.0,17.657697677612305,False,91,2.774404811859132,23.27087700366973,2
Jahmyr Gibbs,RB,2026,1,2026,16,15,0.0,17.583606719970703,False,98,2.704615497589112,21.18810062408443,2
Jahmyr Gibbs,RB,2026,1,2026,17,16,0.0,17.50564956665039,False,105,2.592958068847656,18.45347411632537,2
Jakobi Meyers,WR,2026,1,2026,2,1,0.0,12.951253890991213,False,0,1.8526384353637688,27.667013835906964,2
Jakobi Meyers,WR,2026,1,2026,3,2,0.0,13.162002563476562,False,7,0.0,27.323315048217765,2
Jakobi Meyers,WR,2026,1,2026,4,3,0.0,13.052101135253906,False,14,0.0,26.581330394744864,2
Jakobi Meyers,WR,2026,1,2026,5,4,0.0,12.869318008422852,False,21,0.0,26.42087049484252,2
Jakobi Meyers,WR,2026,1,2026,6,5,0.0,12.595285415649414,False,28,0.0,25.53827803134918,2
Jakobi Meyers,WR,2026,1,2026,7,6,0.0,12.15846061706543,False,35,0.0,24.37515258789062,2
Jakobi Meyers,WR,2026,1,2026,8,7,0.0,11.75251007080078,False,42,0.0,23.366066169738765,2
Jakobi Meyers,WR,2026,1,2026,9,8,0.0,11.262725830078123,False,49,0.0,22.279653358459463,2
Jakobi Meyers,WR,2026,1,2026,10,9,0.0,10.802419662475586,False,56,0.0,20.708298110961884,2
Jakobi Meyers,WR,2026,1,2026,11,10,0.0,10.386374473571776,False,63,0.0,19.65734684467316,2
Jakobi Meyers,WR,2026,1,2026,12,11,0.0,10.025933265686035,False,70,0.0,19.028577661514277,2
Jakobi Meyers,WR,2026,1,2026,13,12,0.0,9.674312591552734,False,77,0.0,18.121147441864007,2
Jakobi Meyers,WR,2026,1,2026,14,13,0.0,9.355144500732422,False,84,0.0,17.002132987976065,2
Jakobi Meyers,WR,2026,1,2026,15,14,0.0,9.151528358459473,False,91,0.0,14.7647076845169,2
Jakobi Meyers,WR,2026,1,2026,16,15,0.0,9.01636791229248,False,98,0.0,12.620861816406208,2
Jakobi Meyers,WR,2026,1,2026,17,16,0.0,8.885812759399414,False,105,0.0,9.833637309074394,2
Jaleel McLaughlin,RB,2026,1,2026,2,1,0.0,4.641107082366943,False,0,0.0,19.356867027282696,2
Jaleel McLaughlin,RB,2026,1,2026,3,2,0.0,4.71580696105957,False,7,0.0,18.877119445800773,2
Jaleel McLaughlin,RB,2026,1,2026,4,3,0.0,4.595394134521484,False,14,0.0,18.12462339401244,2
Jaleel McLaughlin,RB,2026,1,2026,5,4,0.0,4.380220890045166,False,21,0.0,17.931773376464832,2
Jaleel McLaughlin,RB,2026,1,2026,6,5,0.0,4.166047096252441,False,28,0.0,17.109039711952207,2
Jaleel McLaughlin,RB,2026,1,2026,7,6,0.0,3.9105303287506095,False,35,0.0,16.127222299575802,2
Jaleel McLaughlin,RB,2026,1,2026,8,7,0.0,3.653785943984986,False,42,0.0,15.26734204292297,2
Jaleel McLaughlin,RB,2026,1,2026,9,8,0.0,3.3468449115753174,False,49,0.0,14.36377243995666,2
Jaleel McLaughlin,RB,2026,1,2026,10,9,0.0,3.031841278076172,False,56,0.0,12.937719726562472,2
Jaleel McLaughlin,RB,2026,1,2026,11,10,0.0,2.754383087158203,False,63,0.0,12.025355458259584,2
Jaleel McLaughlin,RB,2026,1,2026,12,11,0.0,2.599707841873169,False,70,0.0,11.602352237701409,2
Jaleel McLaughlin,RB,2026,1,2026,13,12,0.0,2.5226151943206787,False,77,0.0,10.969450044631952,2
Jaleel McLaughlin,RB,2026,1,2026,14,13,0.0,2.488079071044922,False,84,0.0,10.135067558288563,2
Jaleel McLaughlin,RB,2026,1,2026,15,14,0.0,2.499058723449707,False,91,0.0,8.112238049507134,2
Jaleel McLaughlin,RB,2026,1,2026,16,15,0.0,2.5365214347839355,False,98,0.0,6.141015338897664,2
Jaleel McLaughlin,RB,2026,1,2026,17,16,0.0,2.603245258331299,False,105,0.0,3.55106980800628,2
Jalen Brooks,WR,2026,1,2026,2,1,0.0,2.432427167892456,False,0,0.0,17.14818711280821,2
Jalen Brooks,WR,2026,1,2026,3,2,0.0,2.425811767578125,False,7,0.0,16.587124252319327,2
Jalen Brooks,WR,2026,1,2026,4,3,0.0,2.5368151664733887,False,14,0.0,16.066044425964346,2
Jalen Brooks,WR,2026,1,2026,5,4,0.0,2.596112012863159,False,21,0.0,16.147664499282826,2
Jalen Brooks,WR,2026,1,2026,6,5,0.0,2.6484575271606445,False,28,0.0,15.59145014286041,2
Jalen Brooks,WR,2026,1,2026,7,6,0.0,2.725703716278076,False,35,0.0,14.942395687103268,2
Jalen Brooks,WR,2026,1,2026,8,7,0.0,2.7781779766082764,False,42,0.0,14.39173407554626,2
Jalen Brooks,WR,2026,1,2026,9,8,0.0,2.886699676513672,False,49,0.0,13.903627204895011,2
Jalen Brooks,WR,2026,1,2026,10,9,0.0,2.981050729751587,False,56,0.0,12.886929178237889,2
Jalen Brooks,WR,2026,1,2026,11,10,0.0,3.080447196960449,False,63,0.0,12.351419568061829,2
Jalen Brooks,WR,2026,1,2026,12,11,0.0,3.1928911209106445,False,70,0.0,12.195535516738882,2
Jalen Brooks,WR,2026,1,2026,13,12,0.0,3.289837598800659,False,77,0.0,11.736672449111932,2
Jalen Brooks,WR,2026,1,2026,14,13,0.0,3.3567862510681152,False,84,0.0,11.003774738311758,2
Jalen Brooks,WR,2026,1,2026,15,14,0.0,3.3949553966522217,False,91,0.0,9.008134722709649,2
Jalen Brooks,WR,2026,1,2026,16,15,0.0,3.420149326324463,False,98,0.0,7.024643230438191,2
Jalen Brooks,WR,2026,1,2026,17,16,0.0,3.4544026851654053,False,105,0.0,4.402227234840386,2
Jalen Coker,WR,2026,1,2026,2,1,0.0,9.481359481811523,False,0,0.0,24.19711942672728,2
Jalen Coker,WR,2026,1,2026,3,2,0.0,9.524810791015623,False,7,0.0,23.686123275756827,2
Jalen Coker,WR,2026,1,2026,4,3,0.0,9.28483772277832,False,14,0.0,22.81406698226928,2
Jalen Coker,WR,2026,1,2026,5,4,0.0,9.03440284729004,False,21,0.0,22.585955333709705,2
Jalen Coker,WR,2026,1,2026,6,5,0.0,8.760384559631348,False,28,0.0,21.703377175331116,2
Jalen Coker,WR,2026,1,2026,7,6,0.0,8.438814163208008,False,35,0.0,20.6555061340332,2
Jalen Coker,WR,2026,1,2026,8,7,0.0,8.15497875213623,False,42,0.0,19.76853485107421,2
Jalen Coker,WR,2026,1,2026,9,8,0.0,7.794807910919189,False,49,0.0,18.81173543930053,2
Jalen Coker,WR,2026,1,2026,10,9,0.0,7.436435222625732,False,56,0.0,17.34231367111203,2
Jalen Coker,WR,2026,1,2026,11,10,0.0,7.135897159576416,False,63,0.0,16.406869530677795,2
Jalen Coker,WR,2026,1,2026,12,11,0.0,6.906958103179932,False,70,0.0,15.90960249900817,2
Jalen Coker,WR,2026,1,2026,13,12,0.0,6.726218223571777,False,77,0.0,15.17305307388305,2
Jalen Coker,WR,2026,1,2026,14,13,0.0,6.609548568725586,False,84,0.0,14.256537055969227,2
Jalen Coker,WR,2026,1,2026,15,14,0.0,6.5368852615356445,False,91,0.0,12.150064587593072,2
Jalen Coker,WR,2026,1,2026,16,15,0.0,6.495656967163086,False,98,0.0,10.100150871276814,2
Jalen Coker,WR,2026,1,2026,17,16,0.0,6.461224555969238,False,105,0.0,7.409049105644219,2
Jalen McMillan,WR,2026,1,2026,2,1,0.0,4.378014087677002,False,0,0.0,19.093774032592755,2
Jalen McMillan,WR,2026,1,2026,3,2,0.0,4.506331920623779,False,7,0.0,18.66764440536498,2
Jalen McMillan,WR,2026,1,2026,4,3,0.0,4.487561225891113,False,14,0.0,18.01679048538207,2
Jalen McMillan,WR,2026,1,2026,5,4,0.0,4.38211727142334,False,21,0.0,17.933669757843006,2
Jalen McMillan,WR,2026,1,2026,6,5,0.0,4.307772159576416,False,28,0.0,17.25076477527618,2
Jalen McMillan,WR,2026,1,2026,7,6,0.0,4.221490383148193,False,35,0.0,16.438182353973385,2
Jalen McMillan,WR,2026,1,2026,8,7,0.0,4.134955406188965,False,42,0.0,15.748511505126949,2
Jalen McMillan,WR,2026,1,2026,9,8,0.0,4.026371479034424,False,49,0.0,15.043299007415763,2
Jalen McMillan,WR,2026,1,2026,10,9,0.0,3.899672269821167,False,56,0.0,13.805550718307469,2
Jalen McMillan,WR,2026,1,2026,11,10,0.0,3.793274402618408,False,63,0.0,13.064246773719788,2
Jalen McMillan,WR,2026,1,2026,12,11,0.0,3.7464776039123535,False,70,0.0,12.749121999740591,2
Jalen McMillan,WR,2026,1,2026,13,12,0.0,3.7301526069641113,False,77,0.0,12.176987457275384,2
Jalen McMillan,WR,2026,1,2026,14,13,0.0,3.726953506469727,False,84,0.0,11.37394199371337,2
Jalen McMillan,WR,2026,1,2026,15,14,0.0,3.726180076599121,False,91,0.0,9.339359402656548,2
Jalen McMillan,WR,2026,1,2026,16,15,0.0,3.722946882247925,False,98,0.0,7.327440786361653,2
Jalen McMillan,WR,2026,1,2026,17,16,0.0,3.72807502746582,False,105,0.0,4.675899577140801,2
Jalen Nailor,WR,2026,1,2026,2,1,0.0,3.249582290649414,False,0,0.0,17.965342235565167,2
Jalen Nailor,WR,2026,1,2026,3,2,0.0,3.208664894104004,False,7,0.0,17.369977378845206,2
Jalen Nailor,WR,2026,1,2026,4,3,0.0,3.100965976715088,False,14,0.0,16.630195236206045,2
Jalen Nailor,WR,2026,1,2026,5,4,0.0,2.956492185592652,False,21,0.0,16.508044672012318,2
Jalen Nailor,WR,2026,1,2026,6,5,0.0,2.8556666374206543,False,28,0.0,15.79865925312042,2
Jalen Nailor,WR,2026,1,2026,7,6,0.0,2.7882189750671387,False,35,0.0,15.00491094589233,2
Jalen Nailor,WR,2026,1,2026,8,7,0.0,2.7431421279907227,False,42,0.0,14.356698226928708,2
Jalen Nailor,WR,2026,1,2026,9,8,0.0,2.7471323013305664,False,49,0.0,13.764059829711908,2
Jalen Nailor,WR,2026,1,2026,10,9,0.0,2.7568228244781494,False,56,0.0,12.66270127296445,2
Jalen Nailor,WR,2026,1,2026,11,10,0.0,2.7798540592193604,False,63,0.0,12.05082643032074,2
Jalen Nailor,WR,2026,1,2026,12,11,0.0,2.830214023590088,False,70,0.0,11.832858419418326,2
Jalen Nailor,WR,2026,1,2026,13,12,0.0,2.8855671882629395,False,77,0.0,11.332402038574212,2
Jalen Nailor,WR,2026,1,2026,14,13,0.0,2.930609703063965,False,84,0.0,10.577598190307608,2
Jalen Nailor,WR,2026,1,2026,15,14,0.0,2.969301223754883,False,91,0.0,8.58248054981231,2
Jalen Nailor,WR,2026,1,2026,16,15,0.0,3.003568410873413,False,98,0.0,6.608062314987142,2
Jalen Nailor,WR,2026,1,2026,17,16,0.0,3.0515408515930176,False,105,0.0,3.9993654012679984,2
Jalen Royals,WR,2026,1,2026,2,1,0.0,0.9009888172149658,False,0,0.0,15.61674876213072,2
Jalen Royals,WR,2026,1,2026,3,2,0.0,0.902696132659912,False,7,0.0,15.064008617401116,2
Jalen Royals,WR,2026,1,2026,4,3,0.0,0.9799128770828248,False,14,0.0,14.509142136573782,2
Jalen Royals,WR,2026,1,2026,5,4,0.0,0.9587199091911316,False,21,0.0,14.510272395610796,2
Jalen Royals,WR,2026,1,2026,6,5,0.0,0.8888038396835327,False,28,0.0,13.831796455383298,2
Jalen Royals,WR,2026,1,2026,7,6,0.0,0.8703831434249878,False,35,0.0,13.08707511425018,2
Jalen Royals,WR,2026,1,2026,8,7,0.0,0.844085693359375,False,42,0.0,12.45764179229736,2
Jalen Royals,WR,2026,1,2026,9,8,0.0,0.8788188099861145,False,49,0.0,11.895746338367456,2
Jalen Royals,WR,2026,1,2026,10,9,0.0,0.9067157506942748,False,56,0.0,10.812594199180577,2
Jalen Royals,WR,2026,1,2026,11,10,0.0,0.9311785697937012,False,63,0.0,10.20215094089508,2
Jalen Royals,WR,2026,1,2026,12,11,0.0,0.9783368110656738,False,70,0.0,9.980981206893912,2
Jalen Royals,WR,2026,1,2026,13,12,0.0,1.033167600631714,False,77,0.0,9.480002450942989,2
Jalen Royals,WR,2026,1,2026,14,13,0.0,1.0794538259506226,False,84,0.0,8.726442313194266,2
Jalen Royals,WR,2026,1,2026,15,14,0.0,1.126219391822815,False,91,0.0,6.739398717880243,2
Jalen Royals,WR,2026,1,2026,16,15,0.0,1.1726723909378052,False,98,0.0,4.777166295051534,2
Jalen Royals,WR,2026,1,2026,17,16,0.0,1.2273147106170654,False,105,0.0,2.1751392602920463,2
Jalen Tolbert,WR,2026,1,2026,2,1,0.0,4.37244987487793,False,0,0.0,19.088209819793683,2
Jalen Tolbert,WR,2026,1,2026,3,2,0.0,4.546865940093994,False,7,0.0,18.7081784248352,2
Jalen Tolbert,WR,2026,1,2026,4,3,0.0,4.655036926269531,False,14,0.0,18.18426618576049,2
Jalen Tolbert,WR,2026,1,2026,5,4,0.0,4.737907409667969,False,21,0.0,18.289459896087635,2
Jalen Tolbert,WR,2026,1,2026,6,5,0.0,4.845126628875732,False,28,0.0,17.788119244575498,2
Jalen Tolbert,WR,2026,1,2026,7,6,0.0,4.926226615905762,False,35,0.0,17.142918586730953,2
Jalen Tolbert,WR,2026,1,2026,8,7,0.0,4.96833610534668,False,42,0.0,16.581892204284664,2
Jalen Tolbert,WR,2026,1,2026,9,8,0.0,5.000220775604248,False,49,0.0,16.01714830398559,2
Jalen Tolbert,WR,2026,1,2026,10,9,0.0,4.991298675537109,False,56,0.0,14.89717712402341,2
Jalen Tolbert,WR,2026,1,2026,11,10,0.0,4.97930383682251,False,63,0.0,14.25027620792389,2
Jalen Tolbert,WR,2026,1,2026,12,11,0.0,4.969952583312988,False,70,0.0,13.972596979141226,2
Jalen Tolbert,WR,2026,1,2026,13,12,0.0,4.9475202560424805,False,77,0.0,13.394355106353752,2
Jalen Tolbert,WR,2026,1,2026,14,13,0.0,4.915187358856201,False,84,0.0,12.562175846099844,2
Jalen Tolbert,WR,2026,1,2026,15,14,0.0,4.882595062255859,False,91,0.0,10.495774388313286,2
Jalen Tolbert,WR,2026,1,2026,16,15,0.0,4.851584911346436,False,98,0.0,8.456078815460163,2
Jalen Tolbert,WR,2026,1,2026,17,16,0.0,4.830684661865234,False,105,0.0,5.778509211540215,2
James Cook,RB,2026,1,2026,2,1,0.0,14.29891300201416,False,0,3.200297546386718,29.014672946929917,2
James Cook,RB,2026,1,2026,3,2,0.0,14.456408500671388,False,7,0.7891142845153798,28.61772098541259,2
James Cook,RB,2026,1,2026,4,3,0.0,14.474751472473145,False,14,0.3471661567687985,28.003980731964106,2
James Cook,RB,2026,1,2026,5,4,0.0,14.319133758544922,False,21,0.0313795089721686,27.87068624496459,2
James Cook,RB,2026,1,2026,6,5,0.0,14.008773803710938,False,28,0.0,26.951766419410703,2
James Cook,RB,2026,1,2026,7,6,0.0,13.67344093322754,False,35,0.0,25.89013290405273,2
James Cook,RB,2026,1,2026,8,7,0.0,13.471333503723145,False,42,0.0,25.08488960266113,2
James Cook,RB,2026,1,2026,9,8,0.0,13.298237800598145,False,49,0.0,24.31516532897949,2
James Cook,RB,2026,1,2026,10,9,0.0,13.132211685180664,False,56,0.0,23.03809013366696,2
James Cook,RB,2026,1,2026,11,10,0.0,12.963607788085938,False,63,0.0,22.23458015918732,2
James Cook,RB,2026,1,2026,12,11,0.0,12.80318832397461,False,70,0.0,21.805832719802847,2
James Cook,RB,2026,1,2026,13,12,0.0,12.626550674438477,False,77,0.0,21.07338552474975,2
James Cook,RB,2026,1,2026,14,13,0.0,12.439290046691896,False,84,0.0,20.086278533935538,2
James Cook,RB,2026,1,2026,15,14,0.0,12.299575805664062,False,91,0.0,17.91275513172149,2
James Cook,RB,2026,1,2026,16,15,0.0,12.16139793395996,False,98,0.0,15.765891838073689,2
James Cook,RB,2026,1,2026,17,16,0.0,12.009540557861328,False,105,0.0,12.957365107536308,2
Jameson Williams,WR,2026,1,2026,2,1,0.0,16.342668533325195,False,0,5.244053077697753,31.05842847824095,2
Jameson Williams,WR,2026,1,2026,3,2,0.0,16.218915939331055,False,7,2.551621723175048,30.380228424072257,2
Jameson Williams,WR,2026,1,2026,4,3,0.0,16.496370315551758,False,14,2.368784999847412,30.025599575042715,2
Jameson Williams,WR,2026,1,2026,5,4,0.0,16.484682083129883,False,21,2.1969278335571296,30.03623456954955,2
Jameson Williams,WR,2026,1,2026,6,5,0.0,16.50751304626465,False,28,2.069062805175781,29.450505661964414,2
Jameson Williams,WR,2026,1,2026,7,6,0.0,16.50899887084961,False,35,1.9755976676940907,28.7256908416748,2
Jameson Williams,WR,2026,1,2026,8,7,0.0,16.509986877441406,False,42,1.9043341636657711,28.12354297637939,2
Jameson Williams,WR,2026,1,2026,9,8,0.0,16.469240188598633,False,49,1.8137919425964348,27.48616771697997,2
Jameson Williams,WR,2026,1,2026,10,9,0.0,16.423240661621094,False,56,1.7214236259460467,26.329119110107392,2
Jameson Williams,WR,2026,1,2026,11,10,0.0,16.377500534057617,False,63,1.612773609161378,25.648472905159,2
Jameson Williams,WR,2026,1,2026,12,11,0.0,16.318105697631836,False,70,1.506832027435303,25.320750093460077,2
Jameson Williams,WR,2026,1,2026,13,12,0.0,16.234281539916992,False,77,1.3914765357971195,24.681116390228265,2
Jameson Williams,WR,2026,1,2026,14,13,0.0,16.16141700744629,False,84,1.3088194847106926,23.80840549468993,2
Jameson Williams,WR,2026,1,2026,15,14,0.0,16.10506820678711,False,91,1.2217753410339365,21.718247532844536,2
Jameson Williams,WR,2026,1,2026,16,15,0.0,16.043581008911133,False,98,1.1645897865295414,19.64807491302486,2
Jameson Williams,WR,2026,1,2026,17,16,0.0,15.98005485534668,False,105,1.067363357543945,16.92787940502166,2
Jared Wayne,WR,2026,1,2026,2,1,0.0,3.3412628173828125,False,0,0.0,18.05702276229857,2
Jared Wayne,WR,2026,1,2026,3,2,0.0,3.3682258129119877,False,7,0.0,17.52953829765319,2
Jared Wayne,WR,2026,1,2026,4,3,0.0,3.426863193511963,False,14,0.0,16.95609245300292,2
Jared Wayne,WR,2026,1,2026,5,4,0.0,3.4660637378692627,False,21,0.0,17.01761622428893,2
Jared Wayne,WR,2026,1,2026,6,5,0.0,3.518392562866211,False,28,0.0,16.461385178565976,2
Jared Wayne,WR,2026,1,2026,7,6,0.0,3.577735662460327,False,35,0.0,15.79442763328552,2
Jared Wayne,WR,2026,1,2026,8,7,0.0,3.615872383117676,False,42,0.0,15.22942848205566,2
Jared Wayne,WR,2026,1,2026,9,8,0.0,3.691884279251098,False,49,0.0,14.70881180763244,2
Jared Wayne,WR,2026,1,2026,10,9,0.0,3.74164628982544,False,56,0.0,13.64752473831174,2
Jared Wayne,WR,2026,1,2026,11,10,0.0,3.790512561798096,False,63,0.0,13.061484932899477,2
Jared Wayne,WR,2026,1,2026,12,11,0.0,3.8441145420074463,False,70,0.0,12.846758937835684,2
Jared Wayne,WR,2026,1,2026,13,12,0.0,3.883707046508789,False,77,0.0,12.330541896820062,2
Jared Wayne,WR,2026,1,2026,14,13,0.0,3.898812532424927,False,84,0.0,11.54580101966857,2
Jared Wayne,WR,2026,1,2026,15,14,0.0,3.9010543823242183,False,91,0.0,9.514233708381646,2
Jared Wayne,WR,2026,1,2026,16,15,0.0,3.89858341217041,False,98,0.0,7.503077316284139,2
Jared Wayne,WR,2026,1,2026,17,16,0.0,3.9090092182159424,False,105,0.0,4.856833767890923,2
Jauan Jennings,WR,2026,1,2026,2,1,0.0,12.403366088867188,False,0,1.3047506332397454,27.11912603378294,2
Jauan Jennings,WR,2026,1,2026,3,2,0.0,12.467510223388672,False,7,0.0,26.628822708129874,2
Jauan Jennings,WR,2026,1,2026,4,3,0.0,12.513202667236328,False,14,0.0,26.04243192672729,2
Jauan Jennings,WR,2026,1,2026,5,4,0.0,12.674843788146973,False,21,0.0,26.22639627456664,2
Jauan Jennings,WR,2026,1,2026,6,5,0.0,12.65910530090332,False,28,0.0,25.60209791660309,2
Jauan Jennings,WR,2026,1,2026,7,6,0.0,12.539928436279297,False,35,0.0,24.75662040710449,2
Jauan Jennings,WR,2026,1,2026,8,7,0.0,12.446871757507324,False,42,0.0,24.06042785644531,2
Jauan Jennings,WR,2026,1,2026,9,8,0.0,12.289176940917969,False,49,0.0,23.30610446929931,2
Jauan Jennings,WR,2026,1,2026,10,9,0.0,12.087724685668944,False,56,0.0,21.993603134155244,2
Jauan Jennings,WR,2026,1,2026,11,10,0.0,11.88558578491211,False,63,0.0,21.15655815601349,2
Jauan Jennings,WR,2026,1,2026,12,11,0.0,11.705503463745115,False,70,0.0,20.708147859573355,2
Jauan Jennings,WR,2026,1,2026,13,12,0.0,11.51865005493164,False,77,0.0,19.965484905242917,2
Jauan Jennings,WR,2026,1,2026,14,13,0.0,11.335556030273438,False,84,0.0,18.98254451751708,2
Jauan Jennings,WR,2026,1,2026,15,14,0.0,11.204360961914062,False,91,0.0,16.81754028797149,2
Jauan Jennings,WR,2026,1,2026,16,15,0.0,11.09273624420166,False,98,0.0,14.697230148315388,2
Jauan Jennings,WR,2026,1,2026,17,16,0.0,10.96153450012207,False,105,0.0,11.90935904979705,2
Javonte Williams,RB,2026,1,2026,2,1,0.0,13.476804733276367,False,0,2.378189277648925,28.19256467819212,2
Javonte Williams,RB,2026,1,2026,3,2,0.0,13.65576171875,False,7,0.0,27.8170742034912,2
Javonte Williams,RB,2026,1,2026,4,3,0.0,13.490760803222656,False,14,0.0,27.01999006271361,2
Javonte Williams,RB,2026,1,2026,5,4,0.0,13.328369140625,False,21,0.0,26.879921627044663,2
Javonte Williams,RB,2026,1,2026,6,5,0.0,13.029037475585938,False,28,0.0,25.972030091285703,2
Javonte Williams,RB,2026,1,2026,7,6,0.0,12.581274032592772,False,35,0.0,24.797966003417965,2
Javonte Williams,RB,2026,1,2026,8,7,0.0,12.226177215576172,False,42,0.0,23.83973331451416,2
Javonte Williams,RB,2026,1,2026,9,8,0.0,11.880008697509766,False,49,0.0,22.896936225891107,2
Javonte Williams,RB,2026,1,2026,10,9,0.0,11.564809799194336,False,56,0.0,21.470688247680638,2
Javonte Williams,RB,2026,1,2026,11,10,0.0,11.25489902496338,False,63,0.0,20.52587139606476,2
Javonte Williams,RB,2026,1,2026,12,11,0.0,10.96452522277832,False,70,0.0,19.96716961860656,2
Javonte Williams,RB,2026,1,2026,13,12,0.0,10.679031372070312,False,77,0.0,19.125866222381585,2
Javonte Williams,RB,2026,1,2026,14,13,0.0,10.412834167480469,False,84,0.0,18.059822654724112,2
Javonte Williams,RB,2026,1,2026,15,14,0.0,10.220758438110352,False,91,0.0,15.83393776416778,2
Javonte Williams,RB,2026,1,2026,16,15,0.0,10.04906940460205,False,98,0.0,13.653563308715778,2
Javonte Williams,RB,2026,1,2026,17,16,0.0,9.861995697021484,False,105,0.0,10.809820246696464,2
Jaxon Smith-Njigba,WR,2026,1,2026,2,1,0.0,18.017911911010746,False,0,6.9192964553833,32.733671855926495,2
Jaxon Smith-Njigba,WR,2026,1,2026,3,2,0.0,18.93399429321289,False,7,5.266700077056884,33.09530677795409,2
Jaxon Smith-Njigba,WR,2026,1,2026,4,3,0.0,19.21021842956543,False,14,5.082633113861084,32.73944768905639,2
Jaxon Smith-Njigba,WR,2026,1,2026,5,4,0.0,19.32571792602539,False,21,5.037963676452637,32.87727041244506,2
Jaxon Smith-Njigba,WR,2026,1,2026,6,5,0.0,19.47738075256348,False,28,5.038930511474609,32.42037336826324,2
Jaxon Smith-Njigba,WR,2026,1,2026,7,6,0.0,19.53230857849121,False,35,4.998907375335692,31.749000549316403,2
Jaxon Smith-Njigba,WR,2026,1,2026,8,7,0.0,19.557958602905277,False,42,4.952305889129638,31.171514701843257,2
Jaxon Smith-Njigba,WR,2026,1,2026,9,8,0.0,19.5144100189209,False,49,4.8589617729187005,30.53133754730224,2
Jaxon Smith-Njigba,WR,2026,1,2026,10,9,0.0,19.47251510620117,False,56,4.770698070526125,29.37839355468747,2
Jaxon Smith-Njigba,WR,2026,1,2026,11,10,0.0,19.43041229248047,False,63,4.66568536758423,28.701384663581848,2
Jaxon Smith-Njigba,WR,2026,1,2026,12,11,0.0,19.34864997863769,False,70,4.5373763084411625,28.351294374465933,2
Jaxon Smith-Njigba,WR,2026,1,2026,13,12,0.0,19.23954391479492,False,77,4.396738910675049,27.686378765106195,2
Jaxon Smith-Njigba,WR,2026,1,2026,14,13,0.0,19.148727416992188,False,84,4.296129894256591,26.79571590423583,2
Jaxon Smith-Njigba,WR,2026,1,2026,15,14,0.0,19.07131576538086,False,91,4.188022899627686,24.684495091438286,2
Jaxon Smith-Njigba,WR,2026,1,2026,16,15,0.0,18.974443435668945,False,98,4.095452213287354,22.578937339782676,2
Jaxon Smith-Njigba,WR,2026,1,2026,17,16,0.0,18.86697578430176,False,105,3.954284286499023,19.814800333976734,2
Jayden Reed,WR,2026,1,2026,2,1,0.0,7.536899089813232,False,0,0.0,22.252659034728985,2
Jayden Reed,WR,2026,1,2026,3,2,0.0,7.631687164306641,False,7,0.0,21.792999649047843,2
Jayden Reed,WR,2026,1,2026,4,3,0.0,7.603969573974609,False,14,0.0,21.133198833465567,2
Jayden Reed,WR,2026,1,2026,5,4,0.0,7.572822093963623,False,21,0.0,21.12437458038329,2
Jayden Reed,WR,2026,1,2026,6,5,0.0,7.494063377380371,False,28,0.0,20.437055993080136,2
Jayden Reed,WR,2026,1,2026,7,6,0.0,7.34267520904541,False,35,0.0,19.5593671798706,2
Jayden Reed,WR,2026,1,2026,8,7,0.0,7.213649272918701,False,42,0.0,18.827205371856685,2
Jayden Reed,WR,2026,1,2026,9,8,0.0,6.9881591796875,False,49,0.0,18.00508670806884,2
Jayden Reed,WR,2026,1,2026,10,9,0.0,6.69464921951294,False,56,0.0,16.600527667999238,2
Jayden Reed,WR,2026,1,2026,11,10,0.0,6.417413234710693,False,63,0.0,15.688385605812073,2
Jayden Reed,WR,2026,1,2026,12,11,0.0,6.214890956878662,False,70,0.0,15.2175353527069,2
Jayden Reed,WR,2026,1,2026,13,12,0.0,6.061627864837647,False,77,0.0,14.50846271514892,2
Jayden Reed,WR,2026,1,2026,14,13,0.0,5.959259510040283,False,84,0.0,13.606247997283926,2
Jayden Reed,WR,2026,1,2026,15,14,0.0,5.890410423278809,False,91,0.0,11.503589749336236,2
Jayden Reed,WR,2026,1,2026,16,15,0.0,5.838220596313477,False,98,0.0,9.442714500427204,2
Jayden Reed,WR,2026,1,2026,17,16,0.0,5.784826755523682,False,105,0.0,6.732651305198663,2
Jaylen Waddle,WR,2026,1,2026,2,1,0.0,12.456613540649414,False,0,1.357998085021972,27.172373485565167,2
Jaylen Waddle,WR,2026,1,2026,3,2,0.0,12.61461067199707,False,7,0.0,26.775923156738276,2
Jaylen Waddle,WR,2026,1,2026,4,3,0.0,12.814690589904783,False,14,0.0,26.343919849395743,2
Jaylen Waddle,WR,2026,1,2026,5,4,0.0,13.09268283843994,False,21,0.0,26.644235324859608,2
Jaylen Waddle,WR,2026,1,2026,6,5,0.0,13.253944396972656,False,28,0.0,26.19693701267242,2
Jaylen Waddle,WR,2026,1,2026,7,6,0.0,13.393747329711914,False,35,0.0,25.610439300537102,2
Jaylen Waddle,WR,2026,1,2026,8,7,0.0,13.503177642822266,False,42,0.0,25.11673374176025,2
Jaylen Waddle,WR,2026,1,2026,9,8,0.0,13.49610996246338,False,49,0.0,24.51303749084472,2
Jaylen Waddle,WR,2026,1,2026,10,9,0.0,13.419987678527832,False,56,0.0,23.32586612701413,2
Jaylen Waddle,WR,2026,1,2026,11,10,0.0,13.3307466506958,False,63,0.0,22.60171902179718,2
Jaylen Waddle,WR,2026,1,2026,12,11,0.0,13.234021186828612,False,70,0.0,22.23666558265685,2
Jaylen Waddle,WR,2026,1,2026,13,12,0.0,13.12925148010254,False,77,0.0,21.57608633041381,2
Jaylen Waddle,WR,2026,1,2026,14,13,0.0,13.035806655883787,False,84,0.0,20.682795143127432,2
Jaylen Waddle,WR,2026,1,2026,15,14,0.0,12.967832565307615,False,91,0.0,18.581011891365044,2
Jaylen Waddle,WR,2026,1,2026,16,15,0.0,12.88983154296875,False,98,0.0,16.494325447082478,2
Jaylen Waddle,WR,2026,1,2026,17,16,0.0,12.792423248291016,False,105,0.0,13.740247797965996,2
Jaylen Warren,RB,2026,1,2026,2,1,0.0,14.334762573242188,False,0,3.2361471176147454,29.05052251815794,2
Jaylen Warren,RB,2026,1,2026,3,2,0.0,14.577570915222168,False,7,0.910276699066161,28.73888339996337,2
Jaylen Warren,RB,2026,1,2026,4,3,0.0,14.500103950500488,False,14,0.3725186347961422,28.02933320999145,2
Jaylen Warren,RB,2026,1,2026,5,4,0.0,14.206231117248535,False,21,0.0,27.7577836036682,2
Jaylen Warren,RB,2026,1,2026,6,5,0.0,13.84317684173584,False,28,0.0,26.786169457435605,2
Jaylen Warren,RB,2026,1,2026,7,6,0.0,13.43178653717041,False,35,0.0,25.6484785079956,2
Jaylen Warren,RB,2026,1,2026,8,7,0.0,13.149555206298828,False,42,0.0,24.76311130523681,2
Jaylen Warren,RB,2026,1,2026,9,8,0.0,12.905231475830078,False,49,0.0,23.92215900421142,2
Jaylen Warren,RB,2026,1,2026,10,9,0.0,12.697918891906738,False,56,0.0,22.60379734039304,2
Jaylen Warren,RB,2026,1,2026,11,10,0.0,12.494482040405272,False,63,0.0,21.765454411506653,2
Jaylen Warren,RB,2026,1,2026,12,11,0.0,12.318096160888672,False,70,0.0,21.32074055671691,2
Jaylen Warren,RB,2026,1,2026,13,12,0.0,12.150423049926758,False,77,0.0,20.59725790023803,2
Jaylen Warren,RB,2026,1,2026,14,13,0.0,11.995203971862791,False,84,0.0,19.64219245910644,2
Jaylen Warren,RB,2026,1,2026,15,14,0.0,11.886030197143556,False,91,0.0,17.49920952320098,2
Jaylen Warren,RB,2026,1,2026,16,15,0.0,11.774824142456056,False,98,0.0,15.379318046569782,2
Jaylen Warren,RB,2026,1,2026,17,16,0.0,11.64632797241211,False,105,0.0,12.59415252208709,2
Jaylen Wright,RB,2026,1,2026,2,1,0.0,4.378161907196045,False,0,0.0,19.0939218521118,2
Jaylen Wright,RB,2026,1,2026,3,2,0.0,4.502513408660889,False,7,0.0,18.66382589340209,2
Jaylen Wright,RB,2026,1,2026,4,3,0.0,4.4868597984313965,False,14,0.0,18.016089057922358,2
Jaylen Wright,RB,2026,1,2026,5,4,0.0,4.358022689819336,False,21,0.0,17.909575176239002,2
Jaylen Wright,RB,2026,1,2026,6,5,0.0,4.222909927368164,False,28,0.0,17.16590254306793,2
Jaylen Wright,RB,2026,1,2026,7,6,0.0,4.071836471557617,False,35,0.0,16.28852844238281,2
Jaylen Wright,RB,2026,1,2026,8,7,0.0,3.9331092834472656,False,42,0.0,15.54666538238525,2
Jaylen Wright,RB,2026,1,2026,9,8,0.0,3.780571699142456,False,49,0.0,14.797499227523796,2
Jaylen Wright,RB,2026,1,2026,10,9,0.0,3.618462324142456,False,56,0.0,13.524340772628756,2
Jaylen Wright,RB,2026,1,2026,11,10,0.0,3.483436346054077,False,63,0.0,12.754408717155457,2
Jaylen Wright,RB,2026,1,2026,12,11,0.0,3.410831451416016,False,70,0.0,12.413475847244252,2
Jaylen Wright,RB,2026,1,2026,13,12,0.0,3.371245622634888,False,77,0.0,11.81808047294616,2
Jaylen Wright,RB,2026,1,2026,14,13,0.0,3.344881534576416,False,84,0.0,10.99187002182006,2
Jaylen Wright,RB,2026,1,2026,15,14,0.0,3.341114997863769,False,91,0.0,8.954294323921197,2
Jaylen Wright,RB,2026,1,2026,16,15,0.0,3.3511948585510254,False,98,0.0,6.955688762664754,2
Jaylen Wright,RB,2026,1,2026,17,16,0.0,3.386146068572998,False,105,0.0,4.333970618247979,2
Jaylin Lane,WR,2026,1,2026,2,1,0.0,4.448318004608154,False,0,0.0,19.164077949523907,2
Jaylin Lane,WR,2026,1,2026,3,2,0.0,4.602453708648682,False,7,0.0,18.763766193389884,2
Jaylin Lane,WR,2026,1,2026,4,3,0.0,4.78351640701294,False,14,0.0,18.312745666503897,2
Jaylin Lane,WR,2026,1,2026,5,4,0.0,4.874408721923828,False,21,0.0,18.42596120834349,2
Jaylin Lane,WR,2026,1,2026,6,5,0.0,4.987226963043213,False,28,0.0,17.930219578742978,2
Jaylin Lane,WR,2026,1,2026,7,6,0.0,5.149747848510742,False,35,0.0,17.366439819335934,2
Jaylin Lane,WR,2026,1,2026,8,7,0.0,5.358283042907715,False,42,0.0,16.9718391418457,2
Jaylin Lane,WR,2026,1,2026,9,8,0.0,5.634766101837158,False,49,0.0,16.6516936302185,2
Jaylin Lane,WR,2026,1,2026,10,9,0.0,5.917335510253906,False,56,0.0,15.823213958740206,2
Jaylin Lane,WR,2026,1,2026,11,10,0.0,6.243893146514893,False,63,0.0,15.514865517616272,2
Jaylin Lane,WR,2026,1,2026,12,11,0.0,6.568120002746582,False,70,0.0,15.57076439857482,2
Jaylin Lane,WR,2026,1,2026,13,12,0.0,6.847005367279053,False,77,0.0,15.293840217590326,2
Jaylin Lane,WR,2026,1,2026,14,13,0.0,7.065246105194092,False,84,0.0,14.712234592437737,2
Jaylin Lane,WR,2026,1,2026,15,14,0.0,7.172895431518555,False,91,0.0,12.786074757575982,2
Jaylin Lane,WR,2026,1,2026,16,15,0.0,7.206599235534668,False,98,0.0,10.811093139648396,2
Jaylin Lane,WR,2026,1,2026,17,16,0.0,7.179556846618652,False,105,0.0,8.127381396293632,2
Jaylin Noel,WR,2026,1,2026,2,1,0.0,5.770442962646484,False,0,0.0,20.48620290756224,2
Jaylin Noel,WR,2026,1,2026,3,2,0.0,5.863685131072998,False,7,0.0,20.0249976158142,2
Jaylin Noel,WR,2026,1,2026,4,3,0.0,5.784012794494629,False,14,0.0,19.313242053985583,2
Jaylin Noel,WR,2026,1,2026,5,4,0.0,5.64007568359375,False,21,0.0,19.191628170013416,2
Jaylin Noel,WR,2026,1,2026,6,5,0.0,5.504878044128418,False,28,0.0,18.447870659828183,2
Jaylin Noel,WR,2026,1,2026,7,6,0.0,5.317673683166504,False,35,0.0,17.534365653991696,2
Jaylin Noel,WR,2026,1,2026,8,7,0.0,5.127447128295898,False,42,0.0,16.741003227233882,2
Jaylin Noel,WR,2026,1,2026,9,8,0.0,4.862670421600342,False,49,0.0,15.879597949981685,2
Jaylin Noel,WR,2026,1,2026,10,9,0.0,4.55499267578125,False,56,0.0,14.46087112426755,2
Jaylin Noel,WR,2026,1,2026,11,10,0.0,4.255521297454834,False,63,0.0,13.526493668556212,2
Jaylin Noel,WR,2026,1,2026,12,11,0.0,4.056162357330322,False,70,0.0,13.05880675315856,2
Jaylin Noel,WR,2026,1,2026,13,12,0.0,3.9230260848999023,False,77,0.0,12.369860935211175,2
Jaylin Noel,WR,2026,1,2026,14,13,0.0,3.838207721710205,False,84,0.0,11.485196208953848,2
Jaylin Noel,WR,2026,1,2026,15,14,0.0,3.786116123199463,False,91,0.0,9.39929544925689,2
Jaylin Noel,WR,2026,1,2026,16,15,0.0,3.758489608764648,False,98,0.0,7.362983512878377,2
Jaylin Noel,WR,2026,1,2026,17,16,0.0,3.754072904586792,False,105,0.0,4.701897454261773,2
Jeremiyah Love,RB,2026,1,2026,2,1,0.0,1.77453351020813,False,0,0.0,16.490293455123883,2
Jeremiyah Love,RB,2026,1,2026,3,2,0.0,1.6786344051361084,False,7,0.0,15.839946889877313,2
Jeremiyah Love,RB,2026,1,2026,4,3,0.0,1.6951004266738892,False,14,0.0,15.224329686164848,2
Jeremiyah Love,RB,2026,1,2026,5,4,0.0,1.6628718376159668,False,21,0.0,15.214424324035631,2
Jeremiyah Love,RB,2026,1,2026,6,5,0.0,1.6397209167480469,False,28,0.0,14.582713532447812,2
Jeremiyah Love,RB,2026,1,2026,7,6,0.0,1.6847325563430786,False,35,0.0,13.90142452716827,2
Jeremiyah Love,RB,2026,1,2026,8,7,0.0,1.7251625061035156,False,42,0.0,13.3387186050415,2
Jeremiyah Love,RB,2026,1,2026,9,8,0.0,1.847153902053833,False,49,0.0,12.864081430435174,2
Jeremiyah Love,RB,2026,1,2026,10,9,0.0,1.9679869413375852,False,56,0.0,11.873865389823886,2
Jeremiyah Love,RB,2026,1,2026,11,10,0.0,2.096479892730713,False,63,0.0,11.367452263832092,2
Jeremiyah Love,RB,2026,1,2026,12,11,0.0,2.247175693511963,False,70,0.0,11.2498200893402,2
Jeremiyah Love,RB,2026,1,2026,13,12,0.0,2.3950910568237305,False,77,0.0,10.841925907135003,2
Jeremiyah Love,RB,2026,1,2026,14,13,0.0,2.526573419570923,False,84,0.0,10.173561906814566,2
Jeremiyah Love,RB,2026,1,2026,15,14,0.0,2.609934091567993,False,91,0.0,8.22311341762542,2
Jeremiyah Love,RB,2026,1,2026,16,15,0.0,2.669494390487671,False,98,0.0,6.273988294601399,2
Jeremiyah Love,RB,2026,1,2026,17,16,0.0,2.721832036972046,False,105,0.0,3.6696565866470263,2
Jerry Jeudy,WR,2026,1,2026,2,1,0.0,9.474425315856934,False,0,0.0,24.190185260772687,2
Jerry Jeudy,WR,2026,1,2026,3,2,0.0,9.264772415161133,False,7,0.0,23.42608489990233,2
Jerry Jeudy,WR,2026,1,2026,4,3,0.0,9.02746295928955,False,14,0.0,22.55669221878051,2
Jerry Jeudy,WR,2026,1,2026,5,4,0.0,8.860893249511719,False,21,0.0,22.412445735931385,2
Jerry Jeudy,WR,2026,1,2026,6,5,0.0,8.604774475097656,False,28,0.0,21.54776709079742,2
Jerry Jeudy,WR,2026,1,2026,7,6,0.0,8.253498077392578,False,35,0.0,20.47019004821777,2
Jerry Jeudy,WR,2026,1,2026,8,7,0.0,8.000799179077148,False,42,0.0,19.61435527801513,2
Jerry Jeudy,WR,2026,1,2026,9,8,0.0,7.702861309051514,False,49,0.0,18.71978883743285,2
Jerry Jeudy,WR,2026,1,2026,10,9,0.0,7.365901470184326,False,56,0.0,17.271779918670624,2
Jerry Jeudy,WR,2026,1,2026,11,10,0.0,7.038127422332764,False,63,0.0,16.309099793434143,2
Jerry Jeudy,WR,2026,1,2026,12,11,0.0,6.756605625152588,False,70,0.0,15.759250020980826,2
Jerry Jeudy,WR,2026,1,2026,13,12,0.0,6.529331684112549,False,77,0.0,14.976166534423822,2
Jerry Jeudy,WR,2026,1,2026,14,13,0.0,6.359519481658936,False,84,0.0,14.00650796890258,2
Jerry Jeudy,WR,2026,1,2026,15,14,0.0,6.270952701568604,False,91,0.0,11.88413202762603,2
Jerry Jeudy,WR,2026,1,2026,16,15,0.0,6.222864627838135,False,98,0.0,9.827358531951862,2
Jerry Jeudy,WR,2026,1,2026,17,16,0.0,6.184302806854248,False,105,0.0,7.132127356529229,2
Jimmy Horn Jr.,WR,2026,1,2026,2,1,0.0,1.5232162475585938,False,0,0.0,16.238976192474347,2
Jimmy Horn Jr.,WR,2026,1,2026,3,2,0.0,1.597480297088623,False,7,0.0,15.758792781829827,2
Jimmy Horn Jr.,WR,2026,1,2026,4,3,0.0,1.6631274223327637,False,14,0.0,15.19235668182372,2
Jimmy Horn Jr.,WR,2026,1,2026,5,4,0.0,1.6333626508712769,False,21,0.0,15.18491513729094,2
Jimmy Horn Jr.,WR,2026,1,2026,6,5,0.0,1.562154769897461,False,28,0.0,14.505147385597226,2
Jimmy Horn Jr.,WR,2026,1,2026,7,6,0.0,1.521507978439331,False,35,0.0,13.738199949264525,2
Jimmy Horn Jr.,WR,2026,1,2026,8,7,0.0,1.4737563133239746,False,42,0.0,13.08731241226196,2
Jimmy Horn Jr.,WR,2026,1,2026,9,8,0.0,1.4736559391021729,False,49,0.0,12.490583467483514,2
Jimmy Horn Jr.,WR,2026,1,2026,10,9,0.0,1.4641189575195312,False,56,0.0,11.369997406005831,2
Jimmy Horn Jr.,WR,2026,1,2026,11,10,0.0,1.451488018035889,False,63,0.0,10.722460389137268,2
Jimmy Horn Jr.,WR,2026,1,2026,12,11,0.0,1.4657012224197388,False,70,0.0,10.468345618247977,2
Jimmy Horn Jr.,WR,2026,1,2026,13,12,0.0,1.4941563606262207,False,77,0.0,9.940991210937494,2
Jimmy Horn Jr.,WR,2026,1,2026,14,13,0.0,1.5207841396331787,False,84,0.0,9.167772626876822,2
Jimmy Horn Jr.,WR,2026,1,2026,15,14,0.0,1.558294653892517,False,91,0.0,7.171473979949945,2
Jimmy Horn Jr.,WR,2026,1,2026,16,15,0.0,1.6023297309875488,False,98,0.0,5.206823635101277,2
Jimmy Horn Jr.,WR,2026,1,2026,17,16,0.0,1.6595783233642578,False,105,0.0,2.6074028730392387,2
John Metchie III,WR,2026,1,2026,2,1,0.0,6.362159729003906,False,0,0.0,21.07791967391966,2
John Metchie III,WR,2026,1,2026,3,2,0.0,6.329965591430664,False,7,0.0,20.491278076171863,2
John Metchie III,WR,2026,1,2026,4,3,0.0,6.170609951019287,False,14,0.0,19.699839210510245,2
John Metchie III,WR,2026,1,2026,5,4,0.0,5.995964527130127,False,21,0.0,19.547517013549797,2
John Metchie III,WR,2026,1,2026,6,5,0.0,5.842323303222656,False,28,0.0,18.78531591892242,2
John Metchie III,WR,2026,1,2026,7,6,0.0,5.644590377807617,False,35,0.0,17.86128234863281,2
John Metchie III,WR,2026,1,2026,8,7,0.0,5.449045181274414,False,42,0.0,17.062601280212398,2
John Metchie III,WR,2026,1,2026,9,8,0.0,5.175107955932617,False,49,0.0,16.19203548431396,2
John Metchie III,WR,2026,1,2026,10,9,0.0,4.877465724945068,False,56,0.0,14.783344173431368,2
John Metchie III,WR,2026,1,2026,11,10,0.0,4.610753059387207,False,63,0.0,13.881725430488586,2
John Metchie III,WR,2026,1,2026,12,11,0.0,4.420165538787842,False,70,0.0,13.42280993461608,2
John Metchie III,WR,2026,1,2026,13,12,0.0,4.279679298400879,False,77,0.0,12.726514148712152,2
John Metchie III,WR,2026,1,2026,14,13,0.0,4.188003063201904,False,84,0.0,11.834991550445547,2
John Metchie III,WR,2026,1,2026,15,14,0.0,4.139286041259766,False,91,0.0,9.752465367317193,2
John Metchie III,WR,2026,1,2026,16,15,0.0,4.122989654541016,False,98,0.0,7.727483558654744,2
John Metchie III,WR,2026,1,2026,17,16,0.0,4.130820274353027,False,105,0.0,5.078644824028008,2
Jonah Coleman,RB,2026,1,2026,2,1,0.0,1.4043874740600586,False,0,0.0,16.12014741897581,2
Jonah Coleman,RB,2026,1,2026,3,2,0.0,1.3779737949371338,False,7,0.0,15.539286279678338,2
Jonah Coleman,RB,2026,1,2026,4,3,0.0,1.4334338903427124,False,14,0.0,14.96266314983367,2
Jonah Coleman,RB,2026,1,2026,5,4,0.0,1.4196325540542605,False,21,0.0,14.971185040473925,2
Jonah Coleman,RB,2026,1,2026,6,5,0.0,1.3821574449539185,False,28,0.0,14.325150060653684,2
Jonah Coleman,RB,2026,1,2026,7,6,0.0,1.400993585586548,False,35,0.0,13.61768555641174,2
Jonah Coleman,RB,2026,1,2026,8,7,0.0,1.409820795059204,False,42,0.0,13.023376893997188,2
Jonah Coleman,RB,2026,1,2026,9,8,0.0,1.4906830787658691,False,49,0.0,12.50761060714721,2
Jonah Coleman,RB,2026,1,2026,10,9,0.0,1.5690183639526367,False,56,0.0,11.474896812438937,2
Jonah Coleman,RB,2026,1,2026,11,10,0.0,1.6500098705291748,False,63,0.0,10.920982241630554,2
Jonah Coleman,RB,2026,1,2026,12,11,0.0,1.7557275295257568,False,70,0.0,10.758371925353996,2
Jonah Coleman,RB,2026,1,2026,13,12,0.0,1.859816312789917,False,77,0.0,10.30665116310119,2
Jonah Coleman,RB,2026,1,2026,14,13,0.0,1.94756293296814,False,84,0.0,9.594551420211785,2
Jonah Coleman,RB,2026,1,2026,15,14,0.0,2.011298894882202,False,91,0.0,7.62447822093963,2
Jonah Coleman,RB,2026,1,2026,16,15,0.0,2.0661017894744877,False,98,0.0,5.670595693588216,2
Jonah Coleman,RB,2026,1,2026,17,16,0.0,2.126859426498413,False,105,0.0,3.074683976173394,2
Jonathan Mingo,WR,2026,1,2026,2,1,0.0,1.8869333267211916,False,0,0.0,16.602693271636944,2
Jonathan Mingo,WR,2026,1,2026,3,2,0.0,1.9341943264007568,False,7,0.0,16.09550681114196,2
Jonathan Mingo,WR,2026,1,2026,4,3,0.0,2.0818400382995605,False,14,0.0,15.611069297790518,2
Jonathan Mingo,WR,2026,1,2026,5,4,0.0,2.140876531600952,False,21,0.0,15.692429018020617,2
Jonathan Mingo,WR,2026,1,2026,6,5,0.0,2.1661524772644043,False,28,0.0,15.10914509296417,2
Jonathan Mingo,WR,2026,1,2026,7,6,0.0,2.2247602939605717,False,35,0.0,14.441452264785765,2
Jonathan Mingo,WR,2026,1,2026,8,7,0.0,2.259063243865967,False,42,0.0,13.87261934280395,2
Jonathan Mingo,WR,2026,1,2026,9,8,0.0,2.353728771209717,False,49,0.0,13.370656299591058,2
Jonathan Mingo,WR,2026,1,2026,10,9,0.0,2.4342269897460938,False,56,0.0,12.340105438232394,2
Jonathan Mingo,WR,2026,1,2026,11,10,0.0,2.515484094619751,False,63,0.0,11.78645646572113,2
Jonathan Mingo,WR,2026,1,2026,12,11,0.0,2.6144161224365234,False,70,0.0,11.61706051826476,2
Jonathan Mingo,WR,2026,1,2026,13,12,0.0,2.707311153411865,False,77,0.0,11.154146003723138,2
Jonathan Mingo,WR,2026,1,2026,14,13,0.0,2.778682231903076,False,84,0.0,10.42567071914672,2
Jonathan Mingo,WR,2026,1,2026,15,14,0.0,2.8293986320495605,False,91,0.0,8.442577958106988,2
Jonathan Mingo,WR,2026,1,2026,16,15,0.0,2.870230197906494,False,98,0.0,6.474724102020223,2
Jonathan Mingo,WR,2026,1,2026,17,16,0.0,2.9206790924072266,False,105,0.0,3.868503642082208,2
Jonathan Taylor,RB,2026,1,2026,2,1,0.0,15.60604476928711,False,0,4.507429313659667,30.321804714202862,2
Jonathan Taylor,RB,2026,1,2026,3,2,0.0,15.294075012207031,False,7,1.6267807960510243,29.455387496948237,2
Jonathan Taylor,RB,2026,1,2026,4,3,0.0,15.45676326751709,False,14,1.3291779518127438,28.985992527008047,2
Jonathan Taylor,RB,2026,1,2026,5,4,0.0,15.56057357788086,False,21,1.2728193283081062,29.11212606430053,2
Jonathan Taylor,RB,2026,1,2026,6,5,0.0,15.685713768005373,False,28,1.2472635269165036,28.628706383705136,2
Jonathan Taylor,RB,2026,1,2026,7,6,0.0,15.722749710083008,False,35,1.1893485069274892,27.9394416809082,2
Jonathan Taylor,RB,2026,1,2026,8,7,0.0,15.729266166687012,False,42,1.1236134529113766,27.342822265625,2
Jonathan Taylor,RB,2026,1,2026,9,8,0.0,15.714492797851562,False,49,1.0590445518493643,26.731420326232904,2
Jonathan Taylor,RB,2026,1,2026,10,9,0.0,15.679604530334473,False,56,0.9777874946594256,25.58548297882077,2
Jonathan Taylor,RB,2026,1,2026,11,10,0.0,15.644977569580078,False,63,0.880250644683839,24.915949940681458,2
Jonathan Taylor,RB,2026,1,2026,12,11,0.0,15.598644256591797,False,70,0.787370586395264,24.601288652420035,2
Jonathan Taylor,RB,2026,1,2026,13,12,0.0,15.535558700561523,False,77,0.6927536964416507,23.9823935508728,2
Jonathan Taylor,RB,2026,1,2026,14,13,0.0,15.478143692016602,False,84,0.6255461692810051,23.125132179260245,2
Jonathan Taylor,RB,2026,1,2026,15,14,0.0,15.436378479003906,False,91,0.5530856132507331,21.049557805061333,2
Jonathan Taylor,RB,2026,1,2026,16,15,0.0,15.377202987670898,False,98,0.498211765289307,18.981696891784622,2
Jonathan Taylor,RB,2026,1,2026,17,16,0.0,15.318016052246094,False,105,0.405324554443359,16.265840601921074,2
Jonathon Brooks,RB,2026,1,2026,2,1,0.0,3.19355583190918,False,0,0.0,17.909315776824933,2
Jonathon Brooks,RB,2026,1,2026,3,2,0.0,3.302360773086548,False,7,0.0,17.46367325782775,2
Jonathon Brooks,RB,2026,1,2026,4,3,0.0,3.3684544563293457,False,14,0.0,16.897683715820303,2
Jonathon Brooks,RB,2026,1,2026,5,4,0.0,3.3719944953918457,False,21,0.0,16.923546981811512,2
Jonathon Brooks,RB,2026,1,2026,6,5,0.0,3.3556971549987797,False,28,0.0,16.298689770698545,2
Jonathon Brooks,RB,2026,1,2026,7,6,0.0,3.321321964263916,False,35,0.0,15.538013935089108,2
Jonathon Brooks,RB,2026,1,2026,8,7,0.0,3.263597249984741,False,42,0.0,14.877153348922723,2
Jonathon Brooks,RB,2026,1,2026,9,8,0.0,3.230203151702881,False,49,0.0,14.247130680084222,2
Jonathon Brooks,RB,2026,1,2026,10,9,0.0,3.180023431777954,False,56,0.0,13.085901880264254,2
Jonathon Brooks,RB,2026,1,2026,11,10,0.0,3.12935471534729,False,63,0.0,12.40032708644867,2
Jonathon Brooks,RB,2026,1,2026,12,11,0.0,3.105173349380493,False,70,0.0,12.107817745208733,2
Jonathon Brooks,RB,2026,1,2026,13,12,0.0,3.0912342071533203,False,77,0.0,11.538069057464591,2
Jonathon Brooks,RB,2026,1,2026,14,13,0.0,3.077251434326172,False,84,0.0,10.724239921569817,2
Jonathon Brooks,RB,2026,1,2026,15,14,0.0,3.077340602874756,False,91,0.0,8.690519928932183,2
Jonathon Brooks,RB,2026,1,2026,16,15,0.0,3.090456008911133,False,98,0.0,6.694949913024861,2
Jonathon Brooks,RB,2026,1,2026,17,16,0.0,3.1254053115844727,False,105,0.0,4.0732298612594535,2
Jordan Addison,WR,2026,1,2026,2,1,0.0,13.50698471069336,False,0,2.4083692550659173,28.222744655609112,2
Jordan Addison,WR,2026,1,2026,3,2,0.0,13.79639720916748,False,7,0.1291029930114735,27.957709693908683,2
Jordan Addison,WR,2026,1,2026,4,3,0.0,13.721399307250977,False,14,0.0,27.25062856674193,2
Jordan Addison,WR,2026,1,2026,5,4,0.0,13.525161743164062,False,21,0.0,27.07671422958373,2
Jordan Addison,WR,2026,1,2026,6,5,0.0,13.2017822265625,False,28,0.0,26.144774842262265,2
Jordan Addison,WR,2026,1,2026,7,6,0.0,12.759526252746582,False,35,0.0,24.97621822357177,2
Jordan Addison,WR,2026,1,2026,8,7,0.0,12.37912654876709,False,42,0.0,23.992682647705077,2
Jordan Addison,WR,2026,1,2026,9,8,0.0,11.908589363098145,False,49,0.0,22.92551689147949,2
Jordan Addison,WR,2026,1,2026,10,9,0.0,11.471755027770996,False,56,0.0,21.37763347625729,2
Jordan Addison,WR,2026,1,2026,11,10,0.0,11.09424877166748,False,63,0.0,20.36522114276886,2
Jordan Addison,WR,2026,1,2026,12,11,0.0,10.786141395568848,False,70,0.0,19.788785791397085,2
Jordan Addison,WR,2026,1,2026,13,12,0.0,10.483116149902344,False,77,0.0,18.929951000213617,2
Jordan Addison,WR,2026,1,2026,14,13,0.0,10.193199157714844,False,84,0.0,17.840187644958487,2
Jordan Addison,WR,2026,1,2026,15,14,0.0,9.99464225769043,False,91,0.0,15.607821583747857,2
Jordan Addison,WR,2026,1,2026,16,15,0.0,9.83041000366211,False,98,0.0,13.434903907775835,2
Jordan Addison,WR,2026,1,2026,17,16,0.0,9.662036895751951,False,105,0.0,10.609861445426931,2
Jordan James,RB,2026,1,2026,2,1,0.0,3.367889642715454,False,0,0.0,18.083649587631207,2
Jordan James,RB,2026,1,2026,3,2,0.0,3.4262404441833496,False,7,0.0,17.587552928924552,2
Jordan James,RB,2026,1,2026,4,3,0.0,3.470595598220825,False,14,0.0,16.999824857711783,2
Jordan James,RB,2026,1,2026,5,4,0.0,3.4369912147521973,False,21,0.0,16.988543701171864,2
Jordan James,RB,2026,1,2026,6,5,0.0,3.454267978668213,False,28,0.0,16.397260594367978,2
Jordan James,RB,2026,1,2026,7,6,0.0,3.5089657306671143,False,35,0.0,15.725657701492306,2
Jordan James,RB,2026,1,2026,8,7,0.0,3.568537712097168,False,42,0.0,15.182093811035152,2
Jordan James,RB,2026,1,2026,9,8,0.0,3.669153213500977,False,49,0.0,14.686080741882318,2
Jordan James,RB,2026,1,2026,10,9,0.0,3.758031129837036,False,56,0.0,13.663909578323336,2
Jordan James,RB,2026,1,2026,11,10,0.0,3.870580911636353,False,63,0.0,13.141553282737732,2
Jordan James,RB,2026,1,2026,12,11,0.0,3.999283790588379,False,70,0.0,13.001928186416617,2
Jordan James,RB,2026,1,2026,13,12,0.0,4.113140106201172,False,77,0.0,12.559974956512445,2
Jordan James,RB,2026,1,2026,14,13,0.0,4.187535285949707,False,84,0.0,11.83452377319335,2
Jordan James,RB,2026,1,2026,15,14,0.0,4.221627235412598,False,91,0.0,9.834806561470025,2
Jordan James,RB,2026,1,2026,16,15,0.0,4.226400375366211,False,98,0.0,7.830894279479939,2
Jordan James,RB,2026,1,2026,17,16,0.0,4.227838516235352,False,105,0.0,5.175663065910332,2
Jordan Mason,RB,2026,1,2026,2,1,0.0,8.647214889526367,False,0,0.0,23.36297483444212,2
Jordan Mason,RB,2026,1,2026,3,2,0.0,8.521207809448242,False,7,0.0,22.682520294189445,2
Jordan Mason,RB,2026,1,2026,4,3,0.0,8.364022254943848,False,14,0.0,21.893251514434805,2
Jordan Mason,RB,2026,1,2026,5,4,0.0,8.199121475219727,False,21,0.0,21.750673961639396,2
Jordan Mason,RB,2026,1,2026,6,5,0.0,7.953786849975586,False,28,0.0,20.89677946567535,2
Jordan Mason,RB,2026,1,2026,7,6,0.0,7.534477233886719,False,35,0.0,19.75116920471191,2
Jordan Mason,RB,2026,1,2026,8,7,0.0,7.09349536895752,False,42,0.0,18.707051467895504,2
Jordan Mason,RB,2026,1,2026,9,8,0.0,6.488949775695801,False,49,0.0,17.505877304077142,2
Jordan Mason,RB,2026,1,2026,10,9,0.0,5.866640567779541,False,56,0.0,15.77251901626584,2
Jordan Mason,RB,2026,1,2026,11,10,0.0,5.342525959014893,False,63,0.0,14.613498330116272,2
Jordan Mason,RB,2026,1,2026,12,11,0.0,5.0166850090026855,False,70,0.0,14.019329404830923,2
Jordan Mason,RB,2026,1,2026,13,12,0.0,4.814600944519043,False,77,0.0,13.261435794830316,2
Jordan Mason,RB,2026,1,2026,14,13,0.0,4.692234516143799,False,84,0.0,12.339223003387442,2
Jordan Mason,RB,2026,1,2026,15,14,0.0,4.6491241455078125,False,91,0.0,10.26230347156524,2
Jordan Mason,RB,2026,1,2026,16,15,0.0,4.64186954498291,False,98,0.0,8.246363449096638,2
Jordan Mason,RB,2026,1,2026,17,16,0.0,4.658788681030273,False,105,0.0,5.606613230705254,2
Jordan Watkins,WR,2026,1,2026,2,1,0.0,2.6933178901672363,False,0,0.0,17.40907783508299,2
Jordan Watkins,WR,2026,1,2026,3,2,0.0,2.6889536380767822,False,7,0.0,16.850266122817985,2
Jordan Watkins,WR,2026,1,2026,4,3,0.0,2.6903908252716064,False,14,0.0,16.219620084762564,2
Jordan Watkins,WR,2026,1,2026,5,4,0.0,2.6320810317993164,False,21,0.0,16.183633518218983,2
Jordan Watkins,WR,2026,1,2026,6,5,0.0,2.6033802032470703,False,28,0.0,15.546372818946836,2
Jordan Watkins,WR,2026,1,2026,7,6,0.0,2.611266613006592,False,35,0.0,14.827958583831784,2
Jordan Watkins,WR,2026,1,2026,8,7,0.0,2.616140842437744,False,42,0.0,14.229696941375728,2
Jordan Watkins,WR,2026,1,2026,9,8,0.0,2.674337863922119,False,49,0.0,13.69126539230346,2
Jordan Watkins,WR,2026,1,2026,10,9,0.0,2.727970123291016,False,56,0.0,12.633848571777316,2
Jordan Watkins,WR,2026,1,2026,11,10,0.0,2.794257640838623,False,63,0.0,12.065230011940002,2
Jordan Watkins,WR,2026,1,2026,12,11,0.0,2.8792967796325684,False,70,0.0,11.881941175460806,2
Jordan Watkins,WR,2026,1,2026,13,12,0.0,2.959197521209717,False,77,0.0,11.40603237152099,2
Jordan Watkins,WR,2026,1,2026,14,13,0.0,3.015868186950684,False,84,0.0,10.662856674194328,2
Jordan Watkins,WR,2026,1,2026,15,14,0.0,3.051766872406006,False,91,0.0,8.664946198463433,2
Jordan Watkins,WR,2026,1,2026,16,15,0.0,3.078535556793213,False,98,0.0,6.683029460906941,2
Jordan Watkins,WR,2026,1,2026,17,16,0.0,3.115794897079468,False,105,0.0,4.063619446754449,2
Jordan Whittington,WR,2026,1,2026,2,1,0.0,2.028898239135742,False,0,0.0,16.744658184051495,2
Jordan Whittington,WR,2026,1,2026,3,2,0.0,2.063483476638794,False,7,0.0,16.224795961379996,2
Jordan Whittington,WR,2026,1,2026,4,3,0.0,2.115929126739502,False,14,0.0,15.64515838623046,2
Jordan Whittington,WR,2026,1,2026,5,4,0.0,2.089625120162964,False,21,0.0,15.641177606582628,2
Jordan Whittington,WR,2026,1,2026,6,5,0.0,2.037672758102417,False,28,0.0,14.980665373802182,2
Jordan Whittington,WR,2026,1,2026,7,6,0.0,2.011015653610229,False,35,0.0,14.22770762443542,2
Jordan Whittington,WR,2026,1,2026,8,7,0.0,1.9742931127548216,False,42,0.0,13.587849211692806,2
Jordan Whittington,WR,2026,1,2026,9,8,0.0,1.989339590072632,False,49,0.0,13.006267118453971,2
Jordan Whittington,WR,2026,1,2026,10,9,0.0,1.9993276596069336,False,56,0.0,11.905206108093234,2
Jordan Whittington,WR,2026,1,2026,11,10,0.0,2.007437229156494,False,63,0.0,11.278409600257874,2
Jordan Whittington,WR,2026,1,2026,12,11,0.0,2.0408709049224854,False,70,0.0,11.043515300750723,2
Jordan Whittington,WR,2026,1,2026,13,12,0.0,2.079610586166382,False,77,0.0,10.526445436477657,2
Jordan Whittington,WR,2026,1,2026,14,13,0.0,2.1129322052001958,False,84,0.0,9.759920692443838,2
Jordan Whittington,WR,2026,1,2026,15,14,0.0,2.149338483810425,False,91,0.0,7.762517809867853,2
Jordan Whittington,WR,2026,1,2026,16,15,0.0,2.19079327583313,False,98,0.0,5.795287179946858,2
Jordan Whittington,WR,2026,1,2026,17,16,0.0,2.247670412063598,False,105,0.0,3.1954949617385795,2
Josh Cameron,WR,2026,1,2026,2,1,0.0,1.9593080282211304,False,0,0.0,16.675067973136883,2
Josh Cameron,WR,2026,1,2026,3,2,0.0,1.9890003204345703,False,7,0.0,16.150312805175773,2
Josh Cameron,WR,2026,1,2026,4,3,0.0,2.0104212760925293,False,14,0.0,15.539650535583489,2
Josh Cameron,WR,2026,1,2026,5,4,0.0,1.9628159999847408,False,21,0.0,15.514368486404406,2
Josh Cameron,WR,2026,1,2026,6,5,0.0,1.9182647466659544,False,28,0.0,14.86125736236572,2
Josh Cameron,WR,2026,1,2026,7,6,0.0,1.9285979270935056,False,35,0.0,14.145289897918698,2
Josh Cameron,WR,2026,1,2026,8,7,0.0,1.9380741119384768,False,42,0.0,13.55163021087646,2
Josh Cameron,WR,2026,1,2026,9,8,0.0,2.0139527320861816,False,49,0.0,13.030880260467525,2
Josh Cameron,WR,2026,1,2026,10,9,0.0,2.0869245529174805,False,56,0.0,11.99280300140378,2
Josh Cameron,WR,2026,1,2026,11,10,0.0,2.1639089584350586,False,63,0.0,11.434881329536438,2
Josh Cameron,WR,2026,1,2026,12,11,0.0,2.266952514648437,False,70,0.0,11.269596910476675,2
Josh Cameron,WR,2026,1,2026,13,12,0.0,2.369056701660156,False,77,0.0,10.81589155197143,2
Josh Cameron,WR,2026,1,2026,14,13,0.0,2.4558258056640625,False,84,0.0,10.102814292907706,2
Josh Cameron,WR,2026,1,2026,15,14,0.0,2.516304016113281,False,91,0.0,8.129483342170708,2
Josh Cameron,WR,2026,1,2026,16,15,0.0,2.564560890197754,False,98,0.0,6.169054794311482,2
Josh Cameron,WR,2026,1,2026,17,16,0.0,2.618183135986328,False,105,0.0,3.566007685661309,2
Josh Downs,WR,2026,1,2026,2,1,0.0,9.00091552734375,False,0,0.0,23.716675472259503,2
Josh Downs,WR,2026,1,2026,3,2,0.0,9.015417098999023,False,7,0.0,23.176729583740222,2
Josh Downs,WR,2026,1,2026,4,3,0.0,9.119430541992188,False,14,0.0,22.648659801483145,2
Josh Downs,WR,2026,1,2026,5,4,0.0,9.406211853027344,False,21,0.0,22.95776433944701,2
Josh Downs,WR,2026,1,2026,6,5,0.0,9.724416732788086,False,28,0.0,22.66740934848785,2
Josh Downs,WR,2026,1,2026,7,6,0.0,9.995083808898926,False,35,0.0,22.21177577972412,2
Josh Downs,WR,2026,1,2026,8,7,0.0,10.261357307434082,False,42,0.0,21.874913406372062,2
Josh Downs,WR,2026,1,2026,9,8,0.0,10.522421836853027,False,49,0.0,21.53934936523437,2
Josh Downs,WR,2026,1,2026,10,9,0.0,10.707204818725586,False,56,0.0,20.613083267211884,2
Josh Downs,WR,2026,1,2026,11,10,0.0,10.912216186523438,False,63,0.0,20.183188557624817,2
Josh Downs,WR,2026,1,2026,12,11,0.0,11.061325073242188,False,70,0.0,20.063969469070425,2
Josh Downs,WR,2026,1,2026,13,12,0.0,11.074705123901367,False,77,0.0,19.52153997421264,2
Josh Downs,WR,2026,1,2026,14,13,0.0,10.955341339111328,False,84,0.0,18.60232982635497,2
Josh Downs,WR,2026,1,2026,15,14,0.0,10.782011985778809,False,91,0.0,16.395191311836236,2
Josh Downs,WR,2026,1,2026,16,15,0.0,10.618084907531738,False,98,0.0,14.222578811645466,2
Josh Downs,WR,2026,1,2026,17,16,0.0,10.440170288085938,False,105,0.0,11.387994837760916,2
Josh Palmer,WR,2026,1,2026,2,1,0.0,6.562352657318115,False,0,0.0,21.27811260223387,2
Josh Palmer,WR,2026,1,2026,3,2,0.0,6.786118507385254,False,7,0.0,20.947430992126456,2
Josh Palmer,WR,2026,1,2026,4,3,0.0,6.83708381652832,False,14,0.0,20.36631307601928,2
Josh Palmer,WR,2026,1,2026,5,4,0.0,6.848393440246582,False,21,0.0,20.39994592666625,2
Josh Palmer,WR,2026,1,2026,6,5,0.0,6.812196731567383,False,28,0.0,19.755189347267148,2
Josh Palmer,WR,2026,1,2026,7,6,0.0,6.685762405395508,False,35,0.0,18.9024543762207,2
Josh Palmer,WR,2026,1,2026,8,7,0.0,6.560236930847168,False,42,0.0,18.173793029785152,2
Josh Palmer,WR,2026,1,2026,9,8,0.0,6.342161655426025,False,49,0.0,17.359089183807367,2
Josh Palmer,WR,2026,1,2026,10,9,0.0,6.04067325592041,False,56,0.0,15.94655170440671,2
Josh Palmer,WR,2026,1,2026,11,10,0.0,5.742525100708008,False,63,0.0,15.013497471809387,2
Josh Palmer,WR,2026,1,2026,12,11,0.0,5.517513275146484,False,70,0.0,14.520157670974722,2
Josh Palmer,WR,2026,1,2026,13,12,0.0,5.340747833251953,False,77,0.0,13.787582683563226,2
Josh Palmer,WR,2026,1,2026,14,13,0.0,5.209493160247803,False,84,0.0,12.856481647491446,2
Josh Palmer,WR,2026,1,2026,15,14,0.0,5.134950637817383,False,91,0.0,10.74812996387481,2
Josh Palmer,WR,2026,1,2026,16,15,0.0,5.089426040649414,False,98,0.0,8.693919944763142,2
Josh Palmer,WR,2026,1,2026,17,16,0.0,5.067051887512207,False,105,0.0,6.014876437187188,2
Josh Williams,RB,2026,1,2026,2,1,0.0,2.655434846878052,False,0,0.0,17.371194791793805,2
Josh Williams,RB,2026,1,2026,3,2,0.0,2.664424419403076,False,7,0.0,16.82573690414428,2
Josh Williams,RB,2026,1,2026,4,3,0.0,2.635488986968994,False,14,0.0,16.16471824645995,2
Josh Williams,RB,2026,1,2026,5,4,0.0,2.542200088500977,False,21,0.0,16.093752574920643,2
Josh Williams,RB,2026,1,2026,6,5,0.0,2.433931827545166,False,28,0.0,15.376924443244931,2
Josh Williams,RB,2026,1,2026,7,6,0.0,2.3304572105407715,False,35,0.0,14.547149181365963,2
Josh Williams,RB,2026,1,2026,8,7,0.0,2.224769115447998,False,42,0.0,13.838325214385982,2
Josh Williams,RB,2026,1,2026,9,8,0.0,2.1540443897247314,False,49,0.0,13.170971918106073,2
Josh Williams,RB,2026,1,2026,10,9,0.0,2.08463716506958,False,56,0.0,11.99051561355588,2
Josh Williams,RB,2026,1,2026,11,10,0.0,2.021692037582397,False,63,0.0,11.292664408683777,2
Josh Williams,RB,2026,1,2026,12,11,0.0,1.9966137409210205,False,70,0.0,10.999258136749258,2
Josh Williams,RB,2026,1,2026,13,12,0.0,1.9911173582077024,False,77,0.0,10.437952208518976,2
Josh Williams,RB,2026,1,2026,14,13,0.0,1.9928449392318728,False,84,0.0,9.639833426475516,2
Josh Williams,RB,2026,1,2026,15,14,0.0,2.0132460594177246,False,91,0.0,7.626425385475152,2
Josh Williams,RB,2026,1,2026,16,15,0.0,2.048738479614258,False,98,0.0,5.653232383727986,2
Josh Williams,RB,2026,1,2026,17,16,0.0,2.103675842285156,False,105,0.0,3.051500391960137,2
Julius Chestnut,RB,2026,1,2026,2,1,0.0,3.8485846519470215,False,0,0.0,18.56434459686277,2
Julius Chestnut,RB,2026,1,2026,3,2,0.0,3.985358238220215,False,7,0.0,18.146670722961417,2
Julius Chestnut,RB,2026,1,2026,4,3,0.0,4.021381378173828,False,14,0.0,17.550610637664786,2
Julius Chestnut,RB,2026,1,2026,5,4,0.0,4.01167631149292,False,21,0.0,17.563228797912586,2
Julius Chestnut,RB,2026,1,2026,6,5,0.0,4.001891136169434,False,28,0.0,16.9448837518692,2
Julius Chestnut,RB,2026,1,2026,7,6,0.0,3.969892501831055,False,35,0.0,16.186584472656246,2
Julius Chestnut,RB,2026,1,2026,8,7,0.0,3.9190826416015625,False,42,0.0,15.532638740539548,2
Julius Chestnut,RB,2026,1,2026,9,8,0.0,3.8837270736694336,False,49,0.0,14.900654602050777,2
Julius Chestnut,RB,2026,1,2026,10,9,0.0,3.829354286193848,False,56,0.0,13.735232734680148,2
Julius Chestnut,RB,2026,1,2026,11,10,0.0,3.7754228115081783,False,63,0.0,13.046395182609558,2
Julius Chestnut,RB,2026,1,2026,12,11,0.0,3.74644136428833,False,70,0.0,12.749085760116568,2
Julius Chestnut,RB,2026,1,2026,13,12,0.0,3.725663423538208,False,77,0.0,12.17249827384948,2
Julius Chestnut,RB,2026,1,2026,14,13,0.0,3.705063343048096,False,84,0.0,11.35205183029174,2
Julius Chestnut,RB,2026,1,2026,15,14,0.0,3.696001529693604,False,91,0.0,9.30918085575103,2
Julius Chestnut,RB,2026,1,2026,16,15,0.0,3.694638729095459,False,98,0.0,7.2991326332091875,2
Julius Chestnut,RB,2026,1,2026,17,16,0.0,3.712915182113648,False,105,0.0,4.660739731788628,2
Justice Hill,RB,2026,1,2026,2,1,0.0,3.724761962890625,False,0,0.0,18.440521907806374,2
Justice Hill,RB,2026,1,2026,3,2,0.0,3.745392084121704,False,7,0.0,17.906704568862907,2
Justice Hill,RB,2026,1,2026,4,3,0.0,3.837449312210083,False,14,0.0,17.36667857170104,2
Justice Hill,RB,2026,1,2026,5,4,0.0,3.860537528991699,False,21,0.0,17.412090015411366,2
Justice Hill,RB,2026,1,2026,6,5,0.0,3.9676973819732666,False,28,0.0,16.910689997673032,2
Justice Hill,RB,2026,1,2026,7,6,0.0,4.199738502502441,False,35,0.0,16.416430473327633,2
Justice Hill,RB,2026,1,2026,8,7,0.0,4.483877658843994,False,42,0.0,16.097433757781978,2
Justice Hill,RB,2026,1,2026,9,8,0.0,4.8855414390563965,False,49,0.0,15.902468967437738,2
Justice Hill,RB,2026,1,2026,10,9,0.0,5.299656391143799,False,56,0.0,15.2055348396301,2
Justice Hill,RB,2026,1,2026,11,10,0.0,5.766826629638672,False,63,0.0,15.037799000740051,2
Justice Hill,RB,2026,1,2026,12,11,0.0,6.222690582275391,False,70,0.0,15.225334978103628,2
Justice Hill,RB,2026,1,2026,13,12,0.0,6.629980087280273,False,77,0.0,15.076814937591546,2
Justice Hill,RB,2026,1,2026,14,13,0.0,6.947901725769043,False,84,0.0,14.594890213012686,2
Justice Hill,RB,2026,1,2026,15,14,0.0,7.110166549682617,False,91,0.0,12.723345875740044,2
Justice Hill,RB,2026,1,2026,16,15,0.0,7.172424793243408,False,98,0.0,10.776918697357136,2
Justice Hill,RB,2026,1,2026,17,16,0.0,7.163516044616699,False,105,0.0,8.11134059429168,2
Justin Jefferson,LB,2026,1,2026,2,1,0.0,14.044979095458984,False,0,2.9463636398315423,28.760739040374737,2
Justin Jefferson,LB,2026,1,2026,3,2,0.0,14.20722198486328,False,7,0.5399277687072743,28.368534469604484,2
Justin Jefferson,LB,2026,1,2026,4,3,0.0,14.33439826965332,False,14,0.2068129539489742,27.86362752914428,2
Justin Jefferson,LB,2026,1,2026,5,4,0.0,14.44100856781006,False,21,0.1532543182373054,27.992561054229725,2
Justin Jefferson,LB,2026,1,2026,6,5,0.0,14.48369598388672,False,28,0.0452457427978512,27.426688599586484,2
Justin Jefferson,LB,2026,1,2026,7,6,0.0,14.476178169250488,False,35,0.0,26.69287014007568,2
Justin Jefferson,LB,2026,1,2026,8,7,0.0,14.47611141204834,False,42,0.0,26.089667510986324,2
Justin Jefferson,LB,2026,1,2026,9,8,0.0,14.447928428649902,False,49,0.0,25.464855957031244,2
Justin Jefferson,LB,2026,1,2026,10,9,0.0,14.391715049743652,False,56,0.0,24.29759349822995,2
Justin Jefferson,LB,2026,1,2026,11,10,0.0,14.33471965789795,False,63,0.0,23.60569202899933,2
Justin Jefferson,LB,2026,1,2026,12,11,0.0,14.27336597442627,False,70,0.0,23.276010370254507,2
Justin Jefferson,LB,2026,1,2026,13,12,0.0,14.19918155670166,False,77,0.0,22.646016407012933,2
Justin Jefferson,LB,2026,1,2026,14,13,0.0,14.124269485473633,False,84,0.0,21.77125797271728,2
Justin Jefferson,LB,2026,1,2026,15,14,0.0,14.069751739501951,False,91,0.0,19.68293106555938,2
Justin Jefferson,LB,2026,1,2026,16,15,0.0,14.002912521362305,False,98,0.0,17.607406425476032,2
Justin Jefferson,LB,2026,1,2026,17,16,0.0,13.93053150177002,False,105,0.0,14.878356051445,2
KC Concepcion,WR,2026,1,2026,2,1,0.0,1.475138783454895,False,0,0.0,16.190898728370648,2
KC Concepcion,WR,2026,1,2026,3,2,0.0,1.3901898860931396,False,7,0.0,15.551502370834344,2
KC Concepcion,WR,2026,1,2026,4,3,0.0,1.333011031150818,False,14,0.0,14.862240290641775,2
KC Concepcion,WR,2026,1,2026,5,4,0.0,1.2306058406829834,False,21,0.0,14.782158327102648,2
KC Concepcion,WR,2026,1,2026,6,5,0.0,1.1224483251571655,False,28,0.0,14.06544094085693,2
KC Concepcion,WR,2026,1,2026,7,6,0.0,1.0718491077423096,False,35,0.0,13.2885410785675,2
KC Concepcion,WR,2026,1,2026,8,7,0.0,1.0272712707519531,False,42,0.0,12.640827369689935,2
KC Concepcion,WR,2026,1,2026,9,8,0.0,1.051677107810974,False,49,0.0,12.068604636192315,2
KC Concepcion,WR,2026,1,2026,10,9,0.0,1.079654097557068,False,56,0.0,10.985532546043368,2
KC Concepcion,WR,2026,1,2026,11,10,0.0,1.1069202423095703,False,63,0.0,10.37789261341095,2
KC Concepcion,WR,2026,1,2026,12,11,0.0,1.1578426361083984,False,70,0.0,10.160487031936636,2
KC Concepcion,WR,2026,1,2026,13,12,0.0,1.2139310836791992,False,77,0.0,9.660765933990472,2
KC Concepcion,WR,2026,1,2026,14,13,0.0,1.2594963312149048,False,84,0.0,8.906484818458548,2
KC Concepcion,WR,2026,1,2026,15,14,0.0,1.3014323711395264,False,91,0.0,6.914611697196954,2
KC Concepcion,WR,2026,1,2026,16,15,0.0,1.3445740938186646,False,98,0.0,4.949067997932393,2
KC Concepcion,WR,2026,1,2026,17,16,0.0,1.397199630737305,False,105,0.0,2.3450241804122856,2
KaVontae Turpin,WR,2026,1,2026,2,1,0.0,5.706646919250488,False,0,0.0,20.42240686416624,2
KaVontae Turpin,WR,2026,1,2026,3,2,0.0,5.538092613220215,False,7,0.0,19.699405097961417,2
KaVontae Turpin,WR,2026,1,2026,4,3,0.0,5.750303268432617,False,14,0.0,19.27953252792357,2
KaVontae Turpin,WR,2026,1,2026,5,4,0.0,6.031598091125488,False,21,0.0,19.583150577545155,2
KaVontae Turpin,WR,2026,1,2026,6,5,0.0,6.46255350112915,False,28,0.0,19.40554611682892,2
KaVontae Turpin,WR,2026,1,2026,7,6,0.0,7.068584442138672,False,35,0.0,19.285276412963864,2
KaVontae Turpin,WR,2026,1,2026,8,7,0.0,7.886155605316162,False,42,0.0,19.499711704254143,2
KaVontae Turpin,WR,2026,1,2026,9,8,0.0,8.963577270507812,False,49,0.0,19.980504798889157,2
KaVontae Turpin,WR,2026,1,2026,10,9,0.0,10.04486083984375,False,56,0.0,19.95073928833005,2
KaVontae Turpin,WR,2026,1,2026,11,10,0.0,10.970657348632812,False,63,0.0,20.241629719734192,2
KaVontae Turpin,WR,2026,1,2026,12,11,0.0,11.574518203735352,False,70,0.0,20.57716259956359,2
KaVontae Turpin,WR,2026,1,2026,13,12,0.0,11.898386001586914,False,77,0.0,20.345220851898187,2
KaVontae Turpin,WR,2026,1,2026,14,13,0.0,12.09449577331543,False,84,0.0,19.741484260559076,2
KaVontae Turpin,WR,2026,1,2026,15,14,0.0,12.146526336669922,False,91,0.0,17.75970566272735,2
KaVontae Turpin,WR,2026,1,2026,16,15,0.0,12.128080368041992,False,98,0.0,15.73257427215572,2
KaVontae Turpin,WR,2026,1,2026,17,16,0.0,12.027721405029297,False,105,0.0,12.975545954704277,2
Kaden Davis,WR,2026,1,2026,2,1,0.0,1.989900827407837,False,0,0.0,16.70566077232359,2
Kaden Davis,WR,2026,1,2026,3,2,0.0,1.977931022644043,False,7,0.0,16.139243507385245,2
Kaden Davis,WR,2026,1,2026,4,3,0.0,1.9980039596557615,False,14,0.0,15.52723321914672,2
Kaden Davis,WR,2026,1,2026,5,4,0.0,1.9536287784576416,False,21,0.0,15.505181264877306,2
Kaden Davis,WR,2026,1,2026,6,5,0.0,1.900376558303833,False,28,0.0,14.843369174003598,2
Kaden Davis,WR,2026,1,2026,7,6,0.0,1.8903876543045044,False,35,0.0,14.107079625129696,2
Kaden Davis,WR,2026,1,2026,8,7,0.0,1.873984098434448,False,42,0.0,13.487540197372432,2
Kaden Davis,WR,2026,1,2026,9,8,0.0,1.9143792390823364,False,49,0.0,12.931306767463678,2
Kaden Davis,WR,2026,1,2026,10,9,0.0,1.944014549255371,False,56,0.0,11.849892997741671,2
Kaden Davis,WR,2026,1,2026,11,10,0.0,1.967574954032898,False,63,0.0,11.238547325134276,2
Kaden Davis,WR,2026,1,2026,12,11,0.0,2.0089123249053955,False,70,0.0,11.011556720733632,2
Kaden Davis,WR,2026,1,2026,13,12,0.0,2.053691864013672,False,77,0.0,10.500526714324945,2
Kaden Davis,WR,2026,1,2026,14,13,0.0,2.088286161422729,False,84,0.0,9.735274648666373,2
Kaden Davis,WR,2026,1,2026,15,14,0.0,2.122830629348755,False,91,0.0,7.736009955406183,2
Kaden Davis,WR,2026,1,2026,16,15,0.0,2.1615548133850098,False,98,0.0,5.766048717498738,2
Kaden Davis,WR,2026,1,2026,17,16,0.0,2.2168784141540527,False,105,0.0,3.1647029638290336,2
Kaden Wetjen,WR,2026,1,2026,2,1,0.0,1.3232591152191162,False,0,0.0,16.03901906013487,2
Kaden Wetjen,WR,2026,1,2026,3,2,0.0,1.2925522327423096,False,7,0.0,15.453864717483514,2
Kaden Wetjen,WR,2026,1,2026,4,3,0.0,1.353574275970459,False,14,0.0,14.882803535461417,2
Kaden Wetjen,WR,2026,1,2026,5,4,0.0,1.3423436880111694,False,21,0.0,14.893896174430834,2
Kaden Wetjen,WR,2026,1,2026,6,5,0.0,1.3040804862976074,False,28,0.0,14.247073101997373,2
Kaden Wetjen,WR,2026,1,2026,7,6,0.0,1.3230104446411133,False,35,0.0,13.539702415466303,2
Kaden Wetjen,WR,2026,1,2026,8,7,0.0,1.3318884372711182,False,42,0.0,12.945444536209102,2
Kaden Wetjen,WR,2026,1,2026,9,8,0.0,1.414212346076965,False,49,0.0,12.431139874458308,2
Kaden Wetjen,WR,2026,1,2026,10,9,0.0,1.494752287864685,False,56,0.0,11.400630736350983,2
Kaden Wetjen,WR,2026,1,2026,11,10,0.0,1.578394651412964,False,63,0.0,10.849367022514343,2
Kaden Wetjen,WR,2026,1,2026,12,11,0.0,1.6865054368972778,False,70,0.0,10.689149832725516,2
Kaden Wetjen,WR,2026,1,2026,13,12,0.0,1.7920150756835938,False,77,0.0,10.238849925994868,2
Kaden Wetjen,WR,2026,1,2026,14,13,0.0,1.8808039426803589,False,84,0.0,9.527792429924002,2
Kaden Wetjen,WR,2026,1,2026,15,14,0.0,1.9442384243011477,False,91,0.0,7.557417750358575,2
Kaden Wetjen,WR,2026,1,2026,16,15,0.0,1.9990662336349487,False,98,0.0,5.603560137748677,2
Kaden Wetjen,WR,2026,1,2026,17,16,0.0,2.0597634315490723,False,105,0.0,3.007587981224053,2
Kaelon Black,RB,2026,1,2026,2,1,0.0,1.8062281608581543,False,0,0.0,16.521988105773907,2
Kaelon Black,RB,2026,1,2026,3,2,0.0,1.8181793689727783,False,7,0.0,15.979491853713984,2
Kaelon Black,RB,2026,1,2026,4,3,0.0,1.860787034034729,False,14,0.0,15.390016293525688,2
Kaelon Black,RB,2026,1,2026,5,4,0.0,1.8334195613861084,False,21,0.0,15.384972047805771,2
Kaelon Black,RB,2026,1,2026,6,5,0.0,1.8022844791412356,False,28,0.0,14.745277094841,2
Kaelon Black,RB,2026,1,2026,7,6,0.0,1.8306914567947388,False,35,0.0,14.04738342761993,2
Kaelon Black,RB,2026,1,2026,8,7,0.0,1.85379958152771,False,42,0.0,13.467355680465694,2
Kaelon Black,RB,2026,1,2026,9,8,0.0,1.948630213737488,False,49,0.0,12.965557742118827,2
Kaelon Black,RB,2026,1,2026,10,9,0.0,2.039470195770264,False,56,0.0,11.945348644256564,2
Kaelon Black,RB,2026,1,2026,11,10,0.0,2.137059450149536,False,63,0.0,11.408031821250916,2
Kaelon Black,RB,2026,1,2026,12,11,0.0,2.261785984039306,False,70,0.0,11.264430379867544,2
Kaelon Black,RB,2026,1,2026,13,12,0.0,2.386477470397949,False,77,0.0,10.833312320709222,2
Kaelon Black,RB,2026,1,2026,14,13,0.0,2.495142698287964,False,84,0.0,10.142131185531609,2
Kaelon Black,RB,2026,1,2026,15,14,0.0,2.567490577697754,False,91,0.0,8.18066990375518,2
Kaelon Black,RB,2026,1,2026,16,15,0.0,2.622138023376465,False,98,0.0,6.226631927490193,2
Kaelon Black,RB,2026,1,2026,17,16,0.0,2.677705764770508,False,105,0.0,3.6255303144454887,2
Kaleb Johnson,RB,2026,1,2026,2,1,0.0,4.434264659881592,False,0,0.0,19.150024604797345,2
Kaleb Johnson,RB,2026,1,2026,3,2,0.0,4.576725006103516,False,7,0.0,18.73803749084472,2
Kaleb Johnson,RB,2026,1,2026,4,3,0.0,4.547622680664063,False,14,0.0,18.07685194015502,2
Kaleb Johnson,RB,2026,1,2026,5,4,0.0,4.465397357940674,False,21,0.0,18.01694984436034,2
Kaleb Johnson,RB,2026,1,2026,6,5,0.0,4.394900321960449,False,28,0.0,17.337892937660214,2
Kaleb Johnson,RB,2026,1,2026,7,6,0.0,4.287238121032715,False,35,0.0,16.503930091857907,2
Kaleb Johnson,RB,2026,1,2026,8,7,0.0,4.160291194915772,False,42,0.0,15.773847293853756,2
Kaleb Johnson,RB,2026,1,2026,9,8,0.0,4.027365684509277,False,49,0.0,15.04429321289062,2
Kaleb Johnson,RB,2026,1,2026,10,9,0.0,3.885425090789795,False,56,0.0,13.791303539276097,2
Kaleb Johnson,RB,2026,1,2026,11,10,0.0,3.7597830295562735,False,63,0.0,13.030755400657654,2
Kaleb Johnson,RB,2026,1,2026,12,11,0.0,3.676527738571167,False,70,0.0,12.679172134399405,2
Kaleb Johnson,RB,2026,1,2026,13,12,0.0,3.615530252456665,False,77,0.0,12.062365102767938,2
Kaleb Johnson,RB,2026,1,2026,14,13,0.0,3.567213535308838,False,84,0.0,11.21420202255248,2
Kaleb Johnson,RB,2026,1,2026,15,14,0.0,3.542334794998169,False,91,0.0,9.155514121055596,2
Kaleb Johnson,RB,2026,1,2026,16,15,0.0,3.5370640754699707,False,98,0.0,7.141557979583699,2
Kaleb Johnson,RB,2026,1,2026,17,16,0.0,3.556702852249145,False,105,0.0,4.504527401924126,2
Kalif Raymond,WR,2026,1,2026,2,1,0.0,3.605020761489868,False,0,0.0,18.32078070640562,2
Kalif Raymond,WR,2026,1,2026,3,2,0.0,3.636052131652832,False,7,0.0,17.797364616394034,2
Kalif Raymond,WR,2026,1,2026,4,3,0.0,3.663517951965332,False,14,0.0,17.19274721145629,2
Kalif Raymond,WR,2026,1,2026,5,4,0.0,3.6220412254333496,False,21,0.0,17.173593711853016,2
Kalif Raymond,WR,2026,1,2026,6,5,0.0,3.65463662147522,False,28,0.0,16.597629237174985,2
Kalif Raymond,WR,2026,1,2026,7,6,0.0,3.7625555992126474,False,35,0.0,15.979247570037838,2
Kalif Raymond,WR,2026,1,2026,8,7,0.0,3.888772964477539,False,42,0.0,15.502329063415525,2
Kalif Raymond,WR,2026,1,2026,9,8,0.0,4.084585189819336,False,49,0.0,15.101512718200675,2
Kalif Raymond,WR,2026,1,2026,10,9,0.0,4.288851737976074,False,56,0.0,14.194730186462374,2
Kalif Raymond,WR,2026,1,2026,11,10,0.0,4.528714179992676,False,63,0.0,13.799686551094055,2
Kalif Raymond,WR,2026,1,2026,12,11,0.0,4.780703544616699,False,70,0.0,13.783347940444935,2
Kalif Raymond,WR,2026,1,2026,13,12,0.0,5.009687900543213,False,77,0.0,13.456522750854486,2
Kalif Raymond,WR,2026,1,2026,14,13,0.0,5.186454772949219,False,84,0.0,12.833443260192862,2
Kalif Raymond,WR,2026,1,2026,15,14,0.0,5.274328231811523,False,91,0.0,10.88750755786895,2
Kalif Raymond,WR,2026,1,2026,16,15,0.0,5.302683830261231,False,98,0.0,8.907177734374958,2
Kalif Raymond,WR,2026,1,2026,17,16,0.0,5.297017574310303,False,105,0.0,6.244842123985284,2
Kameron Johnson,WR,2026,1,2026,2,1,0.0,2.143512487411499,False,0,0.0,16.859272432327252,2
Kameron Johnson,WR,2026,1,2026,3,2,0.0,2.114508867263794,False,7,0.0,16.275821352004996,2
Kameron Johnson,WR,2026,1,2026,4,3,0.0,2.0786190032958984,False,14,0.0,15.607848262786856,2
Kameron Johnson,WR,2026,1,2026,5,4,0.0,1.979877233505249,False,21,0.0,15.531429719924914,2
Kameron Johnson,WR,2026,1,2026,6,5,0.0,1.862472891807556,False,28,0.0,14.80546550750732,2
Kameron Johnson,WR,2026,1,2026,7,6,0.0,1.761911153793335,False,35,0.0,13.978603124618528,2
Kameron Johnson,WR,2026,1,2026,8,7,0.0,1.6630219221115112,False,42,0.0,13.276578021049495,2
Kameron Johnson,WR,2026,1,2026,9,8,0.0,1.605400323867798,False,49,0.0,12.62232785224914,2
Kameron Johnson,WR,2026,1,2026,10,9,0.0,1.552805781364441,False,56,0.0,11.45868422985074,2
Kameron Johnson,WR,2026,1,2026,11,10,0.0,1.50674307346344,False,63,0.0,10.77771544456482,2
Kameron Johnson,WR,2026,1,2026,12,11,0.0,1.497700810432434,False,70,0.0,10.500345206260672,2
Kameron Johnson,WR,2026,1,2026,13,12,0.0,1.5079278945922852,False,77,0.0,9.954762744903558,2
Kameron Johnson,WR,2026,1,2026,14,13,0.0,1.5236310958862305,False,84,0.0,9.170619583129874,2
Kameron Johnson,WR,2026,1,2026,15,14,0.0,1.5559046268463137,False,91,0.0,7.169083952903741,2
Kameron Johnson,WR,2026,1,2026,16,15,0.0,1.6001276969909668,False,98,0.0,5.204621601104695,2
Kameron Johnson,WR,2026,1,2026,17,16,0.0,1.6601513624191284,False,105,0.0,2.6079759120941093,2
Kayshon Boutte,WR,2026,1,2026,2,1,0.0,8.297319412231445,False,0,0.0,23.0130793571472,2
Kayshon Boutte,WR,2026,1,2026,3,2,0.0,8.382453918457031,False,7,0.0,22.543766403198237,2
Kayshon Boutte,WR,2026,1,2026,4,3,0.0,8.480274200439453,False,14,0.0,22.00950345993041,2
Kayshon Boutte,WR,2026,1,2026,5,4,0.0,8.649423599243164,False,21,0.0,22.20097608566283,2
Kayshon Boutte,WR,2026,1,2026,6,5,0.0,8.765329360961914,False,28,0.0,21.70832197666168,2
Kayshon Boutte,WR,2026,1,2026,7,6,0.0,8.740118026733398,False,35,0.0,20.95680999755859,2
Kayshon Boutte,WR,2026,1,2026,8,7,0.0,8.690223693847656,False,42,0.0,20.30377979278564,2
Kayshon Boutte,WR,2026,1,2026,9,8,0.0,8.575480461120605,False,49,0.0,19.592407989501947,2
Kayshon Boutte,WR,2026,1,2026,10,9,0.0,8.431995391845703,False,56,0.0,18.337873840332,2
Kayshon Boutte,WR,2026,1,2026,11,10,0.0,8.269248962402344,False,63,0.0,17.540221333503723,2
Kayshon Boutte,WR,2026,1,2026,12,11,0.0,8.06511402130127,False,70,0.0,17.067758417129507,2
Kayshon Boutte,WR,2026,1,2026,13,12,0.0,7.8548903465271,False,77,0.0,16.301725196838373,2
Kayshon Boutte,WR,2026,1,2026,14,13,0.0,7.67678689956665,False,84,0.0,15.323775386810292,2
Kayshon Boutte,WR,2026,1,2026,15,14,0.0,7.558511257171631,False,91,0.0,13.171690583229058,2
Kayshon Boutte,WR,2026,1,2026,16,15,0.0,7.470530033111572,False,98,0.0,11.0750239372253,2
Kayshon Boutte,WR,2026,1,2026,17,16,0.0,7.374123096466064,False,105,0.0,8.321947646141044,2
Kaytron Allen,RB,2026,1,2026,2,1,0.0,1.4476398229599,False,0,0.0,16.163399767875653,2
Kaytron Allen,RB,2026,1,2026,3,2,0.0,1.35187828540802,False,7,0.0,15.513190770149224,2
Kaytron Allen,RB,2026,1,2026,4,3,0.0,1.3937747478485107,False,14,0.0,14.923004007339468,2
Kaytron Allen,RB,2026,1,2026,5,4,0.0,1.3770238161087036,False,21,0.0,14.928576302528368,2
Kaytron Allen,RB,2026,1,2026,6,5,0.0,1.3465516567230225,False,28,0.0,14.289544272422788,2
Kaytron Allen,RB,2026,1,2026,7,6,0.0,1.3777737617492676,False,35,0.0,13.59446573257446,2
Kaytron Allen,RB,2026,1,2026,8,7,0.0,1.4013265371322632,False,42,0.0,13.014882636070247,2
Kaytron Allen,RB,2026,1,2026,9,8,0.0,1.504587173461914,False,49,0.0,12.521514701843255,2
Kaytron Allen,RB,2026,1,2026,10,9,0.0,1.606603980064392,False,56,0.0,11.512482428550692,2
Kaytron Allen,RB,2026,1,2026,11,10,0.0,1.7157340049743652,False,63,0.0,10.986706376075745,2
Kaytron Allen,RB,2026,1,2026,12,11,0.0,1.848263382911682,False,70,0.0,10.85090777873992,2
Kaytron Allen,RB,2026,1,2026,13,12,0.0,1.975253343582153,False,77,0.0,10.422088193893426,2
Kaytron Allen,RB,2026,1,2026,14,13,0.0,2.083834409713745,False,84,0.0,9.730822896957388,2
Kaytron Allen,RB,2026,1,2026,15,14,0.0,2.150356769561768,False,91,0.0,7.763536095619195,2
Kaytron Allen,RB,2026,1,2026,16,15,0.0,2.200223207473755,False,98,0.0,5.804717111587483,2
Kaytron Allen,RB,2026,1,2026,17,16,0.0,2.2500247955322266,False,105,0.0,3.1978493452072074,2
Ke'Shawn Williams,WR,2026,1,2026,2,1,0.0,2.9849565029144287,False,0,0.0,17.70071644783018,2
Ke'Shawn Williams,WR,2026,1,2026,3,2,0.0,3.0367345809936523,False,7,0.0,17.198047065734855,2
Ke'Shawn Williams,WR,2026,1,2026,4,3,0.0,3.061037063598633,False,14,0.0,16.59026632308959,2
Ke'Shawn Williams,WR,2026,1,2026,5,4,0.0,3.0248422622680664,False,21,0.0,16.576394748687733,2
Ke'Shawn Williams,WR,2026,1,2026,6,5,0.0,2.97791600227356,False,28,0.0,15.920908617973325,2
Ke'Shawn Williams,WR,2026,1,2026,7,6,0.0,2.9306743144989014,False,35,0.0,15.147366285324091,2
Ke'Shawn Williams,WR,2026,1,2026,8,7,0.0,2.870081901550293,False,42,0.0,14.483638000488275,2
Ke'Shawn Williams,WR,2026,1,2026,9,8,0.0,2.843270301818848,False,49,0.0,13.860197830200187,2
Ke'Shawn Williams,WR,2026,1,2026,10,9,0.0,2.805382251739502,False,56,0.0,12.711260700225802,2
Ke'Shawn Williams,WR,2026,1,2026,11,10,0.0,2.766642570495605,False,63,0.0,12.037614941596985,2
Ke'Shawn Williams,WR,2026,1,2026,12,11,0.0,2.7547760009765625,False,70,0.0,11.7574203968048,2
Ke'Shawn Williams,WR,2026,1,2026,13,12,0.0,2.752408027648926,False,77,0.0,11.1992428779602,2
Ke'Shawn Williams,WR,2026,1,2026,14,13,0.0,2.74868392944336,False,84,0.0,10.395672416687002,2
Ke'Shawn Williams,WR,2026,1,2026,15,14,0.0,2.758687734603882,False,91,0.0,8.371867060661309,2
Ke'Shawn Williams,WR,2026,1,2026,16,15,0.0,2.780672550201416,False,98,0.0,6.3851664543151445,2
Ke'Shawn Williams,WR,2026,1,2026,17,16,0.0,2.823681354522705,False,105,0.0,3.771505904197686,2
KeAndre Lambert-Smith,WR,2026,1,2026,2,1,0.0,3.519636869430542,False,0,0.0,18.23539681434629,2
KeAndre Lambert-Smith,WR,2026,1,2026,3,2,0.0,3.529836177825928,False,7,0.0,17.69114866256713,2
KeAndre Lambert-Smith,WR,2026,1,2026,4,3,0.0,3.481951951980591,False,14,0.0,17.01118121147155,2
KeAndre Lambert-Smith,WR,2026,1,2026,5,4,0.0,3.3863110542297363,False,21,0.0,16.937863540649403,2
KeAndre Lambert-Smith,WR,2026,1,2026,6,5,0.0,3.280601978302002,False,28,0.0,16.223594594001767,2
KeAndre Lambert-Smith,WR,2026,1,2026,7,6,0.0,3.1518235206604004,False,35,0.0,15.368515491485592,2
KeAndre Lambert-Smith,WR,2026,1,2026,8,7,0.0,3.014115571975708,False,42,0.0,14.627671670913692,2
KeAndre Lambert-Smith,WR,2026,1,2026,9,8,0.0,2.896614551544189,False,49,0.0,13.91354207992553,2
KeAndre Lambert-Smith,WR,2026,1,2026,10,9,0.0,2.78274154663086,False,56,0.0,12.68861999511716,2
KeAndre Lambert-Smith,WR,2026,1,2026,11,10,0.0,2.6827352046966557,False,63,0.0,11.953707575798036,2
KeAndre Lambert-Smith,WR,2026,1,2026,12,11,0.0,2.6260910034179688,False,70,0.0,11.628735399246208,2
KeAndre Lambert-Smith,WR,2026,1,2026,13,12,0.0,2.592913150787353,False,77,0.0,11.039748001098626,2
KeAndre Lambert-Smith,WR,2026,1,2026,14,13,0.0,2.5710668563842773,False,84,0.0,10.21805534362792,2
KeAndre Lambert-Smith,WR,2026,1,2026,15,14,0.0,2.5712244510650635,False,91,0.0,8.18440377712249,2
KeAndre Lambert-Smith,WR,2026,1,2026,16,15,0.0,2.5907986164093018,False,98,0.0,6.19529252052303,2
KeAndre Lambert-Smith,WR,2026,1,2026,17,16,0.0,2.63342547416687,False,105,0.0,3.581250023841851,2
Keaton Mitchell,RB,2026,1,2026,2,1,0.0,4.330670833587647,False,0,0.0,19.0464307785034,2
Keaton Mitchell,RB,2026,1,2026,3,2,0.0,4.302361488342285,False,7,0.0,18.463673973083488,2
Keaton Mitchell,RB,2026,1,2026,4,3,0.0,4.403796672821045,False,14,0.0,17.933025932312002,2
Keaton Mitchell,RB,2026,1,2026,5,4,0.0,4.455731391906738,False,21,0.0,18.007283878326405,2
Keaton Mitchell,RB,2026,1,2026,6,5,0.0,4.597726345062256,False,28,0.0,17.54071896076202,2
Keaton Mitchell,RB,2026,1,2026,7,6,0.0,4.871221542358398,False,35,0.0,17.08791351318359,2
Keaton Mitchell,RB,2026,1,2026,8,7,0.0,5.229543209075928,False,42,0.0,16.84309930801391,2
Keaton Mitchell,RB,2026,1,2026,9,8,0.0,5.717380523681641,False,49,0.0,16.734308052062982,2
Keaton Mitchell,RB,2026,1,2026,10,9,0.0,6.244560718536377,False,56,0.0,16.150439167022675,2
Keaton Mitchell,RB,2026,1,2026,11,10,0.0,6.879100322723389,False,63,0.0,16.150072693824768,2
Keaton Mitchell,RB,2026,1,2026,12,11,0.0,7.521402359008789,False,70,0.0,16.524046754837027,2
Keaton Mitchell,RB,2026,1,2026,13,12,0.0,8.090068817138672,False,77,0.0,16.536903667449945,2
Keaton Mitchell,RB,2026,1,2026,14,13,0.0,8.492464065551758,False,84,0.0,16.1394525527954,2
Keaton Mitchell,RB,2026,1,2026,15,14,0.0,8.654516220092773,False,91,0.0,14.2676955461502,2
Keaton Mitchell,RB,2026,1,2026,16,15,0.0,8.654147148132324,False,98,0.0,12.258641052246052,2
Keaton Mitchell,RB,2026,1,2026,17,16,0.0,8.539888381958008,False,105,0.0,9.487712931632988,2
Keenan Allen,WR,2026,1,2026,2,1,0.0,12.919880867004396,False,0,1.8212654113769524,27.635640811920148,2
Keenan Allen,WR,2026,1,2026,3,2,0.0,12.998207092285156,False,7,0.0,27.15951957702636,2
Keenan Allen,WR,2026,1,2026,4,3,0.0,13.225460052490234,False,14,0.0,26.754689311981192,2
Keenan Allen,WR,2026,1,2026,5,4,0.0,13.538589477539062,False,21,0.0,27.09014196395873,2
Keenan Allen,WR,2026,1,2026,6,5,0.0,13.754068374633787,False,28,0.0,26.697060990333554,2
Keenan Allen,WR,2026,1,2026,7,6,0.0,13.96474838256836,False,35,0.0,26.18144035339355,2
Keenan Allen,WR,2026,1,2026,8,7,0.0,14.078086853027344,False,42,0.0,25.691642951965328,2
Keenan Allen,WR,2026,1,2026,9,8,0.0,14.086082458496094,False,49,0.0,25.103009986877435,2
Keenan Allen,WR,2026,1,2026,10,9,0.0,14.039727210998535,False,56,0.0,23.945605659484837,2
Keenan Allen,WR,2026,1,2026,11,10,0.0,13.98530387878418,False,63,0.0,23.25627624988556,2
Keenan Allen,WR,2026,1,2026,12,11,0.0,13.918648719787598,False,70,0.0,22.921293115615835,2
Keenan Allen,WR,2026,1,2026,13,12,0.0,13.832958221435549,False,77,0.0,22.27979307174682,2
Keenan Allen,WR,2026,1,2026,14,13,0.0,13.752586364746094,False,84,0.0,21.399574851989737,2
Keenan Allen,WR,2026,1,2026,15,14,0.0,13.696409225463867,False,91,0.0,19.30958855152129,2
Keenan Allen,WR,2026,1,2026,16,15,0.0,13.631009101867676,False,98,0.0,17.235503005981403,2
Keenan Allen,WR,2026,1,2026,17,16,0.0,13.552202224731444,False,105,0.0,14.500026774406424,2
Kendre Miller,RB,2026,1,2026,2,1,0.0,6.08803129196167,False,0,0.0,20.803791236877423,2
Kendre Miller,RB,2026,1,2026,3,2,0.0,6.291393280029297,False,7,0.0,20.4527057647705,2
Kendre Miller,RB,2026,1,2026,4,3,0.0,6.362977981567383,False,14,0.0,19.89220724105834,2
Kendre Miller,RB,2026,1,2026,5,4,0.0,6.386647701263428,False,21,0.0,19.93820018768309,2
Kendre Miller,RB,2026,1,2026,6,5,0.0,6.38581132888794,False,28,0.0,19.328803944587705,2
Kendre Miller,RB,2026,1,2026,7,6,0.0,6.323337078094482,False,35,0.0,18.540029048919678,2
Kendre Miller,RB,2026,1,2026,8,7,0.0,6.257280826568604,False,42,0.0,17.870836925506588,2
Kendre Miller,RB,2026,1,2026,9,8,0.0,6.140633583068848,False,49,0.0,17.15756111145019,2
Kendre Miller,RB,2026,1,2026,10,9,0.0,5.985617637634277,False,56,0.0,15.891496086120576,2
Kendre Miller,RB,2026,1,2026,11,10,0.0,5.84176778793335,False,63,0.0,15.112740159034727,2
Kendre Miller,RB,2026,1,2026,12,11,0.0,5.716350555419922,False,70,0.0,14.71899495124816,2
Kendre Miller,RB,2026,1,2026,13,12,0.0,5.601428985595703,False,77,0.0,14.048263835906976,2
Kendre Miller,RB,2026,1,2026,14,13,0.0,5.503414154052734,False,84,0.0,13.150402641296376,2
Kendre Miller,RB,2026,1,2026,15,14,0.0,5.433562278747559,False,91,0.0,11.046741604804986,2
Kendre Miller,RB,2026,1,2026,16,15,0.0,5.379456043243408,False,98,0.0,8.983949947357136,2
Kendre Miller,RB,2026,1,2026,17,16,0.0,5.334688186645508,False,105,0.0,6.282512736320489,2
Kendrick Bourne,WR,2026,1,2026,2,1,0.0,2.8683528900146484,False,0,0.0,17.5841128349304,2
Kendrick Bourne,WR,2026,1,2026,3,2,0.0,2.911224603652954,False,7,0.0,17.072537088394157,2
Kendrick Bourne,WR,2026,1,2026,4,3,0.0,2.9333605766296387,False,14,0.0,16.462589836120596,2
Kendrick Bourne,WR,2026,1,2026,5,4,0.0,2.836157321929932,False,21,0.0,16.387709808349598,2
Kendrick Bourne,WR,2026,1,2026,6,5,0.0,2.7821383476257324,False,28,0.0,15.725130963325498,2
Kendrick Bourne,WR,2026,1,2026,7,6,0.0,2.8030622005462646,False,35,0.0,15.019754171371456,2
Kendrick Bourne,WR,2026,1,2026,8,7,0.0,2.8549818992614746,False,42,0.0,14.46853799819946,2
Kendrick Bourne,WR,2026,1,2026,9,8,0.0,2.988566398620605,False,49,0.0,14.005493927001949,2
Kendrick Bourne,WR,2026,1,2026,10,9,0.0,3.1492507457733154,False,56,0.0,13.055129194259615,2
Kendrick Bourne,WR,2026,1,2026,11,10,0.0,3.369209289550781,False,63,0.0,12.64018166065216,2
Kendrick Bourne,WR,2026,1,2026,12,11,0.0,3.637795925140381,False,70,0.0,12.64044032096862,2
Kendrick Bourne,WR,2026,1,2026,13,12,0.0,3.9198853969573975,False,77,0.0,12.36672024726867,2
Kendrick Bourne,WR,2026,1,2026,14,13,0.0,4.159063339233398,False,84,0.0,11.806051826477042,2
Kendrick Bourne,WR,2026,1,2026,15,14,0.0,4.309595584869385,False,91,0.0,9.922774910926812,2
Kendrick Bourne,WR,2026,1,2026,16,15,0.0,4.395137786865234,False,98,0.0,7.999631690978963,2
Kendrick Bourne,WR,2026,1,2026,17,16,0.0,4.44911527633667,False,105,0.0,5.396939826011651,2
Kene Nwangwu,RB,2026,1,2026,2,1,0.0,0.9166592359542848,False,0,0.0,15.632419180870038,2
Kene Nwangwu,RB,2026,1,2026,3,2,0.0,0.923798680305481,False,7,0.0,15.085111165046683,2
Kene Nwangwu,RB,2026,1,2026,4,3,0.0,0.9880695343017578,False,14,0.0,14.517298793792715,2
Kene Nwangwu,RB,2026,1,2026,5,4,0.0,0.9578664302825928,False,21,0.0,14.509418916702256,2
Kene Nwangwu,RB,2026,1,2026,6,5,0.0,0.8821907639503479,False,28,0.0,13.825183379650111,2
Kene Nwangwu,RB,2026,1,2026,7,6,0.0,0.8521407842636108,False,35,0.0,13.068832755088804,2
Kene Nwangwu,RB,2026,1,2026,8,7,0.0,0.8162872791290283,False,42,0.0,12.429843378067012,2
Kene Nwangwu,RB,2026,1,2026,9,8,0.0,0.8365353345870972,False,49,0.0,11.853462862968438,2
Kene Nwangwu,RB,2026,1,2026,10,9,0.0,0.8513259887695312,False,56,0.0,10.757204437255831,2
Kene Nwangwu,RB,2026,1,2026,11,10,0.0,0.8613705635070801,False,63,0.0,10.13234293460846,2
Kene Nwangwu,RB,2026,1,2026,12,11,0.0,0.8940802812576294,False,70,0.0,9.896724677085867,2
Kene Nwangwu,RB,2026,1,2026,13,12,0.0,0.9358782768249512,False,77,0.0,9.382713127136224,2
Kene Nwangwu,RB,2026,1,2026,14,13,0.0,0.9707587957382202,False,84,0.0,8.617747282981863,2
Kene Nwangwu,RB,2026,1,2026,15,14,0.0,1.0088989734649658,False,91,0.0,6.622078299522394,2
Kene Nwangwu,RB,2026,1,2026,16,15,0.0,1.046528935432434,False,98,0.0,4.651022839546163,2
Kene Nwangwu,RB,2026,1,2026,17,16,0.0,1.0907063484191897,False,105,0.0,2.0385308980941703,2
Kenneth Walker III,RB,2026,1,2026,2,1,0.0,6.858743667602539,False,0,0.0,21.57450361251829,2
Kenneth Walker III,RB,2026,1,2026,3,2,0.0,6.7365827560424805,False,7,0.0,20.897895240783683,2
Kenneth Walker III,RB,2026,1,2026,4,3,0.0,6.806670188903809,False,14,0.0,20.33589944839477,2
Kenneth Walker III,RB,2026,1,2026,5,4,0.0,7.072005271911621,False,21,0.0,20.623557758331287,2
Kenneth Walker III,RB,2026,1,2026,6,5,0.0,7.427858352661133,False,28,0.0,20.370850968360894,2
Kenneth Walker III,RB,2026,1,2026,7,6,0.0,7.768896579742432,False,35,0.0,19.985588550567623,2
Kenneth Walker III,RB,2026,1,2026,8,7,0.0,8.124570846557617,False,42,0.0,19.7381269454956,2
Kenneth Walker III,RB,2026,1,2026,9,8,0.0,8.500321388244629,False,49,0.0,19.51724891662597,2
Kenneth Walker III,RB,2026,1,2026,10,9,0.0,8.788990020751953,False,56,0.0,18.69486846923825,2
Kenneth Walker III,RB,2026,1,2026,11,10,0.0,9.066691398620604,False,63,0.0,18.337663769721985,2
Kenneth Walker III,RB,2026,1,2026,12,11,0.0,9.258387565612791,False,70,0.0,18.26103196144103,2
Kenneth Walker III,RB,2026,1,2026,13,12,0.0,9.367002487182615,False,77,0.0,17.81383733749389,2
Kenneth Walker III,RB,2026,1,2026,14,13,0.0,9.408781051635742,False,84,0.0,17.055769538879385,2
Kenneth Walker III,RB,2026,1,2026,15,14,0.0,9.35110092163086,False,91,0.0,14.964280247688286,2
Kenneth Walker III,RB,2026,1,2026,16,15,0.0,9.216852188110352,False,98,0.0,12.82134609222408,2
Kenneth Walker III,RB,2026,1,2026,17,16,0.0,9.035062789916992,False,105,0.0,9.982887339591972,2
Kenny Gainwell,RB,2026,1,2026,2,1,0.0,12.804834365844728,False,0,1.7062189102172844,27.52059431076048,2
Kenny Gainwell,RB,2026,1,2026,3,2,0.0,12.788409233093262,False,7,0.0,26.949721717834464,2
Kenny Gainwell,RB,2026,1,2026,4,3,0.0,12.756372451782228,False,14,0.0,26.285601711273184,2
Kenny Gainwell,RB,2026,1,2026,5,4,0.0,12.722527503967283,False,21,0.0,26.27407999038695,2
Kenny Gainwell,RB,2026,1,2026,6,5,0.0,12.575942993164062,False,28,0.0,25.518935608863828,2
Kenny Gainwell,RB,2026,1,2026,7,6,0.0,12.229166984558104,False,35,0.0,24.445858955383297,2
Kenny Gainwell,RB,2026,1,2026,8,7,0.0,11.900484085083008,False,42,0.0,23.514040184020992,2
Kenny Gainwell,RB,2026,1,2026,9,8,0.0,11.606929779052734,False,49,0.0,22.62385730743408,2
Kenny Gainwell,RB,2026,1,2026,10,9,0.0,11.353204727172852,False,56,0.0,21.25908317565915,2
Kenny Gainwell,RB,2026,1,2026,11,10,0.0,11.126556396484377,False,63,0.0,20.397528767585754,2
Kenny Gainwell,RB,2026,1,2026,12,11,0.0,10.905869483947754,False,70,0.0,19.90851387977599,2
Kenny Gainwell,RB,2026,1,2026,13,12,0.0,10.67353630065918,False,77,0.0,19.120371150970453,2
Kenny Gainwell,RB,2026,1,2026,14,13,0.0,10.460777282714844,False,84,0.0,18.107765769958487,2
Kenny Gainwell,RB,2026,1,2026,15,14,0.0,10.31216812133789,False,91,0.0,15.925347447395318,2
Kenny Gainwell,RB,2026,1,2026,16,15,0.0,10.194588661193848,False,98,0.0,13.799082565307575,2
Kenny Gainwell,RB,2026,1,2026,17,16,0.0,10.06218719482422,False,105,0.0,11.0100117444992,2
Keon Coleman,WR,2026,1,2026,2,1,0.0,4.621364593505859,False,0,0.0,19.33712453842161,2
Keon Coleman,WR,2026,1,2026,3,2,0.0,4.552161693572998,False,7,0.0,18.7134741783142,2
Keon Coleman,WR,2026,1,2026,4,3,0.0,4.468265533447266,False,14,0.0,17.997494792938223,2
Keon Coleman,WR,2026,1,2026,5,4,0.0,4.360943794250488,False,21,0.0,17.912496280670155,2
Keon Coleman,WR,2026,1,2026,6,5,0.0,4.31610107421875,False,28,0.0,17.259093689918515,2
Keon Coleman,WR,2026,1,2026,7,6,0.0,4.285095691680908,False,35,0.0,16.5017876625061,2
Keon Coleman,WR,2026,1,2026,8,7,0.0,4.272268295288086,False,42,0.0,15.88582439422607,2
Keon Coleman,WR,2026,1,2026,9,8,0.0,4.290927410125732,False,49,0.0,15.307854938507074,2
Keon Coleman,WR,2026,1,2026,10,9,0.0,4.309762477874756,False,56,0.0,14.215640926361056,2
Keon Coleman,WR,2026,1,2026,11,10,0.0,4.350720882415772,False,63,0.0,13.62169325351715,2
Keon Coleman,WR,2026,1,2026,12,11,0.0,4.400949001312256,False,70,0.0,13.403593397140494,2
Keon Coleman,WR,2026,1,2026,13,12,0.0,4.443774223327637,False,77,0.0,12.89060907363891,2
Keon Coleman,WR,2026,1,2026,14,13,0.0,4.464252948760986,False,84,0.0,12.11124143600463,2
Keon Coleman,WR,2026,1,2026,15,14,0.0,4.461495399475098,False,91,0.0,10.074674725532525,2
Keon Coleman,WR,2026,1,2026,16,15,0.0,4.440944671630859,False,98,0.0,8.045438575744587,2
Keon Coleman,WR,2026,1,2026,17,16,0.0,4.421977043151856,False,105,0.0,5.369801592826836,2
Kevin Austin Jr.,WR,2026,1,2026,2,1,0.0,2.5049452781677246,False,0,0.0,17.220705223083478,2
Kevin Austin Jr.,WR,2026,1,2026,3,2,0.0,2.5525765419006348,False,7,0.0,16.713889026641837,2
Kevin Austin Jr.,WR,2026,1,2026,4,3,0.0,2.614440441131592,False,14,0.0,16.14366970062255,2
Kevin Austin Jr.,WR,2026,1,2026,5,4,0.0,2.606812000274658,False,21,0.0,16.158364486694325,2
Kevin Austin Jr.,WR,2026,1,2026,6,5,0.0,2.5886716842651367,False,28,0.0,15.531664299964902,2
Kevin Austin Jr.,WR,2026,1,2026,7,6,0.0,2.5951719284057617,False,35,0.0,14.811863899230952,2
Kevin Austin Jr.,WR,2026,1,2026,8,7,0.0,2.5893213748931885,False,42,0.0,14.202877473831172,2
Kevin Austin Jr.,WR,2026,1,2026,9,8,0.0,2.6348164081573486,False,49,0.0,13.65174393653869,2
Kevin Austin Jr.,WR,2026,1,2026,10,9,0.0,2.6669154167175293,False,56,0.0,12.57279386520383,2
Kevin Austin Jr.,WR,2026,1,2026,11,10,0.0,2.696197032928467,False,63,0.0,11.967169404029846,2
Kevin Austin Jr.,WR,2026,1,2026,12,11,0.0,2.743007183074951,False,70,0.0,11.745651578903187,2
Kevin Austin Jr.,WR,2026,1,2026,13,12,0.0,2.7911243438720703,False,77,0.0,11.237959194183343,2
Kevin Austin Jr.,WR,2026,1,2026,14,13,0.0,2.826942443847656,False,84,0.0,10.4739309310913,2
Kevin Austin Jr.,WR,2026,1,2026,15,14,0.0,2.858398914337158,False,91,0.0,8.471578240394585,2
Kevin Austin Jr.,WR,2026,1,2026,16,15,0.0,2.889099597930908,False,98,0.0,6.493593502044637,2
Kevin Austin Jr.,WR,2026,1,2026,17,16,0.0,2.9350616931915283,False,105,0.0,3.882886242866509,2
Kevin Coleman Jr.,WR,2026,1,2026,2,1,0.0,1.4923142194747925,False,0,0.0,16.208074164390545,2
Kevin Coleman Jr.,WR,2026,1,2026,3,2,0.0,1.4582993984222412,False,7,0.0,15.619611883163444,2
Kevin Coleman Jr.,WR,2026,1,2026,4,3,0.0,1.490406513214111,False,14,0.0,15.019635772705069,2
Kevin Coleman Jr.,WR,2026,1,2026,5,4,0.0,1.4574458599090576,False,21,0.0,15.008998346328722,2
Kevin Coleman Jr.,WR,2026,1,2026,6,5,0.0,1.4110126495361328,False,28,0.0,14.354005265235898,2
Kevin Coleman Jr.,WR,2026,1,2026,7,6,0.0,1.4239537715911863,False,35,0.0,13.640645742416378,2
Kevin Coleman Jr.,WR,2026,1,2026,8,7,0.0,1.4315645694732666,False,42,0.0,13.04512066841125,2
Kevin Coleman Jr.,WR,2026,1,2026,9,8,0.0,1.51346755027771,False,49,0.0,12.530395078659051,2
Kevin Coleman Jr.,WR,2026,1,2026,10,9,0.0,1.5966086387634275,False,56,0.0,11.502487087249728,2
Kevin Coleman Jr.,WR,2026,1,2026,11,10,0.0,1.686293363571167,False,63,0.0,10.957265734672546,2
Kevin Coleman Jr.,WR,2026,1,2026,12,11,0.0,1.801470398902893,False,70,0.0,10.804114794731133,2
Kevin Coleman Jr.,WR,2026,1,2026,13,12,0.0,1.914106845855713,False,77,0.0,10.360941696166986,2
Kevin Coleman Jr.,WR,2026,1,2026,14,13,0.0,2.0094635486602783,False,84,0.0,9.65645203590392,2
Kevin Coleman Jr.,WR,2026,1,2026,15,14,0.0,2.075101613998413,False,91,0.0,7.688280940055841,2
Kevin Coleman Jr.,WR,2026,1,2026,16,15,0.0,2.129241704940796,False,98,0.0,5.733735609054524,2
Kevin Coleman Jr.,WR,2026,1,2026,17,16,0.0,2.188669204711914,False,105,0.0,3.136493754386895,2
KhaDarel Hodge,WR,2026,1,2026,2,1,0.0,1.5102702379226685,False,0,0.0,16.22603018283842,2
KhaDarel Hodge,WR,2026,1,2026,3,2,0.0,1.4971697330474854,False,7,0.0,15.65848221778869,2
KhaDarel Hodge,WR,2026,1,2026,4,3,0.0,1.5132228136062622,False,14,0.0,15.04245207309722,2
KhaDarel Hodge,WR,2026,1,2026,5,4,0.0,1.4553260803222656,False,21,0.0,15.00687856674193,2
KhaDarel Hodge,WR,2026,1,2026,6,5,0.0,1.3697409629821775,False,28,0.0,14.312733578681945,2
KhaDarel Hodge,WR,2026,1,2026,7,6,0.0,1.323135495185852,False,35,0.0,13.539827466011044,2
KhaDarel Hodge,WR,2026,1,2026,8,7,0.0,1.2742574214935305,False,42,0.0,12.887813520431514,2
KhaDarel Hodge,WR,2026,1,2026,9,8,0.0,1.2819201946258545,False,49,0.0,12.298847723007196,2
KhaDarel Hodge,WR,2026,1,2026,10,9,0.0,1.2863327264785769,False,56,0.0,11.192211174964877,2
KhaDarel Hodge,WR,2026,1,2026,11,10,0.0,1.287977695465088,False,63,0.0,10.558950066566467,2
KhaDarel Hodge,WR,2026,1,2026,12,11,0.0,1.3152307271957395,False,70,0.0,10.317875123023978,2
KhaDarel Hodge,WR,2026,1,2026,13,12,0.0,1.354364991188049,False,77,0.0,9.801199841499322,2
KhaDarel Hodge,WR,2026,1,2026,14,13,0.0,1.39024817943573,False,84,0.0,9.037236666679371,2
KhaDarel Hodge,WR,2026,1,2026,15,14,0.0,1.4337470531463623,False,91,0.0,7.04692637920379,2
KhaDarel Hodge,WR,2026,1,2026,16,15,0.0,1.4813165664672852,False,98,0.0,5.085810470581014,2
KhaDarel Hodge,WR,2026,1,2026,17,16,0.0,1.5410683155059814,False,105,0.0,2.4888928651809623,2
Khalil Shakir,WR,2026,1,2026,2,1,0.0,11.744710922241213,False,0,0.6460954666137688,26.460470867156964,2
Khalil Shakir,WR,2026,1,2026,3,2,0.0,11.84776496887207,False,7,0.0,26.009077453613276,2
Khalil Shakir,WR,2026,1,2026,4,3,0.0,11.844850540161133,False,14,0.0,25.37407979965209,2
Khalil Shakir,WR,2026,1,2026,5,4,0.0,11.959057807922363,False,21,0.0,25.51061029434203,2
Khalil Shakir,WR,2026,1,2026,6,5,0.0,11.956690788269045,False,28,0.0,24.899683403968808,2
Khalil Shakir,WR,2026,1,2026,7,6,0.0,11.806875228881836,False,35,0.0,24.023567199707028,2
Khalil Shakir,WR,2026,1,2026,8,7,0.0,11.61784553527832,False,42,0.0,23.231401634216304,2
Khalil Shakir,WR,2026,1,2026,9,8,0.0,11.298622131347656,False,49,0.0,22.315549659729,2
Khalil Shakir,WR,2026,1,2026,10,9,0.0,10.96333122253418,False,56,0.0,20.86920967102048,2
Khalil Shakir,WR,2026,1,2026,11,10,0.0,10.648422241210938,False,63,0.0,19.91939461231232,2
Khalil Shakir,WR,2026,1,2026,12,11,0.0,10.353801727294922,False,70,0.0,19.35644612312316,2
Khalil Shakir,WR,2026,1,2026,13,12,0.0,10.06216812133789,False,77,0.0,18.509002971649164,2
Khalil Shakir,WR,2026,1,2026,14,13,0.0,9.806670188903809,False,84,0.0,17.45365867614745,2
Khalil Shakir,WR,2026,1,2026,15,14,0.0,9.640361785888672,False,91,0.0,15.2535411119461,2
Khalil Shakir,WR,2026,1,2026,16,15,0.0,9.521476745605469,False,98,0.0,13.125970649719196,2
Khalil Shakir,WR,2026,1,2026,17,16,0.0,9.38832664489746,False,105,0.0,10.33615119457244,2
Kimani Vidal,RB,2026,1,2026,2,1,0.0,8.971975326538086,False,0,0.0,23.68773527145384,2
Kimani Vidal,RB,2026,1,2026,3,2,0.0,9.20121955871582,False,7,0.0,23.362532043457023,2
Kimani Vidal,RB,2026,1,2026,4,3,0.0,9.448390007019045,False,14,0.0,22.97761926651,2
Kimani Vidal,RB,2026,1,2026,5,4,0.0,9.855287551879885,False,21,0.0,23.40684003829955,2
Kimani Vidal,RB,2026,1,2026,6,5,0.0,10.236663818359377,False,28,0.0,23.17965643405914,2
Kimani Vidal,RB,2026,1,2026,7,6,0.0,10.548852920532228,False,35,0.0,22.76554489135742,2
Kimani Vidal,RB,2026,1,2026,8,7,0.0,10.83237075805664,False,42,0.0,22.445926856994625,2
Kimani Vidal,RB,2026,1,2026,9,8,0.0,10.992294311523438,False,49,0.0,22.00922183990478,2
Kimani Vidal,RB,2026,1,2026,10,9,0.0,11.016489028930664,False,56,0.0,20.92236747741696,2
Kimani Vidal,RB,2026,1,2026,11,10,0.0,10.897069931030272,False,63,0.0,20.168042302131653,2
Kimani Vidal,RB,2026,1,2026,12,11,0.0,10.684385299682615,False,70,0.0,19.68702969551085,2
Kimani Vidal,RB,2026,1,2026,13,12,0.0,10.44325828552246,False,77,0.0,18.89009313583373,2
Kimani Vidal,RB,2026,1,2026,14,13,0.0,10.232245445251465,False,84,0.0,17.879233932495108,2
Kimani Vidal,RB,2026,1,2026,15,14,0.0,10.088706970214844,False,91,0.0,15.70188629627227,2
Kimani Vidal,RB,2026,1,2026,16,15,0.0,9.977962493896484,False,98,0.0,13.582456398010212,2
Kimani Vidal,RB,2026,1,2026,17,16,0.0,9.844377517700195,False,105,0.0,10.792202067375175,2
Konata Mumpfield,WR,2026,1,2026,2,1,0.0,2.4317715167999268,False,0,0.0,17.14753146171568,2
Konata Mumpfield,WR,2026,1,2026,3,2,0.0,2.427145481109619,False,7,0.0,16.58845796585082,2
Konata Mumpfield,WR,2026,1,2026,4,3,0.0,2.5959279537200928,False,14,0.0,16.12515721321105,2
Konata Mumpfield,WR,2026,1,2026,5,4,0.0,2.711800098419189,False,21,0.0,16.263352584838856,2
Konata Mumpfield,WR,2026,1,2026,6,5,0.0,2.843958616256714,False,28,0.0,15.78695123195648,2
Konata Mumpfield,WR,2026,1,2026,7,6,0.0,3.041625738143921,False,35,0.0,15.258317708969113,2
Konata Mumpfield,WR,2026,1,2026,8,7,0.0,3.2274065017700195,False,42,0.0,14.840962600708004,2
Konata Mumpfield,WR,2026,1,2026,9,8,0.0,3.513902187347412,False,49,0.0,14.530829715728752,2
Konata Mumpfield,WR,2026,1,2026,10,9,0.0,3.814694881439209,False,56,0.0,13.720573329925507,2
Konata Mumpfield,WR,2026,1,2026,11,10,0.0,4.175346851348877,False,63,0.0,13.446319222450256,2
Konata Mumpfield,WR,2026,1,2026,12,11,0.0,4.565457344055176,False,70,0.0,13.568101739883414,2
Konata Mumpfield,WR,2026,1,2026,13,12,0.0,4.933346748352051,False,77,0.0,13.380181598663324,2
Konata Mumpfield,WR,2026,1,2026,14,13,0.0,5.230470657348633,False,84,0.0,12.877459144592276,2
Konata Mumpfield,WR,2026,1,2026,15,14,0.0,5.398367404937744,False,91,0.0,11.011546730995171,2
Konata Mumpfield,WR,2026,1,2026,16,15,0.0,5.481667518615723,False,98,0.0,9.08616142272945,2
Konata Mumpfield,WR,2026,1,2026,17,16,0.0,5.517595291137695,False,105,0.0,6.465419840812676,2
Kyle Juszczyk,RB,2026,1,2026,2,1,0.0,2.6153311729431152,False,0,0.0,17.33109111785887,2
Kyle Juszczyk,RB,2026,1,2026,3,2,0.0,2.597316265106201,False,7,0.0,16.758628749847404,2
Kyle Juszczyk,RB,2026,1,2026,4,3,0.0,2.6607728004455566,False,14,0.0,16.190002059936514,2
Kyle Juszczyk,RB,2026,1,2026,5,4,0.0,2.677523374557495,False,21,0.0,16.22907586097716,2
Kyle Juszczyk,RB,2026,1,2026,6,5,0.0,2.7126669883728027,False,28,0.0,15.655659604072568,2
Kyle Juszczyk,RB,2026,1,2026,7,6,0.0,2.786064863204956,False,35,0.0,15.002756834030148,2
Kyle Juszczyk,RB,2026,1,2026,8,7,0.0,2.844303607940674,False,42,0.0,14.457859706878658,2
Kyle Juszczyk,RB,2026,1,2026,9,8,0.0,2.9619574546813965,False,49,0.0,13.978884983062738,2
Kyle Juszczyk,RB,2026,1,2026,10,9,0.0,3.063413619995117,False,56,0.0,12.969292068481415,2
Kyle Juszczyk,RB,2026,1,2026,11,10,0.0,3.1722099781036377,False,63,0.0,12.443182349205015,2
Kyle Juszczyk,RB,2026,1,2026,12,11,0.0,3.293163299560547,False,70,0.0,12.295807695388785,2
Kyle Juszczyk,RB,2026,1,2026,13,12,0.0,3.4001522064208984,False,77,0.0,11.846987056732171,2
Kyle Juszczyk,RB,2026,1,2026,14,13,0.0,3.4748237133026123,False,84,0.0,11.121812200546255,2
Kyle Juszczyk,RB,2026,1,2026,15,14,0.0,3.514472484588623,False,91,0.0,9.12765181064605,2
Kyle Juszczyk,RB,2026,1,2026,16,15,0.0,3.535792827606201,False,98,0.0,7.14028673171993,2
Kyle Juszczyk,RB,2026,1,2026,17,16,0.0,3.562321901321411,False,105,0.0,4.510146450996392,2
Kyle Monangai,RB,2026,1,2026,2,1,0.0,9.556028366088867,False,0,0.0,24.27178831100462,2
Kyle Monangai,RB,2026,1,2026,3,2,0.0,9.533353805541992,False,7,0.0,23.694666290283195,2
Kyle Monangai,RB,2026,1,2026,4,3,0.0,9.37784194946289,False,14,0.0,22.907071208953848,2
Kyle Monangai,RB,2026,1,2026,5,4,0.0,9.24685287475586,False,21,0.0,22.79840536117553,2
Kyle Monangai,RB,2026,1,2026,6,5,0.0,9.005220413208008,False,28,0.0,21.948213028907773,2
Kyle Monangai,RB,2026,1,2026,7,6,0.0,8.563217163085938,False,35,0.0,20.77990913391113,2
Kyle Monangai,RB,2026,1,2026,8,7,0.0,8.113072395324707,False,42,0.0,19.72662849426269,2
Kyle Monangai,RB,2026,1,2026,9,8,0.0,7.531543731689453,False,49,0.0,18.548471260070794,2
Kyle Monangai,RB,2026,1,2026,10,9,0.0,6.901577949523926,False,56,0.0,16.807456398010224,2
Kyle Monangai,RB,2026,1,2026,11,10,0.0,6.264950752258301,False,63,0.0,15.53592312335968,2
Kyle Monangai,RB,2026,1,2026,12,11,0.0,5.770815372467041,False,70,0.0,14.77345976829528,2
Kyle Monangai,RB,2026,1,2026,13,12,0.0,5.42431116104126,False,77,0.0,13.871146011352533,2
Kyle Monangai,RB,2026,1,2026,14,13,0.0,5.216705322265625,False,84,0.0,12.863693809509268,2
Kyle Monangai,RB,2026,1,2026,15,14,0.0,5.115877151489258,False,91,0.0,10.729056477546685,2
Kyle Monangai,RB,2026,1,2026,16,15,0.0,5.070898056030273,False,98,0.0,8.675391960144001,2
Kyle Monangai,RB,2026,1,2026,17,16,0.0,5.058484077453613,False,105,0.0,6.006308627128594,2
Kyle Williams,WR,2026,1,2026,2,1,0.0,6.396306037902832,False,0,0.0,21.112065982818585,2
Kyle Williams,WR,2026,1,2026,3,2,0.0,6.556509017944336,False,7,0.0,20.71782150268554,2
Kyle Williams,WR,2026,1,2026,4,3,0.0,6.580639839172363,False,14,0.0,20.10986909866332,2
Kyle Williams,WR,2026,1,2026,5,4,0.0,6.573409080505371,False,21,0.0,20.12496156692504,2
Kyle Williams,WR,2026,1,2026,6,5,0.0,6.543343544006348,False,28,0.0,19.486336159706116,2
Kyle Williams,WR,2026,1,2026,7,6,0.0,6.4473419189453125,False,35,0.0,18.664033889770504,2
Kyle Williams,WR,2026,1,2026,8,7,0.0,6.332367897033691,False,42,0.0,17.945923995971675,2
Kyle Williams,WR,2026,1,2026,9,8,0.0,6.124975681304932,False,49,0.0,17.141903209686273,2
Kyle Williams,WR,2026,1,2026,10,9,0.0,5.850830554962158,False,56,0.0,15.756709003448458,2
Kyle Williams,WR,2026,1,2026,11,10,0.0,5.5844011306762695,False,63,0.0,14.855373501777647,2
Kyle Williams,WR,2026,1,2026,12,11,0.0,5.373316764831543,False,70,0.0,14.37596116065978,2
Kyle Williams,WR,2026,1,2026,13,12,0.0,5.199901103973389,False,77,0.0,13.646735954284662,2
Kyle Williams,WR,2026,1,2026,14,13,0.0,5.069731712341309,False,84,0.0,12.716720199584952,2
Kyle Williams,WR,2026,1,2026,15,14,0.0,4.990107536315918,False,91,0.0,10.603286862373343,2
Kyle Williams,WR,2026,1,2026,16,15,0.0,4.944190979003906,False,98,0.0,8.548684883117634,2
Kyle Williams,WR,2026,1,2026,17,16,0.0,4.921097755432129,False,105,0.0,5.86892230510711,2
Kyren Williams,RB,2026,1,2026,2,1,0.0,18.046483993530277,False,0,6.947868537902831,32.76224393844603,2
Kyren Williams,RB,2026,1,2026,3,2,0.0,18.234560012817383,False,7,4.567265796661376,32.395872497558585,2
Kyren Williams,RB,2026,1,2026,4,3,0.0,18.05845642089844,False,14,3.930871105194091,31.587685680389395,2
Kyren Williams,RB,2026,1,2026,5,4,0.0,17.70805549621582,False,21,3.420301246643067,31.259607982635487,2
Kyren Williams,RB,2026,1,2026,6,5,0.0,17.543386459350586,False,28,3.1049362182617184,30.48637907505035,2
Kyren Williams,RB,2026,1,2026,7,6,0.0,17.430828094482422,False,35,2.8974268913269032,29.647520065307614,2
Kyren Williams,RB,2026,1,2026,8,7,0.0,17.392196655273438,False,42,2.7865439414978024,29.00575275421142,2
Kyren Williams,RB,2026,1,2026,9,8,0.0,17.30995750427246,False,49,2.654509258270263,28.3268850326538,2
Kyren Williams,RB,2026,1,2026,10,9,0.0,17.230072021484375,False,56,2.528254985809328,27.135950469970677,2
Kyren Williams,RB,2026,1,2026,11,10,0.0,17.147642135620117,False,63,2.382915210723878,26.418614506721497,2
Kyren Williams,RB,2026,1,2026,12,11,0.0,17.061784744262695,False,70,2.2505110740661625,26.064429140090933,2
Kyren Williams,RB,2026,1,2026,13,12,0.0,16.949281692504883,False,77,2.10647668838501,25.39611654281616,2
Kyren Williams,RB,2026,1,2026,14,13,0.0,16.861299514770508,False,84,2.0087019920349114,24.50828800201415,2
Kyren Williams,RB,2026,1,2026,15,14,0.0,16.7944278717041,False,91,1.9111350059509284,22.40760719776153,2
Kyren Williams,RB,2026,1,2026,16,15,0.0,16.7137508392334,False,98,1.834759616851807,20.31824474334713,2
Kyren Williams,RB,2026,1,2026,17,16,0.0,16.63121223449707,False,105,1.7185207366943356,17.57903678417205,2
LaJohntay Wester,WR,2026,1,2026,2,1,0.0,2.7490413188934326,False,0,0.0,17.464801263809186,2
LaJohntay Wester,WR,2026,1,2026,3,2,0.0,2.701668739318848,False,7,0.0,16.86298122406005,2
LaJohntay Wester,WR,2026,1,2026,4,3,0.0,2.7540876865386963,False,14,0.0,16.283316946029654,2
LaJohntay Wester,WR,2026,1,2026,5,4,0.0,2.782931327819824,False,21,0.0,16.33448381423949,2
LaJohntay Wester,WR,2026,1,2026,6,5,0.0,2.8491711616516118,False,28,0.0,15.792163777351377,2
LaJohntay Wester,WR,2026,1,2026,7,6,0.0,2.9700326919555664,False,35,0.0,15.186724662780758,2
LaJohntay Wester,WR,2026,1,2026,8,7,0.0,3.0765280723571777,False,42,0.0,14.690084171295162,2
LaJohntay Wester,WR,2026,1,2026,9,8,0.0,3.249647617340088,False,49,0.0,14.26657514572143,2
LaJohntay Wester,WR,2026,1,2026,10,9,0.0,3.403278350830078,False,56,0.0,13.309156799316378,2
LaJohntay Wester,WR,2026,1,2026,11,10,0.0,3.5659453868865967,False,63,0.0,12.836917757987976,2
LaJohntay Wester,WR,2026,1,2026,12,11,0.0,3.741822481155396,False,70,0.0,12.744466876983632,2
LaJohntay Wester,WR,2026,1,2026,13,12,0.0,3.910077810287476,False,77,0.0,12.356912660598748,2
LaJohntay Wester,WR,2026,1,2026,14,13,0.0,4.045727729797363,False,84,0.0,11.692716217041006,2
LaJohntay Wester,WR,2026,1,2026,15,14,0.0,4.124575614929199,False,91,0.0,9.737754940986626,2
LaJohntay Wester,WR,2026,1,2026,16,15,0.0,4.161262512207031,False,98,0.0,7.76575641632076,2
LaJohntay Wester,WR,2026,1,2026,17,16,0.0,4.183328628540039,False,105,0.0,5.13115317821502,2
Ladd McConkey,WR,2026,1,2026,2,1,0.0,14.08969783782959,False,0,2.991082382202148,28.805457782745343,2
Ladd McConkey,WR,2026,1,2026,3,2,0.0,14.352648735046388,False,7,0.6853545188903798,28.51396121978759,2
Ladd McConkey,WR,2026,1,2026,4,3,0.0,14.584247589111328,False,14,0.456662273406982,28.11347684860229,2
Ladd McConkey,WR,2026,1,2026,5,4,0.0,14.501314163208008,False,21,0.2135599136352546,28.052866649627678,2
Ladd McConkey,WR,2026,1,2026,6,5,0.0,14.346925735473633,False,28,0.0,27.2899183511734,2
Ladd McConkey,WR,2026,1,2026,7,6,0.0,14.158123016357422,False,35,0.0,26.374814987182614,2
Ladd McConkey,WR,2026,1,2026,8,7,0.0,14.064645767211914,False,42,0.0,25.678201866149895,2
Ladd McConkey,WR,2026,1,2026,9,8,0.0,13.93763542175293,False,49,0.0,24.95456295013427,2
Ladd McConkey,WR,2026,1,2026,10,9,0.0,13.810720443725586,False,56,0.0,23.716598892211884,2
Ladd McConkey,WR,2026,1,2026,11,10,0.0,13.71006202697754,False,63,0.0,22.98103439807892,2
Ladd McConkey,WR,2026,1,2026,12,11,0.0,13.617034912109377,False,70,0.0,22.619679307937613,2
Ladd McConkey,WR,2026,1,2026,13,12,0.0,13.50448989868164,False,77,0.0,21.951324748992917,2
Ladd McConkey,WR,2026,1,2026,14,13,0.0,13.395695686340332,False,84,0.0,21.04268417358397,2
Ladd McConkey,WR,2026,1,2026,15,14,0.0,13.30769157409668,False,91,0.0,18.920870900154107,2
Ladd McConkey,WR,2026,1,2026,16,15,0.0,13.21149444580078,False,98,0.0,16.81598834991451,2
Ladd McConkey,WR,2026,1,2026,17,16,0.0,13.097166061401367,False,105,0.0,14.044990611076347,2
Lan Larison,RB,2026,1,2026,2,1,0.0,1.789618968963623,False,0,0.0,16.505378913879376,2
Lan Larison,RB,2026,1,2026,3,2,0.0,1.7674427032470703,False,7,0.0,15.928755187988274,2
Lan Larison,RB,2026,1,2026,4,3,0.0,1.8693182468414309,False,14,0.0,15.398547506332388,2
Lan Larison,RB,2026,1,2026,5,4,0.0,1.8855574131011963,False,21,0.0,15.43710989952086,2
Lan Larison,RB,2026,1,2026,6,5,0.0,1.860706686973572,False,28,0.0,14.803699302673335,2
Lan Larison,RB,2026,1,2026,7,6,0.0,1.8584829568862915,False,35,0.0,14.075174927711483,2
Lan Larison,RB,2026,1,2026,8,7,0.0,1.8363265991210935,False,42,0.0,13.449882698059078,2
Lan Larison,RB,2026,1,2026,9,8,0.0,1.8664857149124143,False,49,0.0,12.883413243293756,2
Lan Larison,RB,2026,1,2026,10,9,0.0,1.8837549686431885,False,56,0.0,11.789633417129489,2
Lan Larison,RB,2026,1,2026,11,10,0.0,1.8976978063583372,False,63,0.0,11.168670177459717,2
Lan Larison,RB,2026,1,2026,12,11,0.0,1.9318549633026123,False,70,0.0,10.93449935913085,2
Lan Larison,RB,2026,1,2026,13,12,0.0,1.9719617366790767,False,77,0.0,10.41879658699035,2
Lan Larison,RB,2026,1,2026,14,13,0.0,2.004185676574707,False,84,0.0,9.65117416381835,2
Lan Larison,RB,2026,1,2026,15,14,0.0,2.0393428802490234,False,91,0.0,7.652522206306451,2
Lan Larison,RB,2026,1,2026,16,15,0.0,2.081931829452514,False,98,0.0,5.686425733566243,2
Lan Larison,RB,2026,1,2026,17,16,0.0,2.1403348445892334,False,105,0.0,3.0881593942642143,2
Laquon Treadwell,WR,2026,1,2026,2,1,0.0,3.152813196182251,False,0,0.0,17.868573141098004,2
Laquon Treadwell,WR,2026,1,2026,3,2,0.0,3.2066941261291504,False,7,0.0,17.368006610870353,2
Laquon Treadwell,WR,2026,1,2026,4,3,0.0,3.225731134414673,False,14,0.0,16.75496039390563,2
Laquon Treadwell,WR,2026,1,2026,5,4,0.0,3.190351963043213,False,21,0.0,16.74190444946288,2
Laquon Treadwell,WR,2026,1,2026,6,5,0.0,3.1638529300689697,False,28,0.0,16.106845545768735,2
Laquon Treadwell,WR,2026,1,2026,7,6,0.0,3.1518027782440186,False,35,0.0,15.36849474906921,2
Laquon Treadwell,WR,2026,1,2026,8,7,0.0,3.129716157913208,False,42,0.0,14.743272256851192,2
Laquon Treadwell,WR,2026,1,2026,9,8,0.0,3.144129514694214,False,49,0.0,14.161057043075555,2
Laquon Treadwell,WR,2026,1,2026,10,9,0.0,3.138911724090576,False,56,0.0,13.044790172576876,2
Laquon Treadwell,WR,2026,1,2026,11,10,0.0,3.129178524017334,False,63,0.0,12.400150895118712,2
Laquon Treadwell,WR,2026,1,2026,12,11,0.0,3.1379852294921875,False,70,0.0,12.140629625320424,2
Laquon Treadwell,WR,2026,1,2026,13,12,0.0,3.150632381439209,False,77,0.0,11.597467231750482,2
Laquon Treadwell,WR,2026,1,2026,14,13,0.0,3.155748128890991,False,84,0.0,10.802736616134634,2
Laquon Treadwell,WR,2026,1,2026,15,14,0.0,3.159792184829712,False,91,0.0,8.772971510887139,2
Laquon Treadwell,WR,2026,1,2026,16,15,0.0,3.1690428256988525,False,98,0.0,6.773536729812581,2
Laquon Treadwell,WR,2026,1,2026,17,16,0.0,3.1985137462615967,False,105,0.0,4.1463382959365775,2
LeQuint Allen Jr.,RB,2026,1,2026,2,1,0.0,1.379636287689209,False,0,0.0,16.095396232604962,2
LeQuint Allen Jr.,RB,2026,1,2026,3,2,0.0,1.2474777698516846,False,7,0.0,15.408790254592889,2
LeQuint Allen Jr.,RB,2026,1,2026,4,3,0.0,1.246955156326294,False,14,0.0,14.776184415817252,2
LeQuint Allen Jr.,RB,2026,1,2026,5,4,0.0,1.1894930601119995,False,21,0.0,14.741045546531664,2
LeQuint Allen Jr.,RB,2026,1,2026,6,5,0.0,1.1140003204345703,False,28,0.0,14.056992936134336,2
LeQuint Allen Jr.,RB,2026,1,2026,7,6,0.0,1.0921450853347778,False,35,0.0,13.30883705615997,2
LeQuint Allen Jr.,RB,2026,1,2026,8,7,0.0,1.0661729574203491,False,42,0.0,12.679729056358331,2
LeQuint Allen Jr.,RB,2026,1,2026,9,8,0.0,1.1109684705734253,False,49,0.0,12.127895998954768,2
LeQuint Allen Jr.,RB,2026,1,2026,10,9,0.0,1.1567997932434082,False,56,0.0,11.062678241729708,2
LeQuint Allen Jr.,RB,2026,1,2026,11,10,0.0,1.201673984527588,False,63,0.0,10.472646355628967,2
LeQuint Allen Jr.,RB,2026,1,2026,12,11,0.0,1.2692513465881348,False,70,0.0,10.271895742416373,2
LeQuint Allen Jr.,RB,2026,1,2026,13,12,0.0,1.3432681560516355,False,77,0.0,9.790103006362909,2
LeQuint Allen Jr.,RB,2026,1,2026,14,13,0.0,1.402080774307251,False,84,0.0,9.049069261550894,2
LeQuint Allen Jr.,RB,2026,1,2026,15,14,0.0,1.4543163776397705,False,91,0.0,7.067495703697198,2
LeQuint Allen Jr.,RB,2026,1,2026,16,15,0.0,1.502794623374939,False,98,0.0,5.107288527488668,2
LeQuint Allen Jr.,RB,2026,1,2026,17,16,0.0,1.5626895427703855,False,105,0.0,2.5105140924453666,2
Lil'Jordan Humphrey,WR,2026,1,2026,2,1,0.0,3.729659557342529,False,0,0.0,18.44541950225828,2
Lil'Jordan Humphrey,WR,2026,1,2026,3,2,0.0,3.9271180629730233,False,7,0.0,18.088430547714225,2
Lil'Jordan Humphrey,WR,2026,1,2026,4,3,0.0,4.006920337677002,False,14,0.0,17.53614959716796,2
Lil'Jordan Humphrey,WR,2026,1,2026,5,4,0.0,4.018111705780029,False,21,0.0,17.569664192199696,2
Lil'Jordan Humphrey,WR,2026,1,2026,6,5,0.0,4.066412925720215,False,28,0.0,17.00940554141998,2
Lil'Jordan Humphrey,WR,2026,1,2026,7,6,0.0,4.134033679962158,False,35,0.0,16.35072565078735,2
Lil'Jordan Humphrey,WR,2026,1,2026,8,7,0.0,4.184162616729736,False,42,0.0,15.79771871566772,2
Lil'Jordan Humphrey,WR,2026,1,2026,9,8,0.0,4.254815101623535,False,49,0.0,15.271742630004876,2
Lil'Jordan Humphrey,WR,2026,1,2026,10,9,0.0,4.2946457862854,False,56,0.0,14.2005242347717,2
Lil'Jordan Humphrey,WR,2026,1,2026,11,10,0.0,4.3298845291137695,False,63,0.0,13.600856900215147,2
Lil'Jordan Humphrey,WR,2026,1,2026,12,11,0.0,4.373448371887207,False,70,0.0,13.376092767715445,2
Lil'Jordan Humphrey,WR,2026,1,2026,13,12,0.0,4.413977146148682,False,77,0.0,12.860811996459956,2
Lil'Jordan Humphrey,WR,2026,1,2026,14,13,0.0,4.444047451019287,False,84,0.0,12.09103593826293,2
Lil'Jordan Humphrey,WR,2026,1,2026,15,14,0.0,4.455329418182373,False,91,0.0,10.0685087442398,2
Lil'Jordan Humphrey,WR,2026,1,2026,16,15,0.0,4.45299243927002,False,98,0.0,8.057486343383747,2
Lil'Jordan Humphrey,WR,2026,1,2026,17,16,0.0,4.451740741729736,False,105,0.0,5.399565291404717,2
Luke McCaffrey,WR,2026,1,2026,2,1,0.0,1.6707782745361328,False,0,0.0,16.386538219451886,2
Luke McCaffrey,WR,2026,1,2026,3,2,0.0,1.6736506223678589,False,7,0.0,15.834963107109065,2
Luke McCaffrey,WR,2026,1,2026,4,3,0.0,1.6953226327896118,False,14,0.0,15.22455189228057,2
Luke McCaffrey,WR,2026,1,2026,5,4,0.0,1.6416780948638916,False,21,0.0,15.193230581283556,2
Luke McCaffrey,WR,2026,1,2026,6,5,0.0,1.5597225427627563,False,28,0.0,14.502715158462522,2
Luke McCaffrey,WR,2026,1,2026,7,6,0.0,1.513871431350708,False,35,0.0,13.7305634021759,2
Luke McCaffrey,WR,2026,1,2026,8,7,0.0,1.4648727178573608,False,42,0.0,13.078428816795345,2
Luke McCaffrey,WR,2026,1,2026,9,8,0.0,1.468358039855957,False,49,0.0,12.485285568237298,2
Luke McCaffrey,WR,2026,1,2026,10,9,0.0,1.4661123752593994,False,56,0.0,11.3719908237457,2
Luke McCaffrey,WR,2026,1,2026,11,10,0.0,1.4612414836883545,False,63,0.0,10.732213854789734,2
Luke McCaffrey,WR,2026,1,2026,12,11,0.0,1.482412576675415,False,70,0.0,10.485056972503653,2
Luke McCaffrey,WR,2026,1,2026,13,12,0.0,1.51548171043396,False,77,0.0,9.962316560745233,2
Luke McCaffrey,WR,2026,1,2026,14,13,0.0,1.5462831258773804,False,84,0.0,9.193271613121023,2
Luke McCaffrey,WR,2026,1,2026,15,14,0.0,1.5862197875976562,False,91,0.0,7.199399113655084,2
Luke McCaffrey,WR,2026,1,2026,16,15,0.0,1.6323012113571167,False,98,0.0,5.236795115470845,2
Luke McCaffrey,WR,2026,1,2026,17,16,0.0,1.6915993690490725,False,105,0.0,2.639423918724053,2
Luther Burden III,WR,2026,1,2026,2,1,0.0,8.207478523254395,False,0,0.0,22.923238468170148,2
Luther Burden III,WR,2026,1,2026,3,2,0.0,8.1445894241333,False,7,0.0,22.305901908874503,2
Luther Burden III,WR,2026,1,2026,4,3,0.0,7.982178688049316,False,14,0.0,21.511407947540278,2
Luther Burden III,WR,2026,1,2026,5,4,0.0,7.818322658538818,False,21,0.0,21.369875144958485,2
Luther Burden III,WR,2026,1,2026,6,5,0.0,7.607239723205566,False,28,0.0,20.55023233890533,2
Luther Burden III,WR,2026,1,2026,7,6,0.0,7.310011386871338,False,35,0.0,19.52670335769653,2
Luther Burden III,WR,2026,1,2026,8,7,0.0,7.032125949859619,False,42,0.0,18.645682048797603,2
Luther Burden III,WR,2026,1,2026,9,8,0.0,6.627561569213867,False,49,0.0,17.64448909759521,2
Luther Burden III,WR,2026,1,2026,10,9,0.0,6.145511627197266,False,56,0.0,16.051390075683564,2
Luther Burden III,WR,2026,1,2026,11,10,0.0,5.625537872314453,False,63,0.0,14.896510243415833,2
Luther Burden III,WR,2026,1,2026,12,11,0.0,5.211088180541992,False,70,0.0,14.21373257637023,2
Luther Burden III,WR,2026,1,2026,13,12,0.0,4.913372993469238,False,77,0.0,13.360207843780511,2
Luther Burden III,WR,2026,1,2026,14,13,0.0,4.725679397583008,False,84,0.0,12.372667884826653,2
Luther Burden III,WR,2026,1,2026,15,14,0.0,4.622124671936035,False,91,0.0,10.235303997993462,2
Luther Burden III,WR,2026,1,2026,16,15,0.0,4.570830345153809,False,98,0.0,8.175324249267536,2
Luther Burden III,WR,2026,1,2026,17,16,0.0,4.552628993988037,False,105,0.0,5.500453543663018,2
Mack Hollins,WR,2026,1,2026,2,1,0.0,8.183805465698242,False,0,0.0,22.899565410613995,2
Mack Hollins,WR,2026,1,2026,3,2,0.0,8.142956733703613,False,7,0.0,22.304269218444816,2
Mack Hollins,WR,2026,1,2026,4,3,0.0,8.114660263061523,False,14,0.0,21.64388952255248,2
Mack Hollins,WR,2026,1,2026,5,4,0.0,8.150398254394531,False,21,0.0,21.7019507408142,2
Mack Hollins,WR,2026,1,2026,6,5,0.0,8.127613067626953,False,28,0.0,21.07060568332672,2
Mack Hollins,WR,2026,1,2026,7,6,0.0,7.960692405700684,False,35,0.0,20.177384376525875,2
Mack Hollins,WR,2026,1,2026,8,7,0.0,7.80274772644043,False,42,0.0,19.416303825378414,2
Mack Hollins,WR,2026,1,2026,9,8,0.0,7.583745956420898,False,49,0.0,18.60067348480224,2
Mack Hollins,WR,2026,1,2026,10,9,0.0,7.325334548950195,False,56,0.0,17.231212997436494,2
Mack Hollins,WR,2026,1,2026,11,10,0.0,7.074018955230713,False,63,0.0,16.344991326332092,2
Mack Hollins,WR,2026,1,2026,12,11,0.0,6.824334621429443,False,70,0.0,15.82697901725768,2
Mack Hollins,WR,2026,1,2026,13,12,0.0,6.608431339263916,False,77,0.0,15.055266189575187,2
Mack Hollins,WR,2026,1,2026,14,13,0.0,6.447535991668701,False,84,0.0,14.094524478912344,2
Mack Hollins,WR,2026,1,2026,15,14,0.0,6.369528770446777,False,91,0.0,11.982708096504204,2
Mack Hollins,WR,2026,1,2026,16,15,0.0,6.326504707336426,False,98,0.0,9.930998611450152,2
Mack Hollins,WR,2026,1,2026,17,16,0.0,6.29081916809082,False,105,0.0,7.238643717765801,2
Makai Lemon,WR,2026,1,2026,2,1,0.0,1.7157044410705566,False,0,0.0,16.43146438598631,2
Makai Lemon,WR,2026,1,2026,3,2,0.0,1.6806752681732178,False,7,0.0,15.841987752914422,2
Makai Lemon,WR,2026,1,2026,4,3,0.0,1.6977934837341309,False,14,0.0,15.227022743225088,2
Makai Lemon,WR,2026,1,2026,5,4,0.0,1.6549299955368042,False,21,0.0,15.206482481956469,2
Makai Lemon,WR,2026,1,2026,6,5,0.0,1.613619327545166,False,28,0.0,14.556611943244931,2
Makai Lemon,WR,2026,1,2026,7,6,0.0,1.6324539184570312,False,35,0.0,13.849145889282225,2
Makai Lemon,WR,2026,1,2026,8,7,0.0,1.649169683456421,False,42,0.0,13.262725782394403,2
Makai Lemon,WR,2026,1,2026,9,8,0.0,1.7385962009429932,False,49,0.0,12.755523729324334,2
Makai Lemon,WR,2026,1,2026,10,9,0.0,1.8288459777832031,False,56,0.0,11.734724426269503,2
Makai Lemon,WR,2026,1,2026,11,10,0.0,1.9276000261306765,False,63,0.0,11.198572397232056,2
Makai Lemon,WR,2026,1,2026,12,11,0.0,2.0514276027679443,False,70,0.0,11.054071998596182,2
Makai Lemon,WR,2026,1,2026,13,12,0.0,2.169788360595703,False,77,0.0,10.616623210906976,2
Makai Lemon,WR,2026,1,2026,14,13,0.0,2.269007921218872,False,84,0.0,9.915996408462515,2
Makai Lemon,WR,2026,1,2026,15,14,0.0,2.33289098739624,False,91,0.0,7.946070313453668,2
Makai Lemon,WR,2026,1,2026,16,15,0.0,2.3829128742218018,False,98,0.0,5.98740677833553,2
Makai Lemon,WR,2026,1,2026,17,16,0.0,2.4366750717163086,False,105,0.0,3.384499621391289,2
Malachi Corley,WR,2026,1,2026,2,1,0.0,2.584437370300293,False,0,0.0,17.300197315216046,2
Malachi Corley,WR,2026,1,2026,3,2,0.0,2.592263698577881,False,7,0.0,16.753576183319083,2
Malachi Corley,WR,2026,1,2026,4,3,0.0,2.5848727226257324,False,14,0.0,16.11410198211669,2
Malachi Corley,WR,2026,1,2026,5,4,0.0,2.525120496749878,False,21,0.0,16.076672983169544,2
Malachi Corley,WR,2026,1,2026,6,5,0.0,2.464078187942505,False,28,0.0,15.40707080364227,2
Malachi Corley,WR,2026,1,2026,7,6,0.0,2.420743465423584,False,35,0.0,14.637435436248776,2
Malachi Corley,WR,2026,1,2026,8,7,0.0,2.367460250854492,False,42,0.0,13.981016349792476,2
Malachi Corley,WR,2026,1,2026,9,8,0.0,2.354814052581787,False,49,0.0,13.371741580963128,2
Malachi Corley,WR,2026,1,2026,10,9,0.0,2.3350417613983154,False,56,0.0,12.240920209884615,2
Malachi Corley,WR,2026,1,2026,11,10,0.0,2.312502861022949,False,63,0.0,11.583475232124329,2
Malachi Corley,WR,2026,1,2026,12,11,0.0,2.3167266845703125,False,70,0.0,11.31937108039855,2
Malachi Corley,WR,2026,1,2026,13,12,0.0,2.3310000896453857,False,77,0.0,10.77783493995666,2
Malachi Corley,WR,2026,1,2026,14,13,0.0,2.3432817459106445,False,84,0.0,9.990270233154288,2
Malachi Corley,WR,2026,1,2026,15,14,0.0,2.366585254669189,False,91,0.0,7.979764580726617,2
Malachi Corley,WR,2026,1,2026,16,15,0.0,2.400956630706787,False,98,0.0,6.005450534820516,2
Malachi Corley,WR,2026,1,2026,17,16,0.0,2.455003261566162,False,105,0.0,3.402827811241143,2
Malachi Fields,WR,2026,1,2026,2,1,0.0,2.4866926670074463,False,0,0.0,17.2024526119232,2
Malachi Fields,WR,2026,1,2026,3,2,0.0,2.527563095092773,False,7,0.0,16.688875579833976,2
Malachi Fields,WR,2026,1,2026,4,3,0.0,2.519883632659912,False,14,0.0,16.04911289215087,2
Malachi Fields,WR,2026,1,2026,5,4,0.0,2.444035053253174,False,21,0.0,15.995587539672838,2
Malachi Fields,WR,2026,1,2026,6,5,0.0,2.3926384449005127,False,28,0.0,15.335631060600278,2
Malachi Fields,WR,2026,1,2026,7,6,0.0,2.393296957015991,False,35,0.0,14.609988927841185,2
Malachi Fields,WR,2026,1,2026,8,7,0.0,2.40234375,False,42,0.0,14.015899848937984,2
Malachi Fields,WR,2026,1,2026,9,8,0.0,2.4737555980682373,False,49,0.0,13.49068312644958,2
Malachi Fields,WR,2026,1,2026,10,9,0.0,2.539806842803955,False,56,0.0,12.445685291290255,2
Malachi Fields,WR,2026,1,2026,11,10,0.0,2.612024068832397,False,63,0.0,11.882996439933777,2
Malachi Fields,WR,2026,1,2026,12,11,0.0,2.710456371307373,False,70,0.0,11.71310076713561,2
Malachi Fields,WR,2026,1,2026,13,12,0.0,2.8084936141967773,False,77,0.0,11.25532846450805,2
Malachi Fields,WR,2026,1,2026,14,13,0.0,2.88997745513916,False,84,0.0,10.536965942382803,2
Malachi Fields,WR,2026,1,2026,15,14,0.0,2.944241762161255,False,91,0.0,8.557421088218682,2
Malachi Fields,WR,2026,1,2026,16,15,0.0,2.980710029602051,False,98,0.0,6.585203933715779,2
Malachi Fields,WR,2026,1,2026,17,16,0.0,3.019065618515014,False,105,0.0,3.966890168189996,2
Malik Benson,WR,2026,1,2026,2,1,0.0,1.1971408128738403,False,0,0.0,15.912900757789592,2
Malik Benson,WR,2026,1,2026,3,2,0.0,1.1897786855697632,False,7,0.0,15.351091170310967,2
Malik Benson,WR,2026,1,2026,4,3,0.0,1.2658041715621948,False,14,0.0,14.795033431053152,2
Malik Benson,WR,2026,1,2026,5,4,0.0,1.25886869430542,False,21,0.0,14.810421180725085,2
Malik Benson,WR,2026,1,2026,6,5,0.0,1.2145991325378418,False,28,0.0,14.157591748237609,2
Malik Benson,WR,2026,1,2026,7,6,0.0,1.2224929332733154,False,35,0.0,13.439184904098507,2
Malik Benson,WR,2026,1,2026,8,7,0.0,1.2188957929611206,False,42,0.0,12.832451891899105,2
Malik Benson,WR,2026,1,2026,9,8,0.0,1.284770965576172,False,49,0.0,12.301698493957511,2
Malik Benson,WR,2026,1,2026,10,9,0.0,1.3480947017669678,False,56,0.0,11.253973150253268,2
Malik Benson,WR,2026,1,2026,11,10,0.0,1.4114197492599487,False,63,0.0,10.682392120361328,2
Malik Benson,WR,2026,1,2026,12,11,0.0,1.5001262426376345,False,70,0.0,10.502770638465872,2
Malik Benson,WR,2026,1,2026,13,12,0.0,1.5910403728485107,False,77,0.0,10.037875223159784,2
Malik Benson,WR,2026,1,2026,14,13,0.0,1.6686222553253174,False,84,0.0,9.31561074256896,2
Malik Benson,WR,2026,1,2026,15,14,0.0,1.7298214435577393,False,91,0.0,7.343000769615167,2
Malik Benson,WR,2026,1,2026,16,15,0.0,1.7836753129959106,False,98,0.0,5.388169217109639,2
Malik Benson,WR,2026,1,2026,17,16,0.0,1.8451738357543943,False,105,0.0,2.7929983854293754,2
Malik Nabers,WR,2026,1,2026,2,1,0.0,12.009195327758787,False,0,0.910579872131347,26.724955272674546,2
Malik Nabers,WR,2026,1,2026,3,2,0.0,12.516304969787598,False,7,0.0,26.6776174545288,2
Malik Nabers,WR,2026,1,2026,4,3,0.0,12.81378936767578,False,14,0.0,26.34301862716674,2
Malik Nabers,WR,2026,1,2026,5,4,0.0,13.0987548828125,False,21,0.0,26.650307369232166,2
Malik Nabers,WR,2026,1,2026,6,5,0.0,13.192962646484377,False,28,0.0,26.13595526218414,2
Malik Nabers,WR,2026,1,2026,7,6,0.0,12.994096755981444,False,35,0.0,25.21078872680664,2
Malik Nabers,WR,2026,1,2026,8,7,0.0,12.78600025177002,False,42,0.0,24.399556350708004,2
Malik Nabers,WR,2026,1,2026,9,8,0.0,12.58803367614746,False,49,0.0,23.6049612045288,2
Malik Nabers,WR,2026,1,2026,10,9,0.0,12.405853271484377,False,56,0.0,22.311731719970677,2
Malik Nabers,WR,2026,1,2026,11,10,0.0,12.21384048461914,False,63,0.0,21.48481285572052,2
Malik Nabers,WR,2026,1,2026,12,11,0.0,12.005162239074709,False,70,0.0,21.007806634902945,2
Malik Nabers,WR,2026,1,2026,13,12,0.0,11.761289596557615,False,77,0.0,20.20812444686889,2
Malik Nabers,WR,2026,1,2026,14,13,0.0,11.541098594665527,False,84,0.0,19.18808708190917,2
Malik Nabers,WR,2026,1,2026,15,14,0.0,11.389262199401855,False,91,0.0,17.002441525459282,2
Malik Nabers,WR,2026,1,2026,16,15,0.0,11.26506233215332,False,98,0.0,14.869556236267048,2
Malik Nabers,WR,2026,1,2026,17,16,0.0,11.117645263671877,False,105,0.0,12.065469813346857,2
Malik Washington,WR,2026,1,2026,2,1,0.0,5.0131120681762695,False,0,0.0,19.728872013092023,2
Malik Washington,WR,2026,1,2026,3,2,0.0,5.080313682556152,False,7,0.0,19.241626167297355,2
Malik Washington,WR,2026,1,2026,4,3,0.0,5.120907306671143,False,14,0.0,18.6501365661621,2
Malik Washington,WR,2026,1,2026,5,4,0.0,5.108517646789551,False,21,0.0,18.660070133209217,2
Malik Washington,WR,2026,1,2026,6,5,0.0,5.115366458892822,False,28,0.0,18.058359074592587,2
Malik Washington,WR,2026,1,2026,7,6,0.0,5.150877475738525,False,35,0.0,17.367569446563717,2
Malik Washington,WR,2026,1,2026,8,7,0.0,5.2210612297058105,False,42,0.0,16.834617328643795,2
Malik Washington,WR,2026,1,2026,9,8,0.0,5.306655883789063,False,49,0.0,16.323583412170404,2
Malik Washington,WR,2026,1,2026,10,9,0.0,5.365651607513428,False,56,0.0,15.271530055999728,2
Malik Washington,WR,2026,1,2026,11,10,0.0,5.42603874206543,False,63,0.0,14.697011113166807,2
Malik Washington,WR,2026,1,2026,12,11,0.0,5.473816394805908,False,70,0.0,14.476460790634146,2
Malik Washington,WR,2026,1,2026,13,12,0.0,5.506153106689453,False,77,0.0,13.952987957000726,2
Malik Washington,WR,2026,1,2026,14,13,0.0,5.528578758239746,False,84,0.0,13.17556724548339,2
Malik Washington,WR,2026,1,2026,15,14,0.0,5.534129619598389,False,91,0.0,11.147308945655816,2
Malik Washington,WR,2026,1,2026,16,15,0.0,5.523219585418701,False,98,0.0,9.127713489532429,2
Malik Washington,WR,2026,1,2026,17,16,0.0,5.493902206420898,False,105,0.0,6.441726756095879,2
MarShawn Lloyd,RB,2026,1,2026,2,1,0.0,1.9895174503326416,False,0,0.0,16.705277395248395,2
MarShawn Lloyd,RB,2026,1,2026,3,2,0.0,1.9279112815856931,False,7,0.0,16.089223766326896,2
MarShawn Lloyd,RB,2026,1,2026,4,3,0.0,1.9007649421691892,False,14,0.0,15.429994201660149,2
MarShawn Lloyd,RB,2026,1,2026,5,4,0.0,1.82270622253418,False,21,0.0,15.374258708953844,2
MarShawn Lloyd,RB,2026,1,2026,6,5,0.0,1.7452683448791504,False,28,0.0,14.688260960578916,2
MarShawn Lloyd,RB,2026,1,2026,7,6,0.0,1.711109638214111,False,35,0.0,13.927801609039305,2
MarShawn Lloyd,RB,2026,1,2026,8,7,0.0,1.6761668920516968,False,42,0.0,13.28972299098968,2
MarShawn Lloyd,RB,2026,1,2026,9,8,0.0,1.7025593519210815,False,49,0.0,12.719486880302425,2
MarShawn Lloyd,RB,2026,1,2026,10,9,0.0,1.7267231941223145,False,56,0.0,11.632601642608616,2
MarShawn Lloyd,RB,2026,1,2026,11,10,0.0,1.750192165374756,False,63,0.0,11.021164536476135,2
MarShawn Lloyd,RB,2026,1,2026,12,11,0.0,1.7967463731765747,False,70,0.0,10.799390769004813,2
MarShawn Lloyd,RB,2026,1,2026,13,12,0.0,1.852302074432373,False,77,0.0,10.299136924743646,2
MarShawn Lloyd,RB,2026,1,2026,14,13,0.0,1.8994675874710083,False,84,0.0,9.546456074714651,2
MarShawn Lloyd,RB,2026,1,2026,15,14,0.0,1.947547912597656,False,91,0.0,7.560727238655084,2
MarShawn Lloyd,RB,2026,1,2026,16,15,0.0,1.9987943172454836,False,98,0.0,5.603288221359212,2
MarShawn Lloyd,RB,2026,1,2026,17,16,0.0,2.0657505989074707,False,105,0.0,3.013575148582452,2
Marquise Brown,WR,2026,1,2026,2,1,0.0,6.130038738250732,False,0,0.0,20.845798683166485,2
Marquise Brown,WR,2026,1,2026,3,2,0.0,6.176863670349121,False,7,0.0,20.338176155090324,2
Marquise Brown,WR,2026,1,2026,4,3,0.0,6.362130165100098,False,14,0.0,19.89135942459105,2
Marquise Brown,WR,2026,1,2026,5,4,0.0,6.639631748199463,False,21,0.0,20.19118423461913,2
Marquise Brown,WR,2026,1,2026,6,5,0.0,7.000416278839111,False,28,0.0,19.94340889453888,2
Marquise Brown,WR,2026,1,2026,7,6,0.0,7.381038665771484,False,35,0.0,19.59773063659668,2
Marquise Brown,WR,2026,1,2026,8,7,0.0,7.808414936065674,False,42,0.0,19.421971035003654,2
Marquise Brown,WR,2026,1,2026,9,8,0.0,8.287671089172363,False,49,0.0,19.304598617553705,2
Marquise Brown,WR,2026,1,2026,10,9,0.0,8.719391822814941,False,56,0.0,18.62527027130124,2
Marquise Brown,WR,2026,1,2026,11,10,0.0,9.13762664794922,False,63,0.0,18.4085990190506,2
Marquise Brown,WR,2026,1,2026,12,11,0.0,9.46259307861328,False,70,0.0,18.46523747444152,2
Marquise Brown,WR,2026,1,2026,13,12,0.0,9.675907135009766,False,77,0.0,18.12274198532104,2
Marquise Brown,WR,2026,1,2026,14,13,0.0,9.775192260742188,False,84,0.0,17.42218074798583,2
Marquise Brown,WR,2026,1,2026,15,14,0.0,9.751304626464844,False,91,0.0,15.36448395252227,2
Marquise Brown,WR,2026,1,2026,16,15,0.0,9.667837142944336,False,98,0.0,13.272331047058064,2
Marquise Brown,WR,2026,1,2026,17,16,0.0,9.517622947692873,False,105,0.0,10.465447497367853,2
Marvin Harrison Jr.,WR,2026,1,2026,2,1,0.0,8.371809005737305,False,0,0.0,23.087568950653058,2
Marvin Harrison Jr.,WR,2026,1,2026,3,2,0.0,8.289445877075195,False,7,0.0,22.4507583618164,2
Marvin Harrison Jr.,WR,2026,1,2026,4,3,0.0,8.085301399230957,False,14,0.0,21.614530658721915,2
Marvin Harrison Jr.,WR,2026,1,2026,5,4,0.0,7.830820083618164,False,21,0.0,21.38237257003783,2
Marvin Harrison Jr.,WR,2026,1,2026,6,5,0.0,7.499934196472168,False,28,0.0,20.442926812171933,2
Marvin Harrison Jr.,WR,2026,1,2026,7,6,0.0,7.011924743652344,False,35,0.0,19.228616714477536,2
Marvin Harrison Jr.,WR,2026,1,2026,8,7,0.0,6.562798500061035,False,42,0.0,18.17635459899902,2
Marvin Harrison Jr.,WR,2026,1,2026,9,8,0.0,6.018924713134766,False,49,0.0,17.035852241516107,2
Marvin Harrison Jr.,WR,2026,1,2026,10,9,0.0,5.470605850219727,False,56,0.0,15.376484298706028,2
Marvin Harrison Jr.,WR,2026,1,2026,11,10,0.0,4.925509929656982,False,63,0.0,14.196482300758362,2
Marvin Harrison Jr.,WR,2026,1,2026,12,11,0.0,4.461437225341797,False,70,0.0,13.464081621170036,2
Marvin Harrison Jr.,WR,2026,1,2026,13,12,0.0,4.077284812927246,False,77,0.0,12.52411966323852,2
Marvin Harrison Jr.,WR,2026,1,2026,14,13,0.0,3.8245418071746826,False,84,0.0,11.471530294418326,2
Marvin Harrison Jr.,WR,2026,1,2026,15,14,0.0,3.709153652191162,False,91,0.0,9.322332978248587,2
Marvin Harrison Jr.,WR,2026,1,2026,16,15,0.0,3.670332193374634,False,98,0.0,7.274826097488362,2
Marvin Harrison Jr.,WR,2026,1,2026,17,16,0.0,3.680596590042114,False,105,0.0,4.628421139717095,2
Marvin Mims Jr.,WR,2026,1,2026,2,1,0.0,12.021618843078612,False,0,0.9230033874511712,26.737378787994366,2
Marvin Mims Jr.,WR,2026,1,2026,3,2,0.0,12.382080078125,False,7,0.0,26.5433925628662,2
Marvin Mims Jr.,WR,2026,1,2026,4,3,0.0,12.344337463378906,False,14,0.0,25.873566722869864,2
Marvin Mims Jr.,WR,2026,1,2026,5,4,0.0,12.270723342895508,False,21,0.0,25.82227582931517,2
Marvin Mims Jr.,WR,2026,1,2026,6,5,0.0,12.07560920715332,False,28,0.0,25.01860182285309,2
Marvin Mims Jr.,WR,2026,1,2026,7,6,0.0,11.69468116760254,False,35,0.0,23.91137313842773,2
Marvin Mims Jr.,WR,2026,1,2026,8,7,0.0,11.305959701538086,False,42,0.0,22.91951580047607,2
Marvin Mims Jr.,WR,2026,1,2026,9,8,0.0,10.728269577026367,False,49,0.0,21.74519710540771,2
Marvin Mims Jr.,WR,2026,1,2026,10,9,0.0,10.008234024047852,False,56,0.0,19.91411247253415,2
Marvin Mims Jr.,WR,2026,1,2026,11,10,0.0,9.218494415283203,False,63,0.0,18.489466786384583,2
Marvin Mims Jr.,WR,2026,1,2026,12,11,0.0,8.624231338500977,False,70,0.0,17.626875734329214,2
Marvin Mims Jr.,WR,2026,1,2026,13,12,0.0,8.199467658996582,False,77,0.0,16.646302509307855,2
Marvin Mims Jr.,WR,2026,1,2026,14,13,0.0,7.920832633972168,False,84,0.0,15.567821121215813,2
Marvin Mims Jr.,WR,2026,1,2026,15,14,0.0,7.763611793518066,False,91,0.0,13.376791119575492,2
Marvin Mims Jr.,WR,2026,1,2026,16,15,0.0,7.667164325714111,False,98,0.0,11.27165822982784,2
Marvin Mims Jr.,WR,2026,1,2026,17,16,0.0,7.57709264755249,False,105,0.0,8.52491719722747,2
Matthew Golden,WR,2026,1,2026,2,1,0.0,6.490291118621826,False,0,0.0,21.20605106353758,2
Matthew Golden,WR,2026,1,2026,3,2,0.0,6.57505989074707,False,7,0.0,20.736372375488276,2
Matthew Golden,WR,2026,1,2026,4,3,0.0,6.470604419708252,False,14,0.0,19.99983367919921,2
Matthew Golden,WR,2026,1,2026,5,4,0.0,6.3510026931762695,False,21,0.0,19.902555179595936,2
Matthew Golden,WR,2026,1,2026,6,5,0.0,6.239025115966797,False,28,0.0,19.18201773166656,2
Matthew Golden,WR,2026,1,2026,7,6,0.0,6.053292274475098,False,35,0.0,18.26998424530029,2
Matthew Golden,WR,2026,1,2026,8,7,0.0,5.85572624206543,False,42,0.0,17.469282341003414,2
Matthew Golden,WR,2026,1,2026,9,8,0.0,5.575364112854004,False,49,0.0,16.592291641235345,2
Matthew Golden,WR,2026,1,2026,10,9,0.0,5.259902477264404,False,56,0.0,15.165780925750704,2
Matthew Golden,WR,2026,1,2026,11,10,0.0,4.970376491546631,False,63,0.0,14.24134886264801,2
Matthew Golden,WR,2026,1,2026,12,11,0.0,4.768372535705566,False,70,0.0,13.771016931533804,2
Matthew Golden,WR,2026,1,2026,13,12,0.0,4.618696212768555,False,77,0.0,13.065531063079828,2
Matthew Golden,WR,2026,1,2026,14,13,0.0,4.515290260314941,False,84,0.0,12.162278747558585,2
Matthew Golden,WR,2026,1,2026,15,14,0.0,4.448348045349121,False,91,0.0,10.061527371406548,2
Matthew Golden,WR,2026,1,2026,16,15,0.0,4.408615112304688,False,98,0.0,8.013109016418415,2
Matthew Golden,WR,2026,1,2026,17,16,0.0,4.391678333282471,False,105,0.0,5.339502882957452,2
Max Bredeson,RB,2026,1,2026,2,1,0.0,1.171402096748352,False,0,0.0,15.887162041664103,2
Max Bredeson,RB,2026,1,2026,3,2,0.0,1.1309659481048584,False,7,0.0,15.292278432846064,2
Max Bredeson,RB,2026,1,2026,4,3,0.0,1.1883492469787598,False,14,0.0,14.717578506469716,2
Max Bredeson,RB,2026,1,2026,5,4,0.0,1.169152021408081,False,21,0.0,14.720704507827746,2
Max Bredeson,RB,2026,1,2026,6,5,0.0,1.1175788640975952,False,28,0.0,14.06057147979736,2
Max Bredeson,RB,2026,1,2026,7,6,0.0,1.1263580322265625,False,35,0.0,13.343050003051754,2
Max Bredeson,RB,2026,1,2026,8,7,0.0,1.1277344226837158,False,42,0.0,12.7412905216217,2
Max Bredeson,RB,2026,1,2026,9,8,0.0,1.206135630607605,False,49,0.0,12.223063158988946,2
Max Bredeson,RB,2026,1,2026,10,9,0.0,1.2843815088272097,False,56,0.0,11.19025995731351,2
Max Bredeson,RB,2026,1,2026,11,10,0.0,1.366512417793274,False,63,0.0,10.637484788894652,2
Max Bredeson,RB,2026,1,2026,12,11,0.0,1.4736769199371338,False,70,0.0,10.476321315765372,2
Max Bredeson,RB,2026,1,2026,13,12,0.0,1.5768136978149414,False,77,0.0,10.023648548126214,2
Max Bredeson,RB,2026,1,2026,14,13,0.0,1.6624321937561035,False,84,0.0,9.309420680999748,2
Max Bredeson,RB,2026,1,2026,15,14,0.0,1.7220008373260498,False,91,0.0,7.335180163383478,2
Max Bredeson,RB,2026,1,2026,16,15,0.0,1.7742738723754885,False,98,0.0,5.378767776489217,2
Max Bredeson,RB,2026,1,2026,17,16,0.0,1.833761215209961,False,105,0.0,2.781585764884942,2
Michael Burton,RB,2026,1,2026,2,1,0.0,1.6106207370758057,False,0,0.0,16.32638068199156,2
Michael Burton,RB,2026,1,2026,3,2,0.0,1.611706256866455,False,7,0.0,15.77301874160766,2
Michael Burton,RB,2026,1,2026,4,3,0.0,1.6763441562652588,False,14,0.0,15.205573415756216,2
Michael Burton,RB,2026,1,2026,5,4,0.0,1.6567025184631348,False,21,0.0,15.2082550048828,2
Michael Burton,RB,2026,1,2026,6,5,0.0,1.5989997386932373,False,28,0.0,14.541992354393004,2
Michael Burton,RB,2026,1,2026,7,6,0.0,1.574994444847107,False,35,0.0,13.7916864156723,2
Michael Burton,RB,2026,1,2026,8,7,0.0,1.5410842895507812,False,42,0.0,13.154640388488763,2
Michael Burton,RB,2026,1,2026,9,8,0.0,1.561476707458496,False,49,0.0,12.578404235839836,2
Michael Burton,RB,2026,1,2026,10,9,0.0,1.5716397762298584,False,56,0.0,11.477518224716158,2
Michael Burton,RB,2026,1,2026,11,10,0.0,1.5785075426101685,False,63,0.0,10.849479913711548,2
Michael Burton,RB,2026,1,2026,12,11,0.0,1.609712839126587,False,70,0.0,10.612357234954825,2
Michael Burton,RB,2026,1,2026,13,12,0.0,1.6506255865097046,False,77,0.0,10.097460436820976,2
Michael Burton,RB,2026,1,2026,14,13,0.0,1.6864540576934814,False,84,0.0,9.333442544937125,2
Michael Burton,RB,2026,1,2026,15,14,0.0,1.7281391620635986,False,91,0.0,7.341318488121026,2
Michael Burton,RB,2026,1,2026,16,15,0.0,1.7756297588348389,False,98,0.0,5.380123662948567,2
Michael Burton,RB,2026,1,2026,17,16,0.0,1.8367552757263184,False,105,0.0,2.7845798254012992,2
Michael Pittman,WR,2026,1,2026,2,1,0.0,13.289873123168944,False,0,2.191257667541503,28.0056330680847,2
Michael Pittman,WR,2026,1,2026,3,2,0.0,13.382024765014648,False,7,0.0,27.54333724975585,2
Michael Pittman,WR,2026,1,2026,4,3,0.0,13.593149185180664,False,14,0.0,27.12237844467162,2
Michael Pittman,WR,2026,1,2026,5,4,0.0,13.817760467529297,False,21,0.0,27.369312953948963,2
Michael Pittman,WR,2026,1,2026,6,5,0.0,14.037419319152832,False,28,0.0,26.9804119348526,2
Michael Pittman,WR,2026,1,2026,7,6,0.0,14.245975494384766,False,35,0.0,26.46266746520996,2
Michael Pittman,WR,2026,1,2026,8,7,0.0,14.320842742919922,False,42,0.0,25.934398841857902,2
Michael Pittman,WR,2026,1,2026,9,8,0.0,14.329734802246094,False,49,0.0,25.346662330627435,2
Michael Pittman,WR,2026,1,2026,10,9,0.0,14.295050621032717,False,56,0.0,24.200929069519013,2
Michael Pittman,WR,2026,1,2026,11,10,0.0,14.253864288330078,False,63,0.0,23.524836659431458,2
Michael Pittman,WR,2026,1,2026,12,11,0.0,14.201885223388672,False,70,0.0,23.20452961921691,2
Michael Pittman,WR,2026,1,2026,13,12,0.0,14.133973121643066,False,77,0.0,22.58080797195434,2
Michael Pittman,WR,2026,1,2026,14,13,0.0,14.0660400390625,False,84,0.0,21.713028526306143,2
Michael Pittman,WR,2026,1,2026,15,14,0.0,14.015830993652344,False,91,0.0,19.62901031970977,2
Michael Pittman,WR,2026,1,2026,16,15,0.0,13.952510833740234,False,98,0.0,17.557004737853962,2
Michael Pittman,WR,2026,1,2026,17,16,0.0,13.882346153259276,False,105,0.0,14.830170702934256,2
Michael Wilson,WR,2026,1,2026,2,1,0.0,8.296222686767578,False,0,0.0,23.01198263168333,2
Michael Wilson,WR,2026,1,2026,3,2,0.0,8.471596717834473,False,7,0.0,22.632909202575675,2
Michael Wilson,WR,2026,1,2026,4,3,0.0,8.541520118713379,False,14,0.0,22.070749378204336,2
Michael Wilson,WR,2026,1,2026,5,4,0.0,8.73953914642334,False,21,0.0,22.29109163284301,2
Michael Wilson,WR,2026,1,2026,6,5,0.0,8.955057144165039,False,28,0.0,21.898049759864804,2
Michael Wilson,WR,2026,1,2026,7,6,0.0,9.142321586608888,False,35,0.0,21.35901355743408,2
Michael Wilson,WR,2026,1,2026,8,7,0.0,9.320831298828123,False,42,0.0,20.93438739776611,2
Michael Wilson,WR,2026,1,2026,9,8,0.0,9.455145835876465,False,49,0.0,20.47207336425781,2
Michael Wilson,WR,2026,1,2026,10,9,0.0,9.538681030273438,False,56,0.0,19.444559478759736,2
Michael Wilson,WR,2026,1,2026,11,10,0.0,9.590499877929688,False,63,0.0,18.861472249031067,2
Michael Wilson,WR,2026,1,2026,12,11,0.0,9.54989242553711,False,70,0.0,18.552536821365347,2
Michael Wilson,WR,2026,1,2026,13,12,0.0,9.444856643676758,False,77,0.0,17.89169149398803,2
Michael Wilson,WR,2026,1,2026,14,13,0.0,9.329164505004885,False,84,0.0,16.976152992248526,2
Michael Wilson,WR,2026,1,2026,15,14,0.0,9.219135284423828,False,91,0.0,14.832314610481257,2
Michael Wilson,WR,2026,1,2026,16,15,0.0,9.116848945617676,False,98,0.0,12.721342849731403,2
Michael Wilson,WR,2026,1,2026,17,16,0.0,8.993181228637695,False,105,0.0,9.941005778312675,2
Mike Evans,WR,2026,1,2026,2,1,0.0,7.552492141723633,False,0,0.0,22.268252086639382,2
Mike Evans,WR,2026,1,2026,3,2,0.0,7.72282600402832,False,7,0.0,21.884138488769523,2
Mike Evans,WR,2026,1,2026,4,3,0.0,7.69362735748291,False,14,0.0,21.222856616973868,2
Mike Evans,WR,2026,1,2026,5,4,0.0,7.653627395629883,False,21,0.0,21.20517988204955,2
Mike Evans,WR,2026,1,2026,6,5,0.0,7.584555625915527,False,28,0.0,20.527548241615293,2
Mike Evans,WR,2026,1,2026,7,6,0.0,7.438284873962402,False,35,0.0,19.654976844787598,2
Mike Evans,WR,2026,1,2026,8,7,0.0,7.2816925048828125,False,42,0.0,18.8952486038208,2
Mike Evans,WR,2026,1,2026,9,8,0.0,7.017126083374023,False,49,0.0,18.034053611755365,2
Mike Evans,WR,2026,1,2026,10,9,0.0,6.701772689819336,False,56,0.0,16.607651138305634,2
Mike Evans,WR,2026,1,2026,11,10,0.0,6.417697906494141,False,63,0.0,15.68867027759552,2
Mike Evans,WR,2026,1,2026,12,11,0.0,6.2166056632995605,False,70,0.0,15.219250059127798,2
Mike Evans,WR,2026,1,2026,13,12,0.0,6.061854362487793,False,77,0.0,14.508689212799066,2
Mike Evans,WR,2026,1,2026,14,13,0.0,5.956764221191406,False,84,0.0,13.60375270843505,2
Mike Evans,WR,2026,1,2026,15,14,0.0,5.883199691772461,False,91,0.0,11.496379017829888,2
Mike Evans,WR,2026,1,2026,16,15,0.0,5.827219009399414,False,98,0.0,9.431712913513142,2
Mike Evans,WR,2026,1,2026,17,16,0.0,5.77662992477417,False,105,0.0,6.724454474449151,2
Mike Washington Jr.,RB,2026,1,2026,2,1,0.0,1.3247467279434204,False,0,0.0,16.040506672859173,2
Mike Washington Jr.,RB,2026,1,2026,3,2,0.0,1.3175452947616575,False,7,0.0,15.478857779502862,2
Mike Washington Jr.,RB,2026,1,2026,4,3,0.0,1.370169997215271,False,14,0.0,14.899399256706229,2
Mike Washington Jr.,RB,2026,1,2026,5,4,0.0,1.3454430103302002,False,21,0.0,14.896995496749865,2
Mike Washington Jr.,RB,2026,1,2026,6,5,0.0,1.2982254028320312,False,28,0.0,14.241218018531796,2
Mike Washington Jr.,RB,2026,1,2026,7,6,0.0,1.3114073276519775,False,35,0.0,13.52809929847717,2
Mike Washington Jr.,RB,2026,1,2026,8,7,0.0,1.3174996376037598,False,42,0.0,12.931055736541744,2
Mike Washington Jr.,RB,2026,1,2026,9,8,0.0,1.3991248607635498,False,49,0.0,12.416052389144893,2
Mike Washington Jr.,RB,2026,1,2026,10,9,0.0,1.4803847074508667,False,56,0.0,11.386263155937169,2
Mike Washington Jr.,RB,2026,1,2026,11,10,0.0,1.5661885738372805,False,63,0.0,10.83716094493866,2
Mike Washington Jr.,RB,2026,1,2026,12,11,0.0,1.676453709602356,False,70,0.0,10.679098105430594,2
Mike Washington Jr.,RB,2026,1,2026,13,12,0.0,1.784826397895813,False,77,0.0,10.231661248207086,2
Mike Washington Jr.,RB,2026,1,2026,14,13,0.0,1.8771287202835083,False,84,0.0,9.524117207527151,2
Mike Washington Jr.,RB,2026,1,2026,15,14,0.0,1.940229058265686,False,91,0.0,7.553408384323114,2
Mike Washington Jr.,RB,2026,1,2026,16,15,0.0,1.9925925731658936,False,98,0.0,5.597086477279622,2
Mike Washington Jr.,RB,2026,1,2026,17,16,0.0,2.051257848739624,False,105,0.0,2.999082398414605,2
Montorie Foster Jr,WR,2026,1,2026,2,1,0.0,1.4263556003570557,False,0,0.0,16.14211554527281,2
Montorie Foster Jr,WR,2026,1,2026,3,2,0.0,1.3769171237945557,False,7,0.0,15.53822960853576,2
Montorie Foster Jr,WR,2026,1,2026,4,3,0.0,1.4093998670578003,False,14,0.0,14.938629126548758,2
Montorie Foster Jr,WR,2026,1,2026,5,4,0.0,1.3787386417388916,False,21,0.0,14.930291128158556,2
Montorie Foster Jr,WR,2026,1,2026,6,5,0.0,1.3316864967346191,False,28,0.0,14.274679112434384,2
Montorie Foster Jr,WR,2026,1,2026,7,6,0.0,1.3420543670654297,False,35,0.0,13.55874633789062,2
Montorie Foster Jr,WR,2026,1,2026,8,7,0.0,1.3461506366729736,False,42,0.0,12.959706735610958,2
Montorie Foster Jr,WR,2026,1,2026,9,8,0.0,1.4242920875549316,False,49,0.0,12.441219615936271,2
Montorie Foster Jr,WR,2026,1,2026,10,9,0.0,1.5036357641220093,False,56,0.0,11.40951421260831,2
Montorie Foster Jr,WR,2026,1,2026,11,10,0.0,1.5877774953842163,False,63,0.0,10.858749866485596,2
Montorie Foster Jr,WR,2026,1,2026,12,11,0.0,1.6967298984527588,False,70,0.0,10.699374294280997,2
Montorie Foster Jr,WR,2026,1,2026,13,12,0.0,1.801968097686768,False,77,0.0,10.24880294799804,2
Montorie Foster Jr,WR,2026,1,2026,14,13,0.0,1.8903930187225344,False,84,0.0,9.537381505966176,2
Montorie Foster Jr,WR,2026,1,2026,15,14,0.0,1.9514236450195312,False,91,0.0,7.564602971076959,2
Montorie Foster Jr,WR,2026,1,2026,16,15,0.0,2.004408359527588,False,98,0.0,5.608902263641316,2
Montorie Foster Jr,WR,2026,1,2026,17,16,0.0,2.0642166137695312,False,105,0.0,3.012041163444512,2
Myles Price,WR,2026,1,2026,2,1,0.0,1.7908188104629517,False,0,0.0,16.506578755378705,2
Myles Price,WR,2026,1,2026,3,2,0.0,1.8144519329071045,False,7,0.0,15.975764417648309,2
Myles Price,WR,2026,1,2026,4,3,0.0,1.852577209472656,False,14,0.0,15.381806468963614,2
Myles Price,WR,2026,1,2026,5,4,0.0,1.8122470378875728,False,21,0.0,15.363799524307238,2
Myles Price,WR,2026,1,2026,6,5,0.0,1.7473461627960205,False,28,0.0,14.690338778495786,2
Myles Price,WR,2026,1,2026,7,6,0.0,1.7166740894317627,False,35,0.0,13.933366060256954,2
Myles Price,WR,2026,1,2026,8,7,0.0,1.6788198947906494,False,42,0.0,13.292375993728632,2
Myles Price,WR,2026,1,2026,9,8,0.0,1.6913349628448486,False,49,0.0,12.70826249122619,2
Myles Price,WR,2026,1,2026,10,9,0.0,1.6942706108093262,False,56,0.0,11.600149059295626,2
Myles Price,WR,2026,1,2026,11,10,0.0,1.6917297840118408,False,63,0.0,10.96270215511322,2
Myles Price,WR,2026,1,2026,12,11,0.0,1.7120654582977295,False,70,0.0,10.714709854125967,2
Myles Price,WR,2026,1,2026,13,12,0.0,1.743208885192871,False,77,0.0,10.190043735504144,2
Myles Price,WR,2026,1,2026,14,13,0.0,1.7700364589691162,False,84,0.0,9.41702494621276,2
Myles Price,WR,2026,1,2026,15,14,0.0,1.8053851127624512,False,91,0.0,7.418564438819879,2
Myles Price,WR,2026,1,2026,16,15,0.0,1.8469562530517576,False,98,0.0,5.451450157165486,2
Myles Price,WR,2026,1,2026,17,16,0.0,1.9039390087127688,False,105,0.0,2.8517635583877494,2
Najee Harris,RB,2026,1,2026,2,1,0.0,4.366174221038818,False,0,0.0,19.08193416595457,2
Najee Harris,RB,2026,1,2026,3,2,0.0,4.574792385101318,False,7,0.0,18.73610486984252,2
Najee Harris,RB,2026,1,2026,4,3,0.0,4.634799003601074,False,14,0.0,18.164028263092032,2
Najee Harris,RB,2026,1,2026,5,4,0.0,4.602356910705566,False,21,0.0,18.153909397125236,2
Najee Harris,RB,2026,1,2026,6,5,0.0,4.59929084777832,False,28,0.0,17.542283463478086,2
Najee Harris,RB,2026,1,2026,7,6,0.0,4.582280158996582,False,35,0.0,16.798972129821774,2
Najee Harris,RB,2026,1,2026,8,7,0.0,4.551795959472656,False,42,0.0,16.16535205841064,2
Najee Harris,RB,2026,1,2026,9,8,0.0,4.504712104797363,False,49,0.0,15.521639633178705,2
Najee Harris,RB,2026,1,2026,10,9,0.0,4.430903434753418,False,56,0.0,14.336781883239718,2
Najee Harris,RB,2026,1,2026,11,10,0.0,4.37522029876709,False,63,0.0,13.64619266986847,2
Najee Harris,RB,2026,1,2026,12,11,0.0,4.351047992706299,False,70,0.0,13.353692388534537,2
Najee Harris,RB,2026,1,2026,13,12,0.0,4.341638088226318,False,77,0.0,12.788472938537591,2
Najee Harris,RB,2026,1,2026,14,13,0.0,4.333033084869385,False,84,0.0,11.980021572113028,2
Najee Harris,RB,2026,1,2026,15,14,0.0,4.326026439666748,False,91,0.0,9.939205765724177,2
Najee Harris,RB,2026,1,2026,16,15,0.0,4.314591407775879,False,98,0.0,7.919085311889607,2
Najee Harris,RB,2026,1,2026,17,16,0.0,4.308417797088623,False,105,0.0,5.256242346763604,2
Nicholas Singleton,RB,2026,1,2026,2,1,0.0,1.3590596914291382,False,0,0.0,16.07481963634489,2
Nicholas Singleton,RB,2026,1,2026,3,2,0.0,1.3365886211395264,False,7,0.0,15.49790110588073,2
Nicholas Singleton,RB,2026,1,2026,4,3,0.0,1.3781142234802246,False,14,0.0,14.907343482971182,2
Nicholas Singleton,RB,2026,1,2026,5,4,0.0,1.3507943153381348,False,21,0.0,14.9023468017578,2
Nicholas Singleton,RB,2026,1,2026,6,5,0.0,1.3008722066879272,False,28,0.0,14.243864822387692,2
Nicholas Singleton,RB,2026,1,2026,7,6,0.0,1.3075324296951294,False,35,0.0,13.52422440052032,2
Nicholas Singleton,RB,2026,1,2026,8,7,0.0,1.3069312572479248,False,42,0.0,12.920487356185909,2
Nicholas Singleton,RB,2026,1,2026,9,8,0.0,1.378159761428833,False,49,0.0,12.395087289810174,2
Nicholas Singleton,RB,2026,1,2026,10,9,0.0,1.4488465785980225,False,56,0.0,11.354725027084324,2
Nicholas Singleton,RB,2026,1,2026,11,10,0.0,1.5218244791030884,False,63,0.0,10.792796850204468,2
Nicholas Singleton,RB,2026,1,2026,12,11,0.0,1.6201295852661133,False,70,0.0,10.622773981094351,2
Nicholas Singleton,RB,2026,1,2026,13,12,0.0,1.7167915105819702,False,77,0.0,10.163626360893243,2
Nicholas Singleton,RB,2026,1,2026,14,13,0.0,1.7984613180160522,False,84,0.0,9.445449805259695,2
Nicholas Singleton,RB,2026,1,2026,15,14,0.0,1.8594040870666504,False,91,0.0,7.472583413124078,2
Nicholas Singleton,RB,2026,1,2026,16,15,0.0,1.914290189743042,False,98,0.0,5.5187840938567705,2
Nicholas Singleton,RB,2026,1,2026,17,16,0.0,1.9766730070114136,False,105,0.0,2.9244975566863944,2
Nico Collins,WR,2026,1,2026,2,1,0.0,13.946438789367676,False,0,2.8478233337402337,28.66219873428343,2
Nico Collins,WR,2026,1,2026,3,2,0.0,14.004615783691406,False,7,0.3373215675353993,28.16592826843261,2
Nico Collins,WR,2026,1,2026,4,3,0.0,14.073431015014648,False,14,0.0,27.60266027450561,2
Nico Collins,WR,2026,1,2026,5,4,0.0,14.155633926391602,False,21,0.0,27.707186412811268,2
Nico Collins,WR,2026,1,2026,6,5,0.0,14.263138771057127,False,28,0.0,27.20613138675689,2
Nico Collins,WR,2026,1,2026,7,6,0.0,14.29275131225586,False,35,0.0,26.50944328308105,2
Nico Collins,WR,2026,1,2026,8,7,0.0,14.293038368225098,False,42,0.0,25.90659446716308,2
Nico Collins,WR,2026,1,2026,9,8,0.0,14.270795822143556,False,49,0.0,25.287723350524896,2
Nico Collins,WR,2026,1,2026,10,9,0.0,14.21776294708252,False,56,0.0,24.123641395568814,2
Nico Collins,WR,2026,1,2026,11,10,0.0,14.163036346435549,False,63,0.0,23.434008717536926,2
Nico Collins,WR,2026,1,2026,12,11,0.0,14.10189723968506,False,70,0.0,23.104541635513296,2
Nico Collins,WR,2026,1,2026,13,12,0.0,14.029232025146484,False,77,0.0,22.47606687545776,2
Nico Collins,WR,2026,1,2026,14,13,0.0,13.955217361450195,False,84,0.0,21.60220584869384,2
Nico Collins,WR,2026,1,2026,15,14,0.0,13.902156829833984,False,91,0.0,19.51533615589141,2
Nico Collins,WR,2026,1,2026,16,15,0.0,13.833944320678713,False,98,0.0,17.43843822479244,2
Nico Collins,WR,2026,1,2026,17,16,0.0,13.757505416870115,False,105,0.0,14.705329966545095,2
Nikko Remigio,WR,2026,1,2026,2,1,0.0,0.8078435659408569,False,0,0.0,15.52360351085661,2
Nikko Remigio,WR,2026,1,2026,3,2,0.0,0.8389178514480591,False,7,0.0,15.000230336189263,2
Nikko Remigio,WR,2026,1,2026,4,3,0.0,0.9154453873634338,False,14,0.0,14.444674646854391,2
Nikko Remigio,WR,2026,1,2026,5,4,0.0,0.8897116780281067,False,21,0.0,14.441264164447771,2
Nikko Remigio,WR,2026,1,2026,6,5,0.0,0.8134905099868774,False,28,0.0,13.756483125686644,2
Nikko Remigio,WR,2026,1,2026,7,6,0.0,0.7881103754043579,False,35,0.0,13.00480234622955,2
Nikko Remigio,WR,2026,1,2026,8,7,0.0,0.7564724683761597,False,42,0.0,12.370028567314144,2
Nikko Remigio,WR,2026,1,2026,9,8,0.0,0.7830398678779602,False,49,0.0,11.7999673962593,2
Nikko Remigio,WR,2026,1,2026,10,9,0.0,0.8035560250282288,False,56,0.0,10.709434473514529,2
Nikko Remigio,WR,2026,1,2026,11,10,0.0,0.820580780506134,False,63,0.0,10.091553151607512,2
Nikko Remigio,WR,2026,1,2026,12,11,0.0,0.8611859083175659,False,70,0.0,9.863830304145804,2
Nikko Remigio,WR,2026,1,2026,13,12,0.0,0.910197377204895,False,77,0.0,9.357032227516168,2
Nikko Remigio,WR,2026,1,2026,14,13,0.0,0.9516117572784424,False,84,0.0,8.598600244522085,2
Nikko Remigio,WR,2026,1,2026,15,14,0.0,0.9954878091812134,False,91,0.0,6.608667135238641,2
Nikko Remigio,WR,2026,1,2026,16,15,0.0,1.039088487625122,False,98,0.0,4.643582391738851,2
Nikko Remigio,WR,2026,1,2026,17,16,0.0,1.08960223197937,False,105,0.0,2.037426781654351,2
Odell Beckham Jr.,WR,2026,1,2026,2,1,0.0,3.3038463592529297,False,0,0.0,18.019606304168683,2
Odell Beckham Jr.,WR,2026,1,2026,3,2,0.0,3.4750819206237797,False,7,0.0,17.63639440536498,2
Odell Beckham Jr.,WR,2026,1,2026,4,3,0.0,3.57743239402771,False,14,0.0,17.106661653518668,2
Odell Beckham Jr.,WR,2026,1,2026,5,4,0.0,3.610844612121582,False,21,0.0,17.16239709854125,2
Odell Beckham Jr.,WR,2026,1,2026,6,5,0.0,3.630304098129273,False,28,0.0,16.573296713829038,2
Odell Beckham Jr.,WR,2026,1,2026,7,6,0.0,3.643653869628906,False,35,0.0,15.860345840454098,2
Odell Beckham Jr.,WR,2026,1,2026,8,7,0.0,3.6353704929351807,False,42,0.0,15.248926591873165,2
Odell Beckham Jr.,WR,2026,1,2026,9,8,0.0,3.655173778533936,False,49,0.0,14.672101306915277,2
Odell Beckham Jr.,WR,2026,1,2026,10,9,0.0,3.6493406295776367,False,56,0.0,13.555219078063937,2
Odell Beckham Jr.,WR,2026,1,2026,11,10,0.0,3.638335704803467,False,63,0.0,12.909308075904846,2
Odell Beckham Jr.,WR,2026,1,2026,12,11,0.0,3.644690990447998,False,70,0.0,12.647335386276236,2
Odell Beckham Jr.,WR,2026,1,2026,13,12,0.0,3.6521244049072266,False,77,0.0,12.0989592552185,2
Odell Beckham Jr.,WR,2026,1,2026,14,13,0.0,3.652305603027344,False,84,0.0,11.299294090270989,2
Odell Beckham Jr.,WR,2026,1,2026,15,14,0.0,3.649034976959229,False,91,0.0,9.262214303016655,2
Odell Beckham Jr.,WR,2026,1,2026,16,15,0.0,3.645057678222656,False,98,0.0,7.249551582336385,2
Odell Beckham Jr.,WR,2026,1,2026,17,16,0.0,3.6560559272766113,False,105,0.0,4.603880476951592,2
Olamide Zaccheaus,WR,2026,1,2026,2,1,0.0,9.425745964050291,False,0,0.0,24.14150590896605,2
Olamide Zaccheaus,WR,2026,1,2026,3,2,0.0,9.219481468200684,False,7,0.0,23.38079395294189,2
Olamide Zaccheaus,WR,2026,1,2026,4,3,0.0,8.905632972717285,False,14,0.0,22.434862232208243,2
Olamide Zaccheaus,WR,2026,1,2026,5,4,0.0,8.566543579101562,False,21,0.0,22.11809606552123,2
Olamide Zaccheaus,WR,2026,1,2026,6,5,0.0,8.162607192993164,False,28,0.0,21.10559980869293,2
Olamide Zaccheaus,WR,2026,1,2026,7,6,0.0,7.673885822296143,False,35,0.0,19.89057779312133,2
Olamide Zaccheaus,WR,2026,1,2026,8,7,0.0,7.265356063842773,False,42,0.0,18.87891216278076,2
Olamide Zaccheaus,WR,2026,1,2026,9,8,0.0,6.735926151275635,False,49,0.0,17.752853679656976,2
Olamide Zaccheaus,WR,2026,1,2026,10,9,0.0,6.154284477233887,False,56,0.0,16.060162925720185,2
Olamide Zaccheaus,WR,2026,1,2026,11,10,0.0,5.562946796417236,False,63,0.0,14.833919167518616,2
Olamide Zaccheaus,WR,2026,1,2026,12,11,0.0,5.118789196014404,False,70,0.0,14.121433591842642,2
Olamide Zaccheaus,WR,2026,1,2026,13,12,0.0,4.819533824920654,False,77,0.0,13.266368675231927,2
Olamide Zaccheaus,WR,2026,1,2026,14,13,0.0,4.640866279602051,False,84,0.0,12.287854766845694,2
Olamide Zaccheaus,WR,2026,1,2026,15,14,0.0,4.552862644195557,False,91,0.0,10.166041970252984,2
Olamide Zaccheaus,WR,2026,1,2026,16,15,0.0,4.518232345581055,False,98,0.0,8.122726249694782,2
Olamide Zaccheaus,WR,2026,1,2026,17,16,0.0,4.51624870300293,False,105,0.0,5.464073252677911,2
Ollie Gordon II,RB,2026,1,2026,2,1,0.0,6.643821716308594,False,0,0.0,21.359581661224347,2
Ollie Gordon II,RB,2026,1,2026,3,2,0.0,6.908541202545166,False,7,0.0,21.06985368728637,2
Ollie Gordon II,RB,2026,1,2026,4,3,0.0,6.964226722717285,False,14,0.0,20.493455982208243,2
Ollie Gordon II,RB,2026,1,2026,5,4,0.0,6.963907241821289,False,21,0.0,20.515459728240955,2
Ollie Gordon II,RB,2026,1,2026,6,5,0.0,6.9145331382751465,False,28,0.0,19.85752575397491,2
Ollie Gordon II,RB,2026,1,2026,7,6,0.0,6.796842575073242,False,35,0.0,19.013534545898438,2
Ollie Gordon II,RB,2026,1,2026,8,7,0.0,6.678207874298096,False,42,0.0,18.29176397323608,2
Ollie Gordon II,RB,2026,1,2026,9,8,0.0,6.497342109680176,False,49,0.0,17.514269638061517,2
Ollie Gordon II,RB,2026,1,2026,10,9,0.0,6.282959461212158,False,56,0.0,16.188837909698456,2
Ollie Gordon II,RB,2026,1,2026,11,10,0.0,6.085998058319092,False,63,0.0,15.356970429420471,2
Ollie Gordon II,RB,2026,1,2026,12,11,0.0,5.916453361511231,False,70,0.0,14.919097757339468,2
Ollie Gordon II,RB,2026,1,2026,13,12,0.0,5.767244338989258,False,77,0.0,14.21407918930053,2
Ollie Gordon II,RB,2026,1,2026,14,13,0.0,5.648585319519043,False,84,0.0,13.295573806762686,2
Ollie Gordon II,RB,2026,1,2026,15,14,0.0,5.569998741149902,False,91,0.0,11.18317806720733,2
Ollie Gordon II,RB,2026,1,2026,16,15,0.0,5.517865180969238,False,98,0.0,9.122359085082966,2
Ollie Gordon II,RB,2026,1,2026,17,16,0.0,5.481044769287109,False,105,0.0,6.42886931896209,2
Omar Cooper Jr.,WR,2026,1,2026,2,1,0.0,1.522056221961975,False,0,0.0,16.237816166877728,2
Omar Cooper Jr.,WR,2026,1,2026,3,2,0.0,1.4494904279708862,False,7,0.0,15.61080291271209,2
Omar Cooper Jr.,WR,2026,1,2026,4,3,0.0,1.4787359237670898,False,14,0.0,15.007965183258047,2
Omar Cooper Jr.,WR,2026,1,2026,5,4,0.0,1.4553625583648682,False,21,0.0,15.006915044784533,2
Omar Cooper Jr.,WR,2026,1,2026,6,5,0.0,1.4267123937606812,False,28,0.0,14.369705009460446,2
Omar Cooper Jr.,WR,2026,1,2026,7,6,0.0,1.459742307662964,False,35,0.0,13.676434278488156,2
Omar Cooper Jr.,WR,2026,1,2026,8,7,0.0,1.4852120876312256,False,42,0.0,13.09876818656921,2
Omar Cooper Jr.,WR,2026,1,2026,9,8,0.0,1.588284254074097,False,49,0.0,12.605211782455438,2
Omar Cooper Jr.,WR,2026,1,2026,10,9,0.0,1.6918591260910034,False,56,0.0,11.597737574577303,2
Omar Cooper Jr.,WR,2026,1,2026,11,10,0.0,1.8004236221313477,False,63,0.0,11.071395993232729,2
Omar Cooper Jr.,WR,2026,1,2026,12,11,0.0,1.9292123317718504,False,70,0.0,10.931856727600088,2
Omar Cooper Jr.,WR,2026,1,2026,13,12,0.0,2.0527749061584477,False,77,0.0,10.49960975646972,2
Omar Cooper Jr.,WR,2026,1,2026,14,13,0.0,2.1595754623413086,False,84,0.0,9.806563949584952,2
Omar Cooper Jr.,WR,2026,1,2026,15,14,0.0,2.2272794246673584,False,91,0.0,7.840458750724786,2
Omar Cooper Jr.,WR,2026,1,2026,16,15,0.0,2.279914617538452,False,98,0.0,5.884408521652181,2
Omar Cooper Jr.,WR,2026,1,2026,17,16,0.0,2.333010196685791,False,105,0.0,3.280834746360772,2
Omarion Hampton,RB,2026,1,2026,2,1,0.0,16.85759735107422,False,0,5.758981895446777,31.57335729598997,2
Omarion Hampton,RB,2026,1,2026,3,2,0.0,16.97721290588379,False,7,3.309918689727782,31.13852539062499,2
Omarion Hampton,RB,2026,1,2026,4,3,0.0,17.496007919311523,False,14,3.3684226036071774,31.02523717880248,2
Omarion Hampton,RB,2026,1,2026,5,4,0.0,17.490718841552734,False,21,3.202964591979981,31.0422713279724,2
Omarion Hampton,RB,2026,1,2026,6,5,0.0,17.477916717529297,False,28,3.0394664764404293,30.420909333229066,2
Omarion Hampton,RB,2026,1,2026,7,6,0.0,17.472440719604492,False,35,2.939039516448973,29.689132690429684,2
Omarion Hampton,RB,2026,1,2026,8,7,0.0,17.4921875,False,42,2.886534786224365,29.105743598937984,2
Omarion Hampton,RB,2026,1,2026,9,8,0.0,17.415040969848633,False,49,2.759592723846435,28.43196849822997,2
Omarion Hampton,RB,2026,1,2026,10,9,0.0,17.313888549804688,False,56,2.6120715141296404,27.219766998290982,2
Omarion Hampton,RB,2026,1,2026,11,10,0.0,17.268781661987305,False,63,2.504054737091065,26.539754033088684,2
Omarion Hampton,RB,2026,1,2026,12,11,0.0,17.206832885742188,False,70,2.3955592155456547,26.209477281570425,2
Omarion Hampton,RB,2026,1,2026,13,12,0.0,17.089460372924805,False,77,2.246655368804932,25.53629522323608,2
Omarion Hampton,RB,2026,1,2026,14,13,0.0,16.986661911010742,False,84,2.1340643882751458,24.633650398254385,2
Omarion Hampton,RB,2026,1,2026,15,14,0.0,16.882951736450195,False,91,1.9996588706970224,22.496131062507622,2
Omarion Hampton,RB,2026,1,2026,16,15,0.0,16.765165328979492,False,98,1.8861741065979007,20.36965923309322,2
Omarion Hampton,RB,2026,1,2026,17,16,0.0,16.62236976623535,False,105,1.7096782684326168,17.57019431591033,2
Parker Washington,WR,2026,1,2026,2,1,0.0,6.524710655212402,False,0,0.0,21.240470600128155,2
Parker Washington,WR,2026,1,2026,3,2,0.0,6.539229393005371,False,7,0.0,20.700541877746574,2
Parker Washington,WR,2026,1,2026,4,3,0.0,6.394341468811035,False,14,0.0,19.923570728301996,2
Parker Washington,WR,2026,1,2026,5,4,0.0,6.210542678833008,False,21,0.0,19.762095165252678,2
Parker Washington,WR,2026,1,2026,6,5,0.0,6.0150980949401855,False,28,0.0,18.95809071063995,2
Parker Washington,WR,2026,1,2026,7,6,0.0,5.760560035705566,False,35,0.0,17.977252006530758,2
Parker Washington,WR,2026,1,2026,8,7,0.0,5.521514892578125,False,42,0.0,17.13507099151611,2
Parker Washington,WR,2026,1,2026,9,8,0.0,5.191280364990234,False,49,0.0,16.208207893371576,2
Parker Washington,WR,2026,1,2026,10,9,0.0,4.81658935546875,False,56,0.0,14.72246780395505,2
Parker Washington,WR,2026,1,2026,11,10,0.0,4.465897083282471,False,63,0.0,13.73686945438385,2
Parker Washington,WR,2026,1,2026,12,11,0.0,4.228588581085205,False,70,0.0,13.231232976913445,2
Parker Washington,WR,2026,1,2026,13,12,0.0,4.062296390533447,False,77,0.0,12.50913124084472,2
Parker Washington,WR,2026,1,2026,14,13,0.0,3.957914352416992,False,84,0.0,11.604902839660635,2
Parker Washington,WR,2026,1,2026,15,14,0.0,3.898985385894776,False,91,0.0,9.512164711952202,2
Parker Washington,WR,2026,1,2026,16,15,0.0,3.8781898021698,False,98,0.0,7.482683706283528,2
Parker Washington,WR,2026,1,2026,17,16,0.0,3.885204792022705,False,105,0.0,4.833029341697686,2
Pat Bryant,WR,2026,1,2026,2,1,0.0,5.208894729614258,False,0,0.0,19.92465467453001,2
Pat Bryant,WR,2026,1,2026,3,2,0.0,5.328068733215332,False,7,0.0,19.48938121795653,2
Pat Bryant,WR,2026,1,2026,4,3,0.0,5.400966644287109,False,14,0.0,18.930195903778067,2
Pat Bryant,WR,2026,1,2026,5,4,0.0,5.479314804077148,False,21,0.0,19.03086729049681,2
Pat Bryant,WR,2026,1,2026,6,5,0.0,5.617013931274414,False,28,0.0,18.56000654697418,2
Pat Bryant,WR,2026,1,2026,7,6,0.0,5.76182222366333,False,35,0.0,17.978514194488522,2
Pat Bryant,WR,2026,1,2026,8,7,0.0,5.894173622131348,False,42,0.0,17.50772972106933,2
Pat Bryant,WR,2026,1,2026,9,8,0.0,6.025699138641357,False,49,0.0,17.0426266670227,2
Pat Bryant,WR,2026,1,2026,10,9,0.0,6.110381603240967,False,56,0.0,16.016260051727265,2
Pat Bryant,WR,2026,1,2026,11,10,0.0,6.190009593963623,False,63,0.0,15.460981965065002,2
Pat Bryant,WR,2026,1,2026,12,11,0.0,6.249006271362305,False,70,0.0,15.251650667190544,2
Pat Bryant,WR,2026,1,2026,13,12,0.0,6.284709453582764,False,77,0.0,14.731544303894037,2
Pat Bryant,WR,2026,1,2026,14,13,0.0,6.312315464019775,False,84,0.0,13.959303951263418,2
Pat Bryant,WR,2026,1,2026,15,14,0.0,6.31678581237793,False,91,0.0,11.929965138435357,2
Pat Bryant,WR,2026,1,2026,16,15,0.0,6.306208610534668,False,98,0.0,9.910702514648396,2
Pat Bryant,WR,2026,1,2026,17,16,0.0,6.275513172149658,False,105,0.0,7.223337721824639,2
Patrick Ricard,RB,2026,1,2026,2,1,0.0,2.7433981895446777,False,0,0.0,17.45915813446043,2
Patrick Ricard,RB,2026,1,2026,3,2,0.0,2.7058591842651367,False,7,0.0,16.86717166900634,2
Patrick Ricard,RB,2026,1,2026,4,3,0.0,2.776247024536133,False,14,0.0,16.30547628402709,2
Patrick Ricard,RB,2026,1,2026,5,4,0.0,2.8249764442443848,False,21,0.0,16.37652893066405,2
Patrick Ricard,RB,2026,1,2026,6,5,0.0,2.9139480590820312,False,28,0.0,15.856940674781796,2
Patrick Ricard,RB,2026,1,2026,7,6,0.0,3.0638294219970703,False,35,0.0,15.280521392822262,2
Patrick Ricard,RB,2026,1,2026,8,7,0.0,3.1997406482696533,False,42,0.0,14.813296747207636,2
Patrick Ricard,RB,2026,1,2026,9,8,0.0,3.4091858863830566,False,49,0.0,14.426113414764398,2
Patrick Ricard,RB,2026,1,2026,10,9,0.0,3.60013747215271,False,56,0.0,13.50601592063901,2
Patrick Ricard,RB,2026,1,2026,11,10,0.0,3.807365655899048,False,63,0.0,13.078338027000427,2
Patrick Ricard,RB,2026,1,2026,12,11,0.0,4.028854370117188,False,70,0.0,13.031498765945424,2
Patrick Ricard,RB,2026,1,2026,13,12,0.0,4.241481781005859,False,77,0.0,12.688316631317132,2
Patrick Ricard,RB,2026,1,2026,14,13,0.0,4.414543151855469,False,84,0.0,12.061531639099112,2
Patrick Ricard,RB,2026,1,2026,15,14,0.0,4.514065265655518,False,91,0.0,10.127244591712945,2
Patrick Ricard,RB,2026,1,2026,16,15,0.0,4.560155391693115,False,98,0.0,8.164649295806843,2
Patrick Ricard,RB,2026,1,2026,17,16,0.0,4.58284854888916,False,105,0.0,5.530673098564141,2
Puka Nacua,WR,2026,1,2026,2,1,0.0,18.467363357543945,False,0,7.368747901916503,33.1831233024597,2
Puka Nacua,WR,2026,1,2026,3,2,0.0,20.343156814575195,False,7,6.675862598419188,34.5044692993164,2
Puka Nacua,WR,2026,1,2026,4,3,0.0,20.584779739379883,False,14,6.457194423675537,34.114008998870844,2
Puka Nacua,WR,2026,1,2026,5,4,0.0,20.76399040222168,False,21,6.476236152648927,34.315542888641346,2
Puka Nacua,WR,2026,1,2026,6,5,0.0,20.936635971069336,False,28,6.498185729980468,33.8796285867691,2
Puka Nacua,WR,2026,1,2026,7,6,0.0,20.999982833862305,False,35,6.466581630706786,33.2166748046875,2
Puka Nacua,WR,2026,1,2026,8,7,0.0,21.026731491088867,False,42,6.421078777313232,32.64028759002685,2
Puka Nacua,WR,2026,1,2026,9,8,0.0,20.98931312561035,False,49,6.333864879608154,32.006240653991696,2
Puka Nacua,WR,2026,1,2026,10,9,0.0,20.931486129760746,False,56,6.229669094085695,30.83736457824704,2
Puka Nacua,WR,2026,1,2026,11,10,0.0,20.86846351623535,False,63,6.103736591339112,30.13943588733673,2
Puka Nacua,WR,2026,1,2026,12,11,0.0,20.7543888092041,False,70,5.943115139007569,29.75703320503234,2
Puka Nacua,WR,2026,1,2026,13,12,0.0,20.612661361694336,False,77,5.769856357574463,29.05949621200561,2
Puka Nacua,WR,2026,1,2026,14,13,0.0,20.481201171875,False,84,5.628603649139404,28.128189659118643,2
Puka Nacua,WR,2026,1,2026,15,14,0.0,20.37016487121582,False,91,5.486872005462647,25.983344197273247,2
Puka Nacua,WR,2026,1,2026,16,15,0.0,20.23769760131836,False,98,5.358706378936768,23.842191505432087,2
Puka Nacua,WR,2026,1,2026,17,16,0.0,20.08506393432617,False,105,5.172372436523437,21.032888484001152,2
Quentin Johnston,WR,2026,1,2026,2,1,0.0,8.635234832763672,False,0,0.0,23.350994777679425,2
Quentin Johnston,WR,2026,1,2026,3,2,0.0,8.319276809692383,False,7,0.0,22.480589294433585,2
Quentin Johnston,WR,2026,1,2026,4,3,0.0,7.986350059509277,False,14,0.0,21.515579319000235,2
Quentin Johnston,WR,2026,1,2026,5,4,0.0,7.652886390686035,False,21,0.0,21.2044388771057,2
Quentin Johnston,WR,2026,1,2026,6,5,0.0,7.288338661193848,False,28,0.0,20.231331276893613,2
Quentin Johnston,WR,2026,1,2026,7,6,0.0,6.852922439575195,False,35,0.0,19.069614410400387,2
Quentin Johnston,WR,2026,1,2026,8,7,0.0,6.478946685791016,False,42,0.0,18.092502784729,2
Quentin Johnston,WR,2026,1,2026,9,8,0.0,5.99960994720459,False,49,0.0,17.01653747558593,2
Quentin Johnston,WR,2026,1,2026,10,9,0.0,5.515836715698242,False,56,0.0,15.421715164184542,2
Quentin Johnston,WR,2026,1,2026,11,10,0.0,5.1020283699035645,False,63,0.0,14.373000741004944,2
Quentin Johnston,WR,2026,1,2026,12,11,0.0,4.824459075927734,False,70,0.0,13.827103471755972,2
Quentin Johnston,WR,2026,1,2026,13,12,0.0,4.630803108215332,False,77,0.0,13.077637958526603,2
Quentin Johnston,WR,2026,1,2026,14,13,0.0,4.507373809814453,False,84,0.0,12.154362297058096,2
Quentin Johnston,WR,2026,1,2026,15,14,0.0,4.440980434417725,False,91,0.0,10.054159760475152,2
Quentin Johnston,WR,2026,1,2026,16,15,0.0,4.413578987121582,False,98,0.0,8.01807289123531,2
Quentin Johnston,WR,2026,1,2026,17,16,0.0,4.412986755371094,False,105,0.0,5.360811305046075,2
Quinshon Judkins,RB,2026,1,2026,2,1,0.0,5.364809513092041,False,0,0.0,20.080569458007798,2
Quinshon Judkins,RB,2026,1,2026,3,2,0.0,5.415389060974121,False,7,0.0,19.576701545715324,2
Quinshon Judkins,RB,2026,1,2026,4,3,0.0,5.517233848571777,False,14,0.0,19.04646310806273,2
Quinshon Judkins,RB,2026,1,2026,5,4,0.0,5.683428764343262,False,21,0.0,19.234981250762928,2
Quinshon Judkins,RB,2026,1,2026,6,5,0.0,5.937530040740967,False,28,0.0,18.88052265644073,2
Quinshon Judkins,RB,2026,1,2026,7,6,0.0,6.268551349639893,False,35,0.0,18.485243320465084,2
Quinshon Judkins,RB,2026,1,2026,8,7,0.0,6.616780757904053,False,42,0.0,18.23033685684204,2
Quinshon Judkins,RB,2026,1,2026,9,8,0.0,6.960204124450684,False,49,0.0,17.977131652832025,2
Quinshon Judkins,RB,2026,1,2026,10,9,0.0,7.208868503570557,False,56,0.0,17.114746952056855,2
Quinshon Judkins,RB,2026,1,2026,11,10,0.0,7.455291748046875,False,63,0.0,16.726264119148254,2
Quinshon Judkins,RB,2026,1,2026,12,11,0.0,7.6734209060668945,False,70,0.0,16.676065301895132,2
Quinshon Judkins,RB,2026,1,2026,13,12,0.0,7.850521087646484,False,77,0.0,16.297355937957757,2
Quinshon Judkins,RB,2026,1,2026,14,13,0.0,7.986650466918945,False,84,0.0,15.633638954162588,2
Quinshon Judkins,RB,2026,1,2026,15,14,0.0,8.022421836853027,False,91,0.0,13.635601162910454,2
Quinshon Judkins,RB,2026,1,2026,16,15,0.0,7.980840682983398,False,98,0.0,11.585334587097126,2
Quinshon Judkins,RB,2026,1,2026,17,16,0.0,7.873325347900391,False,105,0.0,8.82114989757537,2
RJ Harvey,RB,2026,1,2026,2,1,0.0,7.165614128112793,False,0,0.0,21.881374073028542,2
RJ Harvey,RB,2026,1,2026,3,2,0.0,6.895445346832275,False,7,0.0,21.05675783157348,2
RJ Harvey,RB,2026,1,2026,4,3,0.0,6.90543270111084,False,14,0.0,20.4346619606018,2
RJ Harvey,RB,2026,1,2026,5,4,0.0,7.162960052490234,False,21,0.0,20.7145125389099,2
RJ Harvey,RB,2026,1,2026,6,5,0.0,7.693854808807373,False,28,0.0,20.63684742450714,2
RJ Harvey,RB,2026,1,2026,7,6,0.0,8.381359100341797,False,35,0.0,20.59805107116699,2
RJ Harvey,RB,2026,1,2026,8,7,0.0,9.159085273742676,False,42,0.0,20.77264137268066,2
RJ Harvey,RB,2026,1,2026,9,8,0.0,10.084243774414062,False,49,0.0,21.101171302795404,2
RJ Harvey,RB,2026,1,2026,10,9,0.0,10.983352661132812,False,56,0.0,20.88923110961911,2
RJ Harvey,RB,2026,1,2026,11,10,0.0,11.792482376098633,False,63,0.0,21.06345474720001,2
RJ Harvey,RB,2026,1,2026,12,11,0.0,12.423745155334473,False,70,0.0,21.42638955116271,2
RJ Harvey,RB,2026,1,2026,13,12,0.0,12.843069076538086,False,77,0.0,21.28990392684936,2
RJ Harvey,RB,2026,1,2026,14,13,0.0,13.098118782043455,False,84,0.0,20.7451072692871,2
RJ Harvey,RB,2026,1,2026,15,14,0.0,13.219185829162598,False,91,0.0,18.832365155220025,2
RJ Harvey,RB,2026,1,2026,16,15,0.0,13.240981101989746,False,98,0.0,16.845475006103474,2
RJ Harvey,RB,2026,1,2026,17,16,0.0,13.112747192382812,False,105,0.0,14.060571742057792,2
Rachaad White,RB,2026,1,2026,2,1,0.0,9.273866653442385,False,0,0.0,23.989626598358136,2
Rachaad White,RB,2026,1,2026,3,2,0.0,9.08182144165039,False,7,0.0,23.243133926391597,2
Rachaad White,RB,2026,1,2026,4,3,0.0,8.775656700134277,False,14,0.0,22.304885959625235,2
Rachaad White,RB,2026,1,2026,5,4,0.0,8.468265533447266,False,21,0.0,22.01981801986693,2
Rachaad White,RB,2026,1,2026,6,5,0.0,8.093446731567383,False,28,0.0,21.036439347267148,2
Rachaad White,RB,2026,1,2026,7,6,0.0,7.630553722381592,False,35,0.0,19.847245693206784,2
Rachaad White,RB,2026,1,2026,8,7,0.0,7.227794647216797,False,42,0.0,18.84135074615478,2
Rachaad White,RB,2026,1,2026,9,8,0.0,6.704645156860352,False,49,0.0,17.721572685241693,2
Rachaad White,RB,2026,1,2026,10,9,0.0,6.1758646965026855,False,56,0.0,16.081743144988984,2
Rachaad White,RB,2026,1,2026,11,10,0.0,5.730011940002441,False,63,0.0,15.00098431110382,2
Rachaad White,RB,2026,1,2026,12,11,0.0,5.425549507141113,False,70,0.0,14.428193902969351,2
Rachaad White,RB,2026,1,2026,13,12,0.0,5.207673072814941,False,77,0.0,13.654507923126214,2
Rachaad White,RB,2026,1,2026,14,13,0.0,5.0675554275512695,False,84,0.0,12.714543914794913,2
Rachaad White,RB,2026,1,2026,15,14,0.0,4.993992328643799,False,91,0.0,10.607171654701226,2
Rachaad White,RB,2026,1,2026,16,15,0.0,4.96303129196167,False,98,0.0,8.567525196075398,2
Rachaad White,RB,2026,1,2026,17,16,0.0,4.956223487854004,False,105,0.0,5.904048037528985,2
Raheim Sanders,RB,2026,1,2026,2,1,0.0,6.504044532775879,False,0,0.0,21.219804477691632,2
Raheim Sanders,RB,2026,1,2026,3,2,0.0,6.729827880859375,False,7,0.0,20.891140365600577,2
Raheim Sanders,RB,2026,1,2026,4,3,0.0,6.745299339294434,False,14,0.0,20.27452859878539,2
Raheim Sanders,RB,2026,1,2026,5,4,0.0,6.692491054534912,False,21,0.0,20.24404354095458,2
Raheim Sanders,RB,2026,1,2026,6,5,0.0,6.607905387878418,False,28,0.0,19.550898003578183,2
Raheim Sanders,RB,2026,1,2026,7,6,0.0,6.441106796264648,False,35,0.0,18.65779876708984,2
Raheim Sanders,RB,2026,1,2026,8,7,0.0,6.265239715576172,False,42,0.0,17.878795814514156,2
Raheim Sanders,RB,2026,1,2026,9,8,0.0,5.988562107086182,False,49,0.0,17.005489635467523,2
Raheim Sanders,RB,2026,1,2026,10,9,0.0,5.633838176727295,False,56,0.0,15.539716625213597,2
Raheim Sanders,RB,2026,1,2026,11,10,0.0,5.263489723205566,False,63,0.0,14.534462094306946,2
Raheim Sanders,RB,2026,1,2026,12,11,0.0,5.001619338989258,False,70,0.0,14.004263734817496,2
Raheim Sanders,RB,2026,1,2026,13,12,0.0,4.819711208343506,False,77,0.0,13.26654605865478,2
Raheim Sanders,RB,2026,1,2026,14,13,0.0,4.702317237854004,False,84,0.0,12.349305725097649,2
Raheim Sanders,RB,2026,1,2026,15,14,0.0,4.635811805725098,False,91,0.0,10.248991131782525,2
Raheim Sanders,RB,2026,1,2026,16,15,0.0,4.598708152770996,False,98,0.0,8.203202056884724,2
Raheim Sanders,RB,2026,1,2026,17,16,0.0,4.584642887115479,False,105,0.0,5.532467436790459,2
Rashee Rice,WR,2026,1,2026,2,1,0.0,6.556836128234863,False,0,0.0,21.272596073150616,2
Rashee Rice,WR,2026,1,2026,3,2,0.0,6.694968223571777,False,7,0.0,20.85628070831298,2
Rashee Rice,WR,2026,1,2026,4,3,0.0,6.867149353027344,False,14,0.0,20.3963786125183,2
Rashee Rice,WR,2026,1,2026,5,4,0.0,7.174243927001953,False,21,0.0,20.72579641342162,2
Rashee Rice,WR,2026,1,2026,6,5,0.0,7.621379375457764,False,28,0.0,20.56437199115753,2
Rashee Rice,WR,2026,1,2026,7,6,0.0,8.169241905212402,False,35,0.0,20.385933876037598,2
Rashee Rice,WR,2026,1,2026,8,7,0.0,8.751806259155273,False,42,0.0,20.365362358093257,2
Rashee Rice,WR,2026,1,2026,9,8,0.0,9.3208589553833,False,49,0.0,20.33778648376464,2
Rashee Rice,WR,2026,1,2026,10,9,0.0,9.766639709472656,False,56,0.0,19.672518157958955,2
Rashee Rice,WR,2026,1,2026,11,10,0.0,10.165888786315918,False,63,0.0,19.436861157417297,2
Rashee Rice,WR,2026,1,2026,12,11,0.0,10.450254440307615,False,70,0.0,19.45289883613585,2
Rashee Rice,WR,2026,1,2026,13,12,0.0,10.639556884765623,False,77,0.0,19.086391735076894,2
Rashee Rice,WR,2026,1,2026,14,13,0.0,10.784479141235352,False,84,0.0,18.431467628478995,2
Rashee Rice,WR,2026,1,2026,15,14,0.0,10.798028945922852,False,91,0.0,16.41120827198028,2
Rashee Rice,WR,2026,1,2026,16,15,0.0,10.712812423706056,False,98,0.0,14.317306327819782,2
Rashee Rice,WR,2026,1,2026,17,16,0.0,10.550628662109377,False,105,0.0,11.498453211784357,2
Rasheen Ali,RB,2026,1,2026,2,1,0.0,2.976144790649414,False,0,0.0,17.691904735565167,2
Rasheen Ali,RB,2026,1,2026,3,2,0.0,2.818259954452514,False,7,0.0,16.979572439193717,2
Rasheen Ali,RB,2026,1,2026,4,3,0.0,2.7014944553375244,False,14,0.0,16.230723714828482,2
Rasheen Ali,RB,2026,1,2026,5,4,0.0,2.5608603954315186,False,21,0.0,16.112412881851185,2
Rasheen Ali,RB,2026,1,2026,6,5,0.0,2.440523624420166,False,28,0.0,15.383516240119931,2
Rasheen Ali,RB,2026,1,2026,7,6,0.0,2.327843189239502,False,35,0.0,14.544535160064694,2
Rasheen Ali,RB,2026,1,2026,8,7,0.0,2.2147529125213623,False,42,0.0,13.828309011459346,2
Rasheen Ali,RB,2026,1,2026,9,8,0.0,2.129758596420288,False,49,0.0,13.14668612480163,2
Rasheen Ali,RB,2026,1,2026,10,9,0.0,2.056140661239624,False,56,0.0,11.962019109725924,2
Rasheen Ali,RB,2026,1,2026,11,10,0.0,1.992931604385376,False,63,0.0,11.263903975486755,2
Rasheen Ali,RB,2026,1,2026,12,11,0.0,1.970561981201172,False,70,0.0,10.97320637702941,2
Rasheen Ali,RB,2026,1,2026,13,12,0.0,1.9706498384475708,False,77,0.0,10.417484688758844,2
Rasheen Ali,RB,2026,1,2026,14,13,0.0,1.9766169786453247,False,84,0.0,9.623605465888968,2
Rasheen Ali,RB,2026,1,2026,15,14,0.0,1.9997174739837649,False,91,0.0,7.612896800041192,2
Rasheen Ali,RB,2026,1,2026,16,15,0.0,2.0373129844665527,False,98,0.0,5.641806888580281,2
Rasheen Ali,RB,2026,1,2026,17,16,0.0,2.0960378646850586,False,105,0.0,3.0438624143600395,2
Rashid Shaheed,WR,2026,1,2026,2,1,0.0,8.490036010742188,False,0,0.0,23.20579595565794,2
Rashid Shaheed,WR,2026,1,2026,3,2,0.0,8.2664794921875,False,7,0.0,22.427791976928702,2
Rashid Shaheed,WR,2026,1,2026,4,3,0.0,8.006797790527344,False,14,0.0,21.5360270500183,2
Rashid Shaheed,WR,2026,1,2026,5,4,0.0,7.735622882843018,False,21,0.0,21.287175369262684,2
Rashid Shaheed,WR,2026,1,2026,6,5,0.0,7.393822193145752,False,28,0.0,20.33681480884552,2
Rashid Shaheed,WR,2026,1,2026,7,6,0.0,6.922771453857422,False,35,0.0,19.139463424682614,2
Rashid Shaheed,WR,2026,1,2026,8,7,0.0,6.503619194030762,False,42,0.0,18.117175292968746,2
Rashid Shaheed,WR,2026,1,2026,9,8,0.0,5.984279632568359,False,49,0.0,17.0012071609497,2
Rashid Shaheed,WR,2026,1,2026,10,9,0.0,5.425551891326904,False,56,0.0,15.331430339813204,2
Rashid Shaheed,WR,2026,1,2026,11,10,0.0,4.892385959625244,False,63,0.0,14.163358330726624,2
Rashid Shaheed,WR,2026,1,2026,12,11,0.0,4.530704498291016,False,70,0.0,13.533348894119252,2
Rashid Shaheed,WR,2026,1,2026,13,12,0.0,4.300429344177246,False,77,0.0,12.74726419448852,2
Rashid Shaheed,WR,2026,1,2026,14,13,0.0,4.167404174804688,False,84,0.0,11.81439266204833,2
Rashid Shaheed,WR,2026,1,2026,15,14,0.0,4.103806495666504,False,91,0.0,9.71698582172393,2
Rashid Shaheed,WR,2026,1,2026,16,15,0.0,4.086307048797607,False,98,0.0,7.690800952911336,2
Rashid Shaheed,WR,2026,1,2026,17,16,0.0,4.099550724029541,False,105,0.0,5.047375273704522,2
Rashod Bateman,WR,2026,1,2026,2,1,0.0,4.403475284576416,False,0,0.0,19.11923522949217,2
Rashod Bateman,WR,2026,1,2026,3,2,0.0,4.608842849731445,False,7,0.0,18.770155334472648,2
Rashod Bateman,WR,2026,1,2026,4,3,0.0,4.694218158721924,False,14,0.0,18.22344741821288,2
Rashod Bateman,WR,2026,1,2026,5,4,0.0,4.688675880432129,False,21,0.0,18.240228366851795,2
Rashod Bateman,WR,2026,1,2026,6,5,0.0,4.726852416992188,False,28,0.0,17.669845032691953,2
Rashod Bateman,WR,2026,1,2026,7,6,0.0,4.799578666687012,False,35,0.0,17.016270637512203,2
Rashod Bateman,WR,2026,1,2026,8,7,0.0,4.882941246032715,False,42,0.0,16.4964973449707,2
Rashod Bateman,WR,2026,1,2026,9,8,0.0,4.979561805725098,False,49,0.0,15.99648933410644,2
Rashod Bateman,WR,2026,1,2026,10,9,0.0,5.043557643890381,False,56,0.0,14.94943609237668,2
Rashod Bateman,WR,2026,1,2026,11,10,0.0,5.113767623901367,False,63,0.0,14.384739995002748,2
Rashod Bateman,WR,2026,1,2026,12,11,0.0,5.1897501945495605,False,70,0.0,14.192394590377798,2
Rashod Bateman,WR,2026,1,2026,13,12,0.0,5.25451135635376,False,77,0.0,13.701346206665033,2
Rashod Bateman,WR,2026,1,2026,14,13,0.0,5.299081802368164,False,84,0.0,12.946070289611807,2
Rashod Bateman,WR,2026,1,2026,15,14,0.0,5.317375659942627,False,91,0.0,10.930554986000054,2
Rashod Bateman,WR,2026,1,2026,16,15,0.0,5.30633544921875,False,98,0.0,8.910829353332478,2
Rashod Bateman,WR,2026,1,2026,17,16,0.0,5.279107570648193,False,105,0.0,6.226932120323174,2
Ray Davis,RB,2026,1,2026,2,1,0.0,2.274827241897583,False,0,0.0,16.990587186813336,2
Ray Davis,RB,2026,1,2026,3,2,0.0,2.116368293762207,False,7,0.0,16.27768077850341,2
Ray Davis,RB,2026,1,2026,4,3,0.0,1.963053822517395,False,14,0.0,15.492283082008353,2
Ray Davis,RB,2026,1,2026,5,4,0.0,1.7757399082183838,False,21,0.0,15.327292394638048,2
Ray Davis,RB,2026,1,2026,6,5,0.0,1.60416841506958,False,28,0.0,14.547161030769344,2
Ray Davis,RB,2026,1,2026,7,6,0.0,1.4497816562652588,False,35,0.0,13.66647362709045,2
Ray Davis,RB,2026,1,2026,8,7,0.0,1.306339144706726,False,42,0.0,12.91989524364471,2
Ray Davis,RB,2026,1,2026,9,8,0.0,1.1884305477142334,False,49,0.0,12.205358076095576,2
Ray Davis,RB,2026,1,2026,10,9,0.0,1.0941057205200195,False,56,0.0,10.99998416900632,2
Ray Davis,RB,2026,1,2026,11,10,0.0,1.0170708894729614,False,63,0.0,10.28804326057434,2
Ray Davis,RB,2026,1,2026,12,11,0.0,1.0002669095993042,False,70,0.0,10.002911305427542,2
Ray Davis,RB,2026,1,2026,13,12,0.0,1.016778588294983,False,77,0.0,9.463613438606256,2
Ray Davis,RB,2026,1,2026,14,13,0.0,1.0386273860931396,False,84,0.0,8.685615873336783,2
Ray Davis,RB,2026,1,2026,15,14,0.0,1.0771065950393677,False,91,0.0,6.690285921096796,2
Ray Davis,RB,2026,1,2026,16,15,0.0,1.1249195337295532,False,98,0.0,4.729413437843282,2
Ray Davis,RB,2026,1,2026,17,16,0.0,1.1882704496383667,False,105,0.0,2.136094999313348,2
Reggie Gilliam,RB,2026,1,2026,2,1,0.0,2.3602631092071533,False,0,0.0,17.076023054122906,2
Reggie Gilliam,RB,2026,1,2026,3,2,0.0,2.3193254470825195,False,7,0.0,16.480637931823722,2
Reggie Gilliam,RB,2026,1,2026,4,3,0.0,2.314639091491699,False,14,0.0,15.843868350982657,2
Reggie Gilliam,RB,2026,1,2026,5,4,0.0,2.258928775787353,False,21,0.0,15.810481262207018,2
Reggie Gilliam,RB,2026,1,2026,6,5,0.0,2.2090542316436768,False,28,0.0,15.152046847343442,2
Reggie Gilliam,RB,2026,1,2026,7,6,0.0,2.199009418487549,False,35,0.0,14.41570138931274,2
Reggie Gilliam,RB,2026,1,2026,8,7,0.0,2.186419486999512,False,42,0.0,13.799975585937496,2
Reggie Gilliam,RB,2026,1,2026,9,8,0.0,2.2337348461151123,False,49,0.0,13.250662374496454,2
Reggie Gilliam,RB,2026,1,2026,10,9,0.0,2.276057720184326,False,56,0.0,12.181936168670626,2
Reggie Gilliam,RB,2026,1,2026,11,10,0.0,2.3163414001464844,False,63,0.0,11.587313771247864,2
Reggie Gilliam,RB,2026,1,2026,12,11,0.0,2.3766746520996094,False,70,0.0,11.379319047927847,2
Reggie Gilliam,RB,2026,1,2026,13,12,0.0,2.4418716430664062,False,77,0.0,10.88870649337768,2
Reggie Gilliam,RB,2026,1,2026,14,13,0.0,2.494063377380371,False,84,0.0,10.141051864624014,2
Reggie Gilliam,RB,2026,1,2026,15,14,0.0,2.5389328002929688,False,91,0.0,8.152112126350396,2
Reggie Gilliam,RB,2026,1,2026,16,15,0.0,2.579856634140014,False,98,0.0,6.184350538253743,2
Reggie Gilliam,RB,2026,1,2026,17,16,0.0,2.636066436767578,False,105,0.0,3.583890986442559,2
Reggie Virgil,WR,2026,1,2026,2,1,0.0,1.366829514503479,False,0,0.0,16.082589459419232,2
Reggie Virgil,WR,2026,1,2026,3,2,0.0,1.2534397840499878,False,7,0.0,15.414752268791192,2
Reggie Virgil,WR,2026,1,2026,4,3,0.0,1.2992767095565796,False,14,0.0,14.828505969047535,2
Reggie Virgil,WR,2026,1,2026,5,4,0.0,1.2842130661010742,False,21,0.0,14.83576555252074,2
Reggie Virgil,WR,2026,1,2026,6,5,0.0,1.2524909973144531,False,28,0.0,14.195483613014218,2
Reggie Virgil,WR,2026,1,2026,7,6,0.0,1.284502029418945,False,35,0.0,13.501194000244135,2
Reggie Virgil,WR,2026,1,2026,8,7,0.0,1.309011697769165,False,42,0.0,12.922567796707147,2
Reggie Virgil,WR,2026,1,2026,9,8,0.0,1.4161038398742676,False,49,0.0,12.433031368255609,2
Reggie Virgil,WR,2026,1,2026,10,9,0.0,1.5223653316497805,False,56,0.0,11.42824378013608,2
Reggie Virgil,WR,2026,1,2026,11,10,0.0,1.636605978012085,False,63,0.0,10.907578349113464,2
Reggie Virgil,WR,2026,1,2026,12,11,0.0,1.7753748893737793,False,70,0.0,10.778019285202015,2
Reggie Virgil,WR,2026,1,2026,13,12,0.0,1.9090121984481807,False,77,0.0,10.355847048759454,2
Reggie Virgil,WR,2026,1,2026,14,13,0.0,2.024601459503174,False,84,0.0,9.671589946746815,2
Reggie Virgil,WR,2026,1,2026,15,14,0.0,2.09548568725586,False,91,0.0,7.708665013313287,2
Reggie Virgil,WR,2026,1,2026,16,15,0.0,2.1483871936798096,False,98,0.0,5.752881097793538,2
Reggie Virgil,WR,2026,1,2026,17,16,0.0,2.1995835304260254,False,105,0.0,3.1474080801010063,2
Rhamondre Stevenson,RB,2026,1,2026,2,1,0.0,3.818792343139648,False,0,0.0,18.5345522880554,2
Rhamondre Stevenson,RB,2026,1,2026,3,2,0.0,3.8946239948272714,False,7,0.0,18.055936479568476,2
Rhamondre Stevenson,RB,2026,1,2026,4,3,0.0,3.978108167648315,False,14,0.0,17.507337427139273,2
Rhamondre Stevenson,RB,2026,1,2026,5,4,0.0,4.018626689910889,False,21,0.0,17.570179176330555,2
Rhamondre Stevenson,RB,2026,1,2026,6,5,0.0,4.1497063636779785,False,28,0.0,17.092698979377744,2
Rhamondre Stevenson,RB,2026,1,2026,7,6,0.0,4.379319190979004,False,35,0.0,16.596011161804196,2
Rhamondre Stevenson,RB,2026,1,2026,8,7,0.0,4.638172149658203,False,42,0.0,16.251728248596187,2
Rhamondre Stevenson,RB,2026,1,2026,9,8,0.0,4.987737655639648,False,49,0.0,16.00466518402099,2
Rhamondre Stevenson,RB,2026,1,2026,10,9,0.0,5.354846954345703,False,56,0.0,15.260725402832003,2
Rhamondre Stevenson,RB,2026,1,2026,11,10,0.0,5.7794952392578125,False,63,0.0,15.050467610359192,2
Rhamondre Stevenson,RB,2026,1,2026,12,11,0.0,6.183740139007568,False,70,0.0,15.186384534835806,2
Rhamondre Stevenson,RB,2026,1,2026,13,12,0.0,6.519935131072998,False,77,0.0,14.966769981384273,2
Rhamondre Stevenson,RB,2026,1,2026,14,13,0.0,6.770832061767578,False,84,0.0,14.41782054901122,2
Rhamondre Stevenson,RB,2026,1,2026,15,14,0.0,6.900681018829346,False,91,0.0,12.513860344886773,2
Rhamondre Stevenson,RB,2026,1,2026,16,15,0.0,6.955979347229004,False,98,0.0,10.560473251342732,2
Rhamondre Stevenson,RB,2026,1,2026,17,16,0.0,6.960407257080078,False,105,0.0,7.908231806755059,2
Rico Dowdle,RB,2026,1,2026,2,1,0.0,13.939245223999023,False,0,2.8406297683715813,28.655005168914776,2
Rico Dowdle,RB,2026,1,2026,3,2,0.0,14.116524696350098,False,7,0.4492304801940907,28.2778371810913,2
Rico Dowdle,RB,2026,1,2026,4,3,0.0,13.987408638000488,False,14,0.0,27.51663789749145,2
Rico Dowdle,RB,2026,1,2026,5,4,0.0,13.706515312194824,False,21,0.0,27.25806779861449,2
Rico Dowdle,RB,2026,1,2026,6,5,0.0,13.330491065979004,False,28,0.0,26.27348368167877,2
Rico Dowdle,RB,2026,1,2026,7,6,0.0,12.877674102783203,False,35,0.0,25.094366073608395,2
Rico Dowdle,RB,2026,1,2026,8,7,0.0,12.512859344482422,False,42,0.0,24.12641544342041,2
Rico Dowdle,RB,2026,1,2026,9,8,0.0,12.079923629760742,False,49,0.0,23.096851158142083,2
Rico Dowdle,RB,2026,1,2026,10,9,0.0,11.698760986328123,False,56,0.0,21.604639434814423,2
Rico Dowdle,RB,2026,1,2026,11,10,0.0,11.365516662597656,False,63,0.0,20.63648903369904,2
Rico Dowdle,RB,2026,1,2026,12,11,0.0,11.099766731262209,False,70,0.0,20.102411127090445,2
Rico Dowdle,RB,2026,1,2026,13,12,0.0,10.83592414855957,False,77,0.0,19.282758998870843,2
Rico Dowdle,RB,2026,1,2026,14,13,0.0,10.573671340942385,False,84,0.0,18.220659828186022,2
Rico Dowdle,RB,2026,1,2026,15,14,0.0,10.375216484069824,False,91,0.0,15.988395810127251,2
Rico Dowdle,RB,2026,1,2026,16,15,0.0,10.205671310424805,False,98,0.0,13.810165214538532,2
Rico Dowdle,RB,2026,1,2026,17,16,0.0,10.035698890686035,False,105,0.0,10.983523440361015,2
Roman Wilson,WR,2026,1,2026,2,1,0.0,5.05034875869751,False,0,0.0,19.766108703613263,2
Roman Wilson,WR,2026,1,2026,3,2,0.0,5.004535675048828,False,7,0.0,19.16584815979003,2
Roman Wilson,WR,2026,1,2026,4,3,0.0,4.946628093719482,False,14,0.0,18.47585735321044,2
Roman Wilson,WR,2026,1,2026,5,4,0.0,4.826966285705566,False,21,0.0,18.378518772125236,2
Roman Wilson,WR,2026,1,2026,6,5,0.0,4.730480194091797,False,28,0.0,17.673472809791562,2
Roman Wilson,WR,2026,1,2026,7,6,0.0,4.636505126953125,False,35,0.0,16.853197097778317,2
Roman Wilson,WR,2026,1,2026,8,7,0.0,4.57246732711792,False,42,0.0,16.186023426055904,2
Roman Wilson,WR,2026,1,2026,9,8,0.0,4.515991687774658,False,49,0.0,15.532919216156,2
Roman Wilson,WR,2026,1,2026,10,9,0.0,4.462252140045166,False,56,0.0,14.368130588531466,2
Roman Wilson,WR,2026,1,2026,11,10,0.0,4.435881614685059,False,63,0.0,13.706853985786438,2
Roman Wilson,WR,2026,1,2026,12,11,0.0,4.430857658386231,False,70,0.0,13.433502054214468,2
Roman Wilson,WR,2026,1,2026,13,12,0.0,4.437782287597656,False,77,0.0,12.88461713790893,2
Roman Wilson,WR,2026,1,2026,14,13,0.0,4.44462776184082,False,84,0.0,12.091616249084463,2
Roman Wilson,WR,2026,1,2026,15,14,0.0,4.44566535949707,False,91,0.0,10.058844685554496,2
Roman Wilson,WR,2026,1,2026,16,15,0.0,4.435500621795654,False,98,0.0,8.039994525909382,2
Roman Wilson,WR,2026,1,2026,17,16,0.0,4.422511100769043,False,105,0.0,5.370335650444024,2
Rome Odunze,WR,2026,1,2026,2,1,0.0,12.356454849243164,False,0,1.257839393615722,27.07221479415892,2
Rome Odunze,WR,2026,1,2026,3,2,0.0,12.579633712768556,False,7,0.0,26.74094619750976,2
Rome Odunze,WR,2026,1,2026,4,3,0.0,12.375024795532228,False,14,0.0,25.904254055023184,2
Rome Odunze,WR,2026,1,2026,5,4,0.0,12.12554931640625,False,21,0.0,25.67710180282592,2
Rome Odunze,WR,2026,1,2026,6,5,0.0,11.767784118652344,False,28,0.0,24.71077673435211,2
Rome Odunze,WR,2026,1,2026,7,6,0.0,11.256982803344728,False,35,0.0,23.47367477416992,2
Rome Odunze,WR,2026,1,2026,8,7,0.0,10.783827781677246,False,42,0.0,22.39738388061523,2
Rome Odunze,WR,2026,1,2026,9,8,0.0,10.149621963500977,False,49,0.0,21.16654949188232,2
Rome Odunze,WR,2026,1,2026,10,9,0.0,9.447633743286133,False,56,0.0,19.35351219177243,2
Rome Odunze,WR,2026,1,2026,11,10,0.0,8.731046676635742,False,63,0.0,18.00201904773712,2
Rome Odunze,WR,2026,1,2026,12,11,0.0,8.18020248413086,False,70,0.0,17.182846879959097,2
Rome Odunze,WR,2026,1,2026,13,12,0.0,7.744808197021484,False,77,0.0,16.191643047332757,2
Rome Odunze,WR,2026,1,2026,14,13,0.0,7.417732238769531,False,84,0.0,15.064720726013174,2
Rome Odunze,WR,2026,1,2026,15,14,0.0,7.236064910888672,False,91,0.0,12.8492442369461,2
Rome Odunze,WR,2026,1,2026,16,15,0.0,7.121927738189697,False,98,0.0,10.726421642303425,2
Rome Odunze,WR,2026,1,2026,17,16,0.0,7.039085388183594,False,105,0.0,7.986909937858575,2
Romeo Doubs,WR,2026,1,2026,2,1,0.0,14.191534042358398,False,0,3.0929185867309563,28.90729398727415,2
Romeo Doubs,WR,2026,1,2026,3,2,0.0,14.423872947692873,False,7,0.7565787315368642,28.585185432434077,2
Romeo Doubs,WR,2026,1,2026,4,3,0.0,14.614736557006836,False,14,0.4871512413024899,28.143965816497797,2
Romeo Doubs,WR,2026,1,2026,5,4,0.0,14.610130310058594,False,21,0.3223760604858405,28.16168279647826,2
Romeo Doubs,WR,2026,1,2026,6,5,0.0,14.502506256103516,False,28,0.064056015014648,27.44549887180328,2
Romeo Doubs,WR,2026,1,2026,7,6,0.0,14.38181209564209,False,35,0.0,26.59850406646728,2
Romeo Doubs,WR,2026,1,2026,8,7,0.0,14.337905883789062,False,42,0.0,25.951461982727047,2
Romeo Doubs,WR,2026,1,2026,9,8,0.0,14.266674041748049,False,49,0.0,25.283601570129388,2
Romeo Doubs,WR,2026,1,2026,10,9,0.0,14.169727325439451,False,56,0.0,24.07560577392575,2
Romeo Doubs,WR,2026,1,2026,11,10,0.0,14.069530487060549,False,63,0.0,23.340502858161926,2
Romeo Doubs,WR,2026,1,2026,12,11,0.0,13.97947597503662,False,70,0.0,22.98212037086486,2
Romeo Doubs,WR,2026,1,2026,13,12,0.0,13.888154029846191,False,77,0.0,22.334988880157464,2
Romeo Doubs,WR,2026,1,2026,14,13,0.0,13.806883811950684,False,84,0.0,21.453872299194327,2
Romeo Doubs,WR,2026,1,2026,15,14,0.0,13.74276638031006,False,91,0.0,19.35594570636749,2
Romeo Doubs,WR,2026,1,2026,16,15,0.0,13.668693542480469,False,98,0.0,17.273187446594196,2
Romeo Doubs,WR,2026,1,2026,17,16,0.0,13.580914497375488,False,105,0.0,14.528739047050468,2
Ronnie Rivers,RB,2026,1,2026,2,1,0.0,1.6148627996444702,False,0,0.0,16.330622744560223,2
Ronnie Rivers,RB,2026,1,2026,3,2,0.0,1.592523455619812,False,7,0.0,15.753835940361016,2
Ronnie Rivers,RB,2026,1,2026,4,3,0.0,1.697209715843201,False,14,0.0,15.226438975334158,2
Ronnie Rivers,RB,2026,1,2026,5,4,0.0,1.7220799922943115,False,21,0.0,15.273632478713976,2
Ronnie Rivers,RB,2026,1,2026,6,5,0.0,1.719269037246704,False,28,0.0,14.66226165294647,2
Ronnie Rivers,RB,2026,1,2026,7,6,0.0,1.7629883289337158,False,35,0.0,13.979680299758908,2
Ronnie Rivers,RB,2026,1,2026,8,7,0.0,1.7879743576049805,False,42,0.0,13.401530456542964,2
Ronnie Rivers,RB,2026,1,2026,9,8,0.0,1.8838918209075928,False,49,0.0,12.900819349288934,2
Ronnie Rivers,RB,2026,1,2026,10,9,0.0,1.9750454425811768,False,56,0.0,11.880923891067477,2
Ronnie Rivers,RB,2026,1,2026,11,10,0.0,2.0704903602600098,False,63,0.0,11.34146273136139,2
Ronnie Rivers,RB,2026,1,2026,12,11,0.0,2.1889421939849854,False,70,0.0,11.191586589813223,2
Ronnie Rivers,RB,2026,1,2026,13,12,0.0,2.3084793090820312,False,77,0.0,10.755314159393304,2
Ronnie Rivers,RB,2026,1,2026,14,13,0.0,2.40822982788086,False,84,0.0,10.055218315124502,2
Ronnie Rivers,RB,2026,1,2026,15,14,0.0,2.479193687438965,False,91,0.0,8.092373013496392,2
Ronnie Rivers,RB,2026,1,2026,16,15,0.0,2.5359115600585938,False,98,0.0,6.140405464172322,2
Ronnie Rivers,RB,2026,1,2026,17,16,0.0,2.6003220081329346,False,105,0.0,3.5481465578079154,2
Roschon Johnson,RB,2026,1,2026,2,1,0.0,2.446035623550415,False,0,0.0,17.161795568466168,2
Roschon Johnson,RB,2026,1,2026,3,2,0.0,2.4143190383911133,False,7,0.0,16.575631523132316,2
Roschon Johnson,RB,2026,1,2026,4,3,0.0,2.40282678604126,False,14,0.0,15.932056045532216,2
Roschon Johnson,RB,2026,1,2026,5,4,0.0,2.335050106048584,False,21,0.0,15.886602592468249,2
Roschon Johnson,RB,2026,1,2026,6,5,0.0,2.261959314346313,False,28,0.0,15.20495193004608,2
Roschon Johnson,RB,2026,1,2026,7,6,0.0,2.205382823944092,False,35,0.0,14.422074794769284,2
Roschon Johnson,RB,2026,1,2026,8,7,0.0,2.140139579772949,False,42,0.0,13.753695678710931,2
Roschon Johnson,RB,2026,1,2026,9,8,0.0,2.119537591934204,False,49,0.0,13.136465120315544,2
Roschon Johnson,RB,2026,1,2026,10,9,0.0,2.096599578857422,False,56,0.0,12.002478027343722,2
Roschon Johnson,RB,2026,1,2026,11,10,0.0,2.0748233795166016,False,63,0.0,11.34579575061798,2
Roschon Johnson,RB,2026,1,2026,12,11,0.0,2.08047866821289,False,70,0.0,11.083123064041128,2
Roschon Johnson,RB,2026,1,2026,13,12,0.0,2.0974485874176025,False,77,0.0,10.544283437728875,2
Roschon Johnson,RB,2026,1,2026,14,13,0.0,2.11372447013855,False,84,0.0,9.760712957382191,2
Roschon Johnson,RB,2026,1,2026,15,14,0.0,2.140223503112793,False,91,0.0,7.753402829170221,2
Roschon Johnson,RB,2026,1,2026,16,15,0.0,2.1773223876953125,False,98,0.0,5.781816291809041,2
Roschon Johnson,RB,2026,1,2026,17,16,0.0,2.2331786155700684,False,105,0.0,3.181003165245049,2
Ryan Flournoy,WR,2026,1,2026,2,1,0.0,2.9353742599487305,False,0,0.0,17.651134204864483,2
Ryan Flournoy,WR,2026,1,2026,3,2,0.0,3.008756637573242,False,7,0.0,17.170069122314445,2
Ryan Flournoy,WR,2026,1,2026,4,3,0.0,3.1187806129455566,False,14,0.0,16.648009872436514,2
Ryan Flournoy,WR,2026,1,2026,5,4,0.0,3.122933864593506,False,21,0.0,16.674486351013172,2
Ryan Flournoy,WR,2026,1,2026,6,5,0.0,3.174567699432373,False,28,0.0,16.11756031513214,2
Ryan Flournoy,WR,2026,1,2026,7,6,0.0,3.3213324546813965,False,35,0.0,15.538024425506588,2
Ryan Flournoy,WR,2026,1,2026,8,7,0.0,3.510169267654419,False,42,0.0,15.123725366592405,2
Ryan Flournoy,WR,2026,1,2026,9,8,0.0,3.832231521606445,False,49,0.0,14.849159049987788,2
Ryan Flournoy,WR,2026,1,2026,10,9,0.0,4.230993270874023,False,56,0.0,14.136871719360323,2
Ryan Flournoy,WR,2026,1,2026,11,10,0.0,4.761307716369629,False,63,0.0,14.032280087471008,2
Ryan Flournoy,WR,2026,1,2026,12,11,0.0,5.317778587341309,False,70,0.0,14.320422983169546,2
Ryan Flournoy,WR,2026,1,2026,13,12,0.0,5.797718048095703,False,77,0.0,14.244552898406976,2
Ryan Flournoy,WR,2026,1,2026,14,13,0.0,6.148106098175049,False,84,0.0,13.795094585418692,2
Ryan Flournoy,WR,2026,1,2026,15,14,0.0,6.331907272338867,False,91,0.0,11.945086598396294,2
Ryan Flournoy,WR,2026,1,2026,16,15,0.0,6.421750068664551,False,98,0.0,10.026243972778278,2
Ryan Flournoy,WR,2026,1,2026,17,16,0.0,6.455672740936279,False,105,0.0,7.40349729061126,2
Ryan Miller,WR,2026,1,2026,2,1,0.0,1.509323000907898,False,0,0.0,16.22508294582365,2
Ryan Miller,WR,2026,1,2026,3,2,0.0,1.4961185455322266,False,7,0.0,15.65743103027343,2
Ryan Miller,WR,2026,1,2026,4,3,0.0,1.517458200454712,False,14,0.0,15.04668745994567,2
Ryan Miller,WR,2026,1,2026,5,4,0.0,1.462172269821167,False,21,0.0,15.013724756240832,2
Ryan Miller,WR,2026,1,2026,6,5,0.0,1.373945236206055,False,28,0.0,14.31693785190582,2
Ryan Miller,WR,2026,1,2026,7,6,0.0,1.3223450183868408,False,35,0.0,13.539036989212033,2
Ryan Miller,WR,2026,1,2026,8,7,0.0,1.269106149673462,False,42,0.0,12.882662248611446,2
Ryan Miller,WR,2026,1,2026,9,8,0.0,1.269526720046997,False,49,0.0,12.286454248428338,2
Ryan Miller,WR,2026,1,2026,10,9,0.0,1.2660053968429563,False,56,0.0,11.171883845329257,2
Ryan Miller,WR,2026,1,2026,11,10,0.0,1.2610044479370115,False,63,0.0,10.531976819038391,2
Ryan Miller,WR,2026,1,2026,12,11,0.0,1.28314471244812,False,70,0.0,10.285789108276358,2
Ryan Miller,WR,2026,1,2026,13,12,0.0,1.3175718784332275,False,77,0.0,9.7644067287445,2
Ryan Miller,WR,2026,1,2026,14,13,0.0,1.350223183631897,False,84,0.0,8.99721167087554,2
Ryan Miller,WR,2026,1,2026,15,14,0.0,1.3916000127792358,False,91,0.0,7.004779338836664,2
Ryan Miller,WR,2026,1,2026,16,15,0.0,1.438820242881775,False,98,0.0,5.043314146995503,2
Ryan Miller,WR,2026,1,2026,17,16,0.0,1.4980061054229736,False,105,0.0,2.4458306550979545,2
Samaje Perine,RB,2026,1,2026,2,1,0.0,5.096529960632324,False,0,0.0,19.81228990554808,2
Samaje Perine,RB,2026,1,2026,3,2,0.0,5.022259712219238,False,7,0.0,19.18357219696044,2
Samaje Perine,RB,2026,1,2026,4,3,0.0,5.203761100769043,False,14,0.0,18.73299036026,2
Samaje Perine,RB,2026,1,2026,5,4,0.0,5.375259876251221,False,21,0.0,18.926812362670887,2
Samaje Perine,RB,2026,1,2026,6,5,0.0,5.616249561309815,False,28,0.0,18.55924217700958,2
Samaje Perine,RB,2026,1,2026,7,6,0.0,5.976073741912842,False,35,0.0,18.192765712738037,2
Samaje Perine,RB,2026,1,2026,8,7,0.0,6.476417541503906,False,42,0.0,18.08997364044189,2
Samaje Perine,RB,2026,1,2026,9,8,0.0,7.102643966674805,False,49,0.0,18.119571495056142,2
Samaje Perine,RB,2026,1,2026,10,9,0.0,7.721799850463867,False,56,0.0,17.627678298950165,2
Samaje Perine,RB,2026,1,2026,11,10,0.0,8.362702369689941,False,63,0.0,17.63367474079132,2
Samaje Perine,RB,2026,1,2026,12,11,0.0,8.900880813598633,False,70,0.0,17.90352520942687,2
Samaje Perine,RB,2026,1,2026,13,12,0.0,9.25767993927002,False,77,0.0,17.704514789581292,2
Samaje Perine,RB,2026,1,2026,14,13,0.0,9.415882110595703,False,84,0.0,17.062870597839346,2
Samaje Perine,RB,2026,1,2026,15,14,0.0,9.387730598449709,False,91,0.0,15.000909924507134,2
Samaje Perine,RB,2026,1,2026,16,15,0.0,9.265944480895996,False,98,0.0,12.870438385009724,2
Samaje Perine,RB,2026,1,2026,17,16,0.0,9.071739196777344,False,105,0.0,10.019563746452324,2
Saquon Barkley,RB,2026,1,2026,2,1,0.0,15.20559787750244,False,0,4.106982421874999,29.921357822418194,2
Saquon Barkley,RB,2026,1,2026,3,2,0.0,15.03573513031006,False,7,1.3684409141540517,29.19704761505126,2
Saquon Barkley,RB,2026,1,2026,4,3,0.0,15.221019744873049,False,14,1.0934344291687008,28.750249004364004,2
Saquon Barkley,RB,2026,1,2026,5,4,0.0,15.286151885986328,False,21,0.9983976364135748,28.837704372405994,2
Saquon Barkley,RB,2026,1,2026,6,5,0.0,15.337547302246094,False,28,0.8990970611572262,28.28053991794586,2
Saquon Barkley,RB,2026,1,2026,7,6,0.0,15.3572998046875,False,35,0.8238986015319814,27.57399177551269,2
Saquon Barkley,RB,2026,1,2026,8,7,0.0,15.358080863952637,False,42,0.7524281501770016,26.97163696289062,2
Saquon Barkley,RB,2026,1,2026,9,8,0.0,15.336556434631348,False,49,0.6811081886291497,26.35348396301269,2
Saquon Barkley,RB,2026,1,2026,10,9,0.0,15.297303199768066,False,56,0.5954861640930194,25.203181648254365,2
Saquon Barkley,RB,2026,1,2026,11,10,0.0,15.259878158569336,False,63,0.4951512336730967,24.530850529670715,2
Saquon Barkley,RB,2026,1,2026,12,11,0.0,15.210912704467772,False,70,0.3996390342712406,24.21355710029601,2
Saquon Barkley,RB,2026,1,2026,13,12,0.0,15.146780014038086,False,77,0.3039750099182132,23.59361486434936,2
Saquon Barkley,RB,2026,1,2026,14,13,0.0,15.08553981781006,False,84,0.2329422950744621,22.7325283050537,2
Saquon Barkley,RB,2026,1,2026,15,14,0.0,15.04023265838623,False,91,0.1569397926330573,20.653411984443657,2
Saquon Barkley,RB,2026,1,2026,16,15,0.0,14.97835922241211,False,98,0.0993680000305179,18.58285312652584,2
Saquon Barkley,RB,2026,1,2026,17,16,0.0,14.912327766418455,False,105,0.0,15.860152316093435,2
Sean Tucker,RB,2026,1,2026,2,1,0.0,9.043412208557127,False,0,0.0,23.75917215347288,2
Sean Tucker,RB,2026,1,2026,3,2,0.0,9.26968479156494,False,7,0.0,23.430997276306144,2
Sean Tucker,RB,2026,1,2026,4,3,0.0,9.227723121643066,False,14,0.0,22.756952381134024,2
Sean Tucker,RB,2026,1,2026,5,4,0.0,9.158909797668455,False,21,0.0,22.710462284088123,2
Sean Tucker,RB,2026,1,2026,6,5,0.0,8.933002471923828,False,28,0.0,21.875995087623597,2
Sean Tucker,RB,2026,1,2026,7,6,0.0,8.514469146728516,False,35,0.0,20.731161117553707,2
Sean Tucker,RB,2026,1,2026,8,7,0.0,8.065793991088867,False,42,0.0,19.67935009002685,2
Sean Tucker,RB,2026,1,2026,9,8,0.0,7.461025238037109,False,49,0.0,18.47795276641845,2
Sean Tucker,RB,2026,1,2026,10,9,0.0,6.801410675048828,False,56,0.0,16.707289123535126,2
Sean Tucker,RB,2026,1,2026,11,10,0.0,6.162045001983643,False,63,0.0,15.433017373085022,2
Sean Tucker,RB,2026,1,2026,12,11,0.0,5.709821701049805,False,70,0.0,14.712466096878044,2
Sean Tucker,RB,2026,1,2026,13,12,0.0,5.416843891143799,False,77,0.0,13.863678741455072,2
Sean Tucker,RB,2026,1,2026,14,13,0.0,5.251157760620117,False,84,0.0,12.89814624786376,2
Sean Tucker,RB,2026,1,2026,15,14,0.0,5.176340103149414,False,91,0.0,10.78951942920684,2
Sean Tucker,RB,2026,1,2026,16,15,0.0,5.148126602172852,False,98,0.0,8.75262050628658,2
Sean Tucker,RB,2026,1,2026,17,16,0.0,5.14564323425293,False,105,0.0,6.093467783927911,2
Seth McGowan,RB,2026,1,2026,2,1,0.0,1.125035524368286,False,0,0.0,15.84079546928404,2
Seth McGowan,RB,2026,1,2026,3,2,0.0,1.0991380214691162,False,7,0.0,15.26045050621032,2
Seth McGowan,RB,2026,1,2026,4,3,0.0,1.159424066543579,False,14,0.0,14.688653326034537,2
Seth McGowan,RB,2026,1,2026,5,4,0.0,1.1380797624588013,False,21,0.0,14.689632248878466,2
Seth McGowan,RB,2026,1,2026,6,5,0.0,1.0817935466766355,False,28,0.0,14.0247861623764,2
Seth McGowan,RB,2026,1,2026,7,6,0.0,1.0847461223602295,False,35,0.0,13.30143809318542,2
Seth McGowan,RB,2026,1,2026,8,7,0.0,1.0795797109603882,False,42,0.0,12.693135809898372,2
Seth McGowan,RB,2026,1,2026,9,8,0.0,1.1499797105789185,False,49,0.0,12.16690723896026,2
Seth McGowan,RB,2026,1,2026,10,9,0.0,1.2193965911865234,False,56,0.0,11.125275039672823,2
Seth McGowan,RB,2026,1,2026,11,10,0.0,1.290716290473938,False,63,0.0,10.561688661575316,2
Seth McGowan,RB,2026,1,2026,12,11,0.0,1.3856971263885498,False,70,0.0,10.388341522216788,2
Seth McGowan,RB,2026,1,2026,13,12,0.0,1.4796442985534668,False,77,0.0,9.92647914886474,2
Seth McGowan,RB,2026,1,2026,14,13,0.0,1.5585103034973145,False,84,0.0,9.205498790740958,2
Seth McGowan,RB,2026,1,2026,15,14,0.0,1.616573691368103,False,91,0.0,7.229753017425531,2
Seth McGowan,RB,2026,1,2026,16,15,0.0,1.668998122215271,False,98,0.0,5.273492026329,2
Seth McGowan,RB,2026,1,2026,17,16,0.0,1.730226755142212,False,105,0.0,2.678051304817193,2
Simi Fehoko,WR,2026,1,2026,2,1,0.0,1.8353880643844604,False,0,0.0,16.551148009300213,2
Simi Fehoko,WR,2026,1,2026,3,2,0.0,1.8793926239013672,False,7,0.0,16.04070510864257,2
Simi Fehoko,WR,2026,1,2026,4,3,0.0,2.0006043910980225,False,14,0.0,15.52983365058898,2
Simi Fehoko,WR,2026,1,2026,5,4,0.0,2.0371434688568115,False,21,0.0,15.588695955276476,2
Simi Fehoko,WR,2026,1,2026,6,5,0.0,2.040910005569458,False,28,0.0,14.983902621269223,2
Simi Fehoko,WR,2026,1,2026,7,6,0.0,2.0780222415924072,False,35,0.0,14.2947142124176,2
Simi Fehoko,WR,2026,1,2026,8,7,0.0,2.093336343765259,False,42,0.0,13.706892442703245,2
Simi Fehoko,WR,2026,1,2026,9,8,0.0,2.1664130687713623,False,49,0.0,13.183340597152704,2
Simi Fehoko,WR,2026,1,2026,10,9,0.0,2.223446846008301,False,56,0.0,12.1293252944946,2
Simi Fehoko,WR,2026,1,2026,11,10,0.0,2.278294086456299,False,63,0.0,11.549266457557678,2
Simi Fehoko,WR,2026,1,2026,12,11,0.0,2.3520302772521973,False,70,0.0,11.354674673080437,2
Simi Fehoko,WR,2026,1,2026,13,12,0.0,2.423828125,False,77,0.0,10.870662975311271,2
Simi Fehoko,WR,2026,1,2026,14,13,0.0,2.4792537689208984,False,84,0.0,10.126242256164542,2
Simi Fehoko,WR,2026,1,2026,15,14,0.0,2.5255348682403564,False,91,0.0,8.138714194297783,2
Simi Fehoko,WR,2026,1,2026,16,15,0.0,2.5693776607513428,False,98,0.0,6.173871564865071,2
Simi Fehoko,WR,2026,1,2026,17,16,0.0,2.6255671977996826,False,105,0.0,3.5733917474746635,2
Sione Vaki,RB,2026,1,2026,2,1,0.0,1.3734989166259766,False,0,0.0,16.08925886154173,2
Sione Vaki,RB,2026,1,2026,3,2,0.0,1.3378242254257202,False,7,0.0,15.499136710166924,2
Sione Vaki,RB,2026,1,2026,4,3,0.0,1.3288943767547607,False,14,0.0,14.858123636245718,2
Sione Vaki,RB,2026,1,2026,5,4,0.0,1.253231167793274,False,21,0.0,14.80478365421294,2
Sione Vaki,RB,2026,1,2026,6,5,0.0,1.1508071422576904,False,28,0.0,14.093799757957456,2
Sione Vaki,RB,2026,1,2026,7,6,0.0,1.0908337831497192,False,35,0.0,13.307525753974913,2
Sione Vaki,RB,2026,1,2026,8,7,0.0,1.0331777334213257,False,42,0.0,12.64673383235931,2
Sione Vaki,RB,2026,1,2026,9,8,0.0,1.0332480669021606,False,49,0.0,12.050175595283502,2
Sione Vaki,RB,2026,1,2026,10,9,0.0,1.033815622329712,False,56,0.0,10.939694070816012,2
Sione Vaki,RB,2026,1,2026,11,10,0.0,1.0333638191223145,False,63,0.0,10.304336190223694,2
Sione Vaki,RB,2026,1,2026,12,11,0.0,1.0605664253234863,False,70,0.0,10.063210821151724,2
Sione Vaki,RB,2026,1,2026,13,12,0.0,1.101036787033081,False,77,0.0,9.547871637344354,2
Sione Vaki,RB,2026,1,2026,14,13,0.0,1.13702392578125,False,84,0.0,8.784012413024893,2
Sione Vaki,RB,2026,1,2026,15,14,0.0,1.1806808710098269,False,91,0.0,6.793860197067255,2
Sione Vaki,RB,2026,1,2026,16,15,0.0,1.2276822328567505,False,98,0.0,4.832176136970479,2
Sione Vaki,RB,2026,1,2026,17,16,0.0,1.2848581075668335,False,105,0.0,2.2326826572418144,2
Skyler Bell,WR,2026,1,2026,2,1,0.0,1.269230842590332,False,0,0.0,15.984990787506083,2
Skyler Bell,WR,2026,1,2026,3,2,0.0,1.1356396675109863,False,7,0.0,15.29695215225219,2
Skyler Bell,WR,2026,1,2026,4,3,0.0,1.1854162216186523,False,14,0.0,14.71464548110961,2
Skyler Bell,WR,2026,1,2026,5,4,0.0,1.1717897653579712,False,21,0.0,14.723342251777636,2
Skyler Bell,WR,2026,1,2026,6,5,0.0,1.138518452644348,False,28,0.0,14.081511068344112,2
Skyler Bell,WR,2026,1,2026,7,6,0.0,1.1713956594467163,False,35,0.0,13.388087630271908,2
Skyler Bell,WR,2026,1,2026,8,7,0.0,1.197587490081787,False,42,0.0,12.811143589019771,2
Skyler Bell,WR,2026,1,2026,9,8,0.0,1.3110089302062988,False,49,0.0,12.32793645858764,2
Skyler Bell,WR,2026,1,2026,10,9,0.0,1.4241381883621216,False,56,0.0,11.330016636848422,2
Skyler Bell,WR,2026,1,2026,11,10,0.0,1.5455893278121948,False,63,0.0,10.816561698913574,2
Skyler Bell,WR,2026,1,2026,12,11,0.0,1.6916775703430176,False,70,0.0,10.694321966171255,2
Skyler Bell,WR,2026,1,2026,13,12,0.0,1.8336163759231567,False,77,0.0,10.28045122623443,2
Skyler Bell,WR,2026,1,2026,14,13,0.0,1.958368897438049,False,84,0.0,9.605357384681692,2
Skyler Bell,WR,2026,1,2026,15,14,0.0,2.035593271255493,False,91,0.0,7.648772597312921,2
Skyler Bell,WR,2026,1,2026,16,15,0.0,2.0930564403533936,False,98,0.0,5.697550344467122,2
Skyler Bell,WR,2026,1,2026,17,16,0.0,2.146808862686157,False,105,0.0,3.094633412361138,2
Skyy Moore,WR,2026,1,2026,2,1,0.0,1.113379716873169,False,0,0.0,15.829139661788922,2
Skyy Moore,WR,2026,1,2026,3,2,0.0,1.1818315982818604,False,7,0.0,15.343144083023065,2
Skyy Moore,WR,2026,1,2026,4,3,0.0,1.3056232929229736,False,14,0.0,14.834852552413931,2
Skyy Moore,WR,2026,1,2026,5,4,0.0,1.313801884651184,False,21,0.0,14.865354371070849,2
Skyy Moore,WR,2026,1,2026,6,5,0.0,1.2679576873779297,False,28,0.0,14.210950303077697,2
Skyy Moore,WR,2026,1,2026,7,6,0.0,1.2653250694274902,False,35,0.0,13.482017040252682,2
Skyy Moore,WR,2026,1,2026,8,7,0.0,1.2477738857269287,False,42,0.0,12.861329984664913,2
Skyy Moore,WR,2026,1,2026,9,8,0.0,1.2898008823394775,False,49,0.0,12.30672841072082,2
Skyy Moore,WR,2026,1,2026,10,9,0.0,1.322577953338623,False,56,0.0,11.228456401824925,2
Skyy Moore,WR,2026,1,2026,11,10,0.0,1.351146221160889,False,63,0.0,10.622118592262268,2
Skyy Moore,WR,2026,1,2026,12,11,0.0,1.4016695022583008,False,70,0.0,10.40431389808654,2
Skyy Moore,WR,2026,1,2026,13,12,0.0,1.4603261947631836,False,77,0.0,9.907161045074456,2
Skyy Moore,WR,2026,1,2026,14,13,0.0,1.5113022327423096,False,84,0.0,9.158290719985953,2
Skyy Moore,WR,2026,1,2026,15,14,0.0,1.5617700815200806,False,91,0.0,7.174949407577508,2
Skyy Moore,WR,2026,1,2026,16,15,0.0,1.6121034622192385,False,98,0.0,5.216597366332967,2
Skyy Moore,WR,2026,1,2026,17,16,0.0,1.6727983951568604,False,105,0.0,2.620622944831841,2
Stefon Diggs,WR,2026,1,2026,2,1,0.0,10.689833641052246,False,0,0.0,25.405593585968,2
Stefon Diggs,WR,2026,1,2026,3,2,0.0,10.71188735961914,False,7,0.0,24.873199844360343,2
Stefon Diggs,WR,2026,1,2026,4,3,0.0,10.523599624633787,False,14,0.0,24.052828884124747,2
Stefon Diggs,WR,2026,1,2026,5,4,0.0,10.435492515563965,False,21,0.0,23.98704500198363,2
Stefon Diggs,WR,2026,1,2026,6,5,0.0,10.327128410339355,False,28,0.0,23.27012102603912,2
Stefon Diggs,WR,2026,1,2026,7,6,0.0,10.161859512329102,False,35,0.0,22.378551483154293,2
Stefon Diggs,WR,2026,1,2026,8,7,0.0,9.956626892089844,False,42,0.0,21.570182991027828,2
Stefon Diggs,WR,2026,1,2026,9,8,0.0,9.608692169189451,False,49,0.0,20.625619697570794,2
Stefon Diggs,WR,2026,1,2026,10,9,0.0,9.261968612670898,False,56,0.0,19.1678470611572,2
Stefon Diggs,WR,2026,1,2026,11,10,0.0,8.97659683227539,False,63,0.0,18.24756920337677,2
Stefon Diggs,WR,2026,1,2026,12,11,0.0,8.754566192626953,False,70,0.0,17.75721058845519,2
Stefon Diggs,WR,2026,1,2026,13,12,0.0,8.570666313171387,False,77,0.0,17.01750116348266,2
Stefon Diggs,WR,2026,1,2026,14,13,0.0,8.442506790161133,False,84,0.0,16.089495277404776,2
Stefon Diggs,WR,2026,1,2026,15,14,0.0,8.365574836730957,False,91,0.0,13.978754162788384,2
Stefon Diggs,WR,2026,1,2026,16,15,0.0,8.313971519470215,False,98,0.0,11.918465423583942,2
Stefon Diggs,WR,2026,1,2026,17,16,0.0,8.252270698547363,False,105,0.0,9.200095248222343,2
Tahj Brooks,RB,2026,1,2026,2,1,0.0,3.150725841522217,False,0,0.0,17.86648578643797,2
Tahj Brooks,RB,2026,1,2026,3,2,0.0,3.170439958572388,False,7,0.0,17.33175244331359,2
Tahj Brooks,RB,2026,1,2026,4,3,0.0,3.2553045749664307,False,14,0.0,16.78453383445739,2
Tahj Brooks,RB,2026,1,2026,5,4,0.0,3.323541641235352,False,21,0.0,16.875094127655018,2
Tahj Brooks,RB,2026,1,2026,6,5,0.0,3.4264254570007324,False,28,0.0,16.369418072700498,2
Tahj Brooks,RB,2026,1,2026,7,6,0.0,3.5642457008361816,False,35,0.0,15.780937671661372,2
Tahj Brooks,RB,2026,1,2026,8,7,0.0,3.686231851577759,False,42,0.0,15.299787950515745,2
Tahj Brooks,RB,2026,1,2026,9,8,0.0,3.8637032508850098,False,49,0.0,14.880630779266353,2
Tahj Brooks,RB,2026,1,2026,10,9,0.0,4.016042709350586,False,56,0.0,13.921921157836886,2
Tahj Brooks,RB,2026,1,2026,11,10,0.0,4.1758575439453125,False,63,0.0,13.446829915046692,2
Tahj Brooks,RB,2026,1,2026,12,11,0.0,4.337686538696289,False,70,0.0,13.340330934524529,2
Tahj Brooks,RB,2026,1,2026,13,12,0.0,4.473893165588379,False,77,0.0,12.920728015899652,2
Tahj Brooks,RB,2026,1,2026,14,13,0.0,4.563060760498047,False,84,0.0,12.21004924774169,2
Tahj Brooks,RB,2026,1,2026,15,14,0.0,4.598735332489014,False,91,0.0,10.21191465854644,2
Tahj Brooks,RB,2026,1,2026,16,15,0.0,4.60009241104126,False,98,0.0,8.204586315154987,2
Tahj Brooks,RB,2026,1,2026,17,16,0.0,4.596397399902344,False,105,0.0,5.544221949577325,2
Tai Felton,WR,2026,1,2026,2,1,0.0,1.9133378267288208,False,0,0.0,16.629097771644574,2
Tai Felton,WR,2026,1,2026,3,2,0.0,1.9485955238342283,False,7,0.0,16.10990800857543,2
Tai Felton,WR,2026,1,2026,4,3,0.0,1.9892394542694087,False,14,0.0,15.518468713760369,2
Tai Felton,WR,2026,1,2026,5,4,0.0,1.9519076347351076,False,21,0.0,15.503460121154772,2
Tai Felton,WR,2026,1,2026,6,5,0.0,1.893842697143555,False,28,0.0,14.83683531284332,2
Tai Felton,WR,2026,1,2026,7,6,0.0,1.8689428567886357,False,35,0.0,14.085634827613829,2
Tai Felton,WR,2026,1,2026,8,7,0.0,1.8358803987503047,False,42,0.0,13.44943649768829,2
Tai Felton,WR,2026,1,2026,9,8,0.0,1.852377653121948,False,49,0.0,12.86930518150329,2
Tai Felton,WR,2026,1,2026,10,9,0.0,1.8578920364379885,False,56,0.0,11.763770484924288,2
Tai Felton,WR,2026,1,2026,11,10,0.0,1.8571243286132808,False,63,0.0,11.12809669971466,2
Tai Felton,WR,2026,1,2026,12,11,0.0,1.87823498249054,False,70,0.0,10.880879378318776,2
Tai Felton,WR,2026,1,2026,13,12,0.0,1.909356951713562,False,77,0.0,10.356191802024837,2
Tai Felton,WR,2026,1,2026,14,13,0.0,1.9354043006896973,False,84,0.0,9.58239278793334,2
Tai Felton,WR,2026,1,2026,15,14,0.0,1.969088077545166,False,91,0.0,7.582267403602594,2
Tai Felton,WR,2026,1,2026,16,15,0.0,2.008730411529541,False,98,0.0,5.6132243156432695,2
Tai Felton,WR,2026,1,2026,17,16,0.0,2.0647428035736084,False,105,0.0,3.0125673532485893,2
Tank Bigsby,RB,2026,1,2026,2,1,0.0,2.761281490325928,False,0,0.0,17.47704143524168,2
Tank Bigsby,RB,2026,1,2026,3,2,0.0,2.7030699253082275,False,7,0.0,16.86438241004943,2
Tank Bigsby,RB,2026,1,2026,4,3,0.0,2.7833516597747803,False,14,0.0,16.312580919265738,2
Tank Bigsby,RB,2026,1,2026,5,4,0.0,2.823539018630981,False,21,0.0,16.375091505050648,2
Tank Bigsby,RB,2026,1,2026,6,5,0.0,2.915966033935547,False,28,0.0,15.858958649635312,2
Tank Bigsby,RB,2026,1,2026,7,6,0.0,3.087719440460205,False,35,0.0,15.304411411285397,2
Tank Bigsby,RB,2026,1,2026,8,7,0.0,3.2608230113983154,False,42,0.0,14.8743791103363,2
Tank Bigsby,RB,2026,1,2026,9,8,0.0,3.5442352294921875,False,49,0.0,14.561162757873529,2
Tank Bigsby,RB,2026,1,2026,10,9,0.0,3.851030111312866,False,56,0.0,13.756908559799166,2
Tank Bigsby,RB,2026,1,2026,11,10,0.0,4.223703384399414,False,63,0.0,13.494675755500792,2
Tank Bigsby,RB,2026,1,2026,12,11,0.0,4.624608039855957,False,70,0.0,13.627252435684197,2
Tank Bigsby,RB,2026,1,2026,13,12,0.0,5.029406547546387,False,77,0.0,13.47624139785766,2
Tank Bigsby,RB,2026,1,2026,14,13,0.0,5.388192176818848,False,84,0.0,13.03518066406249,2
Tank Bigsby,RB,2026,1,2026,15,14,0.0,5.61411190032959,False,91,0.0,11.227291226387017,2
Tank Bigsby,RB,2026,1,2026,16,15,0.0,5.75364351272583,False,98,0.0,9.358137416839558,2
Tank Bigsby,RB,2026,1,2026,17,16,0.0,5.841518402099609,False,105,0.0,6.78934295177459,2
Tay Martin,WR,2026,1,2026,2,1,0.0,0.7357407808303833,False,0,0.0,15.451500725746136,2
Tay Martin,WR,2026,1,2026,3,2,0.0,0.7762467861175537,False,7,0.0,14.937559270858758,2
Tay Martin,WR,2026,1,2026,4,3,0.0,0.8890425562858582,False,14,0.0,14.418271815776816,2
Tay Martin,WR,2026,1,2026,5,4,0.0,0.8893758654594421,False,21,0.0,14.440928351879109,2
Tay Martin,WR,2026,1,2026,6,5,0.0,0.8343571424484253,False,28,0.0,13.77734975814819,2
Tay Martin,WR,2026,1,2026,7,6,0.0,0.8299764394760132,False,35,0.0,13.046668410301203,2
Tay Martin,WR,2026,1,2026,8,7,0.0,0.8114551901817322,False,42,0.0,12.425011289119716,2
Tay Martin,WR,2026,1,2026,9,8,0.0,0.8551390767097473,False,49,0.0,11.872066605091089,2
Tay Martin,WR,2026,1,2026,10,9,0.0,0.8929880261421204,False,56,0.0,10.79886647462842,2
Tay Martin,WR,2026,1,2026,11,10,0.0,0.9261019825935364,False,63,0.0,10.197074353694916,2
Tay Martin,WR,2026,1,2026,12,11,0.0,0.9786924123764038,False,70,0.0,9.981336808204642,2
Tay Martin,WR,2026,1,2026,13,12,0.0,1.0372025966644287,False,77,0.0,9.484037446975702,2
Tay Martin,WR,2026,1,2026,14,13,0.0,1.0839791297912598,False,84,0.0,8.730967617034903,2
Tay Martin,WR,2026,1,2026,15,14,0.0,1.12684428691864,False,91,0.0,6.740023612976068,2
Tay Martin,WR,2026,1,2026,16,15,0.0,1.165379524230957,False,98,0.0,4.7698734283446855,2
Tay Martin,WR,2026,1,2026,17,16,0.0,1.2109427452087402,False,105,0.0,2.158767294883721,2
Ted Hurst III,WR,2026,1,2026,2,1,0.0,1.8724372386932373,False,0,0.0,16.58819718360899,2
Ted Hurst III,WR,2026,1,2026,3,2,0.0,1.7702813148498535,False,7,0.0,15.931593799591058,2
Ted Hurst III,WR,2026,1,2026,4,3,0.0,1.760531306266785,False,14,0.0,15.289760565757742,2
Ted Hurst III,WR,2026,1,2026,5,4,0.0,1.7119710445404053,False,21,0.0,15.26352353096007,2
Ted Hurst III,WR,2026,1,2026,6,5,0.0,1.6827645301818848,False,28,0.0,14.62575714588165,2
Ted Hurst III,WR,2026,1,2026,7,6,0.0,1.717668533325195,False,35,0.0,13.934360504150389,2
Ted Hurst III,WR,2026,1,2026,8,7,0.0,1.7500436305999756,False,42,0.0,13.36359972953796,2
Ted Hurst III,WR,2026,1,2026,9,8,0.0,1.857967734336853,False,49,0.0,12.874895262718194,2
Ted Hurst III,WR,2026,1,2026,10,9,0.0,1.9675395488739011,False,56,0.0,11.8734179973602,2
Ted Hurst III,WR,2026,1,2026,11,10,0.0,2.0887439250946045,False,63,0.0,11.359716296195984,2
Ted Hurst III,WR,2026,1,2026,12,11,0.0,2.232304811477661,False,70,0.0,11.2349492073059,2
Ted Hurst III,WR,2026,1,2026,13,12,0.0,2.3717265129089355,False,77,0.0,10.818561363220208,2
Ted Hurst III,WR,2026,1,2026,14,13,0.0,2.4921810626983643,False,84,0.0,10.139169549942007,2
Ted Hurst III,WR,2026,1,2026,15,14,0.0,2.567555427551269,False,91,0.0,8.180734753608697,2
Ted Hurst III,WR,2026,1,2026,16,15,0.0,2.620166301727295,False,98,0.0,6.224660205841023,2
Ted Hurst III,WR,2026,1,2026,17,16,0.0,2.6691298484802246,False,105,0.0,3.6169543981552055,2
Tee Higgins,WR,2026,1,2026,2,1,0.0,14.70623779296875,False,0,3.607622337341308,29.421997737884503,2
Tee Higgins,WR,2026,1,2026,3,2,0.0,14.817496299743652,False,7,1.1502020835876454,28.97880878448485,2
Tee Higgins,WR,2026,1,2026,4,3,0.0,14.777368545532228,False,14,0.6497832298278805,28.306597805023184,2
Tee Higgins,WR,2026,1,2026,5,4,0.0,14.528412818908691,False,21,0.2406585693359382,28.07996530532836,2
Tee Higgins,WR,2026,1,2026,6,5,0.0,14.188628196716309,False,28,0.0,27.131620812416077,2
Tee Higgins,WR,2026,1,2026,7,6,0.0,13.833026885986328,False,35,0.0,26.04971885681152,2
Tee Higgins,WR,2026,1,2026,8,7,0.0,13.637747764587402,False,42,0.0,25.251303863525383,2
Tee Higgins,WR,2026,1,2026,9,8,0.0,13.473505973815918,False,49,0.0,24.49043350219726,2
Tee Higgins,WR,2026,1,2026,10,9,0.0,13.318445205688477,False,56,0.0,23.22432365417477,2
Tee Higgins,WR,2026,1,2026,11,10,0.0,13.161109924316406,False,63,0.0,22.432082295417786,2
Tee Higgins,WR,2026,1,2026,12,11,0.0,13.009511947631836,False,70,0.0,22.012156343460077,2
Tee Higgins,WR,2026,1,2026,13,12,0.0,12.857041358947754,False,77,0.0,21.303876209259027,2
Tee Higgins,WR,2026,1,2026,14,13,0.0,12.720762252807615,False,84,0.0,20.36775074005126,2
Tee Higgins,WR,2026,1,2026,15,14,0.0,12.626250267028809,False,91,0.0,18.23942959308624,2
Tee Higgins,WR,2026,1,2026,16,15,0.0,12.526199340820312,False,98,0.0,16.13069324493404,2
Tee Higgins,WR,2026,1,2026,17,16,0.0,12.40898895263672,False,105,0.0,13.3568135023117,2
Terry McLaurin,WR,2026,1,2026,2,1,0.0,9.444430351257324,False,0,0.0,24.16019029617308,2
Terry McLaurin,WR,2026,1,2026,3,2,0.0,9.401212692260742,False,7,0.0,23.562525177001945,2
Terry McLaurin,WR,2026,1,2026,4,3,0.0,9.10891819000244,False,14,0.0,22.6381474494934,2
Terry McLaurin,WR,2026,1,2026,5,4,0.0,8.859184265136719,False,21,0.0,22.410736751556385,2
Terry McLaurin,WR,2026,1,2026,6,5,0.0,8.585891723632812,False,28,0.0,21.528884339332578,2
Terry McLaurin,WR,2026,1,2026,7,6,0.0,8.245518684387207,False,35,0.0,20.4622106552124,2
Terry McLaurin,WR,2026,1,2026,8,7,0.0,7.93670654296875,False,42,0.0,19.55026264190673,2
Terry McLaurin,WR,2026,1,2026,9,8,0.0,7.483116149902344,False,49,0.0,18.500043678283685,2
Terry McLaurin,WR,2026,1,2026,10,9,0.0,6.970590591430664,False,56,0.0,16.876469039916962,2
Terry McLaurin,WR,2026,1,2026,11,10,0.0,6.493516445159912,False,63,0.0,15.764488816261292,2
Terry McLaurin,WR,2026,1,2026,12,11,0.0,6.146123886108398,False,70,0.0,15.148768281936636,2
Terry McLaurin,WR,2026,1,2026,13,12,0.0,5.886710643768311,False,77,0.0,14.333545494079583,2
Terry McLaurin,WR,2026,1,2026,14,13,0.0,5.715258598327637,False,84,0.0,13.36224708557128,2
Terry McLaurin,WR,2026,1,2026,15,14,0.0,5.611672878265381,False,91,0.0,11.224852204322808,2
Terry McLaurin,WR,2026,1,2026,16,15,0.0,5.556190013885498,False,98,0.0,9.160683917999226,2
Terry McLaurin,WR,2026,1,2026,17,16,0.0,5.520319938659668,False,105,0.0,6.468144488334649,2
Tetairoa McMillan,WR,2026,1,2026,2,1,0.0,11.064627647399902,False,0,0.0,25.780387592315652,2
Tetairoa McMillan,WR,2026,1,2026,3,2,0.0,10.883294105529783,False,7,0.0,25.044606590270988,2
Tetairoa McMillan,WR,2026,1,2026,4,3,0.0,10.91392707824707,False,14,0.0,24.443156337738028,2
Tetairoa McMillan,WR,2026,1,2026,5,4,0.0,11.168363571166992,False,21,0.0,24.71991605758666,2
Tetairoa McMillan,WR,2026,1,2026,6,5,0.0,11.439818382263184,False,28,0.0,24.38281099796295,2
Tetairoa McMillan,WR,2026,1,2026,7,6,0.0,11.690008163452148,False,35,0.0,23.90670013427734,2
Tetairoa McMillan,WR,2026,1,2026,8,7,0.0,11.901135444641112,False,42,0.0,23.514691543579097,2
Tetairoa McMillan,WR,2026,1,2026,9,8,0.0,12.055095672607422,False,49,0.0,23.072023200988763,2
Tetairoa McMillan,WR,2026,1,2026,10,9,0.0,12.167811393737791,False,56,0.0,22.07368984222409,2
Tetairoa McMillan,WR,2026,1,2026,11,10,0.0,12.362589836120604,False,63,0.0,21.633562207221985,2
Tetairoa McMillan,WR,2026,1,2026,12,11,0.0,12.41125202178955,False,70,0.0,21.41389641761779,2
Tetairoa McMillan,WR,2026,1,2026,13,12,0.0,12.270062446594238,False,77,0.0,20.71689729690551,2
Tetairoa McMillan,WR,2026,1,2026,14,13,0.0,12.09066390991211,False,84,0.0,19.737652397155752,2
Tetairoa McMillan,WR,2026,1,2026,15,14,0.0,11.949549674987791,False,91,0.0,17.56272900104522,2
Tetairoa McMillan,WR,2026,1,2026,16,15,0.0,11.834466934204102,False,98,0.0,15.43896083831783,2
Tetairoa McMillan,WR,2026,1,2026,17,16,0.0,11.690567016601562,False,105,0.0,12.638391566276542,2
Tez Johnson,WR,2026,1,2026,2,1,0.0,3.8358983993530273,False,0,0.0,18.55165834426878,2
Tez Johnson,WR,2026,1,2026,3,2,0.0,3.972688913345337,False,7,0.0,18.13400139808654,2
Tez Johnson,WR,2026,1,2026,4,3,0.0,3.989349126815796,False,14,0.0,17.518578386306753,2
Tez Johnson,WR,2026,1,2026,5,4,0.0,3.952749252319336,False,21,0.0,17.504301738739002,2
Tez Johnson,WR,2026,1,2026,6,5,0.0,3.91397476196289,False,28,0.0,16.856967377662656,2
Tez Johnson,WR,2026,1,2026,7,6,0.0,3.849354267120361,False,35,0.0,16.066046237945553,2
Tez Johnson,WR,2026,1,2026,8,7,0.0,3.7712864875793457,False,42,0.0,15.38484258651733,2
Tez Johnson,WR,2026,1,2026,9,8,0.0,3.703426122665405,False,49,0.0,14.720353651046748,2
Tez Johnson,WR,2026,1,2026,10,9,0.0,3.623324155807495,False,56,0.0,13.529202604293795,2
Tez Johnson,WR,2026,1,2026,11,10,0.0,3.5504250526428223,False,63,0.0,12.821397423744202,2
Tez Johnson,WR,2026,1,2026,12,11,0.0,3.50989294052124,False,70,0.0,12.512537336349478,2
Tez Johnson,WR,2026,1,2026,13,12,0.0,3.479742288589477,False,77,0.0,11.92657713890075,2
Tez Johnson,WR,2026,1,2026,14,13,0.0,3.453901052474976,False,84,0.0,11.10088953971862,2
Tez Johnson,WR,2026,1,2026,15,14,0.0,3.435723304748535,False,91,0.0,9.048902630805962,2
Tez Johnson,WR,2026,1,2026,16,15,0.0,3.4268720149993896,False,98,0.0,7.031365919113118,2
Tez Johnson,WR,2026,1,2026,17,16,0.0,3.437920331954956,False,105,0.0,4.385744881629937,2
Tom Kennedy,WR,2026,1,2026,2,1,0.0,1.287704348564148,False,0,0.0,16.0034642934799,2
Tom Kennedy,WR,2026,1,2026,3,2,0.0,1.249198079109192,False,7,0.0,15.410510563850396,2
Tom Kennedy,WR,2026,1,2026,4,3,0.0,1.2515360116958618,False,14,0.0,14.78076527118682,2
Tom Kennedy,WR,2026,1,2026,5,4,0.0,1.1817426681518557,False,21,0.0,14.73329515457152,2
Tom Kennedy,WR,2026,1,2026,6,5,0.0,1.0803403854370115,False,28,0.0,14.023333001136775,2
Tom Kennedy,WR,2026,1,2026,7,6,0.0,1.0205072164535522,False,35,0.0,13.237199187278744,2
Tom Kennedy,WR,2026,1,2026,8,7,0.0,0.9624546766281128,False,42,0.0,12.576010775566097,2
Tom Kennedy,WR,2026,1,2026,9,8,0.0,0.9623400568962096,False,49,0.0,11.979267585277553,2
Tom Kennedy,WR,2026,1,2026,10,9,0.0,0.9633575081825256,False,56,0.0,10.869235956668826,2
Tom Kennedy,WR,2026,1,2026,11,10,0.0,0.963405430316925,False,63,0.0,10.234377801418304,2
Tom Kennedy,WR,2026,1,2026,12,11,0.0,0.99126797914505,False,70,0.0,9.993912374973288,2
Tom Kennedy,WR,2026,1,2026,13,12,0.0,1.0314936637878418,False,77,0.0,9.478328514099116,2
Tom Kennedy,WR,2026,1,2026,14,13,0.0,1.067593693733215,False,84,0.0,8.714582180976858,2
Tom Kennedy,WR,2026,1,2026,15,14,0.0,1.111086130142212,False,91,0.0,6.72426545619964,2
Tom Kennedy,WR,2026,1,2026,16,15,0.0,1.157870531082153,False,98,0.0,4.762364435195882,2
Tom Kennedy,WR,2026,1,2026,17,16,0.0,1.2144694328308103,False,105,0.0,2.1622939825057914,2
Tony Pollard,RB,2026,1,2026,2,1,0.0,12.396170616149902,False,0,1.2975551605224602,27.111930561065652,2
Tony Pollard,RB,2026,1,2026,3,2,0.0,12.594548225402832,False,7,0.0,26.755860710144034,2
Tony Pollard,RB,2026,1,2026,4,3,0.0,12.52833652496338,False,14,0.0,26.057565784454336,2
Tony Pollard,RB,2026,1,2026,5,4,0.0,12.417646408081056,False,21,0.0,25.96919889450072,2
Tony Pollard,RB,2026,1,2026,6,5,0.0,12.19665241241455,False,28,0.0,25.13964502811432,2
Tony Pollard,RB,2026,1,2026,7,6,0.0,11.804532051086426,False,35,0.0,24.021224021911618,2
Tony Pollard,RB,2026,1,2026,8,7,0.0,11.440109252929688,False,42,0.0,23.05366535186767,2
Tony Pollard,RB,2026,1,2026,9,8,0.0,11.046924591064451,False,49,0.0,22.063852119445794,2
Tony Pollard,RB,2026,1,2026,10,9,0.0,10.65724754333496,False,56,0.0,20.56312599182126,2
Tony Pollard,RB,2026,1,2026,11,10,0.0,10.261014938354492,False,63,0.0,19.53198730945587,2
Tony Pollard,RB,2026,1,2026,12,11,0.0,9.909360885620115,False,70,0.0,18.912005281448355,2
Tony Pollard,RB,2026,1,2026,13,12,0.0,9.575798988342283,False,77,0.0,18.02263383865356,2
Tony Pollard,RB,2026,1,2026,14,13,0.0,9.280181884765623,False,84,0.0,16.927170372009268,2
Tony Pollard,RB,2026,1,2026,15,14,0.0,9.088800430297852,False,91,0.0,14.70197975635528,2
Tony Pollard,RB,2026,1,2026,16,15,0.0,8.955997467041016,False,98,0.0,12.560491371154743,2
Tony Pollard,RB,2026,1,2026,17,16,0.0,8.826080322265625,False,105,0.0,9.773904871940603,2
Tory Horton,WR,2026,1,2026,2,1,0.0,4.854882717132568,False,0,0.0,19.57064266204832,2
Tory Horton,WR,2026,1,2026,3,2,0.0,4.983782768249512,False,7,0.0,19.145095252990718,2
Tory Horton,WR,2026,1,2026,4,3,0.0,5.0604166984558105,False,14,0.0,18.589645957946768,2
Tory Horton,WR,2026,1,2026,5,4,0.0,5.072829246520996,False,21,0.0,18.624381732940662,2
Tory Horton,WR,2026,1,2026,6,5,0.0,5.103664875030518,False,28,0.0,18.046657490730283,2
Tory Horton,WR,2026,1,2026,7,6,0.0,5.1425981521606445,False,35,0.0,17.359290122985836,2
Tory Horton,WR,2026,1,2026,8,7,0.0,5.202613830566406,False,42,0.0,16.81616992950439,2
Tory Horton,WR,2026,1,2026,9,8,0.0,5.274191856384277,False,49,0.0,16.29111938476562,2
Tory Horton,WR,2026,1,2026,10,9,0.0,5.316196441650391,False,56,0.0,15.22207489013669,2
Tory Horton,WR,2026,1,2026,11,10,0.0,5.365396499633789,False,63,0.0,14.636368870735168,2
Tory Horton,WR,2026,1,2026,12,11,0.0,5.4100446701049805,False,70,0.0,14.412689065933218,2
Tory Horton,WR,2026,1,2026,13,12,0.0,5.435655117034912,False,77,0.0,13.882489967346183,2
Tory Horton,WR,2026,1,2026,14,13,0.0,5.440952301025391,False,84,0.0,13.087940788269034,2
Tory Horton,WR,2026,1,2026,15,14,0.0,5.42842435836792,False,91,0.0,11.041603684425349,2
Tory Horton,WR,2026,1,2026,16,15,0.0,5.397591590881348,False,98,0.0,9.002085494995075,2
Tory Horton,WR,2026,1,2026,17,16,0.0,5.35655403137207,False,105,0.0,6.304378581047051,2
Travis Etienne,RB,2026,1,2026,2,1,0.0,11.036605834960938,False,0,0.0,25.75236577987669,2
Travis Etienne,RB,2026,1,2026,3,2,0.0,11.076977729797363,False,7,0.0,25.23829021453857,2
Travis Etienne,RB,2026,1,2026,4,3,0.0,11.09453010559082,False,14,0.0,24.623759365081774,2
Travis Etienne,RB,2026,1,2026,5,4,0.0,11.311971664428713,False,21,0.0,24.863524150848377,2
Travis Etienne,RB,2026,1,2026,6,5,0.0,11.54101276397705,False,28,0.0,24.484005379676816,2
Travis Etienne,RB,2026,1,2026,7,6,0.0,11.791542053222656,False,35,0.0,24.008234024047848,2
Travis Etienne,RB,2026,1,2026,8,7,0.0,12.027032852172852,False,42,0.0,23.64058895111084,2
Travis Etienne,RB,2026,1,2026,9,8,0.0,12.171860694885254,False,49,0.0,23.188788223266595,2
Travis Etienne,RB,2026,1,2026,10,9,0.0,12.184194564819336,False,56,0.0,22.090073013305638,2
Travis Etienne,RB,2026,1,2026,11,10,0.0,12.076630592346191,False,63,0.0,21.34760296344757,2
Travis Etienne,RB,2026,1,2026,12,11,0.0,11.921988487243652,False,70,0.0,20.92463288307189,2
Travis Etienne,RB,2026,1,2026,13,12,0.0,11.765630722045898,False,77,0.0,20.21246557235717,2
Travis Etienne,RB,2026,1,2026,14,13,0.0,11.627593994140623,False,84,0.0,19.274582481384268,2
Travis Etienne,RB,2026,1,2026,15,14,0.0,11.533279418945312,False,91,0.0,17.14645874500274,2
Travis Etienne,RB,2026,1,2026,16,15,0.0,11.44377899169922,False,98,0.0,15.048272895812946,2
Travis Etienne,RB,2026,1,2026,17,16,0.0,11.32479476928711,False,105,0.0,12.27261931896209,2
Travis Hunter,WR,2026,1,2026,2,1,0.0,1.2497124671936035,False,0,0.0,15.965472412109357,2
Travis Hunter,WR,2026,1,2026,3,2,0.0,1.1938823461532593,False,7,0.0,15.355194830894463,2
Travis Hunter,WR,2026,1,2026,4,3,0.0,1.2557696104049685,False,14,0.0,14.784998869895926,2
Travis Hunter,WR,2026,1,2026,5,4,0.0,1.2388627529144287,False,21,0.0,14.790415239334092,2
Travis Hunter,WR,2026,1,2026,6,5,0.0,1.1862714290618896,False,28,0.0,14.129264044761657,2
Travis Hunter,WR,2026,1,2026,7,6,0.0,1.1822432279586792,False,35,0.0,13.398935198783873,2
Travis Hunter,WR,2026,1,2026,8,7,0.0,1.1674302816390991,False,42,0.0,12.780986380577083,2
Travis Hunter,WR,2026,1,2026,9,8,0.0,1.2178914546966553,False,49,0.0,12.234818983077997,2
Travis Hunter,WR,2026,1,2026,10,9,0.0,1.260670185089111,False,56,0.0,11.166548633575411,2
Travis Hunter,WR,2026,1,2026,11,10,0.0,1.3016859292984009,False,63,0.0,10.57265830039978,2
Travis Hunter,WR,2026,1,2026,12,11,0.0,1.3629708290100098,False,70,0.0,10.365615224838248,2
Travis Hunter,WR,2026,1,2026,13,12,0.0,1.4303489923477173,False,77,0.0,9.87718384265899,2
Travis Hunter,WR,2026,1,2026,14,13,0.0,1.4845378398895264,False,84,0.0,9.13152632713317,2
Travis Hunter,WR,2026,1,2026,15,14,0.0,1.5329856872558594,False,91,0.0,7.146165013313287,2
Travis Hunter,WR,2026,1,2026,16,15,0.0,1.579839110374451,False,98,0.0,5.184333014488179,2
Travis Hunter,WR,2026,1,2026,17,16,0.0,1.6373789310455322,False,105,0.0,2.585203480720513,2
Tre Harris,WR,2026,1,2026,2,1,0.0,5.04835844039917,False,0,0.0,19.764118385314923,2
Tre Harris,WR,2026,1,2026,3,2,0.0,5.374881267547607,False,7,0.0,19.53619375228881,2
Tre Harris,WR,2026,1,2026,4,3,0.0,5.504059314727783,False,14,0.0,19.03328857421874,2
Tre Harris,WR,2026,1,2026,5,4,0.0,5.557854652404785,False,21,0.0,19.10940713882445,2
Tre Harris,WR,2026,1,2026,6,5,0.0,5.616970062255859,False,28,0.0,18.559962677955625,2
Tre Harris,WR,2026,1,2026,7,6,0.0,5.623389720916748,False,35,0.0,17.84008169174194,2
Tre Harris,WR,2026,1,2026,8,7,0.0,5.592861175537109,False,42,0.0,17.206417274475093,2
Tre Harris,WR,2026,1,2026,9,8,0.0,5.507937431335449,False,49,0.0,16.52486495971679,2
Tre Harris,WR,2026,1,2026,10,9,0.0,5.378252506256104,False,56,0.0,15.284130954742404,2
Tre Harris,WR,2026,1,2026,11,10,0.0,5.259122848510742,False,63,0.0,14.530095219612122,2
Tre Harris,WR,2026,1,2026,12,11,0.0,5.178271770477295,False,70,0.0,14.180916166305533,2
Tre Harris,WR,2026,1,2026,13,12,0.0,5.113054275512695,False,77,0.0,13.559889125823968,2
Tre Harris,WR,2026,1,2026,14,13,0.0,5.063231468200684,False,84,0.0,12.710219955444328,2
Tre Harris,WR,2026,1,2026,15,14,0.0,5.023100852966309,False,91,0.0,10.636280179023736,2
Tre Harris,WR,2026,1,2026,16,15,0.0,4.9878129959106445,False,98,0.0,8.592306900024372,2
Tre Harris,WR,2026,1,2026,17,16,0.0,4.958313465118408,False,105,0.0,5.906138014793389,2
Tre Tucker,WR,2026,1,2026,2,1,0.0,13.322223663330078,False,0,2.223608207702636,28.03798360824583,2
Tre Tucker,WR,2026,1,2026,3,2,0.0,13.481237411499023,False,7,0.0,27.642549896240222,2
Tre Tucker,WR,2026,1,2026,4,3,0.0,13.368109703063965,False,14,0.0,26.89733896255492,2
Tre Tucker,WR,2026,1,2026,5,4,0.0,13.17197608947754,False,21,0.0,26.723528575897205,2
Tre Tucker,WR,2026,1,2026,6,5,0.0,12.8961820602417,False,28,0.0,25.839174675941464,2
Tre Tucker,WR,2026,1,2026,7,6,0.0,12.504260063171388,False,35,0.0,24.72095203399658,2
Tre Tucker,WR,2026,1,2026,8,7,0.0,12.238028526306152,False,42,0.0,23.851584625244136,2
Tre Tucker,WR,2026,1,2026,9,8,0.0,11.99753189086914,False,49,0.0,23.01445941925048,2
Tre Tucker,WR,2026,1,2026,10,9,0.0,11.746681213378906,False,56,0.0,21.652559661865205,2
Tre Tucker,WR,2026,1,2026,11,10,0.0,11.496580123901367,False,63,0.0,20.767552495002747,2
Tre Tucker,WR,2026,1,2026,12,11,0.0,11.281635284423828,False,70,0.0,20.284279680252062,2
Tre Tucker,WR,2026,1,2026,13,12,0.0,11.062195777893066,False,77,0.0,19.50903062820434,2
Tre Tucker,WR,2026,1,2026,14,13,0.0,10.8380126953125,False,84,0.0,18.485001182556143,2
Tre Tucker,WR,2026,1,2026,15,14,0.0,10.66205596923828,False,91,0.0,16.27523529529571,2
Tre Tucker,WR,2026,1,2026,16,15,0.0,10.501625061035156,False,98,0.0,14.106118965148884,2
Tre Tucker,WR,2026,1,2026,17,16,0.0,10.326952934265137,False,105,0.0,11.274777483940117,2
TreVeyon Henderson,RB,2026,1,2026,2,1,0.0,14.05735969543457,False,0,2.958744239807128,28.773119640350323,2
TreVeyon Henderson,RB,2026,1,2026,3,2,0.0,14.273215293884276,False,7,0.6059210777282704,28.43452777862548,2
TreVeyon Henderson,RB,2026,1,2026,4,3,0.0,14.171932220458984,False,14,0.0443469047546383,27.701161479949945,2
TreVeyon Henderson,RB,2026,1,2026,5,4,0.0,13.911713600158691,False,21,0.0,27.46326608657836,2
TreVeyon Henderson,RB,2026,1,2026,6,5,0.0,13.556118965148926,False,28,0.0,26.49911158084869,2
TreVeyon Henderson,RB,2026,1,2026,7,6,0.0,13.121259689331056,False,35,0.0,25.337951660156246,2
TreVeyon Henderson,RB,2026,1,2026,8,7,0.0,12.756829261779783,False,42,0.0,24.37038536071777,2
TreVeyon Henderson,RB,2026,1,2026,9,8,0.0,12.299399375915527,False,49,0.0,23.31632690429687,2
TreVeyon Henderson,RB,2026,1,2026,10,9,0.0,11.860483169555664,False,56,0.0,21.76636161804196,2
TreVeyon Henderson,RB,2026,1,2026,11,10,0.0,11.471975326538086,False,63,0.0,20.742947697639465,2
TreVeyon Henderson,RB,2026,1,2026,12,11,0.0,11.152677536010742,False,70,0.0,20.15532193183898,2
TreVeyon Henderson,RB,2026,1,2026,13,12,0.0,10.846872329711914,False,77,0.0,19.293707180023187,2
TreVeyon Henderson,RB,2026,1,2026,14,13,0.0,10.560413360595703,False,84,0.0,18.207401847839343,2
TreVeyon Henderson,RB,2026,1,2026,15,14,0.0,10.352775573730469,False,91,0.0,15.965954899787896,2
TreVeyon Henderson,RB,2026,1,2026,16,15,0.0,10.17609405517578,False,98,0.0,13.780587959289509,2
TreVeyon Henderson,RB,2026,1,2026,17,16,0.0,9.999065399169922,False,105,0.0,10.946889948844902,2
Treylon Burks,WR,2026,1,2026,2,1,0.0,3.668221473693848,False,0,0.0,18.3839814186096,2
Treylon Burks,WR,2026,1,2026,3,2,0.0,3.7460765838623047,False,7,0.0,17.907389068603507,2
Treylon Burks,WR,2026,1,2026,4,3,0.0,3.857302904129028,False,14,0.0,17.386532163619986,2
Treylon Burks,WR,2026,1,2026,5,4,0.0,3.9378278255462646,False,21,0.0,17.48938031196593,2
Treylon Burks,WR,2026,1,2026,6,5,0.0,4.094025611877441,False,28,0.0,17.037018227577207,2
Treylon Burks,WR,2026,1,2026,7,6,0.0,4.3185553550720215,False,35,0.0,16.535247325897213,2
Treylon Burks,WR,2026,1,2026,8,7,0.0,4.537134170532227,False,42,0.0,16.15069026947021,2
Treylon Burks,WR,2026,1,2026,9,8,0.0,4.813220024108887,False,49,0.0,15.830147552490228,2
Treylon Burks,WR,2026,1,2026,10,9,0.0,5.061039447784424,False,56,0.0,14.966917896270724,2
Treylon Burks,WR,2026,1,2026,11,10,0.0,5.314952373504639,False,63,0.0,14.585924744606018,2
Treylon Burks,WR,2026,1,2026,12,11,0.0,5.55052661895752,False,70,0.0,14.553171014785756,2
Treylon Burks,WR,2026,1,2026,13,12,0.0,5.749989986419678,False,77,0.0,14.19682483673095,2
Treylon Burks,WR,2026,1,2026,14,13,0.0,5.901468753814697,False,84,0.0,13.54845724105834,2
Treylon Burks,WR,2026,1,2026,15,14,0.0,5.978683471679688,False,91,0.0,11.591862797737114,2
Treylon Burks,WR,2026,1,2026,16,15,0.0,6.0020952224731445,False,98,0.0,9.606589126586872,2
Treylon Burks,WR,2026,1,2026,17,16,0.0,5.988457679748535,False,105,0.0,6.936282229423516,2
Troy Franklin,WR,2026,1,2026,2,1,0.0,12.785515785217283,False,0,1.686900329589843,27.50127573013304,2
Troy Franklin,WR,2026,1,2026,3,2,0.0,12.7618989944458,False,7,0.0,26.923211479187003,2
Troy Franklin,WR,2026,1,2026,4,3,0.0,12.887823104858398,False,14,0.0,26.41705236434936,2
Troy Franklin,WR,2026,1,2026,5,4,0.0,13.323514938354492,False,21,0.0,26.87506742477416,2
Troy Franklin,WR,2026,1,2026,6,5,0.0,13.81570816040039,False,28,0.0,26.75870077610016,2
Troy Franklin,WR,2026,1,2026,7,6,0.0,14.1041898727417,False,35,0.0,26.32088184356689,2
Troy Franklin,WR,2026,1,2026,8,7,0.0,14.191617965698242,False,42,0.0,25.805174064636223,2
Troy Franklin,WR,2026,1,2026,9,8,0.0,14.189811706542969,False,49,0.0,25.20673923492431,2
Troy Franklin,WR,2026,1,2026,10,9,0.0,14.123090744018556,False,56,0.0,24.028969192504853,2
Troy Franklin,WR,2026,1,2026,11,10,0.0,14.06536102294922,False,63,0.0,23.3363333940506,2
Troy Franklin,WR,2026,1,2026,12,11,0.0,14.006059646606444,False,70,0.0,23.008704042434683,2
Troy Franklin,WR,2026,1,2026,13,12,0.0,13.923757553100586,False,77,0.0,22.37059240341186,2
Troy Franklin,WR,2026,1,2026,14,13,0.0,13.846353530883787,False,84,0.0,21.493342018127432,2
Troy Franklin,WR,2026,1,2026,15,14,0.0,13.780357360839844,False,91,0.0,19.39353668689727,2
Troy Franklin,WR,2026,1,2026,16,15,0.0,13.705262184143066,False,98,0.0,17.309756088256794,2
Troy Franklin,WR,2026,1,2026,17,16,0.0,13.611288070678713,False,105,0.0,14.559112620353693,2
Tutu Atwell,WR,2026,1,2026,2,1,0.0,4.349066734313965,False,0,0.0,19.06482667922972,2
Tutu Atwell,WR,2026,1,2026,3,2,0.0,4.575014114379883,False,7,0.0,18.736326599121085,2
Tutu Atwell,WR,2026,1,2026,4,3,0.0,4.635203838348389,False,14,0.0,18.164433097839343,2
Tutu Atwell,WR,2026,1,2026,5,4,0.0,4.61639404296875,False,21,0.0,18.167946529388416,2
Tutu Atwell,WR,2026,1,2026,6,5,0.0,4.620616912841797,False,28,0.0,17.563609528541562,2
Tutu Atwell,WR,2026,1,2026,7,6,0.0,4.593911647796631,False,35,0.0,16.810603618621823,2
Tutu Atwell,WR,2026,1,2026,8,7,0.0,4.5393571853637695,False,42,0.0,16.152913284301754,2
Tutu Atwell,WR,2026,1,2026,9,8,0.0,4.459405899047852,False,49,0.0,15.476333427429193,2
Tutu Atwell,WR,2026,1,2026,10,9,0.0,4.349833011627197,False,56,0.0,14.255711460113496,2
Tutu Atwell,WR,2026,1,2026,11,10,0.0,4.251989364624023,False,63,0.0,13.522961735725405,2
Tutu Atwell,WR,2026,1,2026,12,11,0.0,4.197121620178223,False,70,0.0,13.19976601600646,2
Tutu Atwell,WR,2026,1,2026,13,12,0.0,4.160191535949707,False,77,0.0,12.60702638626098,2
Tutu Atwell,WR,2026,1,2026,14,13,0.0,4.130006313323975,False,84,0.0,11.776994800567618,2
Tutu Atwell,WR,2026,1,2026,15,14,0.0,4.107819557189941,False,91,0.0,9.720998883247368,2
Tutu Atwell,WR,2026,1,2026,16,15,0.0,4.089583396911621,False,98,0.0,7.69407730102535,2
Tutu Atwell,WR,2026,1,2026,17,16,0.0,4.085456371307373,False,105,0.0,5.033280920982354,2
Ty Johnson,RB,2026,1,2026,2,1,0.0,6.436853408813477,False,0,0.0,21.15261335372923,2
Ty Johnson,RB,2026,1,2026,3,2,0.0,6.382163047790527,False,7,0.0,20.54347553253173,2
Ty Johnson,RB,2026,1,2026,4,3,0.0,6.381383895874023,False,14,0.0,19.91061315536498,2
Ty Johnson,RB,2026,1,2026,5,4,0.0,6.375146389007568,False,21,0.0,19.926698875427235,2
Ty Johnson,RB,2026,1,2026,6,5,0.0,6.374340057373047,False,28,0.0,19.31733267307281,2
Ty Johnson,RB,2026,1,2026,7,6,0.0,6.2533860206604,False,35,0.0,18.470077991485592,2
Ty Johnson,RB,2026,1,2026,8,7,0.0,6.0638628005981445,False,42,0.0,17.67741889953613,2
Ty Johnson,RB,2026,1,2026,9,8,0.0,5.736597061157227,False,49,0.0,16.753524589538568,2
Ty Johnson,RB,2026,1,2026,10,9,0.0,5.318720817565918,False,56,0.0,15.224599266052218,2
Ty Johnson,RB,2026,1,2026,11,10,0.0,4.802224636077881,False,63,0.0,14.07319700717926,2
Ty Johnson,RB,2026,1,2026,12,11,0.0,4.293342113494873,False,70,0.0,13.29598650932311,2
Ty Johnson,RB,2026,1,2026,13,12,0.0,3.927309513092041,False,77,0.0,12.374144363403314,2
Ty Johnson,RB,2026,1,2026,14,13,0.0,3.741190433502197,False,84,0.0,11.38817892074584,2
Ty Johnson,RB,2026,1,2026,15,14,0.0,3.686780452728272,False,91,0.0,9.299959778785698,2
Ty Johnson,RB,2026,1,2026,16,15,0.0,3.679097652435303,False,98,0.0,7.283591556549031,2
Ty Johnson,RB,2026,1,2026,17,16,0.0,3.706207752227783,False,105,0.0,4.654032301902764,2
Tyjae Spears,RB,2026,1,2026,2,1,0.0,12.30495548248291,False,0,1.206340026855468,27.020715427398663,2
Tyjae Spears,RB,2026,1,2026,3,2,0.0,12.02707290649414,False,7,0.0,26.188385391235343,2
Tyjae Spears,RB,2026,1,2026,4,3,0.0,12.297917366027832,False,14,0.0,25.82714662551879,2
Tyjae Spears,RB,2026,1,2026,5,4,0.0,12.940879821777344,False,21,0.0,26.49243230819701,2
Tyjae Spears,RB,2026,1,2026,6,5,0.0,13.737923622131348,False,28,0.0,26.680916237831116,2
Tyjae Spears,RB,2026,1,2026,7,6,0.0,14.44455909729004,False,35,0.0,26.66125106811523,2
Tyjae Spears,RB,2026,1,2026,8,7,0.0,15.002655982971191,False,42,0.3970032691955563,26.616212081909172,2
Tyjae Spears,RB,2026,1,2026,9,8,0.0,15.402667999267578,False,49,0.7472197532653801,26.41959552764892,2
Tyjae Spears,RB,2026,1,2026,10,9,0.0,15.583759307861328,False,56,0.8819422721862811,25.489637756347623,2
Tyjae Spears,RB,2026,1,2026,11,10,0.0,15.717924118041992,False,63,0.953197193145753,24.98889648914337,2
Tyjae Spears,RB,2026,1,2026,12,11,0.0,15.826862335205078,False,70,1.0155886650085453,24.82950673103332,2
Tyjae Spears,RB,2026,1,2026,13,12,0.0,15.958735466003418,False,77,1.1159304618835453,24.40557031631469,2
Tyjae Spears,RB,2026,1,2026,14,13,0.0,16.051456451416016,False,84,1.1988589286804192,23.69844493865966,2
Tyjae Spears,RB,2026,1,2026,15,14,0.0,15.98945140838623,False,91,1.1061585426330574,21.602630734443657,2
Tyjae Spears,RB,2026,1,2026,16,15,0.0,15.852398872375488,False,98,0.9734076499938968,19.456892776489216,2
Tyjae Spears,RB,2026,1,2026,17,16,0.0,15.680821418762209,False,105,0.7681299209594723,16.628645968437187,2
Tylan Wallace,WR,2026,1,2026,2,1,0.0,2.6606035232543945,False,0,0.0,17.376363468170148,2
Tylan Wallace,WR,2026,1,2026,3,2,0.0,2.638230800628662,False,7,0.0,16.799543285369865,2
Tylan Wallace,WR,2026,1,2026,4,3,0.0,2.6836912631988525,False,14,0.0,16.21292052268981,2
Tylan Wallace,WR,2026,1,2026,5,4,0.0,2.6919188499450684,False,21,0.0,16.243471336364735,2
Tylan Wallace,WR,2026,1,2026,6,5,0.0,2.724054336547852,False,28,0.0,15.667046952247617,2
Tylan Wallace,WR,2026,1,2026,7,6,0.0,2.80246639251709,False,35,0.0,15.019158363342282,2
Tylan Wallace,WR,2026,1,2026,8,7,0.0,2.8678641319274902,False,42,0.0,14.481420230865474,2
Tylan Wallace,WR,2026,1,2026,9,8,0.0,2.995816707611084,False,49,0.0,14.012744235992423,2
Tylan Wallace,WR,2026,1,2026,10,9,0.0,3.1065924167633057,False,56,0.0,13.012470865249606,2
Tylan Wallace,WR,2026,1,2026,11,10,0.0,3.22111177444458,False,63,0.0,12.49208414554596,2
Tylan Wallace,WR,2026,1,2026,12,11,0.0,3.348472118377685,False,70,0.0,12.351116514205923,2
Tylan Wallace,WR,2026,1,2026,13,12,0.0,3.470242500305176,False,77,0.0,11.917077350616449,2
Tylan Wallace,WR,2026,1,2026,14,13,0.0,3.5653767585754395,False,84,0.0,11.212365245819084,2
Tylan Wallace,WR,2026,1,2026,15,14,0.0,3.621041774749756,False,91,0.0,9.234221100807185,2
Tylan Wallace,WR,2026,1,2026,16,15,0.0,3.648488759994507,False,98,0.0,7.252982664108235,2
Tylan Wallace,WR,2026,1,2026,17,16,0.0,3.674147605895996,False,105,0.0,4.621972155570977,2
Tyler Allgeier,RB,2026,1,2026,2,1,0.0,5.033440589904785,False,0,0.0,19.749200534820535,2
Tyler Allgeier,RB,2026,1,2026,3,2,0.0,4.849760055541992,False,7,0.0,19.011072540283195,2
Tyler Allgeier,RB,2026,1,2026,4,3,0.0,4.662097930908203,False,14,0.0,18.19132719039916,2
Tyler Allgeier,RB,2026,1,2026,5,4,0.0,4.422074317932129,False,21,0.0,17.973626804351795,2
Tyler Allgeier,RB,2026,1,2026,6,5,0.0,4.200958251953125,False,28,0.0,17.14395086765289,2
Tyler Allgeier,RB,2026,1,2026,7,6,0.0,3.9624855518341056,False,35,0.0,16.179177522659298,2
Tyler Allgeier,RB,2026,1,2026,8,7,0.0,3.75227689743042,False,42,0.0,15.365832996368404,2
Tyler Allgeier,RB,2026,1,2026,9,8,0.0,3.5302481651306152,False,49,0.0,14.547175693511956,2
Tyler Allgeier,RB,2026,1,2026,10,9,0.0,3.3241004943847656,False,56,0.0,13.229978942871066,2
Tyler Allgeier,RB,2026,1,2026,11,10,0.0,3.1534390449523926,False,63,0.0,12.424411416053772,2
Tyler Allgeier,RB,2026,1,2026,12,11,0.0,3.049099922180176,False,70,0.0,12.051744318008414,2
Tyler Allgeier,RB,2026,1,2026,13,12,0.0,2.990150451660156,False,77,0.0,11.43698530197143,2
Tyler Allgeier,RB,2026,1,2026,14,13,0.0,2.9605913162231445,False,84,0.0,10.607579803466788,2
Tyler Allgeier,RB,2026,1,2026,15,14,0.0,2.9634103775024414,False,91,0.0,8.576589703559868,2
Tyler Allgeier,RB,2026,1,2026,16,15,0.0,2.987929344177246,False,98,0.0,6.592423248290975,2
Tyler Allgeier,RB,2026,1,2026,17,16,0.0,3.0385916233062744,False,105,0.0,3.9864161729812553,2
Tyler Badie,RB,2026,1,2026,2,1,0.0,1.0895674228668213,False,0,0.0,15.805327367782574,2
Tyler Badie,RB,2026,1,2026,3,2,0.0,1.090736985206604,False,7,0.0,15.252049469947808,2
Tyler Badie,RB,2026,1,2026,4,3,0.0,1.1193828582763672,False,14,0.0,14.648612117767325,2
Tyler Badie,RB,2026,1,2026,5,4,0.0,1.0659164190292358,False,21,0.0,14.6174689054489,2
Tyler Badie,RB,2026,1,2026,6,5,0.0,0.9715358018875122,False,28,0.0,13.914528417587276,2
Tyler Badie,RB,2026,1,2026,7,6,0.0,0.9185558557510376,False,35,0.0,13.13524782657623,2
Tyler Badie,RB,2026,1,2026,8,7,0.0,0.8659504652023315,False,42,0.0,12.479506564140316,2
Tyler Badie,RB,2026,1,2026,9,8,0.0,0.8683822154998779,False,49,0.0,11.88530974388122,2
Tyler Badie,RB,2026,1,2026,10,9,0.0,0.8703266978263855,False,56,0.0,10.776205146312686,2
Tyler Badie,RB,2026,1,2026,11,10,0.0,0.871038019657135,False,63,0.0,10.142010390758514,2
Tyler Badie,RB,2026,1,2026,12,11,0.0,0.8996976613998413,False,70,0.0,9.90234205722808,2
Tyler Badie,RB,2026,1,2026,13,12,0.0,0.9396101832389832,False,77,0.0,9.386445033550256,2
Tyler Badie,RB,2026,1,2026,14,13,0.0,0.9753468036651612,False,84,0.0,8.622335290908804,2
Tyler Badie,RB,2026,1,2026,15,14,0.0,1.0184582471847534,False,91,0.0,6.631637573242181,2
Tyler Badie,RB,2026,1,2026,16,15,0.0,1.0639954805374146,False,98,0.0,4.668489384651143,2
Tyler Badie,RB,2026,1,2026,17,16,0.0,1.1176824569702148,False,105,0.0,2.065507006645196,2
Tyler Goodson,RB,2026,1,2026,2,1,0.0,3.52229118347168,False,0,0.0,18.238051128387436,2
Tyler Goodson,RB,2026,1,2026,3,2,0.0,3.6308650970458975,False,7,0.0,17.7921775817871,2
Tyler Goodson,RB,2026,1,2026,4,3,0.0,3.640225887298584,False,14,0.0,17.16945514678954,2
Tyler Goodson,RB,2026,1,2026,5,4,0.0,3.595879554748535,False,21,0.0,17.1474320411682,2
Tyler Goodson,RB,2026,1,2026,6,5,0.0,3.563422441482544,False,28,0.0,16.50641505718231,2
Tyler Goodson,RB,2026,1,2026,7,6,0.0,3.528892755508423,False,35,0.0,15.745584726333616,2
Tyler Goodson,RB,2026,1,2026,8,7,0.0,3.481740474700928,False,42,0.0,15.095296573638912,2
Tyler Goodson,RB,2026,1,2026,9,8,0.0,3.454923391342163,False,49,0.0,14.471850919723504,2
Tyler Goodson,RB,2026,1,2026,10,9,0.0,3.4078540802001958,False,56,0.0,13.313732528686495,2
Tyler Goodson,RB,2026,1,2026,11,10,0.0,3.360175371170044,False,63,0.0,12.631147742271423,2
Tyler Goodson,RB,2026,1,2026,12,11,0.0,3.338789939880371,False,70,0.0,12.341434335708607,2
Tyler Goodson,RB,2026,1,2026,13,12,0.0,3.3259148597717285,False,77,0.0,11.772749710083,2
Tyler Goodson,RB,2026,1,2026,14,13,0.0,3.3122472763061523,False,84,0.0,10.959235763549795,2
Tyler Goodson,RB,2026,1,2026,15,14,0.0,3.305670976638794,False,91,0.0,8.918850302696221,2
Tyler Goodson,RB,2026,1,2026,16,15,0.0,3.310060501098633,False,98,0.0,6.914554405212361,2
Tyler Goodson,RB,2026,1,2026,17,16,0.0,3.337230682373047,False,105,0.0,4.285055232048028,2
Tyquan Thornton,WR,2026,1,2026,2,1,0.0,8.709754943847656,False,0,0.0,23.42551488876341,2
Tyquan Thornton,WR,2026,1,2026,3,2,0.0,9.019882202148438,False,7,0.0,23.18119468688964,2
Tyquan Thornton,WR,2026,1,2026,4,3,0.0,9.158212661743164,False,14,0.0,22.68744192123412,2
Tyquan Thornton,WR,2026,1,2026,5,4,0.0,9.336782455444336,False,21,0.0,22.888334941864,2
Tyquan Thornton,WR,2026,1,2026,6,5,0.0,9.432907104492188,False,28,0.0,22.375899720191956,2
Tyquan Thornton,WR,2026,1,2026,7,6,0.0,9.466375350952148,False,35,0.0,21.68306732177734,2
Tyquan Thornton,WR,2026,1,2026,8,7,0.0,9.510766983032228,False,42,0.0,21.12432308197021,2
Tyquan Thornton,WR,2026,1,2026,9,8,0.0,9.442815780639648,False,49,0.0,20.45974330902099,2
Tyquan Thornton,WR,2026,1,2026,10,9,0.0,9.31031608581543,False,56,0.0,19.216194534301728,2
Tyquan Thornton,WR,2026,1,2026,11,10,0.0,9.17448616027832,False,63,0.0,18.4454585313797,2
Tyquan Thornton,WR,2026,1,2026,12,11,0.0,9.038968086242676,False,70,0.0,18.041612482070917,2
Tyquan Thornton,WR,2026,1,2026,13,12,0.0,8.904873847961426,False,77,0.0,17.3517086982727,2
Tyquan Thornton,WR,2026,1,2026,14,13,0.0,8.800421714782715,False,84,0.0,16.447410202026358,2
Tyquan Thornton,WR,2026,1,2026,15,14,0.0,8.721159934997559,False,91,0.0,14.334339261054986,2
Tyquan Thornton,WR,2026,1,2026,16,15,0.0,8.64391040802002,False,98,0.0,12.248404312133747,2
Tyquan Thornton,WR,2026,1,2026,17,16,0.0,8.537282943725586,False,105,0.0,9.485107493400566,2
Tyrone Tracy Jr.,RB,2026,1,2026,2,1,0.0,6.328679084777832,False,0,0.0,21.044439029693585,2
Tyrone Tracy Jr.,RB,2026,1,2026,3,2,0.0,6.165297508239746,False,7,0.0,20.32660999298095,2
Tyrone Tracy Jr.,RB,2026,1,2026,4,3,0.0,6.254151821136475,False,14,0.0,19.783381080627432,2
Tyrone Tracy Jr.,RB,2026,1,2026,5,4,0.0,6.528534889221191,False,21,0.0,20.080087375640858,2
Tyrone Tracy Jr.,RB,2026,1,2026,6,5,0.0,7.033355712890625,False,28,0.0,19.97634832859039,2
Tyrone Tracy Jr.,RB,2026,1,2026,7,6,0.0,7.68909215927124,False,35,0.0,19.905784130096432,2
Tyrone Tracy Jr.,RB,2026,1,2026,8,7,0.0,8.429899215698242,False,42,0.0,20.043455314636223,2
Tyrone Tracy Jr.,RB,2026,1,2026,9,8,0.0,9.283854484558104,False,49,0.0,20.300782012939447,2
Tyrone Tracy Jr.,RB,2026,1,2026,10,9,0.0,10.088663101196287,False,56,0.0,19.994541549682587,2
Tyrone Tracy Jr.,RB,2026,1,2026,11,10,0.0,10.813910484313965,False,63,0.0,20.084882855415344,2
Tyrone Tracy Jr.,RB,2026,1,2026,12,11,0.0,11.370268821716309,False,70,0.0,20.372913217544543,2
Tyrone Tracy Jr.,RB,2026,1,2026,13,12,0.0,11.710670471191406,False,77,0.0,20.15750532150268,2
Tyrone Tracy Jr.,RB,2026,1,2026,14,13,0.0,11.903881072998049,False,84,0.0,19.55086956024169,2
Tyrone Tracy Jr.,RB,2026,1,2026,15,14,0.0,11.960440635681152,False,91,0.0,17.57361996173858,2
Tyrone Tracy Jr.,RB,2026,1,2026,16,15,0.0,11.947283744812012,False,98,0.0,15.55177764892574,2
Tyrone Tracy Jr.,RB,2026,1,2026,17,16,0.0,11.828458786010742,False,105,0.0,12.776283335685722,2
Velus Jones Jr.,RB,2026,1,2026,2,1,0.0,2.236945390701294,False,0,0.0,16.952705335617047,2
Velus Jones Jr.,RB,2026,1,2026,3,2,0.0,2.2941486835479736,False,7,0.0,16.455461168289176,2
Velus Jones Jr.,RB,2026,1,2026,4,3,0.0,2.326050281524658,False,14,0.0,15.855279541015616,2
Velus Jones Jr.,RB,2026,1,2026,5,4,0.0,2.2822933197021484,False,21,0.0,15.833845806121811,2
Velus Jones Jr.,RB,2026,1,2026,6,5,0.0,2.21018648147583,False,28,0.0,15.153179097175595,2
Velus Jones Jr.,RB,2026,1,2026,7,6,0.0,2.152888774871826,False,35,0.0,14.369580745697018,2
Velus Jones Jr.,RB,2026,1,2026,8,7,0.0,2.0871732234954834,False,42,0.0,13.700729322433467,2
Velus Jones Jr.,RB,2026,1,2026,9,8,0.0,2.063560009002685,False,49,0.0,13.080487537384029,2
Velus Jones Jr.,RB,2026,1,2026,10,9,0.0,2.032139539718628,False,56,0.0,11.938017988204928,2
Velus Jones Jr.,RB,2026,1,2026,11,10,0.0,1.9995073080062864,False,63,0.0,11.270479679107666,2
Velus Jones Jr.,RB,2026,1,2026,12,11,0.0,1.9987612962722776,False,70,0.0,11.001405692100516,2
Velus Jones Jr.,RB,2026,1,2026,13,12,0.0,2.013162136077881,False,77,0.0,10.459996986389154,2
Velus Jones Jr.,RB,2026,1,2026,14,13,0.0,2.028831243515014,False,84,0.0,9.675819730758658,2
Velus Jones Jr.,RB,2026,1,2026,15,14,0.0,2.059208631515503,False,91,0.0,7.672387957572931,2
Velus Jones Jr.,RB,2026,1,2026,16,15,0.0,2.099700927734375,False,98,0.0,5.704194831848104,2
Velus Jones Jr.,RB,2026,1,2026,17,16,0.0,2.156895875930786,False,105,0.0,3.104720425605767,2
Wan'Dale Robinson,WR,2026,1,2026,2,1,0.0,13.273151397705078,False,0,2.174535942077636,27.98891134262083,2
Wan'Dale Robinson,WR,2026,1,2026,3,2,0.0,13.420763969421388,False,7,0.0,27.58207645416259,2
Wan'Dale Robinson,WR,2026,1,2026,4,3,0.0,13.601778030395508,False,14,0.0,27.131007289886465,2
Wan'Dale Robinson,WR,2026,1,2026,5,4,0.0,13.763782501220703,False,21,0.0,27.31533498764037,2
Wan'Dale Robinson,WR,2026,1,2026,6,5,0.0,13.9102783203125,False,28,0.0,26.853270936012265,2
Wan'Dale Robinson,WR,2026,1,2026,7,6,0.0,14.07863712310791,False,35,0.0,26.295329093933105,2
Wan'Dale Robinson,WR,2026,1,2026,8,7,0.0,14.138439178466797,False,42,0.0,25.75199527740478,2
Wan'Dale Robinson,WR,2026,1,2026,9,8,0.0,14.134324073791504,False,49,0.0,25.151251602172845,2
Wan'Dale Robinson,WR,2026,1,2026,10,9,0.0,14.087980270385742,False,56,0.0,23.99385871887204,2
Wan'Dale Robinson,WR,2026,1,2026,11,10,0.0,14.035744667053224,False,63,0.0,23.3067170381546,2
Wan'Dale Robinson,WR,2026,1,2026,12,11,0.0,13.976519584655762,False,70,0.0,22.979163980484,2
Wan'Dale Robinson,WR,2026,1,2026,13,12,0.0,13.904419898986816,False,77,0.0,22.35125474929809,2
Wan'Dale Robinson,WR,2026,1,2026,14,13,0.0,13.831886291503906,False,84,0.0,21.47887477874755,2
Wan'Dale Robinson,WR,2026,1,2026,15,14,0.0,13.781219482421877,False,91,0.0,19.394398808479306,2
Wan'Dale Robinson,WR,2026,1,2026,16,15,0.0,13.715417861938477,False,98,0.0,17.319911766052204,2
Wan'Dale Robinson,WR,2026,1,2026,17,16,0.0,13.642277717590332,False,105,0.0,14.590102267265312,2
Will Shipley,RB,2026,1,2026,2,1,0.0,1.8183956146240237,False,0,0.0,16.534155559539776,2
Will Shipley,RB,2026,1,2026,3,2,0.0,1.7861154079437256,False,7,0.0,15.94742789268493,2
Will Shipley,RB,2026,1,2026,4,3,0.0,1.7960909605026243,False,14,0.0,15.325320219993582,2
Will Shipley,RB,2026,1,2026,5,4,0.0,1.7366559505462646,False,21,0.0,15.28820843696593,2
Will Shipley,RB,2026,1,2026,6,5,0.0,1.6560953855514526,False,28,0.0,14.599088001251218,2
Will Shipley,RB,2026,1,2026,7,6,0.0,1.6129714250564575,False,35,0.0,13.82966339588165,2
Will Shipley,RB,2026,1,2026,8,7,0.0,1.5673315525054932,False,42,0.0,13.180887651443475,2
Will Shipley,RB,2026,1,2026,9,8,0.0,1.579850435256958,False,49,0.0,12.5967779636383,2
Will Shipley,RB,2026,1,2026,10,9,0.0,1.5890259742736816,False,56,0.0,11.494904422759982,2
Will Shipley,RB,2026,1,2026,11,10,0.0,1.595603108406067,False,63,0.0,10.866575479507446,2
Will Shipley,RB,2026,1,2026,12,11,0.0,1.6250624656677246,False,70,0.0,10.627706861495962,2
Will Shipley,RB,2026,1,2026,13,12,0.0,1.6639199256896973,False,77,0.0,10.11075477600097,2
Will Shipley,RB,2026,1,2026,14,13,0.0,1.69890558719635,False,84,0.0,9.345894074439991,2
Will Shipley,RB,2026,1,2026,15,14,0.0,1.7396388053894043,False,91,0.0,7.352818131446832,2
Will Shipley,RB,2026,1,2026,16,15,0.0,1.7863035202026367,False,98,0.0,5.390797424316365,2
Will Shipley,RB,2026,1,2026,17,16,0.0,1.8476353883743288,False,105,0.0,2.795459938049309,2
Woody Marks,RB,2026,1,2026,2,1,0.0,12.695950508117676,False,0,1.5973350524902337,27.41171045303343,2
Woody Marks,RB,2026,1,2026,3,2,0.0,12.340202331542969,False,7,0.0,26.50151481628417,2
Woody Marks,RB,2026,1,2026,4,3,0.0,12.681934356689451,False,14,0.0,26.21116361618041,2
Woody Marks,RB,2026,1,2026,5,4,0.0,13.076642990112305,False,21,0.0,26.62819547653197,2
Woody Marks,RB,2026,1,2026,6,5,0.0,13.544256210327148,False,28,0.0,26.487248826026917,2
Woody Marks,RB,2026,1,2026,7,6,0.0,14.007902145385742,False,35,0.0,26.22459411621093,2
Woody Marks,RB,2026,1,2026,8,7,0.0,14.441927909851074,False,42,0.0,26.05548400878906,2
Woody Marks,RB,2026,1,2026,9,8,0.0,14.752897262573242,False,49,0.0974490165710442,25.769824790954583,2
Woody Marks,RB,2026,1,2026,10,9,0.0,14.885324478149414,False,56,0.183507442474367,24.791202926635712,2
Woody Marks,RB,2026,1,2026,11,10,0.0,14.97904109954834,False,63,0.2143141746521006,24.25001347064972,2
Woody Marks,RB,2026,1,2026,12,11,0.0,14.971240997314451,False,70,0.1599673271179202,23.97388539314269,2
Woody Marks,RB,2026,1,2026,13,12,0.0,14.889558792114258,False,77,0.0467537879943851,23.33639364242553,2
Woody Marks,RB,2026,1,2026,14,13,0.0,14.782442092895508,False,84,0.0,22.42943058013915,2
Woody Marks,RB,2026,1,2026,15,14,0.0,14.676191329956056,False,91,0.0,20.28937065601348,2
Woody Marks,RB,2026,1,2026,16,15,0.0,14.552315711975098,False,98,0.0,18.156809616088825,2
Woody Marks,RB,2026,1,2026,17,16,0.0,14.395795822143556,False,105,0.0,15.343620371818536,2
Xavier Hutchinson,WR,2026,1,2026,2,1,0.0,9.149820327758787,False,0,0.0,23.865580272674546,2
Xavier Hutchinson,WR,2026,1,2026,3,2,0.0,9.17148208618164,False,7,0.0,23.332794570922843,2
Xavier Hutchinson,WR,2026,1,2026,4,3,0.0,9.001157760620117,False,14,0.0,22.530387020111075,2
Xavier Hutchinson,WR,2026,1,2026,5,4,0.0,8.813884735107422,False,21,0.0,22.36543722152709,2
Xavier Hutchinson,WR,2026,1,2026,6,5,0.0,8.555122375488281,False,28,0.0,21.498114991188046,2
Xavier Hutchinson,WR,2026,1,2026,7,6,0.0,8.202300071716309,False,35,0.0,20.4189920425415,2
Xavier Hutchinson,WR,2026,1,2026,8,7,0.0,7.885623931884766,False,42,0.0,19.49918003082275,2
Xavier Hutchinson,WR,2026,1,2026,9,8,0.0,7.432552337646484,False,49,0.0,18.449479866027826,2
Xavier Hutchinson,WR,2026,1,2026,10,9,0.0,6.91132402420044,False,56,0.0,16.817202472686738,2
Xavier Hutchinson,WR,2026,1,2026,11,10,0.0,6.364680290222168,False,63,0.0,15.635652661323547,2
Xavier Hutchinson,WR,2026,1,2026,12,11,0.0,5.918469429016113,False,70,0.0,14.921113824844351,2
Xavier Hutchinson,WR,2026,1,2026,13,12,0.0,5.587575912475586,False,77,0.0,14.03441076278686,2
Xavier Hutchinson,WR,2026,1,2026,14,13,0.0,5.380050659179688,False,84,0.0,13.02703914642333,2
Xavier Hutchinson,WR,2026,1,2026,15,14,0.0,5.266262054443359,False,91,0.0,10.879441380500786,2
Xavier Hutchinson,WR,2026,1,2026,16,15,0.0,5.212202548980713,False,98,0.0,8.81669645309444,2
Xavier Hutchinson,WR,2026,1,2026,17,16,0.0,5.185612678527832,False,105,0.0,6.133437228202813,2
Xavier Legette,WR,2026,1,2026,2,1,0.0,4.847611427307129,False,0,0.0,19.56337137222288,2
Xavier Legette,WR,2026,1,2026,3,2,0.0,4.7459716796875,False,7,0.0,18.907284164428702,2
Xavier Legette,WR,2026,1,2026,4,3,0.0,4.591381072998047,False,14,0.0,18.120610332489004,2
Xavier Legette,WR,2026,1,2026,5,4,0.0,4.430515766143799,False,21,0.0,17.982068252563465,2
Xavier Legette,WR,2026,1,2026,6,5,0.0,4.306879997253418,False,28,0.0,17.249872612953183,2
Xavier Legette,WR,2026,1,2026,7,6,0.0,4.1611762046813965,False,35,0.0,16.37786817550659,2
Xavier Legette,WR,2026,1,2026,8,7,0.0,4.026028156280518,False,42,0.0,15.639584255218502,2
Xavier Legette,WR,2026,1,2026,9,8,0.0,3.901771545410156,False,49,0.0,14.918699073791498,2
Xavier Legette,WR,2026,1,2026,10,9,0.0,3.785048484802246,False,56,0.0,13.690926933288546,2
Xavier Legette,WR,2026,1,2026,11,10,0.0,3.6895811557769775,False,63,0.0,12.960553526878355,2
Xavier Legette,WR,2026,1,2026,12,11,0.0,3.632800102233887,False,70,0.0,12.635444498062125,2
Xavier Legette,WR,2026,1,2026,13,12,0.0,3.5934038162231445,False,77,0.0,12.040238666534416,2
Xavier Legette,WR,2026,1,2026,14,13,0.0,3.56315279006958,False,84,0.0,11.210141277313223,2
Xavier Legette,WR,2026,1,2026,15,14,0.0,3.544850349426269,False,91,0.0,9.158029675483697,2
Xavier Legette,WR,2026,1,2026,16,15,0.0,3.5361008644104004,False,98,0.0,7.140594768524129,2
Xavier Legette,WR,2026,1,2026,17,16,0.0,3.5458250045776367,False,105,0.0,4.493649554252618,2
Xavier Smith,WR,2026,1,2026,2,1,0.0,1.818212985992432,False,0,0.0,16.533972930908185,2
Xavier Smith,WR,2026,1,2026,3,2,0.0,1.811489820480347,False,7,0.0,15.97280230522155,2
Xavier Smith,WR,2026,1,2026,4,3,0.0,1.9782350063323972,False,14,0.0,15.507464265823357,2
Xavier Smith,WR,2026,1,2026,5,4,0.0,2.0657012462615967,False,21,0.0,15.61725373268126,2
Xavier Smith,WR,2026,1,2026,6,5,0.0,2.144694328308105,False,28,0.0,15.08768694400787,2
Xavier Smith,WR,2026,1,2026,7,6,0.0,2.2887275218963623,False,35,0.0,14.505419492721554,2
Xavier Smith,WR,2026,1,2026,8,7,0.0,2.41456937789917,False,42,0.0,14.028125476837154,2
Xavier Smith,WR,2026,1,2026,9,8,0.0,2.637293577194214,False,49,0.0,13.654221105575555,2
Xavier Smith,WR,2026,1,2026,10,9,0.0,2.876903533935547,False,56,0.0,12.782781982421849,2
Xavier Smith,WR,2026,1,2026,11,10,0.0,3.1811323165893555,False,63,0.0,12.452104687690737,2
Xavier Smith,WR,2026,1,2026,12,11,0.0,3.543041944503784,False,70,0.0,12.545686340332022,2
Xavier Smith,WR,2026,1,2026,13,12,0.0,3.91483736038208,False,77,0.0,12.361672210693351,2
Xavier Smith,WR,2026,1,2026,14,13,0.0,4.238912582397461,False,84,0.0,11.885901069641104,2
Xavier Smith,WR,2026,1,2026,15,14,0.0,4.438531398773193,False,91,0.0,10.05171072483062,2
Xavier Smith,WR,2026,1,2026,16,15,0.0,4.551904678344727,False,98,0.0,8.156398582458454,2
Xavier Smith,WR,2026,1,2026,17,16,0.0,4.6201372146606445,False,105,0.0,5.567961764335625,2
Xavier Worthy,WR,2026,1,2026,2,1,0.0,7.554080963134766,False,0,0.0,22.26984090805052,2
Xavier Worthy,WR,2026,1,2026,3,2,0.0,7.559195518493652,False,7,0.0,21.72050800323485,2
Xavier Worthy,WR,2026,1,2026,4,3,0.0,7.588935852050781,False,14,0.0,21.11816511154174,2
Xavier Worthy,WR,2026,1,2026,5,4,0.0,7.729611873626709,False,21,0.0,21.281164360046372,2
Xavier Worthy,WR,2026,1,2026,6,5,0.0,7.843410491943359,False,28,0.0,20.786403107643125,2
Xavier Worthy,WR,2026,1,2026,7,6,0.0,7.918993949890137,False,35,0.0,20.13568592071533,2
Xavier Worthy,WR,2026,1,2026,8,7,0.0,8.035391807556152,False,42,0.0,19.648947906494136,2
Xavier Worthy,WR,2026,1,2026,9,8,0.0,8.147039413452148,False,49,0.0,19.16396694183349,2
Xavier Worthy,WR,2026,1,2026,10,9,0.0,8.2184419631958,False,56,0.0,18.1243204116821,2
Xavier Worthy,WR,2026,1,2026,11,10,0.0,8.290718078613281,False,63,0.0,17.56169044971466,2
Xavier Worthy,WR,2026,1,2026,12,11,0.0,8.280879020690918,False,70,0.0,17.283523416519156,2
Xavier Worthy,WR,2026,1,2026,13,12,0.0,8.203054428100586,False,77,0.0,16.64988927841186,2
Xavier Worthy,WR,2026,1,2026,14,13,0.0,8.103567123413086,False,84,0.0,15.750555610656727,2
Xavier Worthy,WR,2026,1,2026,15,14,0.0,8.010332107543945,False,91,0.0,13.623511433601372,2
Xavier Worthy,WR,2026,1,2026,16,15,0.0,7.922804355621338,False,98,0.0,11.527298259735064,2
Xavier Worthy,WR,2026,1,2026,17,16,0.0,7.819252967834473,False,105,0.0,8.767077517509453,2
Zachariah Branch,WR,2026,1,2026,2,1,0.0,1.254403829574585,False,0,0.0,15.970163774490338,2
Zachariah Branch,WR,2026,1,2026,3,2,0.0,1.2310562133789062,False,7,0.0,15.39236869812011,2
Zachariah Branch,WR,2026,1,2026,4,3,0.0,1.2908356189727783,False,14,0.0,14.820064878463736,2
Zachariah Branch,WR,2026,1,2026,5,4,0.0,1.2746169567108154,False,21,0.0,14.82616944313048,2
Zachariah Branch,WR,2026,1,2026,6,5,0.0,1.2234853506088257,False,28,0.0,14.166477966308593,2
Zachariah Branch,WR,2026,1,2026,7,6,0.0,1.2246463298797607,False,35,0.0,13.441338300704953,2
Zachariah Branch,WR,2026,1,2026,8,7,0.0,1.216504454612732,False,42,0.0,12.830060553550716,2
Zachariah Branch,WR,2026,1,2026,9,8,0.0,1.2782597541809082,False,49,0.0,12.29518728256225,2
Zachariah Branch,WR,2026,1,2026,10,9,0.0,1.3378962278366089,False,56,0.0,11.243774676322907,2
Zachariah Branch,WR,2026,1,2026,11,10,0.0,1.397490620613098,False,63,0.0,10.668462991714478,2
Zachariah Branch,WR,2026,1,2026,12,11,0.0,1.4827040433883667,False,70,0.0,10.485348439216605,2
Zachariah Branch,WR,2026,1,2026,13,12,0.0,1.568826675415039,False,77,0.0,10.015661525726312,2
Zachariah Branch,WR,2026,1,2026,14,13,0.0,1.6419126987457275,False,84,0.0,9.28890118598937,2
Zachariah Branch,WR,2026,1,2026,15,14,0.0,1.7006677389144895,False,91,0.0,7.313847064971918,2
Zachariah Branch,WR,2026,1,2026,16,15,0.0,1.7550020217895508,False,98,0.0,5.359495925903279,2
Zachariah Branch,WR,2026,1,2026,17,16,0.0,1.817500591278076,False,105,0.0,2.765325140953057,2
Zavion Thomas,WR,2026,1,2026,2,1,0.0,0.707602858543396,False,0,0.0,15.423362803459147,2
Zavion Thomas,WR,2026,1,2026,3,2,0.0,0.773589015007019,False,7,0.0,14.934901499748223,2
Zavion Thomas,WR,2026,1,2026,4,3,0.0,0.8943076729774475,False,14,0.0,14.423536932468403,2
Zavion Thomas,WR,2026,1,2026,5,4,0.0,0.8991739153862,False,21,0.0,14.450726401805865,2
Zavion Thomas,WR,2026,1,2026,6,5,0.0,0.8466768264770508,False,28,0.0,13.789669442176816,2
Zavion Thomas,WR,2026,1,2026,7,6,0.0,0.8428111672401428,False,35,0.0,13.059503138065336,2
Zavion Thomas,WR,2026,1,2026,8,7,0.0,0.824000358581543,False,42,0.0,12.437556457519529,2
Zavion Thomas,WR,2026,1,2026,9,8,0.0,0.8664727807044983,False,49,0.0,11.88340030908584,2
Zavion Thomas,WR,2026,1,2026,10,9,0.0,0.9017795920372008,False,56,0.0,10.8076580405235,2
Zavion Thomas,WR,2026,1,2026,11,10,0.0,0.9316059947013856,False,63,0.0,10.202578365802763,2
Zavion Thomas,WR,2026,1,2026,12,11,0.0,0.9811939001083374,False,70,0.0,9.983838295936575,2
Zavion Thomas,WR,2026,1,2026,13,12,0.0,1.036508560180664,False,77,0.0,9.483343410491935,2
Zavion Thomas,WR,2026,1,2026,14,13,0.0,1.0798064470291138,False,84,0.0,8.726794934272757,2
Zavion Thomas,WR,2026,1,2026,15,14,0.0,1.119524002075195,False,91,0.0,6.732703328132623,2
Zavion Thomas,WR,2026,1,2026,16,15,0.0,1.1552069187164309,False,98,0.0,4.759700822830159,2
Zavion Thomas,WR,2026,1,2026,17,16,0.0,1.1973596811294556,False,105,0.0,2.1451842308044364,2
Zay Flowers,WR,2026,1,2026,2,1,0.0,12.6602783203125,False,0,1.561662864685058,27.376038265228253,2
Zay Flowers,WR,2026,1,2026,3,2,0.0,12.658506393432615,False,7,0.0,26.81981887817382,2
Zay Flowers,WR,2026,1,2026,4,3,0.0,12.972570419311523,False,14,0.0,26.50179967880248,2
Zay Flowers,WR,2026,1,2026,5,4,0.0,13.500537872314451,False,21,0.0,27.05209035873412,2
Zay Flowers,WR,2026,1,2026,6,5,0.0,13.915847778320312,False,28,0.0,26.85884039402008,2
Zay Flowers,WR,2026,1,2026,7,6,0.0,14.21815013885498,False,35,0.0,26.43484210968017,2
Zay Flowers,WR,2026,1,2026,8,7,0.0,14.420599937438965,False,42,0.0,26.03415603637695,2
Zay Flowers,WR,2026,1,2026,9,8,0.0,14.61025333404541,False,49,0.0,25.62718086242675,2
Zay Flowers,WR,2026,1,2026,10,9,0.0,14.689332962036133,False,56,0.0,24.59521141052243,2
Zay Flowers,WR,2026,1,2026,11,10,0.0,14.684453010559082,False,63,0.0,23.95542538166046,2
Zay Flowers,WR,2026,1,2026,12,11,0.0,14.660333633422852,False,70,0.0,23.66297802925109,2
Zay Flowers,WR,2026,1,2026,13,12,0.0,14.618612289428713,False,77,0.0,23.065447139739984,2
Zay Flowers,WR,2026,1,2026,14,13,0.0,14.58221435546875,False,84,0.0,22.229202842712397,2
Zay Flowers,WR,2026,1,2026,15,14,0.0,14.555915832519531,False,91,0.0,20.16909515857696,2
Zay Flowers,WR,2026,1,2026,16,15,0.0,14.512182235717772,False,98,0.0,18.1166761398315,2
Zay Flowers,WR,2026,1,2026,17,16,0.0,14.461328506469728,False,105,0.0,15.409153056144708,2
