player_name,position,origin_season,origin_week,target_season,target_week,horizon_step,y_true,y_pred,target_played,forecast_age_days
A.J. Brown,WR,2025,17,2026,1,1,0.0,15.274646759033203,False,0
A.J. Brown,WR,2025,17,2026,2,2,0.0,15.056055068969728,False,7
A.J. Brown,WR,2025,17,2026,3,3,0.0,14.905683517456056,False,14
A.J. Brown,WR,2025,17,2026,4,4,0.0,14.642911911010742,False,21
A.J. Brown,WR,2025,17,2026,5,5,0.0,14.492857933044434,False,28
A.J. Brown,WR,2025,17,2026,6,6,0.0,14.30526351928711,False,35
A.J. Brown,WR,2025,17,2026,7,7,0.0,14.201578140258787,False,42
A.J. Brown,WR,2025,17,2026,8,8,0.0,14.101004600524902,False,49
A.J. Brown,WR,2025,17,2026,9,9,0.0,13.995061874389648,False,56
A.J. Brown,WR,2025,17,2026,10,10,0.0,13.898527145385742,False,63
A.J. Brown,WR,2025,17,2026,11,11,0.0,13.783062934875488,False,70
A.J. Brown,WR,2025,17,2026,12,12,0.0,13.646982192993164,False,77
A.J. Brown,WR,2025,17,2026,13,13,0.0,13.513113975524902,False,84
A.J. Brown,WR,2025,17,2026,14,14,0.0,13.340849876403809,False,91
A.J. Brown,WR,2025,17,2026,15,15,0.0,13.212331771850586,False,98
A.J. Brown,WR,2025,17,2026,16,16,0.0,13.033092498779297,False,105
A.J. Brown,WR,2025,17,2026,17,17,0.0,12.83941650390625,False,112
AJ Dillon,RB,2025,17,2026,1,1,0.0,1.6685662269592283,False,0
AJ Dillon,RB,2025,17,2026,2,2,0.0,1.7473835945129397,False,7
AJ Dillon,RB,2025,17,2026,3,3,0.0,1.7472679615020752,False,14
AJ Dillon,RB,2025,17,2026,4,4,0.0,1.727222204208374,False,21
AJ Dillon,RB,2025,17,2026,5,5,0.0,1.6760921478271484,False,28
AJ Dillon,RB,2025,17,2026,6,6,0.0,1.648360013961792,False,35
AJ Dillon,RB,2025,17,2026,7,7,0.0,1.6056342124938965,False,42
AJ Dillon,RB,2025,17,2026,8,8,0.0,1.6272900104522705,False,49
AJ Dillon,RB,2025,17,2026,9,9,0.0,1.6555094718933103,False,56
AJ Dillon,RB,2025,17,2026,10,10,0.0,1.6698403358459473,False,63
AJ Dillon,RB,2025,17,2026,11,11,0.0,1.7276620864868164,False,70
AJ Dillon,RB,2025,17,2026,12,12,0.0,1.7916176319122314,False,77
AJ Dillon,RB,2025,17,2026,13,13,0.0,1.851609468460083,False,84
AJ Dillon,RB,2025,17,2026,14,14,0.0,1.8973162174224851,False,91
AJ Dillon,RB,2025,17,2026,15,15,0.0,1.9267017841339111,False,98
AJ Dillon,RB,2025,17,2026,16,16,0.0,1.9690682888031008,False,105
AJ Dillon,RB,2025,17,2026,17,17,0.0,1.997030258178711,False,112
Aaron Jones,RB,2025,17,2026,1,1,0.0,15.09796905517578,False,0
Aaron Jones,RB,2025,17,2026,2,2,0.0,14.891157150268556,False,7
Aaron Jones,RB,2025,17,2026,3,3,0.0,14.618227005004885,False,14
Aaron Jones,RB,2025,17,2026,4,4,0.0,14.251143455505373,False,21
Aaron Jones,RB,2025,17,2026,5,5,0.0,13.964879989624023,False,28
Aaron Jones,RB,2025,17,2026,6,6,0.0,13.606401443481444,False,35
Aaron Jones,RB,2025,17,2026,7,7,0.0,13.305671691894531,False,42
Aaron Jones,RB,2025,17,2026,8,8,0.0,12.95376968383789,False,49
Aaron Jones,RB,2025,17,2026,9,9,0.0,12.557577133178713,False,56
Aaron Jones,RB,2025,17,2026,10,10,0.0,12.242361068725586,False,63
Aaron Jones,RB,2025,17,2026,11,11,0.0,11.953633308410645,False,70
Aaron Jones,RB,2025,17,2026,12,12,0.0,11.66213607788086,False,77
Aaron Jones,RB,2025,17,2026,13,13,0.0,11.43682861328125,False,84
Aaron Jones,RB,2025,17,2026,14,14,0.0,11.24140453338623,False,91
Aaron Jones,RB,2025,17,2026,15,15,0.0,11.119565963745115,False,98
Aaron Jones,RB,2025,17,2026,16,16,0.0,10.932819366455078,False,105
Aaron Jones,RB,2025,17,2026,17,17,0.0,10.70504379272461,False,112
Adonai Mitchell,WR,2025,17,2026,1,1,0.0,5.319809913635254,False,0
Adonai Mitchell,WR,2025,17,2026,2,2,0.0,5.195048332214356,False,7
Adonai Mitchell,WR,2025,17,2026,3,3,0.0,5.232674598693848,False,14
Adonai Mitchell,WR,2025,17,2026,4,4,0.0,5.362165927886963,False,21
Adonai Mitchell,WR,2025,17,2026,5,5,0.0,5.5319414138793945,False,28
Adonai Mitchell,WR,2025,17,2026,6,6,0.0,5.743324279785156,False,35
Adonai Mitchell,WR,2025,17,2026,7,7,0.0,5.986398696899414,False,42
Adonai Mitchell,WR,2025,17,2026,8,8,0.0,6.221464157104492,False,49
Adonai Mitchell,WR,2025,17,2026,9,9,0.0,6.293968200683594,False,56
Adonai Mitchell,WR,2025,17,2026,10,10,0.0,6.267972946166992,False,63
Adonai Mitchell,WR,2025,17,2026,11,11,0.0,6.245959281921387,False,70
Adonai Mitchell,WR,2025,17,2026,12,12,0.0,6.184449672698975,False,77
Adonai Mitchell,WR,2025,17,2026,13,13,0.0,6.115982055664063,False,84
Adonai Mitchell,WR,2025,17,2026,14,14,0.0,6.018844127655029,False,91
Adonai Mitchell,WR,2025,17,2026,15,15,0.0,5.924673080444336,False,98
Adonai Mitchell,WR,2025,17,2026,16,16,0.0,5.850866794586182,False,105
Adonai Mitchell,WR,2025,17,2026,17,17,0.0,5.748701572418213,False,112
Alec Ingold,RB,2025,17,2026,1,1,0.0,2.263136863708496,False,0
Alec Ingold,RB,2025,17,2026,2,2,0.0,2.371809482574463,False,7
Alec Ingold,RB,2025,17,2026,3,3,0.0,2.407560348510742,False,14
Alec Ingold,RB,2025,17,2026,4,4,0.0,2.4246366024017334,False,21
Alec Ingold,RB,2025,17,2026,5,5,0.0,2.4056453704833984,False,28
Alec Ingold,RB,2025,17,2026,6,6,0.0,2.38845443725586,False,35
Alec Ingold,RB,2025,17,2026,7,7,0.0,2.35361909866333,False,42
Alec Ingold,RB,2025,17,2026,8,8,0.0,2.376009941101074,False,49
Alec Ingold,RB,2025,17,2026,9,9,0.0,2.4030585289001465,False,56
Alec Ingold,RB,2025,17,2026,10,10,0.0,2.427661895751953,False,63
Alec Ingold,RB,2025,17,2026,11,11,0.0,2.501253366470337,False,70
Alec Ingold,RB,2025,17,2026,12,12,0.0,2.58605694770813,False,77
Alec Ingold,RB,2025,17,2026,13,13,0.0,2.674509048461914,False,84
Alec Ingold,RB,2025,17,2026,14,14,0.0,2.7512190341949463,False,91
Alec Ingold,RB,2025,17,2026,15,15,0.0,2.806614398956299,False,98
Alec Ingold,RB,2025,17,2026,16,16,0.0,2.888148307800293,False,105
Alec Ingold,RB,2025,17,2026,17,17,0.0,2.942227363586426,False,112
Alec Pierce,WR,2025,17,2026,1,1,0.0,11.437641143798828,False,0
Alec Pierce,WR,2025,17,2026,2,2,0.0,11.75263214111328,False,7
Alec Pierce,WR,2025,17,2026,3,3,0.0,11.992290496826172,False,14
Alec Pierce,WR,2025,17,2026,4,4,0.0,12.196502685546877,False,21
Alec Pierce,WR,2025,17,2026,5,5,0.0,12.515691757202148,False,28
Alec Pierce,WR,2025,17,2026,6,6,0.0,12.692639350891112,False,35
Alec Pierce,WR,2025,17,2026,7,7,0.0,12.86252212524414,False,42
Alec Pierce,WR,2025,17,2026,8,8,0.0,12.875608444213867,False,49
Alec Pierce,WR,2025,17,2026,9,9,0.0,12.78586483001709,False,56
Alec Pierce,WR,2025,17,2026,10,10,0.0,12.695405960083008,False,63
Alec Pierce,WR,2025,17,2026,11,11,0.0,12.629809379577637,False,70
Alec Pierce,WR,2025,17,2026,12,12,0.0,12.564163208007812,False,77
Alec Pierce,WR,2025,17,2026,13,13,0.0,12.501359939575195,False,84
Alec Pierce,WR,2025,17,2026,14,14,0.0,12.411951065063477,False,91
Alec Pierce,WR,2025,17,2026,15,15,0.0,12.342501640319824,False,98
Alec Pierce,WR,2025,17,2026,16,16,0.0,12.235916137695312,False,105
Alec Pierce,WR,2025,17,2026,17,17,0.0,12.107407569885254,False,112
Alvin Kamara,RB,2025,17,2026,1,1,0.0,4.92069673538208,False,0
Alvin Kamara,RB,2025,17,2026,2,2,0.0,4.832743644714356,False,7
Alvin Kamara,RB,2025,17,2026,3,3,0.0,4.951303958892822,False,14
Alvin Kamara,RB,2025,17,2026,4,4,0.0,5.154335498809815,False,21
Alvin Kamara,RB,2025,17,2026,5,5,0.0,5.396414279937744,False,28
Alvin Kamara,RB,2025,17,2026,6,6,0.0,5.708418846130371,False,35
Alvin Kamara,RB,2025,17,2026,7,7,0.0,6.044884204864502,False,42
Alvin Kamara,RB,2025,17,2026,8,8,0.0,6.355218887329102,False,49
Alvin Kamara,RB,2025,17,2026,9,9,0.0,6.515153884887695,False,56
Alvin Kamara,RB,2025,17,2026,10,10,0.0,6.59173583984375,False,63
Alvin Kamara,RB,2025,17,2026,11,11,0.0,6.6615824699401855,False,70
Alvin Kamara,RB,2025,17,2026,12,12,0.0,6.698385715484619,False,77
Alvin Kamara,RB,2025,17,2026,13,13,0.0,6.708353042602539,False,84
Alvin Kamara,RB,2025,17,2026,14,14,0.0,6.690826416015625,False,91
Alvin Kamara,RB,2025,17,2026,15,15,0.0,6.650526523590088,False,98
Alvin Kamara,RB,2025,17,2026,16,16,0.0,6.645269393920898,False,105
Alvin Kamara,RB,2025,17,2026,17,17,0.0,6.612135887145996,False,112
Ameer Abdullah,RB,2025,17,2026,1,1,0.0,6.923073768615723,False,0
Ameer Abdullah,RB,2025,17,2026,2,2,0.0,6.976337432861328,False,7
Ameer Abdullah,RB,2025,17,2026,3,3,0.0,7.059133052825928,False,14
Ameer Abdullah,RB,2025,17,2026,4,4,0.0,7.255295753479004,False,21
Ameer Abdullah,RB,2025,17,2026,5,5,0.0,7.50104808807373,False,28
Ameer Abdullah,RB,2025,17,2026,6,6,0.0,7.6588029861450195,False,35
Ameer Abdullah,RB,2025,17,2026,7,7,0.0,7.715059280395508,False,42
Ameer Abdullah,RB,2025,17,2026,8,8,0.0,7.642601490020752,False,49
Ameer Abdullah,RB,2025,17,2026,9,9,0.0,7.431573390960693,False,56
Ameer Abdullah,RB,2025,17,2026,10,10,0.0,7.158140182495117,False,63
Ameer Abdullah,RB,2025,17,2026,11,11,0.0,6.808749198913574,False,70
Ameer Abdullah,RB,2025,17,2026,12,12,0.0,6.471664905548096,False,77
Ameer Abdullah,RB,2025,17,2026,13,13,0.0,6.256989479064941,False,84
Ameer Abdullah,RB,2025,17,2026,14,14,0.0,6.096342086791992,False,91
Ameer Abdullah,RB,2025,17,2026,15,15,0.0,5.994552612304688,False,98
Ameer Abdullah,RB,2025,17,2026,16,16,0.0,5.924130916595459,False,105
Ameer Abdullah,RB,2025,17,2026,17,17,0.0,5.828068733215332,False,112
Amon-Ra St. Brown,WR,2025,17,2026,1,1,0.0,18.5013370513916,False,0
Amon-Ra St. Brown,WR,2025,17,2026,2,2,0.0,19.58571052551269,False,7
Amon-Ra St. Brown,WR,2025,17,2026,3,3,0.0,19.338777542114254,False,14
Amon-Ra St. Brown,WR,2025,17,2026,4,4,0.0,19.433107376098636,False,21
Amon-Ra St. Brown,WR,2025,17,2026,5,5,0.0,19.549707412719727,False,28
Amon-Ra St. Brown,WR,2025,17,2026,6,6,0.0,19.63319969177246,False,35
Amon-Ra St. Brown,WR,2025,17,2026,7,7,0.0,19.70082664489746,False,42
Amon-Ra St. Brown,WR,2025,17,2026,8,8,0.0,19.722536087036133,False,49
Amon-Ra St. Brown,WR,2025,17,2026,9,9,0.0,19.704803466796875,False,56
Amon-Ra St. Brown,WR,2025,17,2026,10,10,0.0,19.737611770629883,False,63
Amon-Ra St. Brown,WR,2025,17,2026,11,11,0.0,19.654794692993164,False,70
Amon-Ra St. Brown,WR,2025,17,2026,12,12,0.0,19.517683029174805,False,77
Amon-Ra St. Brown,WR,2025,17,2026,13,13,0.0,19.350460052490234,False,84
Amon-Ra St. Brown,WR,2025,17,2026,14,14,0.0,19.193021774291992,False,91
Amon-Ra St. Brown,WR,2025,17,2026,15,15,0.0,19.0632381439209,False,98
Amon-Ra St. Brown,WR,2025,17,2026,16,16,0.0,18.917634963989254,False,105
Amon-Ra St. Brown,WR,2025,17,2026,17,17,0.0,18.68310165405273,False,112
Andrei Iosivas,WR,2025,17,2026,1,1,0.0,2.2343673706054688,False,0
Andrei Iosivas,WR,2025,17,2026,2,2,0.0,2.15840482711792,False,7
Andrei Iosivas,WR,2025,17,2026,3,3,0.0,2.144991874694824,False,14
Andrei Iosivas,WR,2025,17,2026,4,4,0.0,2.1635632514953613,False,21
Andrei Iosivas,WR,2025,17,2026,5,5,0.0,2.1531927585601807,False,28
Andrei Iosivas,WR,2025,17,2026,6,6,0.0,2.201124668121338,False,35
Andrei Iosivas,WR,2025,17,2026,7,7,0.0,2.253584861755371,False,42
Andrei Iosivas,WR,2025,17,2026,8,8,0.0,2.4136898517608643,False,49
Andrei Iosivas,WR,2025,17,2026,9,9,0.0,2.607501745223999,False,56
Andrei Iosivas,WR,2025,17,2026,10,10,0.0,2.821073532104492,False,63
Andrei Iosivas,WR,2025,17,2026,11,11,0.0,3.1343061923980717,False,70
Andrei Iosivas,WR,2025,17,2026,12,12,0.0,3.420978307723999,False,77
Andrei Iosivas,WR,2025,17,2026,13,13,0.0,3.6613199710845943,False,84
Andrei Iosivas,WR,2025,17,2026,14,14,0.0,3.866931438446045,False,91
Andrei Iosivas,WR,2025,17,2026,15,15,0.0,3.996968746185303,False,98
Andrei Iosivas,WR,2025,17,2026,16,16,0.0,4.155330657958984,False,105
Andrei Iosivas,WR,2025,17,2026,17,17,0.0,4.2275896072387695,False,112
Andrew Beck,RB,2025,17,2026,1,1,0.0,1.9275057315826416,False,0
Andrew Beck,RB,2025,17,2026,2,2,0.0,1.9600069522857664,False,7
Andrew Beck,RB,2025,17,2026,3,3,0.0,1.9248623847961424,False,14
Andrew Beck,RB,2025,17,2026,4,4,0.0,1.8768558502197263,False,21
Andrew Beck,RB,2025,17,2026,5,5,0.0,1.804007053375244,False,28
Andrew Beck,RB,2025,17,2026,6,6,0.0,1.7406387329101562,False,35
Andrew Beck,RB,2025,17,2026,7,7,0.0,1.669557809829712,False,42
Andrew Beck,RB,2025,17,2026,8,8,0.0,1.661548376083374,False,49
Andrew Beck,RB,2025,17,2026,9,9,0.0,1.66646146774292,False,56
Andrew Beck,RB,2025,17,2026,10,10,0.0,1.6660680770874023,False,63
Andrew Beck,RB,2025,17,2026,11,11,0.0,1.7120184898376465,False,70
Andrew Beck,RB,2025,17,2026,12,12,0.0,1.775763988494873,False,77
Andrew Beck,RB,2025,17,2026,13,13,0.0,1.8434600830078125,False,84
Andrew Beck,RB,2025,17,2026,14,14,0.0,1.898695468902588,False,91
Andrew Beck,RB,2025,17,2026,15,15,0.0,1.9430499076843264,False,98
Andrew Beck,RB,2025,17,2026,16,16,0.0,1.9981110095977783,False,105
Andrew Beck,RB,2025,17,2026,17,17,0.0,2.041601181030273,False,112
Antonio Williams,WR,2022,17,2026,1,1,0.0,1.769331693649292,False,0
Antonio Williams,WR,2022,17,2026,2,2,0.0,1.7311198711395264,False,7
Antonio Williams,WR,2022,17,2026,3,3,0.0,1.6754717826843262,False,14
Antonio Williams,WR,2022,17,2026,4,4,0.0,1.6262190341949463,False,21
Antonio Williams,WR,2022,17,2026,5,5,0.0,1.5571637153625488,False,28
Antonio Williams,WR,2022,17,2026,6,6,0.0,1.511744499206543,False,35
Antonio Williams,WR,2022,17,2026,7,7,0.0,1.4589204788208008,False,42
Antonio Williams,WR,2022,17,2026,8,8,0.0,1.4692943096160889,False,49
Antonio Williams,WR,2022,17,2026,9,9,0.0,1.491640567779541,False,56
Antonio Williams,WR,2022,17,2026,10,10,0.0,1.502760648727417,False,63
Antonio Williams,WR,2022,17,2026,11,11,0.0,1.5642008781433103,False,70
Antonio Williams,WR,2022,17,2026,12,12,0.0,1.640946626663208,False,77
Antonio Williams,WR,2022,17,2026,13,13,0.0,1.721205234527588,False,84
Antonio Williams,WR,2022,17,2026,14,14,0.0,1.7886321544647217,False,91
Antonio Williams,WR,2022,17,2026,15,15,0.0,1.843806266784668,False,98
Antonio Williams,WR,2022,17,2026,16,16,0.0,1.9091835021972656,False,105
Antonio Williams,WR,2022,17,2026,17,17,0.0,1.957019329071045,False,112
Arian Smith,WR,2025,17,2026,1,1,0.0,2.3272714614868164,False,0
Arian Smith,WR,2025,17,2026,2,2,0.0,2.3754570484161377,False,7
Arian Smith,WR,2025,17,2026,3,3,0.0,2.3475770950317383,False,14
Arian Smith,WR,2025,17,2026,4,4,0.0,2.309234619140625,False,21
Arian Smith,WR,2025,17,2026,5,5,0.0,2.245461940765381,False,28
Arian Smith,WR,2025,17,2026,6,6,0.0,2.1820223331451416,False,35
Arian Smith,WR,2025,17,2026,7,7,0.0,2.1048872470855717,False,42
Arian Smith,WR,2025,17,2026,8,8,0.0,2.0904946327209477,False,49
Arian Smith,WR,2025,17,2026,9,9,0.0,2.0862908363342285,False,56
Arian Smith,WR,2025,17,2026,10,10,0.0,2.084634304046631,False,63
Arian Smith,WR,2025,17,2026,11,11,0.0,2.1285128593444824,False,70
Arian Smith,WR,2025,17,2026,12,12,0.0,2.1849188804626465,False,77
Arian Smith,WR,2025,17,2026,13,13,0.0,2.244191169738769,False,84
Arian Smith,WR,2025,17,2026,14,14,0.0,2.2885262966156006,False,91
Arian Smith,WR,2025,17,2026,15,15,0.0,2.321199417114258,False,98
Arian Smith,WR,2025,17,2026,16,16,0.0,2.3665966987609863,False,105
Arian Smith,WR,2025,17,2026,17,17,0.0,2.395746946334839,False,112
Ashton Dulin,WR,2025,17,2026,1,1,0.0,1.6480567455291748,False,0
Ashton Dulin,WR,2025,17,2026,2,2,0.0,1.6635658740997314,False,7
Ashton Dulin,WR,2025,17,2026,3,3,0.0,1.611680507659912,False,14
Ashton Dulin,WR,2025,17,2026,4,4,0.0,1.544917345046997,False,21
Ashton Dulin,WR,2025,17,2026,5,5,0.0,1.4603712558746338,False,28
Ashton Dulin,WR,2025,17,2026,6,6,0.0,1.4046132564544678,False,35
Ashton Dulin,WR,2025,17,2026,7,7,0.0,1.3460628986358645,False,42
Ashton Dulin,WR,2025,17,2026,8,8,0.0,1.3504745960235596,False,49
Ashton Dulin,WR,2025,17,2026,9,9,0.0,1.36259126663208,False,56
Ashton Dulin,WR,2025,17,2026,10,10,0.0,1.3626761436462402,False,63
Ashton Dulin,WR,2025,17,2026,11,11,0.0,1.400859832763672,False,70
Ashton Dulin,WR,2025,17,2026,12,12,0.0,1.4499776363372805,False,77
Ashton Dulin,WR,2025,17,2026,13,13,0.0,1.499882698059082,False,84
Ashton Dulin,WR,2025,17,2026,14,14,0.0,1.5411107540130615,False,91
Ashton Dulin,WR,2025,17,2026,15,15,0.0,1.5757863521575928,False,98
Ashton Dulin,WR,2025,17,2026,16,16,0.0,1.618496656417847,False,105
Ashton Dulin,WR,2025,17,2026,17,17,0.0,1.6611883640289309,False,112
Ashton Jeanty,RB,2025,17,2026,1,1,0.0,13.422621726989746,False,0
Ashton Jeanty,RB,2025,17,2026,2,2,0.0,13.77718734741211,False,7
Ashton Jeanty,RB,2025,17,2026,3,3,0.0,14.083084106445312,False,14
Ashton Jeanty,RB,2025,17,2026,4,4,0.0,14.333056449890137,False,21
Ashton Jeanty,RB,2025,17,2026,5,5,0.0,14.851335525512695,False,28
Ashton Jeanty,RB,2025,17,2026,6,6,0.0,15.18896484375,False,35
Ashton Jeanty,RB,2025,17,2026,7,7,0.0,15.385368347167969,False,42
Ashton Jeanty,RB,2025,17,2026,8,8,0.0,15.611395835876465,False,49
Ashton Jeanty,RB,2025,17,2026,9,9,0.0,15.792594909667969,False,56
Ashton Jeanty,RB,2025,17,2026,10,10,0.0,15.806314468383787,False,63
Ashton Jeanty,RB,2025,17,2026,11,11,0.0,15.794007301330566,False,70
Ashton Jeanty,RB,2025,17,2026,12,12,0.0,15.75762176513672,False,77
Ashton Jeanty,RB,2025,17,2026,13,13,0.0,15.721562385559082,False,84
Ashton Jeanty,RB,2025,17,2026,14,14,0.0,15.661176681518556,False,91
Ashton Jeanty,RB,2025,17,2026,15,15,0.0,15.61672592163086,False,98
Ashton Jeanty,RB,2025,17,2026,16,16,0.0,15.533432006835938,False,105
Ashton Jeanty,RB,2025,17,2026,17,17,0.0,15.391940116882324,False,112
Audric Estimé,RB,2025,17,2026,1,1,0.0,2.592662811279297,False,0
Audric Estimé,RB,2025,17,2026,2,2,0.0,2.578823566436768,False,7
Audric Estimé,RB,2025,17,2026,3,3,0.0,2.5622987747192383,False,14
Audric Estimé,RB,2025,17,2026,4,4,0.0,2.5573112964630127,False,21
Audric Estimé,RB,2025,17,2026,5,5,0.0,2.543823719024658,False,28
Audric Estimé,RB,2025,17,2026,6,6,0.0,2.5510687828063965,False,35
Audric Estimé,RB,2025,17,2026,7,7,0.0,2.5497612953186035,False,42
Audric Estimé,RB,2025,17,2026,8,8,0.0,2.6069955825805664,False,49
Audric Estimé,RB,2025,17,2026,9,9,0.0,2.662585973739624,False,56
Audric Estimé,RB,2025,17,2026,10,10,0.0,2.713043689727783,False,63
Audric Estimé,RB,2025,17,2026,11,11,0.0,2.80277156829834,False,70
Audric Estimé,RB,2025,17,2026,12,12,0.0,2.8775312900543213,False,77
Audric Estimé,RB,2025,17,2026,13,13,0.0,2.9365949630737305,False,84
Audric Estimé,RB,2025,17,2026,14,14,0.0,2.978886604309082,False,91
Audric Estimé,RB,2025,17,2026,15,15,0.0,2.994781494140625,False,98
Audric Estimé,RB,2025,17,2026,16,16,0.0,3.038547992706299,False,105
Audric Estimé,RB,2025,17,2026,17,17,0.0,3.051584243774414,False,112
Bam Knight,RB,2025,17,2026,1,1,0.0,3.718770027160645,False,0
Bam Knight,RB,2025,17,2026,2,2,0.0,3.571812629699707,False,7
Bam Knight,RB,2025,17,2026,3,3,0.0,3.5236852169036865,False,14
Bam Knight,RB,2025,17,2026,4,4,0.0,3.505420207977295,False,21
Bam Knight,RB,2025,17,2026,5,5,0.0,3.4802017211914062,False,28
Bam Knight,RB,2025,17,2026,6,6,0.0,3.430476188659668,False,35
Bam Knight,RB,2025,17,2026,7,7,0.0,3.368596315383911,False,42
Bam Knight,RB,2025,17,2026,8,8,0.0,3.3485326766967773,False,49
Bam Knight,RB,2025,17,2026,9,9,0.0,3.3123552799224854,False,56
Bam Knight,RB,2025,17,2026,10,10,0.0,3.27668571472168,False,63
Bam Knight,RB,2025,17,2026,11,11,0.0,3.28102707862854,False,70
Bam Knight,RB,2025,17,2026,12,12,0.0,3.286592960357666,False,77
Bam Knight,RB,2025,17,2026,13,13,0.0,3.3107340335845947,False,84
Bam Knight,RB,2025,17,2026,14,14,0.0,3.3279428482055664,False,91
Bam Knight,RB,2025,17,2026,15,15,0.0,3.3464231491088867,False,98
Bam Knight,RB,2025,17,2026,16,16,0.0,3.3858237266540527,False,105
Bam Knight,RB,2025,17,2026,17,17,0.0,3.4027910232543945,False,112
Barion Brown,WR,2025,17,2026,1,1,0.0,1.8103373050689695,False,0
Barion Brown,WR,2025,17,2026,2,2,0.0,1.8300600051879885,False,7
Barion Brown,WR,2025,17,2026,3,3,0.0,1.809332609176636,False,14
Barion Brown,WR,2025,17,2026,4,4,0.0,1.7856943607330322,False,21
Barion Brown,WR,2025,17,2026,5,5,0.0,1.7351555824279783,False,28
Barion Brown,WR,2025,17,2026,6,6,0.0,1.704295635223389,False,35
Barion Brown,WR,2025,17,2026,7,7,0.0,1.6625604629516602,False,42
Barion Brown,WR,2025,17,2026,8,8,0.0,1.684159278869629,False,49
Barion Brown,WR,2025,17,2026,9,9,0.0,1.717716932296753,False,56
Barion Brown,WR,2025,17,2026,10,10,0.0,1.7422711849212646,False,63
Barion Brown,WR,2025,17,2026,11,11,0.0,1.818810224533081,False,70
Barion Brown,WR,2025,17,2026,12,12,0.0,1.91117525100708,False,77
Barion Brown,WR,2025,17,2026,13,13,0.0,2.008239507675171,False,84
Barion Brown,WR,2025,17,2026,14,14,0.0,2.096221446990967,False,91
Barion Brown,WR,2025,17,2026,15,15,0.0,2.165494918823242,False,98
Barion Brown,WR,2025,17,2026,16,16,0.0,2.2563281059265137,False,105
Barion Brown,WR,2025,17,2026,17,17,0.0,2.3297677040100098,False,112
Ben Skowronek,WR,2025,17,2026,1,1,0.0,1.9682812690734863,False,0
Ben Skowronek,WR,2025,17,2026,2,2,0.0,2.009038209915161,False,7
Ben Skowronek,WR,2025,17,2026,3,3,0.0,1.972341060638428,False,14
Ben Skowronek,WR,2025,17,2026,4,4,0.0,1.9163920879364011,False,21
Ben Skowronek,WR,2025,17,2026,5,5,0.0,1.8365693092346191,False,28
Ben Skowronek,WR,2025,17,2026,6,6,0.0,1.761176347732544,False,35
Ben Skowronek,WR,2025,17,2026,7,7,0.0,1.6822230815887451,False,42
Ben Skowronek,WR,2025,17,2026,8,8,0.0,1.6628990173339844,False,49
Ben Skowronek,WR,2025,17,2026,9,9,0.0,1.654289722442627,False,56
Ben Skowronek,WR,2025,17,2026,10,10,0.0,1.6386456489562988,False,63
Ben Skowronek,WR,2025,17,2026,11,11,0.0,1.661546230316162,False,70
Ben Skowronek,WR,2025,17,2026,12,12,0.0,1.6999566555023191,False,77
Ben Skowronek,WR,2025,17,2026,13,13,0.0,1.7456235885620115,False,84
Ben Skowronek,WR,2025,17,2026,14,14,0.0,1.7792131900787354,False,91
Ben Skowronek,WR,2025,17,2026,15,15,0.0,1.810030460357666,False,98
Ben Skowronek,WR,2025,17,2026,16,16,0.0,1.8506429195404053,False,105
Ben Skowronek,WR,2025,17,2026,17,17,0.0,1.8854384422302248,False,112
Bhayshul Tuten,RB,2025,17,2026,1,1,0.0,5.630046844482422,False,0
Bhayshul Tuten,RB,2025,17,2026,2,2,0.0,5.273935794830322,False,7
Bhayshul Tuten,RB,2025,17,2026,3,3,0.0,4.99714469909668,False,14
Bhayshul Tuten,RB,2025,17,2026,4,4,0.0,4.6832475662231445,False,21
Bhayshul Tuten,RB,2025,17,2026,5,5,0.0,4.317814350128174,False,28
Bhayshul Tuten,RB,2025,17,2026,6,6,0.0,3.796842336654663,False,35
Bhayshul Tuten,RB,2025,17,2026,7,7,0.0,3.320322275161743,False,42
Bhayshul Tuten,RB,2025,17,2026,8,8,0.0,2.9762911796569824,False,49
Bhayshul Tuten,RB,2025,17,2026,9,9,0.0,2.7594845294952397,False,56
Bhayshul Tuten,RB,2025,17,2026,10,10,0.0,2.655953884124756,False,63
Bhayshul Tuten,RB,2025,17,2026,11,11,0.0,2.577972888946533,False,70
Bhayshul Tuten,RB,2025,17,2026,12,12,0.0,2.50358510017395,False,77
Bhayshul Tuten,RB,2025,17,2026,13,13,0.0,2.496004581451416,False,84
Bhayshul Tuten,RB,2025,17,2026,14,14,0.0,2.484048128128052,False,91
Bhayshul Tuten,RB,2025,17,2026,15,15,0.0,2.511057138442993,False,98
Bhayshul Tuten,RB,2025,17,2026,16,16,0.0,2.530628204345703,False,105
Bhayshul Tuten,RB,2025,17,2026,17,17,0.0,2.5571603775024414,False,112
Bijan Robinson,RB,2025,17,2026,1,1,0.0,17.908483505249023,False,0
Bijan Robinson,RB,2025,17,2026,2,2,0.0,18.04912376403809,False,7
Bijan Robinson,RB,2025,17,2026,3,3,0.0,18.08645820617676,False,14
Bijan Robinson,RB,2025,17,2026,4,4,0.0,18.2623233795166,False,21
Bijan Robinson,RB,2025,17,2026,5,5,0.0,18.33016395568848,False,28
Bijan Robinson,RB,2025,17,2026,6,6,0.0,18.377281188964844,False,35
Bijan Robinson,RB,2025,17,2026,7,7,0.0,18.441192626953125,False,42
Bijan Robinson,RB,2025,17,2026,8,8,0.0,18.483661651611328,False,49
Bijan Robinson,RB,2025,17,2026,9,9,0.0,18.500337600708008,False,56
Bijan Robinson,RB,2025,17,2026,10,10,0.0,18.562158584594727,False,63
Bijan Robinson,RB,2025,17,2026,11,11,0.0,18.52828788757324,False,70
Bijan Robinson,RB,2025,17,2026,12,12,0.0,18.433034896850582,False,77
Bijan Robinson,RB,2025,17,2026,13,13,0.0,18.31182289123535,False,84
Bijan Robinson,RB,2025,17,2026,14,14,0.0,18.189847946166992,False,91
Bijan Robinson,RB,2025,17,2026,15,15,0.0,18.090295791625977,False,98
Bijan Robinson,RB,2025,17,2026,16,16,0.0,17.97041130065918,False,105
Bijan Robinson,RB,2025,17,2026,17,17,0.0,17.770498275756836,False,112
Blake Corum,RB,2025,17,2026,1,1,0.0,6.900656700134277,False,0
Blake Corum,RB,2025,17,2026,2,2,0.0,6.646851539611816,False,7
Blake Corum,RB,2025,17,2026,3,3,0.0,6.572912693023682,False,14
Blake Corum,RB,2025,17,2026,4,4,0.0,6.50406551361084,False,21
Blake Corum,RB,2025,17,2026,5,5,0.0,6.361743450164795,False,28
Blake Corum,RB,2025,17,2026,6,6,0.0,6.027719497680664,False,35
Blake Corum,RB,2025,17,2026,7,7,0.0,5.675558567047119,False,42
Blake Corum,RB,2025,17,2026,8,8,0.0,5.363767147064209,False,49
Blake Corum,RB,2025,17,2026,9,9,0.0,5.075033664703369,False,56
Blake Corum,RB,2025,17,2026,10,10,0.0,4.843928337097168,False,63
Blake Corum,RB,2025,17,2026,11,11,0.0,4.629953384399414,False,70
Blake Corum,RB,2025,17,2026,12,12,0.0,4.447207927703857,False,77
Blake Corum,RB,2025,17,2026,13,13,0.0,4.355767726898193,False,84
Blake Corum,RB,2025,17,2026,14,14,0.0,4.279099941253662,False,91
Blake Corum,RB,2025,17,2026,15,15,0.0,4.245646953582764,False,98
Blake Corum,RB,2025,17,2026,16,16,0.0,4.225728988647461,False,105
Blake Corum,RB,2025,17,2026,17,17,0.0,4.200104236602783,False,112
Bo Melton,WR,2025,17,2026,1,1,0.0,3.691229104995728,False,0
Bo Melton,WR,2025,17,2026,2,2,0.0,3.836562395095825,False,7
Bo Melton,WR,2025,17,2026,3,3,0.0,4.0681471824646,False,14
Bo Melton,WR,2025,17,2026,4,4,0.0,4.324092388153076,False,21
Bo Melton,WR,2025,17,2026,5,5,0.0,4.573742389678955,False,28
Bo Melton,WR,2025,17,2026,6,6,0.0,4.944462776184082,False,35
Bo Melton,WR,2025,17,2026,7,7,0.0,5.376908302307129,False,42
Bo Melton,WR,2025,17,2026,8,8,0.0,5.876173973083496,False,49
Bo Melton,WR,2025,17,2026,9,9,0.0,6.281009674072266,False,56
Bo Melton,WR,2025,17,2026,10,10,0.0,6.578629970550537,False,63
Bo Melton,WR,2025,17,2026,11,11,0.0,6.8365559577941895,False,70
Bo Melton,WR,2025,17,2026,12,12,0.0,7.013010501861572,False,77
Bo Melton,WR,2025,17,2026,13,13,0.0,7.121466636657715,False,84
Bo Melton,WR,2025,17,2026,14,14,0.0,7.202622890472412,False,91
Bo Melton,WR,2025,17,2026,15,15,0.0,7.217841148376465,False,98
Bo Melton,WR,2025,17,2026,16,16,0.0,7.2702789306640625,False,105
Bo Melton,WR,2025,17,2026,17,17,0.0,7.249711036682129,False,112
Brady Russell,RB,2025,17,2026,1,1,0.0,2.0906832218170166,False,0
Brady Russell,RB,2025,17,2026,2,2,0.0,2.194255352020264,False,7
Brady Russell,RB,2025,17,2026,3,3,0.0,2.20377779006958,False,14
Brady Russell,RB,2025,17,2026,4,4,0.0,2.1913156509399414,False,21
Brady Russell,RB,2025,17,2026,5,5,0.0,2.1450183391571045,False,28
Brady Russell,RB,2025,17,2026,6,6,0.0,2.0985426902771,False,35
Brady Russell,RB,2025,17,2026,7,7,0.0,2.035597562789917,False,42
Brady Russell,RB,2025,17,2026,8,8,0.0,2.0323503017425537,False,49
Brady Russell,RB,2025,17,2026,9,9,0.0,2.0356905460357666,False,56
Brady Russell,RB,2025,17,2026,10,10,0.0,2.032371759414673,False,63
Brady Russell,RB,2025,17,2026,11,11,0.0,2.0652897357940674,False,70
Brady Russell,RB,2025,17,2026,12,12,0.0,2.100346803665161,False,77
Brady Russell,RB,2025,17,2026,13,13,0.0,2.135113477706909,False,84
Brady Russell,RB,2025,17,2026,14,14,0.0,2.158567428588867,False,91
Brady Russell,RB,2025,17,2026,15,15,0.0,2.175997257232666,False,98
Brady Russell,RB,2025,17,2026,16,16,0.0,2.2119359970092773,False,105
Brady Russell,RB,2025,17,2026,17,17,0.0,2.239664077758789,False,112
Braelon Allen,RB,2025,17,2026,1,1,0.0,2.501972198486328,False,0
Braelon Allen,RB,2025,17,2026,2,2,0.0,2.627816677093506,False,7
Braelon Allen,RB,2025,17,2026,3,3,0.0,2.6866455078125,False,14
Braelon Allen,RB,2025,17,2026,4,4,0.0,2.7268319129943848,False,21
Braelon Allen,RB,2025,17,2026,5,5,0.0,2.7289927005767822,False,28
Braelon Allen,RB,2025,17,2026,6,6,0.0,2.731478691101074,False,35
Braelon Allen,RB,2025,17,2026,7,7,0.0,2.7099528312683105,False,42
Braelon Allen,RB,2025,17,2026,8,8,0.0,2.7403693199157715,False,49
Braelon Allen,RB,2025,17,2026,9,9,0.0,2.7678534984588623,False,56
Braelon Allen,RB,2025,17,2026,10,10,0.0,2.7898244857788086,False,63
Braelon Allen,RB,2025,17,2026,11,11,0.0,2.859948873519897,False,70
Braelon Allen,RB,2025,17,2026,12,12,0.0,2.939136266708374,False,77
Braelon Allen,RB,2025,17,2026,13,13,0.0,3.0221896171569824,False,84
Braelon Allen,RB,2025,17,2026,14,14,0.0,3.090973377227783,False,91
Braelon Allen,RB,2025,17,2026,15,15,0.0,3.141254425048828,False,98
Braelon Allen,RB,2025,17,2026,16,16,0.0,3.2121570110321045,False,105
Braelon Allen,RB,2025,17,2026,17,17,0.0,3.254530429840088,False,112
Brashard Smith,RB,2025,17,2026,1,1,0.0,2.663746118545532,False,0
Brashard Smith,RB,2025,17,2026,2,2,0.0,2.926776170730591,False,7
Brashard Smith,RB,2025,17,2026,3,3,0.0,3.103147506713867,False,14
Brashard Smith,RB,2025,17,2026,4,4,0.0,3.2408652305603027,False,21
Brashard Smith,RB,2025,17,2026,5,5,0.0,3.332993507385254,False,28
Brashard Smith,RB,2025,17,2026,6,6,0.0,3.4452128410339355,False,35
Brashard Smith,RB,2025,17,2026,7,7,0.0,3.5287468433380127,False,42
Brashard Smith,RB,2025,17,2026,8,8,0.0,3.652287483215332,False,49
Brashard Smith,RB,2025,17,2026,9,9,0.0,3.7458395957946777,False,56
Brashard Smith,RB,2025,17,2026,10,10,0.0,3.818100452423096,False,63
Brashard Smith,RB,2025,17,2026,11,11,0.0,3.936700344085693,False,70
Brashard Smith,RB,2025,17,2026,12,12,0.0,4.052515506744385,False,77
Brashard Smith,RB,2025,17,2026,13,13,0.0,4.160160541534424,False,84
Brashard Smith,RB,2025,17,2026,14,14,0.0,4.249148368835449,False,91
Brashard Smith,RB,2025,17,2026,15,15,0.0,4.302536010742188,False,98
Brashard Smith,RB,2025,17,2026,16,16,0.0,4.387150764465332,False,105
Brashard Smith,RB,2025,17,2026,17,17,0.0,4.434977054595947,False,112
Breece Hall,RB,2025,17,2026,1,1,0.0,14.482784271240234,False,0
Breece Hall,RB,2025,17,2026,2,2,0.0,14.447068214416504,False,7
Breece Hall,RB,2025,17,2026,3,3,0.0,14.321287155151367,False,14
Breece Hall,RB,2025,17,2026,4,4,0.0,13.955224990844728,False,21
Breece Hall,RB,2025,17,2026,5,5,0.0,13.694235801696776,False,28
Breece Hall,RB,2025,17,2026,6,6,0.0,13.355939865112305,False,35
Breece Hall,RB,2025,17,2026,7,7,0.0,13.072572708129885,False,42
Breece Hall,RB,2025,17,2026,8,8,0.0,12.75063705444336,False,49
Breece Hall,RB,2025,17,2026,9,9,0.0,12.41547966003418,False,56
Breece Hall,RB,2025,17,2026,10,10,0.0,12.161962509155272,False,63
Breece Hall,RB,2025,17,2026,11,11,0.0,11.97896671295166,False,70
Breece Hall,RB,2025,17,2026,12,12,0.0,11.857244491577148,False,77
Breece Hall,RB,2025,17,2026,13,13,0.0,11.78089714050293,False,84
Breece Hall,RB,2025,17,2026,14,14,0.0,11.68772029876709,False,91
Breece Hall,RB,2025,17,2026,15,15,0.0,11.628920555114746,False,98
Breece Hall,RB,2025,17,2026,16,16,0.0,11.51945686340332,False,105
Breece Hall,RB,2025,17,2026,17,17,0.0,11.389039039611816,False,112
Brenen Thompson,WR,2025,17,2026,1,1,0.0,1.8110363483428955,False,0
Brenen Thompson,WR,2025,17,2026,2,2,0.0,1.830794095993042,False,7
Brenen Thompson,WR,2025,17,2026,3,3,0.0,1.8102469444274905,False,14
Brenen Thompson,WR,2025,17,2026,4,4,0.0,1.786821365356445,False,21
Brenen Thompson,WR,2025,17,2026,5,5,0.0,1.7364599704742432,False,28
Brenen Thompson,WR,2025,17,2026,6,6,0.0,1.705822467803955,False,35
Brenen Thompson,WR,2025,17,2026,7,7,0.0,1.6642913818359375,False,42
Brenen Thompson,WR,2025,17,2026,8,8,0.0,1.6861231327056885,False,49
Brenen Thompson,WR,2025,17,2026,9,9,0.0,1.7199091911315918,False,56
Brenen Thompson,WR,2025,17,2026,10,10,0.0,1.744678020477295,False,63
Brenen Thompson,WR,2025,17,2026,11,11,0.0,1.8214542865753172,False,70
Brenen Thompson,WR,2025,17,2026,12,12,0.0,1.9139721393585205,False,77
Brenen Thompson,WR,2025,17,2026,13,13,0.0,2.0111501216888428,False,84
Brenen Thompson,WR,2025,17,2026,14,14,0.0,2.099245548248291,False,91
Brenen Thompson,WR,2025,17,2026,15,15,0.0,2.168557643890381,False,98
Brenen Thompson,WR,2025,17,2026,16,16,0.0,2.2595033645629883,False,105
Brenen Thompson,WR,2025,17,2026,17,17,0.0,2.332969665527344,False,112
Brian Robinson,RB,2025,17,2026,1,1,0.0,5.6885833740234375,False,0
Brian Robinson,RB,2025,17,2026,2,2,0.0,5.518796920776367,False,7
Brian Robinson,RB,2025,17,2026,3,3,0.0,5.324404716491699,False,14
Brian Robinson,RB,2025,17,2026,4,4,0.0,5.093098163604736,False,21
Brian Robinson,RB,2025,17,2026,5,5,0.0,4.820990085601807,False,28
Brian Robinson,RB,2025,17,2026,6,6,0.0,4.39127254486084,False,35
Brian Robinson,RB,2025,17,2026,7,7,0.0,3.925964593887329,False,42
Brian Robinson,RB,2025,17,2026,8,8,0.0,3.513182640075684,False,49
Brian Robinson,RB,2025,17,2026,9,9,0.0,3.22629451751709,False,56
Brian Robinson,RB,2025,17,2026,10,10,0.0,3.083972215652466,False,63
Brian Robinson,RB,2025,17,2026,11,11,0.0,2.9822819232940674,False,70
Brian Robinson,RB,2025,17,2026,12,12,0.0,2.8901047706604004,False,77
Brian Robinson,RB,2025,17,2026,13,13,0.0,2.870623588562012,False,84
Brian Robinson,RB,2025,17,2026,14,14,0.0,2.8492636680603027,False,91
Brian Robinson,RB,2025,17,2026,15,15,0.0,2.86566162109375,False,98
Brian Robinson,RB,2025,17,2026,16,16,0.0,2.879891395568848,False,105
Brian Robinson,RB,2025,17,2026,17,17,0.0,2.8934993743896484,False,112
Brian Thomas Jr.,WR,2025,17,2026,1,1,0.0,5.206092834472656,False,0
Brian Thomas Jr.,WR,2025,17,2026,2,2,0.0,5.0516862869262695,False,7
Brian Thomas Jr.,WR,2025,17,2026,3,3,0.0,5.184492111206055,False,14
Brian Thomas Jr.,WR,2025,17,2026,4,4,0.0,5.428527355194092,False,21
Brian Thomas Jr.,WR,2025,17,2026,5,5,0.0,5.723419189453125,False,28
Brian Thomas Jr.,WR,2025,17,2026,6,6,0.0,6.151171684265137,False,35
Brian Thomas Jr.,WR,2025,17,2026,7,7,0.0,6.686818599700928,False,42
Brian Thomas Jr.,WR,2025,17,2026,8,8,0.0,7.3386077880859375,False,49
Brian Thomas Jr.,WR,2025,17,2026,9,9,0.0,7.920933723449707,False,56
Brian Thomas Jr.,WR,2025,17,2026,10,10,0.0,8.352178573608398,False,63
Brian Thomas Jr.,WR,2025,17,2026,11,11,0.0,8.658157348632812,False,70
Brian Thomas Jr.,WR,2025,17,2026,12,12,0.0,8.803400993347168,False,77
Brian Thomas Jr.,WR,2025,17,2026,13,13,0.0,8.851706504821777,False,84
Brian Thomas Jr.,WR,2025,17,2026,14,14,0.0,8.870050430297852,False,91
Brian Thomas Jr.,WR,2025,17,2026,15,15,0.0,8.841404914855957,False,98
Brian Thomas Jr.,WR,2025,17,2026,16,16,0.0,8.839618682861328,False,105
Brian Thomas Jr.,WR,2025,17,2026,17,17,0.0,8.7880859375,False,112
British Brooks,RB,2025,17,2026,1,1,0.0,2.81630802154541,False,0
British Brooks,RB,2025,17,2026,2,2,0.0,2.968252182006836,False,7
British Brooks,RB,2025,17,2026,3,3,0.0,3.0737462043762207,False,14
British Brooks,RB,2025,17,2026,4,4,0.0,3.163992166519165,False,21
British Brooks,RB,2025,17,2026,5,5,0.0,3.2165565490722656,False,28
British Brooks,RB,2025,17,2026,6,6,0.0,3.25239896774292,False,35
British Brooks,RB,2025,17,2026,7,7,0.0,3.2537856101989746,False,42
British Brooks,RB,2025,17,2026,8,8,0.0,3.2940497398376465,False,49
British Brooks,RB,2025,17,2026,9,9,0.0,3.3247578144073486,False,56
British Brooks,RB,2025,17,2026,10,10,0.0,3.357871055603028,False,63
British Brooks,RB,2025,17,2026,11,11,0.0,3.438133478164673,False,70
British Brooks,RB,2025,17,2026,12,12,0.0,3.528526306152344,False,77
British Brooks,RB,2025,17,2026,13,13,0.0,3.622936248779297,False,84
British Brooks,RB,2025,17,2026,14,14,0.0,3.706857919692993,False,91
British Brooks,RB,2025,17,2026,15,15,0.0,3.764540672302246,False,98
British Brooks,RB,2025,17,2026,16,16,0.0,3.858442068099976,False,105
British Brooks,RB,2025,17,2026,17,17,0.0,3.92084550857544,False,112
Bryce Lance,WR,2025,17,2026,1,1,0.0,1.8103373050689695,False,0
Bryce Lance,WR,2025,17,2026,2,2,0.0,1.8300600051879885,False,7
Bryce Lance,WR,2025,17,2026,3,3,0.0,1.809332609176636,False,14
Bryce Lance,WR,2025,17,2026,4,4,0.0,1.7856943607330322,False,21
Bryce Lance,WR,2025,17,2026,5,5,0.0,1.7351555824279783,False,28
Bryce Lance,WR,2025,17,2026,6,6,0.0,1.704295635223389,False,35
Bryce Lance,WR,2025,17,2026,7,7,0.0,1.6625604629516602,False,42
Bryce Lance,WR,2025,17,2026,8,8,0.0,1.684159278869629,False,49
Bryce Lance,WR,2025,17,2026,9,9,0.0,1.717716932296753,False,56
Bryce Lance,WR,2025,17,2026,10,10,0.0,1.7422711849212646,False,63
Bryce Lance,WR,2025,17,2026,11,11,0.0,1.818810224533081,False,70
Bryce Lance,WR,2025,17,2026,12,12,0.0,1.91117525100708,False,77
Bryce Lance,WR,2025,17,2026,13,13,0.0,2.008239507675171,False,84
Bryce Lance,WR,2025,17,2026,14,14,0.0,2.096221446990967,False,91
Bryce Lance,WR,2025,17,2026,15,15,0.0,2.165494918823242,False,98
Bryce Lance,WR,2025,17,2026,16,16,0.0,2.2563281059265137,False,105
Bryce Lance,WR,2025,17,2026,17,17,0.0,2.3297677040100098,False,112
Brycen Tremayne,WR,2025,17,2026,1,1,0.0,1.3439717292785645,False,0
Brycen Tremayne,WR,2025,17,2026,2,2,0.0,1.3402533531188965,False,7
Brycen Tremayne,WR,2025,17,2026,3,3,0.0,1.282379388809204,False,14
Brycen Tremayne,WR,2025,17,2026,4,4,0.0,1.2166998386383057,False,21
Brycen Tremayne,WR,2025,17,2026,5,5,0.0,1.132392406463623,False,28
Brycen Tremayne,WR,2025,17,2026,6,6,0.0,1.0726301670074463,False,35
Brycen Tremayne,WR,2025,17,2026,7,7,0.0,1.0081853866577148,False,42
Brycen Tremayne,WR,2025,17,2026,8,8,0.0,0.9986421465873718,False,49
Brycen Tremayne,WR,2025,17,2026,9,9,0.0,0.9976930022239684,False,56
Brycen Tremayne,WR,2025,17,2026,10,10,0.0,0.9753652215003968,False,63
Brycen Tremayne,WR,2025,17,2026,11,11,0.0,0.9930700063705444,False,70
Brycen Tremayne,WR,2025,17,2026,12,12,0.0,1.0288503170013428,False,77
Brycen Tremayne,WR,2025,17,2026,13,13,0.0,1.0727519989013672,False,84
Brycen Tremayne,WR,2025,17,2026,14,14,0.0,1.103278875350952,False,91
Brycen Tremayne,WR,2025,17,2026,15,15,0.0,1.1360769271850586,False,98
Brycen Tremayne,WR,2025,17,2026,16,16,0.0,1.1647543907165527,False,105
Brycen Tremayne,WR,2025,17,2026,17,17,0.0,1.1925451755523682,False,112
Bucky Irving,RB,2025,17,2026,1,1,0.0,9.653324127197266,False,0
Bucky Irving,RB,2025,17,2026,2,2,0.0,9.568750381469728,False,7
Bucky Irving,RB,2025,17,2026,3,3,0.0,9.562430381774902,False,14
Bucky Irving,RB,2025,17,2026,4,4,0.0,9.462099075317385,False,21
Bucky Irving,RB,2025,17,2026,5,5,0.0,9.166686058044434,False,28
Bucky Irving,RB,2025,17,2026,6,6,0.0,8.679100036621094,False,35
Bucky Irving,RB,2025,17,2026,7,7,0.0,8.26718521118164,False,42
Bucky Irving,RB,2025,17,2026,8,8,0.0,7.909074783325195,False,49
Bucky Irving,RB,2025,17,2026,9,9,0.0,7.556523323059082,False,56
Bucky Irving,RB,2025,17,2026,10,10,0.0,7.265083312988281,False,63
Bucky Irving,RB,2025,17,2026,11,11,0.0,7.000208377838135,False,70
Bucky Irving,RB,2025,17,2026,12,12,0.0,6.7355499267578125,False,77
Bucky Irving,RB,2025,17,2026,13,13,0.0,6.546238422393799,False,84
Bucky Irving,RB,2025,17,2026,14,14,0.0,6.363029956817627,False,91
Bucky Irving,RB,2025,17,2026,15,15,0.0,6.2477216720581055,False,98
Bucky Irving,RB,2025,17,2026,16,16,0.0,6.147739887237549,False,105
Bucky Irving,RB,2025,17,2026,17,17,0.0,6.044647216796875,False,112
C.J. Williams,WR,2025,17,2026,1,1,0.0,1.810856580734253,False,0
C.J. Williams,WR,2025,17,2026,2,2,0.0,1.8306493759155276,False,7
C.J. Williams,WR,2025,17,2026,3,3,0.0,1.8100366592407229,False,14
C.J. Williams,WR,2025,17,2026,4,4,0.0,1.7865328788757324,False,21
C.J. Williams,WR,2025,17,2026,5,5,0.0,1.7361078262329102,False,28
C.J. Williams,WR,2025,17,2026,6,6,0.0,1.7053892612457275,False,35
C.J. Williams,WR,2025,17,2026,7,7,0.0,1.6637859344482422,False,42
C.J. Williams,WR,2025,17,2026,8,8,0.0,1.685535907745361,False,49
C.J. Williams,WR,2025,17,2026,9,9,0.0,1.7192420959472656,False,56
C.J. Williams,WR,2025,17,2026,10,10,0.0,1.7439444065093994,False,63
C.J. Williams,WR,2025,17,2026,11,11,0.0,1.8206453323364256,False,70
C.J. Williams,WR,2025,17,2026,12,12,0.0,1.9131181240081787,False,77
C.J. Williams,WR,2025,17,2026,13,13,0.0,2.01026463508606,False,84
C.J. Williams,WR,2025,17,2026,14,14,0.0,2.0983285903930664,False,91
C.J. Williams,WR,2025,17,2026,15,15,0.0,2.167633533477783,False,98
C.J. Williams,WR,2025,17,2026,16,16,0.0,2.258549213409424,False,105
C.J. Williams,WR,2025,17,2026,17,17,0.0,2.332019805908203,False,112
CJ Daniels,WR,2025,17,2026,1,1,0.0,1.8100595474243164,False,0
CJ Daniels,WR,2025,17,2026,2,2,0.0,1.829747200012207,False,7
CJ Daniels,WR,2025,17,2026,3,3,0.0,1.8090026378631592,False,14
CJ Daniels,WR,2025,17,2026,4,4,0.0,1.7853670120239258,False,21
CJ Daniels,WR,2025,17,2026,5,5,0.0,1.7348356246948242,False,28
CJ Daniels,WR,2025,17,2026,6,6,0.0,1.7039992809295654,False,35
CJ Daniels,WR,2025,17,2026,7,7,0.0,1.6622891426086426,False,42
CJ Daniels,WR,2025,17,2026,8,8,0.0,1.6839163303375244,False,49
CJ Daniels,WR,2025,17,2026,9,9,0.0,1.7175006866455078,False,56
CJ Daniels,WR,2025,17,2026,10,10,0.0,1.7420754432678225,False,63
CJ Daniels,WR,2025,17,2026,11,11,0.0,1.818639039993286,False,70
CJ Daniels,WR,2025,17,2026,12,12,0.0,1.911019325256348,False,77
CJ Daniels,WR,2025,17,2026,13,13,0.0,2.00809383392334,False,84
CJ Daniels,WR,2025,17,2026,14,14,0.0,2.0960819721221924,False,91
CJ Daniels,WR,2025,17,2026,15,15,0.0,2.1653590202331543,False,98
CJ Daniels,WR,2025,17,2026,16,16,0.0,2.256193161010742,False,105
CJ Daniels,WR,2025,17,2026,17,17,0.0,2.329622983932495,False,112
Caleb Douglas,WR,2025,17,2026,1,1,0.0,1.8101496696472168,False,0
Caleb Douglas,WR,2025,17,2026,2,2,0.0,1.8298678398132324,False,7
Caleb Douglas,WR,2025,17,2026,3,3,0.0,1.8091049194335935,False,14
Caleb Douglas,WR,2025,17,2026,4,4,0.0,1.7854318618774414,False,21
Caleb Douglas,WR,2025,17,2026,5,5,0.0,1.73486590385437,False,28
Caleb Douglas,WR,2025,17,2026,6,6,0.0,1.7039759159088137,False,35
Caleb Douglas,WR,2025,17,2026,7,7,0.0,1.6622154712677002,False,42
Caleb Douglas,WR,2025,17,2026,8,8,0.0,1.6837847232818604,False,49
Caleb Douglas,WR,2025,17,2026,9,9,0.0,1.717313528060913,False,56
Caleb Douglas,WR,2025,17,2026,10,10,0.0,1.7418408393859863,False,63
Caleb Douglas,WR,2025,17,2026,11,11,0.0,1.818350315093994,False,70
Caleb Douglas,WR,2025,17,2026,12,12,0.0,1.9106972217559812,False,77
Caleb Douglas,WR,2025,17,2026,13,13,0.0,2.007749080657959,False,84
Caleb Douglas,WR,2025,17,2026,14,14,0.0,2.095717430114746,False,91
Caleb Douglas,WR,2025,17,2026,15,15,0.0,2.1649885177612305,False,98
Caleb Douglas,WR,2025,17,2026,16,16,0.0,2.2558069229125977,False,105
Caleb Douglas,WR,2025,17,2026,17,17,0.0,2.329244375228882,False,112
Calvin Ridley,WR,2025,17,2026,1,1,0.0,5.2541584968566895,False,0
Calvin Ridley,WR,2025,17,2026,2,2,0.0,5.20387077331543,False,7
Calvin Ridley,WR,2025,17,2026,3,3,0.0,5.2537841796875,False,14
Calvin Ridley,WR,2025,17,2026,4,4,0.0,5.382752418518066,False,21
Calvin Ridley,WR,2025,17,2026,5,5,0.0,5.553380966186523,False,28
Calvin Ridley,WR,2025,17,2026,6,6,0.0,5.742771148681641,False,35
Calvin Ridley,WR,2025,17,2026,7,7,0.0,5.916681289672852,False,42
Calvin Ridley,WR,2025,17,2026,8,8,0.0,6.049826145172119,False,49
Calvin Ridley,WR,2025,17,2026,9,9,0.0,6.039855003356934,False,56
Calvin Ridley,WR,2025,17,2026,10,10,0.0,5.959138870239258,False,63
Calvin Ridley,WR,2025,17,2026,11,11,0.0,5.875269889831543,False,70
Calvin Ridley,WR,2025,17,2026,12,12,0.0,5.73969030380249,False,77
Calvin Ridley,WR,2025,17,2026,13,13,0.0,5.605419158935547,False,84
Calvin Ridley,WR,2025,17,2026,14,14,0.0,5.473698616027832,False,91
Calvin Ridley,WR,2025,17,2026,15,15,0.0,5.377988815307617,False,98
Calvin Ridley,WR,2025,17,2026,16,16,0.0,5.319455146789551,False,105
Calvin Ridley,WR,2025,17,2026,17,17,0.0,5.244611740112305,False,112
Cam Skattebo,RB,2025,17,2026,1,1,0.0,12.38953971862793,False,0
Cam Skattebo,RB,2025,17,2026,2,2,0.0,12.652183532714844,False,7
Cam Skattebo,RB,2025,17,2026,3,3,0.0,13.028383255004885,False,14
Cam Skattebo,RB,2025,17,2026,4,4,0.0,13.259016036987305,False,21
Cam Skattebo,RB,2025,17,2026,5,5,0.0,13.72825527191162,False,28
Cam Skattebo,RB,2025,17,2026,6,6,0.0,14.110325813293455,False,35
Cam Skattebo,RB,2025,17,2026,7,7,0.0,14.349937438964844,False,42
Cam Skattebo,RB,2025,17,2026,8,8,0.0,14.59508228302002,False,49
Cam Skattebo,RB,2025,17,2026,9,9,0.0,14.680641174316406,False,56
Cam Skattebo,RB,2025,17,2026,10,10,0.0,14.640765190124512,False,63
Cam Skattebo,RB,2025,17,2026,11,11,0.0,14.576988220214844,False,70
Cam Skattebo,RB,2025,17,2026,12,12,0.0,14.480966567993164,False,77
Cam Skattebo,RB,2025,17,2026,13,13,0.0,14.37677001953125,False,84
Cam Skattebo,RB,2025,17,2026,14,14,0.0,14.25418472290039,False,91
Cam Skattebo,RB,2025,17,2026,15,15,0.0,14.159517288208008,False,98
Cam Skattebo,RB,2025,17,2026,16,16,0.0,14.024667739868164,False,105
Cam Skattebo,RB,2025,17,2026,17,17,0.0,13.845200538635254,False,112
Camden Brown,WR,2025,17,2026,1,1,0.0,1.810481309890747,False,0
Camden Brown,WR,2025,17,2026,2,2,0.0,1.8302152156829836,False,7
Camden Brown,WR,2025,17,2026,3,3,0.0,1.8095474243164065,False,14
Camden Brown,WR,2025,17,2026,4,4,0.0,1.7859721183776855,False,21
Camden Brown,WR,2025,17,2026,5,5,0.0,1.735482692718506,False,28
Camden Brown,WR,2025,17,2026,6,6,0.0,1.7046840190887451,False,35
Camden Brown,WR,2025,17,2026,7,7,0.0,1.6630043983459473,False,42
Camden Brown,WR,2025,17,2026,8,8,0.0,1.684666872024536,False,49
Camden Brown,WR,2025,17,2026,9,9,0.0,1.718287467956543,False,56
Camden Brown,WR,2025,17,2026,10,10,0.0,1.7428977489471436,False,63
Camden Brown,WR,2025,17,2026,11,11,0.0,1.819499492645264,False,70
Camden Brown,WR,2025,17,2026,12,12,0.0,1.911904573440552,False,77
Camden Brown,WR,2025,17,2026,13,13,0.0,2.0089986324310303,False,84
Camden Brown,WR,2025,17,2026,14,14,0.0,2.097010374069214,False,91
Camden Brown,WR,2025,17,2026,15,15,0.0,2.1662936210632324,False,98
Camden Brown,WR,2025,17,2026,16,16,0.0,2.2571563720703125,False,105
Camden Brown,WR,2025,17,2026,17,17,0.0,2.330602169036865,False,112
Carnell Tate,WR,2025,17,2026,1,1,0.0,1.8111889362335205,False,0
Carnell Tate,WR,2025,17,2026,2,2,0.0,1.830981731414795,False,7
Carnell Tate,WR,2025,17,2026,3,3,0.0,1.8104987144470213,False,14
Carnell Tate,WR,2025,17,2026,4,4,0.0,1.7871623039245603,False,21
Carnell Tate,WR,2025,17,2026,5,5,0.0,1.7368788719177246,False,28
Carnell Tate,WR,2025,17,2026,6,6,0.0,1.706347942352295,False,35
Carnell Tate,WR,2025,17,2026,7,7,0.0,1.664916753768921,False,42
Carnell Tate,WR,2025,17,2026,8,8,0.0,1.6868648529052734,False,49
Carnell Tate,WR,2025,17,2026,9,9,0.0,1.72076416015625,False,56
Carnell Tate,WR,2025,17,2026,10,10,0.0,1.7456426620483398,False,63
Carnell Tate,WR,2025,17,2026,11,11,0.0,1.8225407600402832,False,70
Carnell Tate,WR,2025,17,2026,12,12,0.0,1.9151387214660645,False,77
Carnell Tate,WR,2025,17,2026,13,13,0.0,2.0123770236968994,False,84
Carnell Tate,WR,2025,17,2026,14,14,0.0,2.100528717041016,False,91
Carnell Tate,WR,2025,17,2026,15,15,0.0,2.169862031936645,False,98
Carnell Tate,WR,2025,17,2026,16,16,0.0,2.2608602046966557,False,105
Carnell Tate,WR,2025,17,2026,17,17,0.0,2.334338665008545,False,112
CeeDee Lamb,WR,2025,17,2026,1,1,0.0,15.091082572937012,False,0
CeeDee Lamb,WR,2025,17,2026,2,2,0.0,14.924636840820312,False,7
CeeDee Lamb,WR,2025,17,2026,3,3,0.0,14.86241340637207,False,14
CeeDee Lamb,WR,2025,17,2026,4,4,0.0,14.575678825378418,False,21
CeeDee Lamb,WR,2025,17,2026,5,5,0.0,14.422435760498049,False,28
CeeDee Lamb,WR,2025,17,2026,6,6,0.0,14.227266311645508,False,35
CeeDee Lamb,WR,2025,17,2026,7,7,0.0,14.119577407836914,False,42
CeeDee Lamb,WR,2025,17,2026,8,8,0.0,14.01291275024414,False,49
CeeDee Lamb,WR,2025,17,2026,9,9,0.0,13.898883819580078,False,56
CeeDee Lamb,WR,2025,17,2026,10,10,0.0,13.791501998901367,False,63
CeeDee Lamb,WR,2025,17,2026,11,11,0.0,13.660476684570312,False,70
CeeDee Lamb,WR,2025,17,2026,12,12,0.0,13.508554458618164,False,77
CeeDee Lamb,WR,2025,17,2026,13,13,0.0,13.361690521240234,False,84
CeeDee Lamb,WR,2025,17,2026,14,14,0.0,13.182769775390623,False,91
CeeDee Lamb,WR,2025,17,2026,15,15,0.0,13.052072525024414,False,98
CeeDee Lamb,WR,2025,17,2026,16,16,0.0,12.876413345336914,False,105
CeeDee Lamb,WR,2025,17,2026,17,17,0.0,12.688486099243164,False,112
Chase Brown,RB,2025,17,2026,1,1,0.0,14.311874389648438,False,0
Chase Brown,RB,2025,17,2026,2,2,0.0,14.407862663269045,False,7
Chase Brown,RB,2025,17,2026,3,3,0.0,14.482605934143066,False,14
Chase Brown,RB,2025,17,2026,4,4,0.0,14.74874496459961,False,21
Chase Brown,RB,2025,17,2026,5,5,0.0,15.152462005615234,False,28
Chase Brown,RB,2025,17,2026,6,6,0.0,15.558459281921388,False,35
Chase Brown,RB,2025,17,2026,7,7,0.0,15.80321979522705,False,42
Chase Brown,RB,2025,17,2026,8,8,0.0,15.970876693725586,False,49
Chase Brown,RB,2025,17,2026,9,9,0.0,16.153823852539062,False,56
Chase Brown,RB,2025,17,2026,10,10,0.0,16.39443016052246,False,63
Chase Brown,RB,2025,17,2026,11,11,0.0,16.441022872924805,False,70
Chase Brown,RB,2025,17,2026,12,12,0.0,16.396678924560547,False,77
Chase Brown,RB,2025,17,2026,13,13,0.0,16.36088752746582,False,84
Chase Brown,RB,2025,17,2026,14,14,0.0,16.30257225036621,False,91
Chase Brown,RB,2025,17,2026,15,15,0.0,16.25681495666504,False,98
Chase Brown,RB,2025,17,2026,16,16,0.0,16.177278518676758,False,105
Chase Brown,RB,2025,17,2026,17,17,0.0,16.03595733642578,False,112
Chimere Dike,WR,2025,17,2026,1,1,0.0,4.265105247497559,False,0
Chimere Dike,WR,2025,17,2026,2,2,0.0,4.242669105529785,False,7
Chimere Dike,WR,2025,17,2026,3,3,0.0,4.310548305511475,False,14
Chimere Dike,WR,2025,17,2026,4,4,0.0,4.446890354156494,False,21
Chimere Dike,WR,2025,17,2026,5,5,0.0,4.621360301971436,False,28
Chimere Dike,WR,2025,17,2026,6,6,0.0,4.91417407989502,False,35
Chimere Dike,WR,2025,17,2026,7,7,0.0,5.292111396789551,False,42
Chimere Dike,WR,2025,17,2026,8,8,0.0,5.7933549880981445,False,49
Chimere Dike,WR,2025,17,2026,9,9,0.0,6.234910011291504,False,56
Chimere Dike,WR,2025,17,2026,10,10,0.0,6.529885768890381,False,63
Chimere Dike,WR,2025,17,2026,11,11,0.0,6.729728221893311,False,70
Chimere Dike,WR,2025,17,2026,12,12,0.0,6.752296447753906,False,77
Chimere Dike,WR,2025,17,2026,13,13,0.0,6.654760837554932,False,84
Chimere Dike,WR,2025,17,2026,14,14,0.0,6.507798194885254,False,91
Chimere Dike,WR,2025,17,2026,15,15,0.0,6.355231285095215,False,98
Chimere Dike,WR,2025,17,2026,16,16,0.0,6.253261566162109,False,105
Chimere Dike,WR,2025,17,2026,17,17,0.0,6.132389545440674,False,112
Chris Bell,WR,2025,17,2026,1,1,0.0,1.8101496696472168,False,0
Chris Bell,WR,2025,17,2026,2,2,0.0,1.8298678398132324,False,7
Chris Bell,WR,2025,17,2026,3,3,0.0,1.8091049194335935,False,14
Chris Bell,WR,2025,17,2026,4,4,0.0,1.7854318618774414,False,21
Chris Bell,WR,2025,17,2026,5,5,0.0,1.73486590385437,False,28
Chris Bell,WR,2025,17,2026,6,6,0.0,1.7039759159088137,False,35
Chris Bell,WR,2025,17,2026,7,7,0.0,1.6622154712677002,False,42
Chris Bell,WR,2025,17,2026,8,8,0.0,1.6837847232818604,False,49
Chris Bell,WR,2025,17,2026,9,9,0.0,1.717313528060913,False,56
Chris Bell,WR,2025,17,2026,10,10,0.0,1.7418408393859863,False,63
Chris Bell,WR,2025,17,2026,11,11,0.0,1.818350315093994,False,70
Chris Bell,WR,2025,17,2026,12,12,0.0,1.9106972217559812,False,77
Chris Bell,WR,2025,17,2026,13,13,0.0,2.007749080657959,False,84
Chris Bell,WR,2025,17,2026,14,14,0.0,2.095717430114746,False,91
Chris Bell,WR,2025,17,2026,15,15,0.0,2.1649885177612305,False,98
Chris Bell,WR,2025,17,2026,16,16,0.0,2.2558069229125977,False,105
Chris Bell,WR,2025,17,2026,17,17,0.0,2.329244375228882,False,112
Chris Blair,WR,2025,17,2026,1,1,0.0,1.378343105316162,False,0
Chris Blair,WR,2025,17,2026,2,2,0.0,1.3931849002838137,False,7
Chris Blair,WR,2025,17,2026,3,3,0.0,1.3541498184204102,False,14
Chris Blair,WR,2025,17,2026,4,4,0.0,1.299745798110962,False,21
Chris Blair,WR,2025,17,2026,5,5,0.0,1.222311019897461,False,28
Chris Blair,WR,2025,17,2026,6,6,0.0,1.168924331665039,False,35
Chris Blair,WR,2025,17,2026,7,7,0.0,1.106468677520752,False,42
Chris Blair,WR,2025,17,2026,8,8,0.0,1.0995616912841797,False,49
Chris Blair,WR,2025,17,2026,9,9,0.0,1.0953693389892578,False,56
Chris Blair,WR,2025,17,2026,10,10,0.0,1.0662496089935305,False,63
Chris Blair,WR,2025,17,2026,11,11,0.0,1.0768895149230957,False,70
Chris Blair,WR,2025,17,2026,12,12,0.0,1.104475498199463,False,77
Chris Blair,WR,2025,17,2026,13,13,0.0,1.143215298652649,False,84
Chris Blair,WR,2025,17,2026,14,14,0.0,1.1757102012634275,False,91
Chris Blair,WR,2025,17,2026,15,15,0.0,1.208238124847412,False,98
Chris Blair,WR,2025,17,2026,16,16,0.0,1.2401087284088137,False,105
Chris Blair,WR,2025,17,2026,17,17,0.0,1.2727878093719482,False,112
Chris Brooks,RB,2025,17,2026,1,1,0.0,1.3623652458190918,False,0
Chris Brooks,RB,2025,17,2026,2,2,0.0,1.4025709629058838,False,7
Chris Brooks,RB,2025,17,2026,3,3,0.0,1.3653442859649658,False,14
Chris Brooks,RB,2025,17,2026,4,4,0.0,1.3189592361450195,False,21
Chris Brooks,RB,2025,17,2026,5,5,0.0,1.2513298988342283,False,28
Chris Brooks,RB,2025,17,2026,6,6,0.0,1.2105085849761963,False,35
Chris Brooks,RB,2025,17,2026,7,7,0.0,1.1586334705352783,False,42
Chris Brooks,RB,2025,17,2026,8,8,0.0,1.1631932258605957,False,49
Chris Brooks,RB,2025,17,2026,9,9,0.0,1.1701006889343262,False,56
Chris Brooks,RB,2025,17,2026,10,10,0.0,1.1539406776428225,False,63
Chris Brooks,RB,2025,17,2026,11,11,0.0,1.176509141921997,False,70
Chris Brooks,RB,2025,17,2026,12,12,0.0,1.2110729217529297,False,77
Chris Brooks,RB,2025,17,2026,13,13,0.0,1.2510106563568115,False,84
Chris Brooks,RB,2025,17,2026,14,14,0.0,1.2777931690216064,False,91
Chris Brooks,RB,2025,17,2026,15,15,0.0,1.3026950359344482,False,98
Chris Brooks,RB,2025,17,2026,16,16,0.0,1.3261380195617676,False,105
Chris Brooks,RB,2025,17,2026,17,17,0.0,1.3381235599517822,False,112
Chris Godwin Jr.,WR,2025,17,2026,1,1,0.0,5.697587966918945,False,0
Chris Godwin Jr.,WR,2025,17,2026,2,2,0.0,5.6791276931762695,False,7
Chris Godwin Jr.,WR,2025,17,2026,3,3,0.0,5.728959560394287,False,14
Chris Godwin Jr.,WR,2025,17,2026,4,4,0.0,5.7517523765563965,False,21
Chris Godwin Jr.,WR,2025,17,2026,5,5,0.0,5.695369720458984,False,28
Chris Godwin Jr.,WR,2025,17,2026,6,6,0.0,5.475582122802734,False,35
Chris Godwin Jr.,WR,2025,17,2026,7,7,0.0,5.213729381561279,False,42
Chris Godwin Jr.,WR,2025,17,2026,8,8,0.0,4.969709396362305,False,49
Chris Godwin Jr.,WR,2025,17,2026,9,9,0.0,4.707415580749512,False,56
Chris Godwin Jr.,WR,2025,17,2026,10,10,0.0,4.477230072021484,False,63
Chris Godwin Jr.,WR,2025,17,2026,11,11,0.0,4.294436454772949,False,70
Chris Godwin Jr.,WR,2025,17,2026,12,12,0.0,4.154262542724609,False,77
Chris Godwin Jr.,WR,2025,17,2026,13,13,0.0,4.094908714294434,False,84
Chris Godwin Jr.,WR,2025,17,2026,14,14,0.0,4.051011562347412,False,91
Chris Godwin Jr.,WR,2025,17,2026,15,15,0.0,4.029963970184326,False,98
Chris Godwin Jr.,WR,2025,17,2026,16,16,0.0,4.032760143280029,False,105
Chris Godwin Jr.,WR,2025,17,2026,17,17,0.0,4.022646427154541,False,112
Chris Olave,WR,2025,17,2026,1,1,0.0,11.926097869873049,False,0
Chris Olave,WR,2025,17,2026,2,2,0.0,12.238792419433594,False,7
Chris Olave,WR,2025,17,2026,3,3,0.0,12.52402114868164,False,14
Chris Olave,WR,2025,17,2026,4,4,0.0,12.700555801391602,False,21
Chris Olave,WR,2025,17,2026,5,5,0.0,13.079472541809082,False,28
Chris Olave,WR,2025,17,2026,6,6,0.0,13.33600616455078,False,35
Chris Olave,WR,2025,17,2026,7,7,0.0,13.558616638183594,False,42
Chris Olave,WR,2025,17,2026,8,8,0.0,13.75078582763672,False,49
Chris Olave,WR,2025,17,2026,9,9,0.0,13.73650360107422,False,56
Chris Olave,WR,2025,17,2026,10,10,0.0,13.691665649414062,False,63
Chris Olave,WR,2025,17,2026,11,11,0.0,13.680386543273926,False,70
Chris Olave,WR,2025,17,2026,12,12,0.0,13.664257049560549,False,77
Chris Olave,WR,2025,17,2026,13,13,0.0,13.643856048583984,False,84
Chris Olave,WR,2025,17,2026,14,14,0.0,13.597160339355469,False,91
Chris Olave,WR,2025,17,2026,15,15,0.0,13.567300796508787,False,98
Chris Olave,WR,2025,17,2026,16,16,0.0,13.49836540222168,False,105
Chris Olave,WR,2025,17,2026,17,17,0.0,13.393016815185549,False,112
Chris Rodriguez Jr.,RB,2025,17,2026,1,1,0.0,6.939523696899414,False,0
Chris Rodriguez Jr.,RB,2025,17,2026,2,2,0.0,7.004422187805176,False,7
Chris Rodriguez Jr.,RB,2025,17,2026,3,3,0.0,7.096363544464111,False,14
Chris Rodriguez Jr.,RB,2025,17,2026,4,4,0.0,7.212064266204834,False,21
Chris Rodriguez Jr.,RB,2025,17,2026,5,5,0.0,7.293230056762695,False,28
Chris Rodriguez Jr.,RB,2025,17,2026,6,6,0.0,7.259132862091064,False,35
Chris Rodriguez Jr.,RB,2025,17,2026,7,7,0.0,7.202789306640625,False,42
Chris Rodriguez Jr.,RB,2025,17,2026,8,8,0.0,7.032876968383789,False,49
Chris Rodriguez Jr.,RB,2025,17,2026,9,9,0.0,6.679414749145508,False,56
Chris Rodriguez Jr.,RB,2025,17,2026,10,10,0.0,6.224503040313721,False,63
Chris Rodriguez Jr.,RB,2025,17,2026,11,11,0.0,5.790724754333496,False,70
Chris Rodriguez Jr.,RB,2025,17,2026,12,12,0.0,5.4412384033203125,False,77
Chris Rodriguez Jr.,RB,2025,17,2026,13,13,0.0,5.238300323486328,False,84
Chris Rodriguez Jr.,RB,2025,17,2026,14,14,0.0,5.084957122802734,False,91
Chris Rodriguez Jr.,RB,2025,17,2026,15,15,0.0,5.002918243408203,False,98
Chris Rodriguez Jr.,RB,2025,17,2026,16,16,0.0,4.941710472106934,False,105
Chris Rodriguez Jr.,RB,2025,17,2026,17,17,0.0,4.87582540512085,False,112
Christian McCaffrey,RB,2025,17,2026,1,1,0.0,18.153589248657227,False,0
Christian McCaffrey,RB,2025,17,2026,2,2,0.0,18.394994735717773,False,7
Christian McCaffrey,RB,2025,17,2026,3,3,0.0,18.34868812561035,False,14
Christian McCaffrey,RB,2025,17,2026,4,4,0.0,18.39208602905273,False,21
Christian McCaffrey,RB,2025,17,2026,5,5,0.0,18.412134170532227,False,28
Christian McCaffrey,RB,2025,17,2026,6,6,0.0,18.437156677246094,False,35
Christian McCaffrey,RB,2025,17,2026,7,7,0.0,18.478551864624023,False,42
Christian McCaffrey,RB,2025,17,2026,8,8,0.0,18.50395393371582,False,49
Christian McCaffrey,RB,2025,17,2026,9,9,0.0,18.508079528808597,False,56
Christian McCaffrey,RB,2025,17,2026,10,10,0.0,18.55991554260254,False,63
Christian McCaffrey,RB,2025,17,2026,11,11,0.0,18.521581649780277,False,70
Christian McCaffrey,RB,2025,17,2026,12,12,0.0,18.426746368408203,False,77
Christian McCaffrey,RB,2025,17,2026,13,13,0.0,18.312484741210938,False,84
Christian McCaffrey,RB,2025,17,2026,14,14,0.0,18.19883155822754,False,91
Christian McCaffrey,RB,2025,17,2026,15,15,0.0,18.106386184692383,False,98
Christian McCaffrey,RB,2025,17,2026,16,16,0.0,17.990697860717773,False,105
Christian McCaffrey,RB,2025,17,2026,17,17,0.0,17.800655364990234,False,112
Christian Watson,WR,2025,17,2026,1,1,0.0,8.323625564575195,False,0
Christian Watson,WR,2025,17,2026,2,2,0.0,8.179530143737793,False,7
Christian Watson,WR,2025,17,2026,3,3,0.0,8.365574836730957,False,14
Christian Watson,WR,2025,17,2026,4,4,0.0,8.640937805175781,False,21
Christian Watson,WR,2025,17,2026,5,5,0.0,8.815494537353516,False,28
Christian Watson,WR,2025,17,2026,6,6,0.0,8.698297500610352,False,35
Christian Watson,WR,2025,17,2026,7,7,0.0,8.528776168823242,False,42
Christian Watson,WR,2025,17,2026,8,8,0.0,8.3804292678833,False,49
Christian Watson,WR,2025,17,2026,9,9,0.0,8.200206756591797,False,56
Christian Watson,WR,2025,17,2026,10,10,0.0,8.065284729003906,False,63
Christian Watson,WR,2025,17,2026,11,11,0.0,7.993149280548096,False,70
Christian Watson,WR,2025,17,2026,12,12,0.0,7.947813510894775,False,77
Christian Watson,WR,2025,17,2026,13,13,0.0,7.925553798675537,False,84
Christian Watson,WR,2025,17,2026,14,14,0.0,7.896077632904053,False,91
Christian Watson,WR,2025,17,2026,15,15,0.0,7.86771297454834,False,98
Christian Watson,WR,2025,17,2026,16,16,0.0,7.850640296936035,False,105
Christian Watson,WR,2025,17,2026,17,17,0.0,7.813641548156738,False,112
Chuba Hubbard,RB,2025,17,2026,1,1,0.0,9.064729690551758,False,0
Chuba Hubbard,RB,2025,17,2026,2,2,0.0,8.669168472290039,False,7
Chuba Hubbard,RB,2025,17,2026,3,3,0.0,8.373347282409668,False,14
Chuba Hubbard,RB,2025,17,2026,4,4,0.0,7.983972549438477,False,21
Chuba Hubbard,RB,2025,17,2026,5,5,0.0,7.528841972351074,False,28
Chuba Hubbard,RB,2025,17,2026,6,6,0.0,6.924605369567871,False,35
Chuba Hubbard,RB,2025,17,2026,7,7,0.0,6.403946399688721,False,42
Chuba Hubbard,RB,2025,17,2026,8,8,0.0,5.9590935707092285,False,49
Chuba Hubbard,RB,2025,17,2026,9,9,0.0,5.565210819244385,False,56
Chuba Hubbard,RB,2025,17,2026,10,10,0.0,5.263022422790527,False,63
Chuba Hubbard,RB,2025,17,2026,11,11,0.0,5.010581016540527,False,70
Chuba Hubbard,RB,2025,17,2026,12,12,0.0,4.808290958404541,False,77
Chuba Hubbard,RB,2025,17,2026,13,13,0.0,4.7089524269104,False,84
Chuba Hubbard,RB,2025,17,2026,14,14,0.0,4.619650840759277,False,91
Chuba Hubbard,RB,2025,17,2026,15,15,0.0,4.579822540283203,False,98
Chuba Hubbard,RB,2025,17,2026,16,16,0.0,4.547995567321777,False,105
Chuba Hubbard,RB,2025,17,2026,17,17,0.0,4.508494377136231,False,112
Colbie Young,WR,2025,17,2026,1,1,0.0,1.8102068901062007,False,0
Colbie Young,WR,2025,17,2026,2,2,0.0,1.82989239692688,False,7
Colbie Young,WR,2025,17,2026,3,3,0.0,1.8091709613800049,False,14
Colbie Young,WR,2025,17,2026,4,4,0.0,1.7855613231658936,False,21
Colbie Young,WR,2025,17,2026,5,5,0.0,1.735051155090332,False,28
Colbie Young,WR,2025,17,2026,6,6,0.0,1.7042393684387207,False,35
Colbie Young,WR,2025,17,2026,7,7,0.0,1.6625511646270752,False,42
Colbie Young,WR,2025,17,2026,8,8,0.0,1.6842029094696045,False,49
Colbie Young,WR,2025,17,2026,9,9,0.0,1.7178118228912354,False,56
Colbie Young,WR,2025,17,2026,10,10,0.0,1.7424099445343018,False,63
Colbie Young,WR,2025,17,2026,11,11,0.0,1.818999528884888,False,70
Colbie Young,WR,2025,17,2026,12,12,0.0,1.9113948345184328,False,77
Colbie Young,WR,2025,17,2026,13,13,0.0,2.0084807872772217,False,84
Colbie Young,WR,2025,17,2026,14,14,0.0,2.0964808464050293,False,91
Colbie Young,WR,2025,17,2026,15,15,0.0,2.1657609939575195,False,98
Colbie Young,WR,2025,17,2026,16,16,0.0,2.2566065788269043,False,105
Colbie Young,WR,2025,17,2026,17,17,0.0,2.330039024353028,False,112
Connor Heyward,RB,2025,17,2026,1,1,0.0,1.8134794235229488,False,0
Connor Heyward,RB,2025,17,2026,2,2,0.0,1.8339574337005613,False,7
Connor Heyward,RB,2025,17,2026,3,3,0.0,1.8146793842315676,False,14
Connor Heyward,RB,2025,17,2026,4,4,0.0,1.7925195693969729,False,21
Connor Heyward,RB,2025,17,2026,5,5,0.0,1.743117094039917,False,28
Connor Heyward,RB,2025,17,2026,6,6,0.0,1.713686227798462,False,35
Connor Heyward,RB,2025,17,2026,7,7,0.0,1.6732556819915771,False,42
Connor Heyward,RB,2025,17,2026,8,8,0.0,1.69639253616333,False,49
Connor Heyward,RB,2025,17,2026,9,9,0.0,1.7315001487731934,False,56
Connor Heyward,RB,2025,17,2026,10,10,0.0,1.7575016021728516,False,63
Connor Heyward,RB,2025,17,2026,11,11,0.0,1.8356544971466064,False,70
Connor Heyward,RB,2025,17,2026,12,12,0.0,1.929105758666992,False,77
Connor Heyward,RB,2025,17,2026,13,13,0.0,2.0269734859466557,False,84
Connor Heyward,RB,2025,17,2026,14,14,0.0,2.1157643795013428,False,91
Connor Heyward,RB,2025,17,2026,15,15,0.0,2.18532657623291,False,98
Connor Heyward,RB,2025,17,2026,16,16,0.0,2.2769503593444824,False,105
Connor Heyward,RB,2025,17,2026,17,17,0.0,2.3506908416748047,False,112
Cooper Kupp,WR,2025,17,2026,1,1,0.0,5.239554405212402,False,0
Cooper Kupp,WR,2025,17,2026,2,2,0.0,5.16355562210083,False,7
Cooper Kupp,WR,2025,17,2026,3,3,0.0,5.027068614959717,False,14
Cooper Kupp,WR,2025,17,2026,4,4,0.0,4.887269020080566,False,21
Cooper Kupp,WR,2025,17,2026,5,5,0.0,4.7344512939453125,False,28
Cooper Kupp,WR,2025,17,2026,6,6,0.0,4.536857604980469,False,35
Cooper Kupp,WR,2025,17,2026,7,7,0.0,4.342846870422363,False,42
Cooper Kupp,WR,2025,17,2026,8,8,0.0,4.107171058654785,False,49
Cooper Kupp,WR,2025,17,2026,9,9,0.0,3.808148860931397,False,56
Cooper Kupp,WR,2025,17,2026,10,10,0.0,3.5511131286621094,False,63
Cooper Kupp,WR,2025,17,2026,11,11,0.0,3.3808257579803467,False,70
Cooper Kupp,WR,2025,17,2026,12,12,0.0,3.2484941482543945,False,77
Cooper Kupp,WR,2025,17,2026,13,13,0.0,3.2133536338806152,False,84
Cooper Kupp,WR,2025,17,2026,14,14,0.0,3.178466558456421,False,91
Cooper Kupp,WR,2025,17,2026,15,15,0.0,3.1956887245178223,False,98
Cooper Kupp,WR,2025,17,2026,16,16,0.0,3.20487380027771,False,105
Cooper Kupp,WR,2025,17,2026,17,17,0.0,3.188577175140381,False,112
Corey Kiner,RB,2025,17,2026,1,1,0.0,2.993994235992432,False,0
Corey Kiner,RB,2025,17,2026,2,2,0.0,3.149634599685669,False,7
Corey Kiner,RB,2025,17,2026,3,3,0.0,3.2564711570739746,False,14
Corey Kiner,RB,2025,17,2026,4,4,0.0,3.3719520568847656,False,21
Corey Kiner,RB,2025,17,2026,5,5,0.0,3.4700207710266118,False,28
Corey Kiner,RB,2025,17,2026,6,6,0.0,3.5934715270996094,False,35
Corey Kiner,RB,2025,17,2026,7,7,0.0,3.695955991744995,False,42
Corey Kiner,RB,2025,17,2026,8,8,0.0,3.836160898208618,False,49
Corey Kiner,RB,2025,17,2026,9,9,0.0,3.940723419189453,False,56
Corey Kiner,RB,2025,17,2026,10,10,0.0,4.030971527099609,False,63
Corey Kiner,RB,2025,17,2026,11,11,0.0,4.156749248504639,False,70
Corey Kiner,RB,2025,17,2026,12,12,0.0,4.270046234130859,False,77
Corey Kiner,RB,2025,17,2026,13,13,0.0,4.373663902282715,False,84
Corey Kiner,RB,2025,17,2026,14,14,0.0,4.462055206298828,False,91
Corey Kiner,RB,2025,17,2026,15,15,0.0,4.511983871459961,False,98
Corey Kiner,RB,2025,17,2026,16,16,0.0,4.598494052886963,False,105
Corey Kiner,RB,2025,17,2026,17,17,0.0,4.641256809234619,False,112
Courtland Sutton,WR,2025,17,2026,1,1,0.0,13.706077575683594,False,0
Courtland Sutton,WR,2025,17,2026,2,2,0.0,13.619272232055664,False,7
Courtland Sutton,WR,2025,17,2026,3,3,0.0,13.674050331115724,False,14
Courtland Sutton,WR,2025,17,2026,4,4,0.0,13.682235717773438,False,21
Courtland Sutton,WR,2025,17,2026,5,5,0.0,13.578251838684082,False,28
Courtland Sutton,WR,2025,17,2026,6,6,0.0,13.38205909729004,False,35
Courtland Sutton,WR,2025,17,2026,7,7,0.0,13.25956916809082,False,42
Courtland Sutton,WR,2025,17,2026,8,8,0.0,13.141966819763184,False,49
Courtland Sutton,WR,2025,17,2026,9,9,0.0,13.007762908935549,False,56
Courtland Sutton,WR,2025,17,2026,10,10,0.0,12.87237548828125,False,63
Courtland Sutton,WR,2025,17,2026,11,11,0.0,12.725521087646484,False,70
Courtland Sutton,WR,2025,17,2026,12,12,0.0,12.570507049560549,False,77
Courtland Sutton,WR,2025,17,2026,13,13,0.0,12.426036834716797,False,84
Courtland Sutton,WR,2025,17,2026,14,14,0.0,12.260747909545898,False,91
Courtland Sutton,WR,2025,17,2026,15,15,0.0,12.142812728881836,False,98
Courtland Sutton,WR,2025,17,2026,16,16,0.0,11.98917007446289,False,105
Courtland Sutton,WR,2025,17,2026,17,17,0.0,11.831677436828612,False,112
Cyrus Allen,WR,2025,17,2026,1,1,0.0,1.8096380233764648,False,0
Cyrus Allen,WR,2025,17,2026,2,2,0.0,1.8292880058288572,False,7
Cyrus Allen,WR,2025,17,2026,3,3,0.0,1.808411121368408,False,14
Cyrus Allen,WR,2025,17,2026,4,4,0.0,1.784611463546753,False,21
Cyrus Allen,WR,2025,17,2026,5,5,0.0,1.7339422702789309,False,28
Cyrus Allen,WR,2025,17,2026,6,6,0.0,1.702925443649292,False,35
Cyrus Allen,WR,2025,17,2026,7,7,0.0,1.6610491275787354,False,42
Cyrus Allen,WR,2025,17,2026,8,8,0.0,1.6824848651885986,False,49
Cyrus Allen,WR,2025,17,2026,9,9,0.0,1.7158830165863037,False,56
Cyrus Allen,WR,2025,17,2026,10,10,0.0,1.7402820587158203,False,63
Cyrus Allen,WR,2025,17,2026,11,11,0.0,1.816650629043579,False,70
Cyrus Allen,WR,2025,17,2026,12,12,0.0,1.9089038372039795,False,77
Cyrus Allen,WR,2025,17,2026,13,13,0.0,2.0058844089508057,False,84
Cyrus Allen,WR,2025,17,2026,14,14,0.0,2.093780994415283,False,91
Cyrus Allen,WR,2025,17,2026,15,15,0.0,2.16302490234375,False,98
Cyrus Allen,WR,2025,17,2026,16,16,0.0,2.253769874572754,False,105
Cyrus Allen,WR,2025,17,2026,17,17,0.0,2.327180862426758,False,112
D'Andre Swift,RB,2025,17,2026,1,1,0.0,14.133381843566896,False,0
D'Andre Swift,RB,2025,17,2026,2,2,0.0,14.016597747802734,False,7
D'Andre Swift,RB,2025,17,2026,3,3,0.0,13.878646850585938,False,14
D'Andre Swift,RB,2025,17,2026,4,4,0.0,13.507407188415527,False,21
D'Andre Swift,RB,2025,17,2026,5,5,0.0,13.256038665771484,False,28
D'Andre Swift,RB,2025,17,2026,6,6,0.0,12.941001892089844,False,35
D'Andre Swift,RB,2025,17,2026,7,7,0.0,12.70489501953125,False,42
D'Andre Swift,RB,2025,17,2026,8,8,0.0,12.44306182861328,False,49
D'Andre Swift,RB,2025,17,2026,9,9,0.0,12.144347190856934,False,56
D'Andre Swift,RB,2025,17,2026,10,10,0.0,11.878418922424316,False,63
D'Andre Swift,RB,2025,17,2026,11,11,0.0,11.665098190307615,False,70
D'Andre Swift,RB,2025,17,2026,12,12,0.0,11.522568702697754,False,77
D'Andre Swift,RB,2025,17,2026,13,13,0.0,11.437211036682127,False,84
D'Andre Swift,RB,2025,17,2026,14,14,0.0,11.34394645690918,False,91
D'Andre Swift,RB,2025,17,2026,15,15,0.0,11.285126686096191,False,98
D'Andre Swift,RB,2025,17,2026,16,16,0.0,11.184324264526367,False,105
D'Andre Swift,RB,2025,17,2026,17,17,0.0,11.06682586669922,False,112
DJ Giddens,RB,2025,17,2026,1,1,0.0,3.256281852722168,False,0
DJ Giddens,RB,2025,17,2026,2,2,0.0,3.4898719787597656,False,7
DJ Giddens,RB,2025,17,2026,3,3,0.0,3.6532135009765625,False,14
DJ Giddens,RB,2025,17,2026,4,4,0.0,3.805527925491333,False,21
DJ Giddens,RB,2025,17,2026,5,5,0.0,3.932290315628052,False,28
DJ Giddens,RB,2025,17,2026,6,6,0.0,4.086632251739502,False,35
DJ Giddens,RB,2025,17,2026,7,7,0.0,4.219098567962647,False,42
DJ Giddens,RB,2025,17,2026,8,8,0.0,4.381590366363525,False,49
DJ Giddens,RB,2025,17,2026,9,9,0.0,4.492448806762695,False,56
DJ Giddens,RB,2025,17,2026,10,10,0.0,4.58388090133667,False,63
DJ Giddens,RB,2025,17,2026,11,11,0.0,4.699054718017578,False,70
DJ Giddens,RB,2025,17,2026,12,12,0.0,4.788405418395996,False,77
DJ Giddens,RB,2025,17,2026,13,13,0.0,4.852664947509766,False,84
DJ Giddens,RB,2025,17,2026,14,14,0.0,4.88938045501709,False,91
DJ Giddens,RB,2025,17,2026,15,15,0.0,4.877108097076416,False,98
DJ Giddens,RB,2025,17,2026,16,16,0.0,4.890716552734375,False,105
DJ Giddens,RB,2025,17,2026,17,17,0.0,4.84684944152832,False,112
DJ Herman,RB,2025,17,2026,1,1,0.0,1.8116261959075928,False,0
DJ Herman,RB,2025,17,2026,2,2,0.0,1.831972360610962,False,7
DJ Herman,RB,2025,17,2026,3,3,0.0,1.8122615814208984,False,14
DJ Herman,RB,2025,17,2026,4,4,0.0,1.7896058559417725,False,21
DJ Herman,RB,2025,17,2026,5,5,0.0,1.7397913932800293,False,28
DJ Herman,RB,2025,17,2026,6,6,0.0,1.709848165512085,False,35
DJ Herman,RB,2025,17,2026,7,7,0.0,1.6689486503601074,False,42
DJ Herman,RB,2025,17,2026,8,8,0.0,1.6915459632873535,False,49
DJ Herman,RB,2025,17,2026,9,9,0.0,1.7261254787445068,False,56
DJ Herman,RB,2025,17,2026,10,10,0.0,1.7516229152679443,False,63
DJ Herman,RB,2025,17,2026,11,11,0.0,1.8292222023010252,False,70
DJ Herman,RB,2025,17,2026,12,12,0.0,1.9223151206970213,False,77
DJ Herman,RB,2025,17,2026,13,13,0.0,2.0199167728424072,False,84
DJ Herman,RB,2025,17,2026,14,14,0.0,2.108442068099976,False,91
DJ Herman,RB,2025,17,2026,15,15,0.0,2.17791485786438,False,98
DJ Herman,RB,2025,17,2026,16,16,0.0,2.269272804260254,False,105
DJ Herman,RB,2025,17,2026,17,17,0.0,2.3429436683654785,False,112
DJ Moore,WR,2025,17,2026,1,1,0.0,9.928633689880373,False,0
DJ Moore,WR,2025,17,2026,2,2,0.0,9.875452041625977,False,7
DJ Moore,WR,2025,17,2026,3,3,0.0,9.875555992126465,False,14
DJ Moore,WR,2025,17,2026,4,4,0.0,9.819916725158691,False,21
DJ Moore,WR,2025,17,2026,5,5,0.0,9.66070556640625,False,28
DJ Moore,WR,2025,17,2026,6,6,0.0,9.299795150756836,False,35
DJ Moore,WR,2025,17,2026,7,7,0.0,8.981950759887695,False,42
DJ Moore,WR,2025,17,2026,8,8,0.0,8.677469253540039,False,49
DJ Moore,WR,2025,17,2026,9,9,0.0,8.367213249206543,False,56
DJ Moore,WR,2025,17,2026,10,10,0.0,8.094873428344727,False,63
DJ Moore,WR,2025,17,2026,11,11,0.0,7.829899787902832,False,70
DJ Moore,WR,2025,17,2026,12,12,0.0,7.5691375732421875,False,77
DJ Moore,WR,2025,17,2026,13,13,0.0,7.383535385131836,False,84
DJ Moore,WR,2025,17,2026,14,14,0.0,7.196286201477051,False,91
DJ Moore,WR,2025,17,2026,15,15,0.0,7.064992904663086,False,98
DJ Moore,WR,2025,17,2026,16,16,0.0,6.932328224182129,False,105
DJ Moore,WR,2025,17,2026,17,17,0.0,6.792969703674316,False,112
DK Metcalf,WR,2025,17,2026,1,1,0.0,11.959711074829102,False,0
DK Metcalf,WR,2025,17,2026,2,2,0.0,12.207691192626951,False,7
DK Metcalf,WR,2025,17,2026,3,3,0.0,12.261900901794434,False,14
DK Metcalf,WR,2025,17,2026,4,4,0.0,12.382623672485352,False,21
DK Metcalf,WR,2025,17,2026,5,5,0.0,12.629766464233398,False,28
DK Metcalf,WR,2025,17,2026,6,6,0.0,12.676698684692385,False,35
DK Metcalf,WR,2025,17,2026,7,7,0.0,12.60945987701416,False,42
DK Metcalf,WR,2025,17,2026,8,8,0.0,12.516864776611328,False,49
DK Metcalf,WR,2025,17,2026,9,9,0.0,12.400092124938965,False,56
DK Metcalf,WR,2025,17,2026,10,10,0.0,12.283839225769045,False,63
DK Metcalf,WR,2025,17,2026,11,11,0.0,12.182817459106444,False,70
DK Metcalf,WR,2025,17,2026,12,12,0.0,12.083383560180664,False,77
DK Metcalf,WR,2025,17,2026,13,13,0.0,11.989215850830078,False,84
DK Metcalf,WR,2025,17,2026,14,14,0.0,11.864786148071287,False,91
DK Metcalf,WR,2025,17,2026,15,15,0.0,11.770543098449709,False,98
DK Metcalf,WR,2025,17,2026,16,16,0.0,11.636320114135742,False,105
DK Metcalf,WR,2025,17,2026,17,17,0.0,11.488287925720217,False,112
Dareke Young,WR,2025,17,2026,1,1,0.0,1.7211647033691406,False,0
Dareke Young,WR,2025,17,2026,2,2,0.0,1.7953996658325195,False,7
Dareke Young,WR,2025,17,2026,3,3,0.0,1.792790412902832,False,14
Dareke Young,WR,2025,17,2026,4,4,0.0,1.7707054615020752,False,21
Dareke Young,WR,2025,17,2026,5,5,0.0,1.714942216873169,False,28
Dareke Young,WR,2025,17,2026,6,6,0.0,1.673405408859253,False,35
Dareke Young,WR,2025,17,2026,7,7,0.0,1.616886854171753,False,42
Dareke Young,WR,2025,17,2026,8,8,0.0,1.622751235961914,False,49
Dareke Young,WR,2025,17,2026,9,9,0.0,1.6357545852661133,False,56
Dareke Young,WR,2025,17,2026,10,10,0.0,1.6347861289978027,False,63
Dareke Young,WR,2025,17,2026,11,11,0.0,1.6761713027954102,False,70
Dareke Young,WR,2025,17,2026,12,12,0.0,1.7270760536193848,False,77
Dareke Young,WR,2025,17,2026,13,13,0.0,1.778806447982788,False,84
Dareke Young,WR,2025,17,2026,14,14,0.0,1.8158326148986816,False,91
Dareke Young,WR,2025,17,2026,15,15,0.0,1.844801425933838,False,98
Dareke Young,WR,2025,17,2026,16,16,0.0,1.8832545280456543,False,105
Dareke Young,WR,2025,17,2026,17,17,0.0,1.913780689239502,False,112
Darius Cooper,WR,2025,17,2026,1,1,0.0,1.701629638671875,False,0
Darius Cooper,WR,2025,17,2026,2,2,0.0,1.741588830947876,False,7
Darius Cooper,WR,2025,17,2026,3,3,0.0,1.7015154361724854,False,14
Darius Cooper,WR,2025,17,2026,4,4,0.0,1.6456451416015625,False,21
Darius Cooper,WR,2025,17,2026,5,5,0.0,1.568298101425171,False,28
Darius Cooper,WR,2025,17,2026,6,6,0.0,1.5094263553619385,False,35
Darius Cooper,WR,2025,17,2026,7,7,0.0,1.4442403316497805,False,42
Darius Cooper,WR,2025,17,2026,8,8,0.0,1.438842535018921,False,49
Darius Cooper,WR,2025,17,2026,9,9,0.0,1.4411027431488037,False,56
Darius Cooper,WR,2025,17,2026,10,10,0.0,1.4310078620910645,False,63
Darius Cooper,WR,2025,17,2026,11,11,0.0,1.4595823287963867,False,70
Darius Cooper,WR,2025,17,2026,12,12,0.0,1.502485275268555,False,77
Darius Cooper,WR,2025,17,2026,13,13,0.0,1.5505175590515137,False,84
Darius Cooper,WR,2025,17,2026,14,14,0.0,1.5879855155944824,False,91
Darius Cooper,WR,2025,17,2026,15,15,0.0,1.6221482753753662,False,98
Darius Cooper,WR,2025,17,2026,16,16,0.0,1.6636228561401367,False,105
Darius Cooper,WR,2025,17,2026,17,17,0.0,1.7034268379211426,False,112
Darius Slayton,WR,2025,17,2026,1,1,0.0,7.866305351257324,False,0
Darius Slayton,WR,2025,17,2026,2,2,0.0,7.740199089050293,False,7
Darius Slayton,WR,2025,17,2026,3,3,0.0,7.871738433837891,False,14
Darius Slayton,WR,2025,17,2026,4,4,0.0,8.10761547088623,False,21
Darius Slayton,WR,2025,17,2026,5,5,0.0,8.330487251281738,False,28
Darius Slayton,WR,2025,17,2026,6,6,0.0,8.321657180786133,False,35
Darius Slayton,WR,2025,17,2026,7,7,0.0,8.184348106384277,False,42
Darius Slayton,WR,2025,17,2026,8,8,0.0,8.010905265808105,False,49
Darius Slayton,WR,2025,17,2026,9,9,0.0,7.797127723693848,False,56
Darius Slayton,WR,2025,17,2026,10,10,0.0,7.609601974487305,False,63
Darius Slayton,WR,2025,17,2026,11,11,0.0,7.442849159240723,False,70
Darius Slayton,WR,2025,17,2026,12,12,0.0,7.27880859375,False,77
Darius Slayton,WR,2025,17,2026,13,13,0.0,7.167201042175293,False,84
Darius Slayton,WR,2025,17,2026,14,14,0.0,7.04440975189209,False,91
Darius Slayton,WR,2025,17,2026,15,15,0.0,6.941730499267578,False,98
Darius Slayton,WR,2025,17,2026,16,16,0.0,6.845325469970703,False,105
Darius Slayton,WR,2025,17,2026,17,17,0.0,6.728275775909424,False,112
Darnell Mooney,WR,2025,17,2026,1,1,0.0,5.819153785705566,False,0
Darnell Mooney,WR,2025,17,2026,2,2,0.0,5.672569274902344,False,7
Darnell Mooney,WR,2025,17,2026,3,3,0.0,5.847936630249023,False,14
Darnell Mooney,WR,2025,17,2026,4,4,0.0,6.198232650756836,False,21
Darnell Mooney,WR,2025,17,2026,5,5,0.0,6.645730972290039,False,28
Darnell Mooney,WR,2025,17,2026,6,6,0.0,7.193460464477539,False,35
Darnell Mooney,WR,2025,17,2026,7,7,0.0,7.748648643493652,False,42
Darnell Mooney,WR,2025,17,2026,8,8,0.0,8.237071990966797,False,49
Darnell Mooney,WR,2025,17,2026,9,9,0.0,8.489027976989746,False,56
Darnell Mooney,WR,2025,17,2026,10,10,0.0,8.570709228515625,False,63
Darnell Mooney,WR,2025,17,2026,11,11,0.0,8.636749267578125,False,70
Darnell Mooney,WR,2025,17,2026,12,12,0.0,8.6705961227417,False,77
Darnell Mooney,WR,2025,17,2026,13,13,0.0,8.675134658813477,False,84
Darnell Mooney,WR,2025,17,2026,14,14,0.0,8.665345191955566,False,91
Darnell Mooney,WR,2025,17,2026,15,15,0.0,8.627758979797363,False,98
Darnell Mooney,WR,2025,17,2026,16,16,0.0,8.614608764648438,False,105
Darnell Mooney,WR,2025,17,2026,17,17,0.0,8.568254470825195,False,112
Davante Adams,WR,2025,17,2026,1,1,0.0,17.402408599853516,False,0
Davante Adams,WR,2025,17,2026,2,2,0.0,17.109148025512695,False,7
Davante Adams,WR,2025,17,2026,3,3,0.0,16.88286590576172,False,14
Davante Adams,WR,2025,17,2026,4,4,0.0,16.685073852539062,False,21
Davante Adams,WR,2025,17,2026,5,5,0.0,16.56968116760254,False,28
Davante Adams,WR,2025,17,2026,6,6,0.0,16.458709716796875,False,35
Davante Adams,WR,2025,17,2026,7,7,0.0,16.409778594970703,False,42
Davante Adams,WR,2025,17,2026,8,8,0.0,16.362539291381836,False,49
Davante Adams,WR,2025,17,2026,9,9,0.0,16.31336212158203,False,56
Davante Adams,WR,2025,17,2026,10,10,0.0,16.3031063079834,False,63
Davante Adams,WR,2025,17,2026,11,11,0.0,16.26215934753418,False,70
Davante Adams,WR,2025,17,2026,12,12,0.0,16.195533752441406,False,77
Davante Adams,WR,2025,17,2026,13,13,0.0,16.137592315673828,False,84
Davante Adams,WR,2025,17,2026,14,14,0.0,16.057079315185547,False,91
Davante Adams,WR,2025,17,2026,15,15,0.0,16.000621795654297,False,98
Davante Adams,WR,2025,17,2026,16,16,0.0,15.90180778503418,False,105
Davante Adams,WR,2025,17,2026,17,17,0.0,15.73952865600586,False,112
David Montgomery,RB,2025,17,2026,1,1,0.0,6.451276779174805,False,0
David Montgomery,RB,2025,17,2026,2,2,0.0,6.208989143371582,False,7
David Montgomery,RB,2025,17,2026,3,3,0.0,6.431498050689697,False,14
David Montgomery,RB,2025,17,2026,4,4,0.0,6.790406227111816,False,21
David Montgomery,RB,2025,17,2026,5,5,0.0,7.2262864112854,False,28
David Montgomery,RB,2025,17,2026,6,6,0.0,7.761629581451416,False,35
David Montgomery,RB,2025,17,2026,7,7,0.0,8.34967041015625,False,42
David Montgomery,RB,2025,17,2026,8,8,0.0,8.92365837097168,False,49
David Montgomery,RB,2025,17,2026,9,9,0.0,9.310029983520508,False,56
David Montgomery,RB,2025,17,2026,10,10,0.0,9.487680435180664,False,63
David Montgomery,RB,2025,17,2026,11,11,0.0,9.575037956237791,False,70
David Montgomery,RB,2025,17,2026,12,12,0.0,9.609871864318848,False,77
David Montgomery,RB,2025,17,2026,13,13,0.0,9.603423118591309,False,84
David Montgomery,RB,2025,17,2026,14,14,0.0,9.581591606140137,False,91
David Montgomery,RB,2025,17,2026,15,15,0.0,9.533050537109377,False,98
David Montgomery,RB,2025,17,2026,16,16,0.0,9.502219200134276,False,105
David Montgomery,RB,2025,17,2026,17,17,0.0,9.436121940612791,False,112
De'Von Achane,RB,2025,17,2026,1,1,0.0,17.60838508605957,False,0
De'Von Achane,RB,2025,17,2026,2,2,0.0,17.379104614257812,False,7
De'Von Achane,RB,2025,17,2026,3,3,0.0,17.103010177612305,False,14
De'Von Achane,RB,2025,17,2026,4,4,0.0,16.945165634155273,False,21
De'Von Achane,RB,2025,17,2026,5,5,0.0,16.825937271118164,False,28
De'Von Achane,RB,2025,17,2026,6,6,0.0,16.716196060180664,False,35
De'Von Achane,RB,2025,17,2026,7,7,0.0,16.660974502563477,False,42
De'Von Achane,RB,2025,17,2026,8,8,0.0,16.617582321166992,False,49
De'Von Achane,RB,2025,17,2026,9,9,0.0,16.57094955444336,False,56
De'Von Achane,RB,2025,17,2026,10,10,0.0,16.556364059448242,False,63
De'Von Achane,RB,2025,17,2026,11,11,0.0,16.51308822631836,False,70
De'Von Achane,RB,2025,17,2026,12,12,0.0,16.45054817199707,False,77
De'Von Achane,RB,2025,17,2026,13,13,0.0,16.403932571411133,False,84
De'Von Achane,RB,2025,17,2026,14,14,0.0,16.33501625061035,False,91
De'Von Achane,RB,2025,17,2026,15,15,0.0,16.286619186401367,False,98
De'Von Achane,RB,2025,17,2026,16,16,0.0,16.19743537902832,False,105
De'Von Achane,RB,2025,17,2026,17,17,0.0,16.046470642089844,False,112
De'Zhaun Stribling,WR,2025,17,2026,1,1,0.0,1.8113317489624023,False,0
De'Zhaun Stribling,WR,2025,17,2026,2,2,0.0,1.8311359882354736,False,7
De'Zhaun Stribling,WR,2025,17,2026,3,3,0.0,1.8106565475463867,False,14
De'Zhaun Stribling,WR,2025,17,2026,4,4,0.0,1.787297248840332,False,21
De'Zhaun Stribling,WR,2025,17,2026,5,5,0.0,1.7369883060455322,False,28
De'Zhaun Stribling,WR,2025,17,2026,6,6,0.0,1.706413984298706,False,35
De'Zhaun Stribling,WR,2025,17,2026,7,7,0.0,1.664937973022461,False,42
De'Zhaun Stribling,WR,2025,17,2026,8,8,0.0,1.6868343353271484,False,49
De'Zhaun Stribling,WR,2025,17,2026,9,9,0.0,1.7206828594207764,False,56
De'Zhaun Stribling,WR,2025,17,2026,10,10,0.0,1.745513677597046,False,63
De'Zhaun Stribling,WR,2025,17,2026,11,11,0.0,1.8223559856414795,False,70
De'Zhaun Stribling,WR,2025,17,2026,12,12,0.0,1.9149177074432373,False,77
De'Zhaun Stribling,WR,2025,17,2026,13,13,0.0,2.012129783630371,False,84
De'Zhaun Stribling,WR,2025,17,2026,14,14,0.0,2.10025954246521,False,91
De'Zhaun Stribling,WR,2025,17,2026,15,15,0.0,2.1695847511291504,False,98
De'Zhaun Stribling,WR,2025,17,2026,16,16,0.0,2.2605674266815186,False,105
De'Zhaun Stribling,WR,2025,17,2026,17,17,0.0,2.334047794342041,False,112
DeMario Douglas,WR,2025,17,2026,1,1,0.0,4.438745498657227,False,0
DeMario Douglas,WR,2025,17,2026,2,2,0.0,4.41143798828125,False,7
DeMario Douglas,WR,2025,17,2026,3,3,0.0,4.416857719421387,False,14
DeMario Douglas,WR,2025,17,2026,4,4,0.0,4.469362735748291,False,21
DeMario Douglas,WR,2025,17,2026,5,5,0.0,4.53352689743042,False,28
DeMario Douglas,WR,2025,17,2026,6,6,0.0,4.686189651489258,False,35
DeMario Douglas,WR,2025,17,2026,7,7,0.0,4.946123600006104,False,42
DeMario Douglas,WR,2025,17,2026,8,8,0.0,5.357448577880859,False,49
DeMario Douglas,WR,2025,17,2026,9,9,0.0,5.8010663986206055,False,56
DeMario Douglas,WR,2025,17,2026,10,10,0.0,6.22663688659668,False,63
DeMario Douglas,WR,2025,17,2026,11,11,0.0,6.626922130584717,False,70
DeMario Douglas,WR,2025,17,2026,12,12,0.0,6.863964557647705,False,77
DeMario Douglas,WR,2025,17,2026,13,13,0.0,6.9543867111206055,False,84
DeMario Douglas,WR,2025,17,2026,14,14,0.0,6.956548690795898,False,91
DeMario Douglas,WR,2025,17,2026,15,15,0.0,6.900440692901611,False,98
DeMario Douglas,WR,2025,17,2026,16,16,0.0,6.866718292236328,False,105
DeMario Douglas,WR,2025,17,2026,17,17,0.0,6.772172451019287,False,112
DeVonta Smith,WR,2025,17,2026,1,1,0.0,14.07505226135254,False,0
DeVonta Smith,WR,2025,17,2026,2,2,0.0,13.949262619018556,False,7
DeVonta Smith,WR,2025,17,2026,3,3,0.0,14.015703201293944,False,14
DeVonta Smith,WR,2025,17,2026,4,4,0.0,14.017950057983398,False,21
DeVonta Smith,WR,2025,17,2026,5,5,0.0,13.91788101196289,False,28
DeVonta Smith,WR,2025,17,2026,6,6,0.0,13.740299224853516,False,35
DeVonta Smith,WR,2025,17,2026,7,7,0.0,13.634635925292969,False,42
DeVonta Smith,WR,2025,17,2026,8,8,0.0,13.534003257751465,False,49
DeVonta Smith,WR,2025,17,2026,9,9,0.0,13.422321319580078,False,56
DeVonta Smith,WR,2025,17,2026,10,10,0.0,13.313000679016112,False,63
DeVonta Smith,WR,2025,17,2026,11,11,0.0,13.193748474121094,False,70
DeVonta Smith,WR,2025,17,2026,12,12,0.0,13.062784194946287,False,77
DeVonta Smith,WR,2025,17,2026,13,13,0.0,12.93746280670166,False,84
DeVonta Smith,WR,2025,17,2026,14,14,0.0,12.778635025024414,False,91
DeVonta Smith,WR,2025,17,2026,15,15,0.0,12.661615371704102,False,98
DeVonta Smith,WR,2025,17,2026,16,16,0.0,12.498086929321287,False,105
DeVonta Smith,WR,2025,17,2026,17,17,0.0,12.321428298950195,False,112
Deebo Samuel Sr.,WR,2025,17,2026,1,1,0.0,11.329548835754396,False,0
Deebo Samuel Sr.,WR,2025,17,2026,2,2,0.0,11.659189224243164,False,7
Deebo Samuel Sr.,WR,2025,17,2026,3,3,0.0,11.931114196777344,False,14
Deebo Samuel Sr.,WR,2025,17,2026,4,4,0.0,12.14094352722168,False,21
Deebo Samuel Sr.,WR,2025,17,2026,5,5,0.0,12.458430290222168,False,28
Deebo Samuel Sr.,WR,2025,17,2026,6,6,0.0,12.691137313842772,False,35
Deebo Samuel Sr.,WR,2025,17,2026,7,7,0.0,12.895984649658203,False,42
Deebo Samuel Sr.,WR,2025,17,2026,8,8,0.0,13.041044235229492,False,49
Deebo Samuel Sr.,WR,2025,17,2026,9,9,0.0,13.006250381469728,False,56
Deebo Samuel Sr.,WR,2025,17,2026,10,10,0.0,12.94218635559082,False,63
Deebo Samuel Sr.,WR,2025,17,2026,11,11,0.0,12.906574249267578,False,70
Deebo Samuel Sr.,WR,2025,17,2026,12,12,0.0,12.872638702392578,False,77
Deebo Samuel Sr.,WR,2025,17,2026,13,13,0.0,12.84372329711914,False,84
Deebo Samuel Sr.,WR,2025,17,2026,14,14,0.0,12.784191131591797,False,91
Deebo Samuel Sr.,WR,2025,17,2026,15,15,0.0,12.746295928955078,False,98
Deebo Samuel Sr.,WR,2025,17,2026,16,16,0.0,12.668015480041504,False,105
Deebo Samuel Sr.,WR,2025,17,2026,17,17,0.0,12.55960750579834,False,112
Deion Burks,WR,2025,17,2026,1,1,0.0,1.810934066772461,False,0
Deion Burks,WR,2025,17,2026,2,2,0.0,1.830698013305664,False,7
Deion Burks,WR,2025,17,2026,3,3,0.0,1.810114860534668,False,14
Deion Burks,WR,2025,17,2026,4,4,0.0,1.7866427898406982,False,21
Deion Burks,WR,2025,17,2026,5,5,0.0,1.7362420558929443,False,28
Deion Burks,WR,2025,17,2026,6,6,0.0,1.705552339553833,False,35
Deion Burks,WR,2025,17,2026,7,7,0.0,1.6639742851257324,False,42
Deion Burks,WR,2025,17,2026,8,8,0.0,1.6857528686523438,False,49
Deion Burks,WR,2025,17,2026,9,9,0.0,1.7194881439208984,False,56
Deion Burks,WR,2025,17,2026,10,10,0.0,1.744210720062256,False,63
Deion Burks,WR,2025,17,2026,11,11,0.0,1.8209357261657717,False,70
Deion Burks,WR,2025,17,2026,12,12,0.0,1.9134232997894287,False,77
Deion Burks,WR,2025,17,2026,13,13,0.0,2.0105793476104736,False,84
Deion Burks,WR,2025,17,2026,14,14,0.0,2.098653078079224,False,91
Deion Burks,WR,2025,17,2026,15,15,0.0,2.167959690093994,False,98
Deion Burks,WR,2025,17,2026,16,16,0.0,2.258884906768799,False,105
Deion Burks,WR,2025,17,2026,17,17,0.0,2.332352638244629,False,112
Demarcus Robinson,WR,2025,17,2026,1,1,0.0,2.9070353507995605,False,0
Demarcus Robinson,WR,2025,17,2026,2,2,0.0,2.867205619812012,False,7
Demarcus Robinson,WR,2025,17,2026,3,3,0.0,2.870420217514038,False,14
Demarcus Robinson,WR,2025,17,2026,4,4,0.0,2.9104723930358887,False,21
Demarcus Robinson,WR,2025,17,2026,5,5,0.0,2.937106132507324,False,28
Demarcus Robinson,WR,2025,17,2026,6,6,0.0,3.028198719024658,False,35
Demarcus Robinson,WR,2025,17,2026,7,7,0.0,3.139986038208008,False,42
Demarcus Robinson,WR,2025,17,2026,8,8,0.0,3.367827892303467,False,49
Demarcus Robinson,WR,2025,17,2026,9,9,0.0,3.622207403182984,False,56
Demarcus Robinson,WR,2025,17,2026,10,10,0.0,3.885606050491333,False,63
Demarcus Robinson,WR,2025,17,2026,11,11,0.0,4.195029258728027,False,70
Demarcus Robinson,WR,2025,17,2026,12,12,0.0,4.437620162963867,False,77
Demarcus Robinson,WR,2025,17,2026,13,13,0.0,4.61741828918457,False,84
Demarcus Robinson,WR,2025,17,2026,14,14,0.0,4.750883102416992,False,91
Demarcus Robinson,WR,2025,17,2026,15,15,0.0,4.810357093811035,False,98
Demarcus Robinson,WR,2025,17,2026,16,16,0.0,4.90107011795044,False,105
Demarcus Robinson,WR,2025,17,2026,17,17,0.0,4.922710418701172,False,112
Demond Claiborne,RB,2025,17,2026,1,1,0.0,1.812216520309448,False,0
Demond Claiborne,RB,2025,17,2026,2,2,0.0,1.832602977752685,False,7
Demond Claiborne,RB,2025,17,2026,3,3,0.0,1.8130249977111816,False,14
Demond Claiborne,RB,2025,17,2026,4,4,0.0,1.7905113697052002,False,21
Demond Claiborne,RB,2025,17,2026,5,5,0.0,1.7408115863800049,False,28
Demond Claiborne,RB,2025,17,2026,6,6,0.0,1.7110066413879397,False,35
Demond Claiborne,RB,2025,17,2026,7,7,0.0,1.6702322959899902,False,42
Demond Claiborne,RB,2025,17,2026,8,8,0.0,1.6929736137390137,False,49
Demond Claiborne,RB,2025,17,2026,9,9,0.0,1.727696418762207,False,56
Demond Claiborne,RB,2025,17,2026,10,10,0.0,1.753328800201416,False,63
Demond Claiborne,RB,2025,17,2026,11,11,0.0,1.8310768604278564,False,70
Demond Claiborne,RB,2025,17,2026,12,12,0.0,1.924266338348389,False,77
Demond Claiborne,RB,2025,17,2026,13,13,0.0,2.021939277648926,False,84
Demond Claiborne,RB,2025,17,2026,14,14,0.0,2.1105377674102783,False,91
Demond Claiborne,RB,2025,17,2026,15,15,0.0,2.1800341606140137,False,98
Demond Claiborne,RB,2025,17,2026,16,16,0.0,2.2714664936065674,False,105
Demond Claiborne,RB,2025,17,2026,17,17,0.0,2.3451590538024902,False,112
Denzel Boston,WR,2025,17,2026,1,1,0.0,1.8103597164154053,False,0
Denzel Boston,WR,2025,17,2026,2,2,0.0,1.830110788345337,False,7
Denzel Boston,WR,2025,17,2026,3,3,0.0,1.8093767166137693,False,14
Denzel Boston,WR,2025,17,2026,4,4,0.0,1.7857263088226318,False,21
Denzel Boston,WR,2025,17,2026,5,5,0.0,1.7351763248443604,False,28
Denzel Boston,WR,2025,17,2026,6,6,0.0,1.7043004035949707,False,35
Denzel Boston,WR,2025,17,2026,7,7,0.0,1.6625521183013916,False,42
Denzel Boston,WR,2025,17,2026,8,8,0.0,1.6841363906860352,False,49
Denzel Boston,WR,2025,17,2026,9,9,0.0,1.7176811695098877,False,56
Denzel Boston,WR,2025,17,2026,10,10,0.0,1.74222731590271,False,63
Denzel Boston,WR,2025,17,2026,11,11,0.0,1.8187570571899412,False,70
Denzel Boston,WR,2025,17,2026,12,12,0.0,1.9111182689666748,False,77
Denzel Boston,WR,2025,17,2026,13,13,0.0,2.0081818103790283,False,84
Denzel Boston,WR,2025,17,2026,14,14,0.0,2.096163034439087,False,91
Denzel Boston,WR,2025,17,2026,15,15,0.0,2.165438175201416,False,98
Denzel Boston,WR,2025,17,2026,16,16,0.0,2.2562718391418457,False,105
Denzel Boston,WR,2025,17,2026,17,17,0.0,2.3297197818756104,False,112
Derius Davis,WR,2025,17,2026,1,1,0.0,2.230778694152832,False,0
Derius Davis,WR,2025,17,2026,2,2,0.0,2.3809494972229004,False,7
Derius Davis,WR,2025,17,2026,3,3,0.0,2.458653688430786,False,14
Derius Davis,WR,2025,17,2026,4,4,0.0,2.517369270324707,False,21
Derius Davis,WR,2025,17,2026,5,5,0.0,2.538503408432007,False,28
Derius Davis,WR,2025,17,2026,6,6,0.0,2.578720808029175,False,35
Derius Davis,WR,2025,17,2026,7,7,0.0,2.598710536956787,False,42
Derius Davis,WR,2025,17,2026,8,8,0.0,2.675915241241455,False,49
Derius Davis,WR,2025,17,2026,9,9,0.0,2.7482504844665527,False,56
Derius Davis,WR,2025,17,2026,10,10,0.0,2.809710025787353,False,63
Derius Davis,WR,2025,17,2026,11,11,0.0,2.918552875518799,False,70
Derius Davis,WR,2025,17,2026,12,12,0.0,3.0250906944274902,False,77
Derius Davis,WR,2025,17,2026,13,13,0.0,3.12499737739563,False,84
Derius Davis,WR,2025,17,2026,14,14,0.0,3.213371992111206,False,91
Derius Davis,WR,2025,17,2026,15,15,0.0,3.269960880279541,False,98
Derius Davis,WR,2025,17,2026,16,16,0.0,3.3628413677215576,False,105
Derius Davis,WR,2025,17,2026,17,17,0.0,3.4223732948303223,False,112
Derrick Henry,RB,2025,17,2026,1,1,0.0,14.11148452758789,False,0
Derrick Henry,RB,2025,17,2026,2,2,0.0,13.971551895141602,False,7
Derrick Henry,RB,2025,17,2026,3,3,0.0,13.742721557617188,False,14
Derrick Henry,RB,2025,17,2026,4,4,0.0,13.360201835632324,False,21
Derrick Henry,RB,2025,17,2026,5,5,0.0,13.083364486694336,False,28
Derrick Henry,RB,2025,17,2026,6,6,0.0,12.730645179748535,False,35
Derrick Henry,RB,2025,17,2026,7,7,0.0,12.432147979736328,False,42
Derrick Henry,RB,2025,17,2026,8,8,0.0,12.108747482299805,False,49
Derrick Henry,RB,2025,17,2026,9,9,0.0,11.796669006347656,False,56
Derrick Henry,RB,2025,17,2026,10,10,0.0,11.575191497802734,False,63
Derrick Henry,RB,2025,17,2026,11,11,0.0,11.421226501464844,False,70
Derrick Henry,RB,2025,17,2026,12,12,0.0,11.31922721862793,False,77
Derrick Henry,RB,2025,17,2026,13,13,0.0,11.25589656829834,False,84
Derrick Henry,RB,2025,17,2026,14,14,0.0,11.173413276672363,False,91
Derrick Henry,RB,2025,17,2026,15,15,0.0,11.120943069458008,False,98
Derrick Henry,RB,2025,17,2026,16,16,0.0,11.021401405334473,False,105
Derrick Henry,RB,2025,17,2026,17,17,0.0,10.90696907043457,False,112
Devaughn Vele,WR,2025,17,2026,1,1,0.0,6.546217918395996,False,0
Devaughn Vele,WR,2025,17,2026,2,2,0.0,6.195380210876465,False,7
Devaughn Vele,WR,2025,17,2026,3,3,0.0,6.022470951080322,False,14
Devaughn Vele,WR,2025,17,2026,4,4,0.0,5.830304145812988,False,21
Devaughn Vele,WR,2025,17,2026,5,5,0.0,5.562064170837402,False,28
Devaughn Vele,WR,2025,17,2026,6,6,0.0,5.130049705505371,False,35
Devaughn Vele,WR,2025,17,2026,7,7,0.0,4.73176908493042,False,42
Devaughn Vele,WR,2025,17,2026,8,8,0.0,4.390573978424072,False,49
Devaughn Vele,WR,2025,17,2026,9,9,0.0,4.104421615600586,False,56
Devaughn Vele,WR,2025,17,2026,10,10,0.0,3.932697772979736,False,63
Devaughn Vele,WR,2025,17,2026,11,11,0.0,3.809968948364258,False,70
Devaughn Vele,WR,2025,17,2026,12,12,0.0,3.704355716705322,False,77
Devaughn Vele,WR,2025,17,2026,13,13,0.0,3.672312259674072,False,84
Devaughn Vele,WR,2025,17,2026,14,14,0.0,3.639042854309082,False,91
Devaughn Vele,WR,2025,17,2026,15,15,0.0,3.6383886337280273,False,98
Devaughn Vele,WR,2025,17,2026,16,16,0.0,3.6421289443969727,False,105
Devaughn Vele,WR,2025,17,2026,17,17,0.0,3.639085292816162,False,112
Devin Duvernay,WR,2025,17,2026,1,1,0.0,1.4814839363098145,False,0
Devin Duvernay,WR,2025,17,2026,2,2,0.0,1.5070207118988037,False,7
Devin Duvernay,WR,2025,17,2026,3,3,0.0,1.4641644954681396,False,14
Devin Duvernay,WR,2025,17,2026,4,4,0.0,1.408127784729004,False,21
Devin Duvernay,WR,2025,17,2026,5,5,0.0,1.3312709331512451,False,28
Devin Duvernay,WR,2025,17,2026,6,6,0.0,1.2798426151275637,False,35
Devin Duvernay,WR,2025,17,2026,7,7,0.0,1.219477891921997,False,42
Devin Duvernay,WR,2025,17,2026,8,8,0.0,1.2188289165496826,False,49
Devin Duvernay,WR,2025,17,2026,9,9,0.0,1.222999095916748,False,56
Devin Duvernay,WR,2025,17,2026,10,10,0.0,1.2083446979522705,False,63
Devin Duvernay,WR,2025,17,2026,11,11,0.0,1.2303099632263184,False,70
Devin Duvernay,WR,2025,17,2026,12,12,0.0,1.266160249710083,False,77
Devin Duvernay,WR,2025,17,2026,13,13,0.0,1.307485818862915,False,84
Devin Duvernay,WR,2025,17,2026,14,14,0.0,1.338937520980835,False,91
Devin Duvernay,WR,2025,17,2026,15,15,0.0,1.3695664405822754,False,98
Devin Duvernay,WR,2025,17,2026,16,16,0.0,1.4018194675445557,False,105
Devin Duvernay,WR,2025,17,2026,17,17,0.0,1.432347536087036,False,112
Devin Singletary,RB,2025,17,2026,1,1,0.0,4.885711669921875,False,0
Devin Singletary,RB,2025,17,2026,2,2,0.0,4.607016563415527,False,7
Devin Singletary,RB,2025,17,2026,3,3,0.0,4.42977237701416,False,14
Devin Singletary,RB,2025,17,2026,4,4,0.0,4.2376885414123535,False,21
Devin Singletary,RB,2025,17,2026,5,5,0.0,4.007986068725586,False,28
Devin Singletary,RB,2025,17,2026,6,6,0.0,3.673213243484497,False,35
Devin Singletary,RB,2025,17,2026,7,7,0.0,3.3610053062438965,False,42
Devin Singletary,RB,2025,17,2026,8,8,0.0,3.107640027999878,False,49
Devin Singletary,RB,2025,17,2026,9,9,0.0,2.8742270469665527,False,56
Devin Singletary,RB,2025,17,2026,10,10,0.0,2.7068471908569336,False,63
Devin Singletary,RB,2025,17,2026,11,11,0.0,2.596509456634521,False,70
Devin Singletary,RB,2025,17,2026,12,12,0.0,2.519820213317871,False,77
Devin Singletary,RB,2025,17,2026,13,13,0.0,2.504843711853028,False,84
Devin Singletary,RB,2025,17,2026,14,14,0.0,2.498283624649048,False,91
Devin Singletary,RB,2025,17,2026,15,15,0.0,2.518402576446533,False,98
Devin Singletary,RB,2025,17,2026,16,16,0.0,2.548316478729248,False,105
Devin Singletary,RB,2025,17,2026,17,17,0.0,2.5785160064697266,False,112
Devontez Walker,WR,2025,17,2026,1,1,0.0,2.607251644134521,False,0
Devontez Walker,WR,2025,17,2026,2,2,0.0,2.6776697635650635,False,7
Devontez Walker,WR,2025,17,2026,3,3,0.0,2.71238112449646,False,14
Devontez Walker,WR,2025,17,2026,4,4,0.0,2.745995044708252,False,21
Devontez Walker,WR,2025,17,2026,5,5,0.0,2.7532501220703125,False,28
Devontez Walker,WR,2025,17,2026,6,6,0.0,2.8019747734069824,False,35
Devontez Walker,WR,2025,17,2026,7,7,0.0,2.845736503601074,False,42
Devontez Walker,WR,2025,17,2026,8,8,0.0,2.9619054794311523,False,49
Devontez Walker,WR,2025,17,2026,9,9,0.0,3.0601601600646973,False,56
Devontez Walker,WR,2025,17,2026,10,10,0.0,3.136184930801392,False,63
Devontez Walker,WR,2025,17,2026,11,11,0.0,3.247932910919189,False,70
Devontez Walker,WR,2025,17,2026,12,12,0.0,3.334982395172119,False,77
Devontez Walker,WR,2025,17,2026,13,13,0.0,3.407456874847412,False,84
Devontez Walker,WR,2025,17,2026,14,14,0.0,3.469655513763428,False,91
Devontez Walker,WR,2025,17,2026,15,15,0.0,3.4972095489501958,False,98
Devontez Walker,WR,2025,17,2026,16,16,0.0,3.551399707794189,False,105
Devontez Walker,WR,2025,17,2026,17,17,0.0,3.555177688598633,False,112
Dohnte Meyers,WR,2025,17,2026,1,1,0.0,1.8102068901062007,False,0
Dohnte Meyers,WR,2025,17,2026,2,2,0.0,1.82989239692688,False,7
Dohnte Meyers,WR,2025,17,2026,3,3,0.0,1.8091709613800049,False,14
Dohnte Meyers,WR,2025,17,2026,4,4,0.0,1.7855613231658936,False,21
Dohnte Meyers,WR,2025,17,2026,5,5,0.0,1.735051155090332,False,28
Dohnte Meyers,WR,2025,17,2026,6,6,0.0,1.7042393684387207,False,35
Dohnte Meyers,WR,2025,17,2026,7,7,0.0,1.6625511646270752,False,42
Dohnte Meyers,WR,2025,17,2026,8,8,0.0,1.6842029094696045,False,49
Dohnte Meyers,WR,2025,17,2026,9,9,0.0,1.7178118228912354,False,56
Dohnte Meyers,WR,2025,17,2026,10,10,0.0,1.7424099445343018,False,63
Dohnte Meyers,WR,2025,17,2026,11,11,0.0,1.818999528884888,False,70
Dohnte Meyers,WR,2025,17,2026,12,12,0.0,1.9113948345184328,False,77
Dohnte Meyers,WR,2025,17,2026,13,13,0.0,2.0084807872772217,False,84
Dohnte Meyers,WR,2025,17,2026,14,14,0.0,2.0964808464050293,False,91
Dohnte Meyers,WR,2025,17,2026,15,15,0.0,2.1657609939575195,False,98
Dohnte Meyers,WR,2025,17,2026,16,16,0.0,2.2566065788269043,False,105
Dohnte Meyers,WR,2025,17,2026,17,17,0.0,2.330039024353028,False,112
Dontayvion Wicks,WR,2025,17,2026,1,1,0.0,6.322964668273926,False,0
Dontayvion Wicks,WR,2025,17,2026,2,2,0.0,6.1081085205078125,False,7
Dontayvion Wicks,WR,2025,17,2026,3,3,0.0,6.2281694412231445,False,14
Dontayvion Wicks,WR,2025,17,2026,4,4,0.0,6.493346214294434,False,21
Dontayvion Wicks,WR,2025,17,2026,5,5,0.0,6.792996406555176,False,28
Dontayvion Wicks,WR,2025,17,2026,6,6,0.0,6.961194038391113,False,35
Dontayvion Wicks,WR,2025,17,2026,7,7,0.0,6.998176574707031,False,42
Dontayvion Wicks,WR,2025,17,2026,8,8,0.0,6.993006706237793,False,49
Dontayvion Wicks,WR,2025,17,2026,9,9,0.0,6.912952423095703,False,56
Dontayvion Wicks,WR,2025,17,2026,10,10,0.0,6.839266300201416,False,63
Dontayvion Wicks,WR,2025,17,2026,11,11,0.0,6.801229000091553,False,70
Dontayvion Wicks,WR,2025,17,2026,12,12,0.0,6.759425163269043,False,77
Dontayvion Wicks,WR,2025,17,2026,13,13,0.0,6.72321891784668,False,84
Dontayvion Wicks,WR,2025,17,2026,14,14,0.0,6.678218841552734,False,91
Dontayvion Wicks,WR,2025,17,2026,15,15,0.0,6.632009506225586,False,98
Dontayvion Wicks,WR,2025,17,2026,16,16,0.0,6.616015434265137,False,105
Dontayvion Wicks,WR,2025,17,2026,17,17,0.0,6.580179214477539,False,112
Drake London,WR,2025,17,2026,1,1,0.0,12.795883178710938,False,0
Drake London,WR,2025,17,2026,2,2,0.0,13.043283462524414,False,7
Drake London,WR,2025,17,2026,3,3,0.0,13.06922435760498,False,14
Drake London,WR,2025,17,2026,4,4,0.0,13.296168327331545,False,21
Drake London,WR,2025,17,2026,5,5,0.0,13.596966743469238,False,28
Drake London,WR,2025,17,2026,6,6,0.0,13.780439376831056,False,35
Drake London,WR,2025,17,2026,7,7,0.0,13.947351455688477,False,42
Drake London,WR,2025,17,2026,8,8,0.0,13.952545166015623,False,49
Drake London,WR,2025,17,2026,9,9,0.0,13.902358055114746,False,56
Drake London,WR,2025,17,2026,10,10,0.0,13.858057975769045,False,63
Drake London,WR,2025,17,2026,11,11,0.0,13.825769424438477,False,70
Drake London,WR,2025,17,2026,12,12,0.0,13.78984832763672,False,77
Drake London,WR,2025,17,2026,13,13,0.0,13.76621437072754,False,84
Drake London,WR,2025,17,2026,14,14,0.0,13.70768928527832,False,91
Drake London,WR,2025,17,2026,15,15,0.0,13.678262710571287,False,98
Drake London,WR,2025,17,2026,16,16,0.0,13.599821090698242,False,105
Drake London,WR,2025,17,2026,17,17,0.0,13.484891891479492,False,112
Dyami Brown,WR,2025,17,2026,1,1,0.0,3.296200752258301,False,0
Dyami Brown,WR,2025,17,2026,2,2,0.0,3.317392110824585,False,7
Dyami Brown,WR,2025,17,2026,3,3,0.0,3.3522095680236816,False,14
Dyami Brown,WR,2025,17,2026,4,4,0.0,3.389275074005127,False,21
Dyami Brown,WR,2025,17,2026,5,5,0.0,3.404862880706787,False,28
Dyami Brown,WR,2025,17,2026,6,6,0.0,3.40138840675354,False,35
Dyami Brown,WR,2025,17,2026,7,7,0.0,3.365903854370117,False,42
Dyami Brown,WR,2025,17,2026,8,8,0.0,3.366086006164551,False,49
Dyami Brown,WR,2025,17,2026,9,9,0.0,3.343334436416626,False,56
Dyami Brown,WR,2025,17,2026,10,10,0.0,3.3149678707122803,False,63
Dyami Brown,WR,2025,17,2026,11,11,0.0,3.320086717605591,False,70
Dyami Brown,WR,2025,17,2026,12,12,0.0,3.3173251152038574,False,77
Dyami Brown,WR,2025,17,2026,13,13,0.0,3.324896335601806,False,84
Dyami Brown,WR,2025,17,2026,14,14,0.0,3.325455904006958,False,91
Dyami Brown,WR,2025,17,2026,15,15,0.0,3.332918643951416,False,98
Dyami Brown,WR,2025,17,2026,16,16,0.0,3.36433219909668,False,105
Dyami Brown,WR,2025,17,2026,17,17,0.0,3.381917953491211,False,112
Dylan Laube,RB,2025,17,2026,1,1,0.0,2.8054604530334477,False,0
Dylan Laube,RB,2025,17,2026,2,2,0.0,2.907423973083496,False,7
Dylan Laube,RB,2025,17,2026,3,3,0.0,2.983640432357788,False,14
Dylan Laube,RB,2025,17,2026,4,4,0.0,3.055081844329834,False,21
Dylan Laube,RB,2025,17,2026,5,5,0.0,3.0977160930633545,False,28
Dylan Laube,RB,2025,17,2026,6,6,0.0,3.1356663703918457,False,35
Dylan Laube,RB,2025,17,2026,7,7,0.0,3.1447317600250244,False,42
Dylan Laube,RB,2025,17,2026,8,8,0.0,3.1966402530670166,False,49
Dylan Laube,RB,2025,17,2026,9,9,0.0,3.236917495727539,False,56
Dylan Laube,RB,2025,17,2026,10,10,0.0,3.275886297225952,False,63
Dylan Laube,RB,2025,17,2026,11,11,0.0,3.36466383934021,False,70
Dylan Laube,RB,2025,17,2026,12,12,0.0,3.46195650100708,False,77
Dylan Laube,RB,2025,17,2026,13,13,0.0,3.562688112258911,False,84
Dylan Laube,RB,2025,17,2026,14,14,0.0,3.652491331100464,False,91
Dylan Laube,RB,2025,17,2026,15,15,0.0,3.715098857879639,False,98
Dylan Laube,RB,2025,17,2026,16,16,0.0,3.814175844192505,False,105
Dylan Laube,RB,2025,17,2026,17,17,0.0,3.879462242126465,False,112
Dylan Sampson,RB,2025,17,2026,1,1,0.0,6.462318420410156,False,0
Dylan Sampson,RB,2025,17,2026,2,2,0.0,6.342078685760498,False,7
Dylan Sampson,RB,2025,17,2026,3,3,0.0,6.388850212097168,False,14
Dylan Sampson,RB,2025,17,2026,4,4,0.0,6.498778343200684,False,21
Dylan Sampson,RB,2025,17,2026,5,5,0.0,6.58910083770752,False,28
Dylan Sampson,RB,2025,17,2026,6,6,0.0,6.5060224533081055,False,35
Dylan Sampson,RB,2025,17,2026,7,7,0.0,6.322588443756104,False,42
Dylan Sampson,RB,2025,17,2026,8,8,0.0,6.116724967956543,False,49
Dylan Sampson,RB,2025,17,2026,9,9,0.0,5.874550819396973,False,56
Dylan Sampson,RB,2025,17,2026,10,10,0.0,5.674011707305908,False,63
Dylan Sampson,RB,2025,17,2026,11,11,0.0,5.489804267883301,False,70
Dylan Sampson,RB,2025,17,2026,12,12,0.0,5.295986175537109,False,77
Dylan Sampson,RB,2025,17,2026,13,13,0.0,5.165774345397949,False,84
Dylan Sampson,RB,2025,17,2026,14,14,0.0,5.054718971252441,False,91
Dylan Sampson,RB,2025,17,2026,15,15,0.0,4.9891862869262695,False,98
Dylan Sampson,RB,2025,17,2026,16,16,0.0,4.949222564697266,False,105
Dylan Sampson,RB,2025,17,2026,17,17,0.0,4.902823448181152,False,112
Efton Chism III,WR,2025,17,2026,1,1,0.0,2.3509979248046875,False,0
Efton Chism III,WR,2025,17,2026,2,2,0.0,2.472071409225464,False,7
Efton Chism III,WR,2025,17,2026,3,3,0.0,2.5166714191436768,False,14
Efton Chism III,WR,2025,17,2026,4,4,0.0,2.5563790798187256,False,21
Efton Chism III,WR,2025,17,2026,5,5,0.0,2.566030502319336,False,28
Efton Chism III,WR,2025,17,2026,6,6,0.0,2.597453594207764,False,35
Efton Chism III,WR,2025,17,2026,7,7,0.0,2.603933572769165,False,42
Efton Chism III,WR,2025,17,2026,8,8,0.0,2.6684257984161377,False,49
Efton Chism III,WR,2025,17,2026,9,9,0.0,2.7231273651123047,False,56
Efton Chism III,WR,2025,17,2026,10,10,0.0,2.76862907409668,False,63
Efton Chism III,WR,2025,17,2026,11,11,0.0,2.849125862121582,False,70
Efton Chism III,WR,2025,17,2026,12,12,0.0,2.910747766494751,False,77
Efton Chism III,WR,2025,17,2026,13,13,0.0,2.958485841751098,False,84
Efton Chism III,WR,2025,17,2026,14,14,0.0,2.9864695072174072,False,91
Efton Chism III,WR,2025,17,2026,15,15,0.0,2.9923315048217773,False,98
Efton Chism III,WR,2025,17,2026,16,16,0.0,3.023730754852295,False,105
Efton Chism III,WR,2025,17,2026,17,17,0.0,3.030104637145996,False,112
Eli Heidenreich,RB,2025,17,2026,1,1,0.0,1.8121516704559328,False,0
Eli Heidenreich,RB,2025,17,2026,2,2,0.0,1.832533359527588,False,7
Eli Heidenreich,RB,2025,17,2026,3,3,0.0,1.812946081161499,False,14
Eli Heidenreich,RB,2025,17,2026,4,4,0.0,1.7904372215270996,False,21
Eli Heidenreich,RB,2025,17,2026,5,5,0.0,1.7407464981079102,False,28
Eli Heidenreich,RB,2025,17,2026,6,6,0.0,1.7109594345092771,False,35
Eli Heidenreich,RB,2025,17,2026,7,7,0.0,1.670203447341919,False,42
Eli Heidenreich,RB,2025,17,2026,8,8,0.0,1.692965745925903,False,49
Eli Heidenreich,RB,2025,17,2026,9,9,0.0,1.7277061939239502,False,56
Eli Heidenreich,RB,2025,17,2026,10,10,0.0,1.7533574104309082,False,63
Eli Heidenreich,RB,2025,17,2026,11,11,0.0,1.8311262130737305,False,70
Eli Heidenreich,RB,2025,17,2026,12,12,0.0,1.924328327178955,False,77
Eli Heidenreich,RB,2025,17,2026,13,13,0.0,2.0220112800598145,False,84
Eli Heidenreich,RB,2025,17,2026,14,14,0.0,2.110616683959961,False,91
Eli Heidenreich,RB,2025,17,2026,15,15,0.0,2.1801161766052246,False,98
Eli Heidenreich,RB,2025,17,2026,16,16,0.0,2.2715539932250977,False,105
Eli Heidenreich,RB,2025,17,2026,17,17,0.0,2.345243453979492,False,112
Elic Ayomanor,WR,2025,17,2026,1,1,0.0,8.856179237365723,False,0
Elic Ayomanor,WR,2025,17,2026,2,2,0.0,8.620237350463867,False,7
Elic Ayomanor,WR,2025,17,2026,3,3,0.0,8.531749725341797,False,14
Elic Ayomanor,WR,2025,17,2026,4,4,0.0,8.323527336120605,False,21
Elic Ayomanor,WR,2025,17,2026,5,5,0.0,7.956444263458252,False,28
Elic Ayomanor,WR,2025,17,2026,6,6,0.0,7.391510486602783,False,35
Elic Ayomanor,WR,2025,17,2026,7,7,0.0,6.875558376312256,False,42
Elic Ayomanor,WR,2025,17,2026,8,8,0.0,6.406028747558594,False,49
Elic Ayomanor,WR,2025,17,2026,9,9,0.0,5.973575592041016,False,56
Elic Ayomanor,WR,2025,17,2026,10,10,0.0,5.672203540802002,False,63
Elic Ayomanor,WR,2025,17,2026,11,11,0.0,5.450456619262695,False,70
Elic Ayomanor,WR,2025,17,2026,12,12,0.0,5.2691650390625,False,77
Elic Ayomanor,WR,2025,17,2026,13,13,0.0,5.180930137634277,False,84
Elic Ayomanor,WR,2025,17,2026,14,14,0.0,5.094500541687012,False,91
Elic Ayomanor,WR,2025,17,2026,15,15,0.0,5.051649570465088,False,98
Elic Ayomanor,WR,2025,17,2026,16,16,0.0,5.014985084533691,False,105
Elic Ayomanor,WR,2025,17,2026,17,17,0.0,4.964470863342285,False,112
Elijah Moore,WR,2025,17,2026,1,1,0.0,1.5396628379821775,False,0
Elijah Moore,WR,2025,17,2026,2,2,0.0,1.4890518188476562,False,7
Elijah Moore,WR,2025,17,2026,3,3,0.0,1.4155197143554688,False,14
Elijah Moore,WR,2025,17,2026,4,4,0.0,1.343559741973877,False,21
Elijah Moore,WR,2025,17,2026,5,5,0.0,1.2547616958618164,False,28
Elijah Moore,WR,2025,17,2026,6,6,0.0,1.194326639175415,False,35
Elijah Moore,WR,2025,17,2026,7,7,0.0,1.1258845329284668,False,42
Elijah Moore,WR,2025,17,2026,8,8,0.0,1.115940809249878,False,49
Elijah Moore,WR,2025,17,2026,9,9,0.0,1.1076297760009766,False,56
Elijah Moore,WR,2025,17,2026,10,10,0.0,1.073575496673584,False,63
Elijah Moore,WR,2025,17,2026,11,11,0.0,1.0809407234191897,False,70
Elijah Moore,WR,2025,17,2026,12,12,0.0,1.1032583713531494,False,77
Elijah Moore,WR,2025,17,2026,13,13,0.0,1.1394169330596924,False,84
Elijah Moore,WR,2025,17,2026,14,14,0.0,1.1660280227661133,False,91
Elijah Moore,WR,2025,17,2026,15,15,0.0,1.1948506832122805,False,98
Elijah Moore,WR,2025,17,2026,16,16,0.0,1.2218828201293943,False,105
Elijah Moore,WR,2025,17,2026,17,17,0.0,1.2443647384643557,False,112
Elijah Sarratt,WR,2025,17,2026,1,1,0.0,1.8106493949890137,False,0
Elijah Sarratt,WR,2025,17,2026,2,2,0.0,1.8304088115692136,False,7
Elijah Sarratt,WR,2025,17,2026,3,3,0.0,1.8097832202911377,False,14
Elijah Sarratt,WR,2025,17,2026,4,4,0.0,1.7862708568572998,False,21
Elijah Sarratt,WR,2025,17,2026,5,5,0.0,1.7358388900756836,False,28
Elijah Sarratt,WR,2025,17,2026,6,6,0.0,1.7051196098327637,False,35
Elijah Sarratt,WR,2025,17,2026,7,7,0.0,1.6635150909423828,False,42
Elijah Sarratt,WR,2025,17,2026,8,8,0.0,1.6852643489837646,False,49
Elijah Sarratt,WR,2025,17,2026,9,9,0.0,1.7189688682556152,False,56
Elijah Sarratt,WR,2025,17,2026,10,10,0.0,1.7436630725860596,False,63
Elijah Sarratt,WR,2025,17,2026,11,11,0.0,1.820356369018555,False,70
Elijah Sarratt,WR,2025,17,2026,12,12,0.0,1.9128224849700928,False,77
Elijah Sarratt,WR,2025,17,2026,13,13,0.0,2.009964227676392,False,84
Elijah Sarratt,WR,2025,17,2026,14,14,0.0,2.098020553588867,False,91
Elijah Sarratt,WR,2025,17,2026,15,15,0.0,2.1673226356506348,False,98
Elijah Sarratt,WR,2025,17,2026,16,16,0.0,2.258228302001953,False,105
Elijah Sarratt,WR,2025,17,2026,17,17,0.0,2.3316874504089355,False,112
Emanuel Wilson,RB,2025,17,2026,1,1,0.0,3.6356992721557617,False,0
Emanuel Wilson,RB,2025,17,2026,2,2,0.0,3.3093180656433105,False,7
Emanuel Wilson,RB,2025,17,2026,3,3,0.0,3.0557870864868164,False,14
Emanuel Wilson,RB,2025,17,2026,4,4,0.0,2.789644241333008,False,21
Emanuel Wilson,RB,2025,17,2026,5,5,0.0,2.510446786880493,False,28
Emanuel Wilson,RB,2025,17,2026,6,6,0.0,2.1762890815734863,False,35
Emanuel Wilson,RB,2025,17,2026,7,7,0.0,1.861583948135376,False,42
Emanuel Wilson,RB,2025,17,2026,8,8,0.0,1.6388108730316162,False,49
Emanuel Wilson,RB,2025,17,2026,9,9,0.0,1.4823715686798096,False,56
Emanuel Wilson,RB,2025,17,2026,10,10,0.0,1.3866033554077148,False,63
Emanuel Wilson,RB,2025,17,2026,11,11,0.0,1.3292927742004397,False,70
Emanuel Wilson,RB,2025,17,2026,12,12,0.0,1.275160789489746,False,77
Emanuel Wilson,RB,2025,17,2026,13,13,0.0,1.2741758823394775,False,84
Emanuel Wilson,RB,2025,17,2026,14,14,0.0,1.2709567546844482,False,91
Emanuel Wilson,RB,2025,17,2026,15,15,0.0,1.296553373336792,False,98
Emanuel Wilson,RB,2025,17,2026,16,16,0.0,1.3109581470489502,False,105
Emanuel Wilson,RB,2025,17,2026,17,17,0.0,1.3151240348815918,False,112
Emari Demercado,RB,2025,17,2026,1,1,0.0,5.017354488372803,False,0
Emari Demercado,RB,2025,17,2026,2,2,0.0,4.8196001052856445,False,7
Emari Demercado,RB,2025,17,2026,3,3,0.0,4.647747039794922,False,14
Emari Demercado,RB,2025,17,2026,4,4,0.0,4.441907405853272,False,21
Emari Demercado,RB,2025,17,2026,5,5,0.0,4.194151878356934,False,28
Emari Demercado,RB,2025,17,2026,6,6,0.0,3.857973575592041,False,35
Emari Demercado,RB,2025,17,2026,7,7,0.0,3.554837942123413,False,42
Emari Demercado,RB,2025,17,2026,8,8,0.0,3.297391891479492,False,49
Emari Demercado,RB,2025,17,2026,9,9,0.0,3.0678629875183105,False,56
Emari Demercado,RB,2025,17,2026,10,10,0.0,2.923637866973877,False,63
Emari Demercado,RB,2025,17,2026,11,11,0.0,2.8247523307800293,False,70
Emari Demercado,RB,2025,17,2026,12,12,0.0,2.743746757507324,False,77
Emari Demercado,RB,2025,17,2026,13,13,0.0,2.727818012237549,False,84
Emari Demercado,RB,2025,17,2026,14,14,0.0,2.7165231704711914,False,91
Emari Demercado,RB,2025,17,2026,15,15,0.0,2.7302818298339844,False,98
Emari Demercado,RB,2025,17,2026,16,16,0.0,2.752232789993286,False,105
Emari Demercado,RB,2025,17,2026,17,17,0.0,2.77930212020874,False,112
Emeka Egbuka,WR,2025,17,2026,1,1,0.0,14.249732971191406,False,0
Emeka Egbuka,WR,2025,17,2026,2,2,0.0,14.216360092163086,False,7
Emeka Egbuka,WR,2025,17,2026,3,3,0.0,14.172807693481444,False,14
Emeka Egbuka,WR,2025,17,2026,4,4,0.0,14.407096862792969,False,21
Emeka Egbuka,WR,2025,17,2026,5,5,0.0,14.607175827026367,False,28
Emeka Egbuka,WR,2025,17,2026,6,6,0.0,14.655000686645508,False,35
Emeka Egbuka,WR,2025,17,2026,7,7,0.0,14.612496376037598,False,42
Emeka Egbuka,WR,2025,17,2026,8,8,0.0,14.57007884979248,False,49
Emeka Egbuka,WR,2025,17,2026,9,9,0.0,14.523723602294922,False,56
Emeka Egbuka,WR,2025,17,2026,10,10,0.0,14.485962867736816,False,63
Emeka Egbuka,WR,2025,17,2026,11,11,0.0,14.45306396484375,False,70
Emeka Egbuka,WR,2025,17,2026,12,12,0.0,14.412761688232422,False,77
Emeka Egbuka,WR,2025,17,2026,13,13,0.0,14.38740348815918,False,84
Emeka Egbuka,WR,2025,17,2026,14,14,0.0,14.32887840270996,False,91
Emeka Egbuka,WR,2025,17,2026,15,15,0.0,14.298376083374023,False,98
Emeka Egbuka,WR,2025,17,2026,16,16,0.0,14.220447540283203,False,105
Emeka Egbuka,WR,2025,17,2026,17,17,0.0,14.10052490234375,False,112
Emmett Johnson,RB,2025,17,2026,1,1,0.0,1.8111348152160645,False,0
Emmett Johnson,RB,2025,17,2026,2,2,0.0,1.8314175605773928,False,7
Emmett Johnson,RB,2025,17,2026,3,3,0.0,1.8115968704223635,False,14
Emmett Johnson,RB,2025,17,2026,4,4,0.0,1.788818120956421,False,21
Emmett Johnson,RB,2025,17,2026,5,5,0.0,1.738902568817139,False,28
Emmett Johnson,RB,2025,17,2026,6,6,0.0,1.708833932876587,False,35
Emmett Johnson,RB,2025,17,2026,7,7,0.0,1.6678199768066406,False,42
Emmett Johnson,RB,2025,17,2026,8,8,0.0,1.690284013748169,False,49
Emmett Johnson,RB,2025,17,2026,9,9,0.0,1.7247333526611328,False,56
Emmett Johnson,RB,2025,17,2026,10,10,0.0,1.750102996826172,False,63
Emmett Johnson,RB,2025,17,2026,11,11,0.0,1.8275620937347408,False,70
Emmett Johnson,RB,2025,17,2026,12,12,0.0,1.9205615520477293,False,77
Emmett Johnson,RB,2025,17,2026,13,13,0.0,2.018092632293701,False,84
Emmett Johnson,RB,2025,17,2026,14,14,0.0,2.1065475940704346,False,91
Emmett Johnson,RB,2025,17,2026,15,15,0.0,2.1759941577911377,False,98
Emmett Johnson,RB,2025,17,2026,16,16,0.0,2.267280578613281,False,105
Emmett Johnson,RB,2025,17,2026,17,17,0.0,2.3409266471862797,False,112
Garrett Wilson,WR,2025,17,2026,1,1,0.0,8.581524848937988,False,0
Garrett Wilson,WR,2025,17,2026,2,2,0.0,8.47022819519043,False,7
Garrett Wilson,WR,2025,17,2026,3,3,0.0,8.767288208007812,False,14
Garrett Wilson,WR,2025,17,2026,4,4,0.0,9.186634063720703,False,21
Garrett Wilson,WR,2025,17,2026,5,5,0.0,9.616491317749023,False,28
Garrett Wilson,WR,2025,17,2026,6,6,0.0,9.980304718017578,False,35
Garrett Wilson,WR,2025,17,2026,7,7,0.0,10.265701293945312,False,42
Garrett Wilson,WR,2025,17,2026,8,8,0.0,10.334185600280762,False,49
Garrett Wilson,WR,2025,17,2026,9,9,0.0,10.213874816894531,False,56
Garrett Wilson,WR,2025,17,2026,10,10,0.0,10.058982849121094,False,63
Garrett Wilson,WR,2025,17,2026,11,11,0.0,9.936529159545898,False,70
Garrett Wilson,WR,2025,17,2026,12,12,0.0,9.82826042175293,False,77
Garrett Wilson,WR,2025,17,2026,13,13,0.0,9.753841400146484,False,84
Garrett Wilson,WR,2025,17,2026,14,14,0.0,9.677663803100586,False,91
Garrett Wilson,WR,2025,17,2026,15,15,0.0,9.614802360534668,False,98
Garrett Wilson,WR,2025,17,2026,16,16,0.0,9.551204681396484,False,105
Garrett Wilson,WR,2025,17,2026,17,17,0.0,9.466779708862305,False,112
George Holani,RB,2025,17,2026,1,1,0.0,3.730250835418701,False,0
George Holani,RB,2025,17,2026,2,2,0.0,3.707505226135254,False,7
George Holani,RB,2025,17,2026,3,3,0.0,3.651926279067993,False,14
George Holani,RB,2025,17,2026,4,4,0.0,3.573471069335937,False,21
George Holani,RB,2025,17,2026,5,5,0.0,3.4572343826293945,False,28
George Holani,RB,2025,17,2026,6,6,0.0,3.262699604034424,False,35
George Holani,RB,2025,17,2026,7,7,0.0,3.044804573059082,False,42
George Holani,RB,2025,17,2026,8,8,0.0,2.862074851989746,False,49
George Holani,RB,2025,17,2026,9,9,0.0,2.671263694763184,False,56
George Holani,RB,2025,17,2026,10,10,0.0,2.525965690612793,False,63
George Holani,RB,2025,17,2026,11,11,0.0,2.4415650367736816,False,70
George Holani,RB,2025,17,2026,12,12,0.0,2.3836686611175537,False,77
George Holani,RB,2025,17,2026,13,13,0.0,2.3834662437438965,False,84
George Holani,RB,2025,17,2026,14,14,0.0,2.3923771381378174,False,91
George Holani,RB,2025,17,2026,15,15,0.0,2.4221713542938232,False,98
George Holani,RB,2025,17,2026,16,16,0.0,2.464273452758789,False,105
George Holani,RB,2025,17,2026,17,17,0.0,2.5043795108795166,False,112
George Pickens,WR,2025,17,2026,1,1,0.0,17.882535934448242,False,0
George Pickens,WR,2025,17,2026,2,2,0.0,17.84726905822754,False,7
George Pickens,WR,2025,17,2026,3,3,0.0,17.84438133239746,False,14
George Pickens,WR,2025,17,2026,4,4,0.0,17.839933395385742,False,21
George Pickens,WR,2025,17,2026,5,5,0.0,17.832759857177734,False,28
George Pickens,WR,2025,17,2026,6,6,0.0,17.83121681213379,False,35
George Pickens,WR,2025,17,2026,7,7,0.0,17.858552932739258,False,42
George Pickens,WR,2025,17,2026,8,8,0.0,17.873746871948242,False,49
George Pickens,WR,2025,17,2026,9,9,0.0,17.87168312072754,False,56
George Pickens,WR,2025,17,2026,10,10,0.0,17.90544319152832,False,63
George Pickens,WR,2025,17,2026,11,11,0.0,17.86463737487793,False,70
George Pickens,WR,2025,17,2026,12,12,0.0,17.77752113342285,False,77
George Pickens,WR,2025,17,2026,13,13,0.0,17.683456420898438,False,84
George Pickens,WR,2025,17,2026,14,14,0.0,17.584205627441406,False,91
George Pickens,WR,2025,17,2026,15,15,0.0,17.50570297241211,False,98
George Pickens,WR,2025,17,2026,16,16,0.0,17.39666748046875,False,105
George Pickens,WR,2025,17,2026,17,17,0.0,17.217634201049805,False,112
Germie Bernard,WR,2025,17,2026,1,1,0.0,1.8106529712677,False,0
Germie Bernard,WR,2025,17,2026,2,2,0.0,1.830406188964844,False,7
Germie Bernard,WR,2025,17,2026,3,3,0.0,1.809767246246338,False,14
Germie Bernard,WR,2025,17,2026,4,4,0.0,1.7862434387207031,False,21
Germie Bernard,WR,2025,17,2026,5,5,0.0,1.7358028888702393,False,28
Germie Bernard,WR,2025,17,2026,6,6,0.0,1.705071210861206,False,35
Germie Bernard,WR,2025,17,2026,7,7,0.0,1.6634562015533447,False,42
Germie Bernard,WR,2025,17,2026,8,8,0.0,1.685192346572876,False,49
Germie Bernard,WR,2025,17,2026,9,9,0.0,1.718883991241455,False,56
Germie Bernard,WR,2025,17,2026,10,10,0.0,1.7435665130615234,False,63
Germie Bernard,WR,2025,17,2026,11,11,0.0,1.8202474117279053,False,70
Germie Bernard,WR,2025,17,2026,12,12,0.0,1.9127047061920168,False,77
Germie Bernard,WR,2025,17,2026,13,13,0.0,2.0098390579223637,False,84
Germie Bernard,WR,2025,17,2026,14,14,0.0,2.097888469696045,False,91
Germie Bernard,WR,2025,17,2026,15,15,0.0,2.167187452316284,False,98
Germie Bernard,WR,2025,17,2026,16,16,0.0,2.2580862045288086,False,105
Germie Bernard,WR,2025,17,2026,17,17,0.0,2.331542730331421,False,112
Hunter Luepke,RB,2025,17,2026,1,1,0.0,2.062297821044922,False,0
Hunter Luepke,RB,2025,17,2026,2,2,0.0,2.2680234909057617,False,7
Hunter Luepke,RB,2025,17,2026,3,3,0.0,2.379929780960083,False,14
Hunter Luepke,RB,2025,17,2026,4,4,0.0,2.4625113010406494,False,21
Hunter Luepke,RB,2025,17,2026,5,5,0.0,2.4953622817993164,False,28
Hunter Luepke,RB,2025,17,2026,6,6,0.0,2.553227424621582,False,35
Hunter Luepke,RB,2025,17,2026,7,7,0.0,2.597482681274414,False,42
Hunter Luepke,RB,2025,17,2026,8,8,0.0,2.7037692070007324,False,49
Hunter Luepke,RB,2025,17,2026,9,9,0.0,2.809945583343506,False,56
Hunter Luepke,RB,2025,17,2026,10,10,0.0,2.908928871154785,False,63
Hunter Luepke,RB,2025,17,2026,11,11,0.0,3.050234794616699,False,70
Hunter Luepke,RB,2025,17,2026,12,12,0.0,3.182199239730835,False,77
Hunter Luepke,RB,2025,17,2026,13,13,0.0,3.3001527786254883,False,84
Hunter Luepke,RB,2025,17,2026,14,14,0.0,3.4055521488189697,False,91
Hunter Luepke,RB,2025,17,2026,15,15,0.0,3.466017007827759,False,98
Hunter Luepke,RB,2025,17,2026,16,16,0.0,3.57084321975708,False,105
Hunter Luepke,RB,2025,17,2026,17,17,0.0,3.638314485549927,False,112
Isaac TeSlaa,WR,2025,17,2026,1,1,0.0,4.467457294464111,False,0
Isaac TeSlaa,WR,2025,17,2026,2,2,0.0,4.52157735824585,False,7
Isaac TeSlaa,WR,2025,17,2026,3,3,0.0,4.648114204406738,False,14
Isaac TeSlaa,WR,2025,17,2026,4,4,0.0,4.843142509460449,False,21
Isaac TeSlaa,WR,2025,17,2026,5,5,0.0,5.074795722961426,False,28
Isaac TeSlaa,WR,2025,17,2026,6,6,0.0,5.350612640380859,False,35
Isaac TeSlaa,WR,2025,17,2026,7,7,0.0,5.599217414855957,False,42
Isaac TeSlaa,WR,2025,17,2026,8,8,0.0,5.812679767608643,False,49
Isaac TeSlaa,WR,2025,17,2026,9,9,0.0,5.909693241119385,False,56
Isaac TeSlaa,WR,2025,17,2026,10,10,0.0,5.965062618255615,False,63
Isaac TeSlaa,WR,2025,17,2026,11,11,0.0,6.039626121520996,False,70
Isaac TeSlaa,WR,2025,17,2026,12,12,0.0,6.082468509674072,False,77
Isaac TeSlaa,WR,2025,17,2026,13,13,0.0,6.10066032409668,False,84
Isaac TeSlaa,WR,2025,17,2026,14,14,0.0,6.0976667404174805,False,91
Isaac TeSlaa,WR,2025,17,2026,15,15,0.0,6.0693559646606445,False,98
Isaac TeSlaa,WR,2025,17,2026,16,16,0.0,6.079840183258057,False,105
Isaac TeSlaa,WR,2025,17,2026,17,17,0.0,6.044654369354248,False,112
Isaiah Bond,WR,2025,17,2026,1,1,0.0,4.540223121643066,False,0
Isaiah Bond,WR,2025,17,2026,2,2,0.0,4.53661060333252,False,7
Isaiah Bond,WR,2025,17,2026,3,3,0.0,4.607079982757568,False,14
Isaiah Bond,WR,2025,17,2026,4,4,0.0,4.7412872314453125,False,21
Isaiah Bond,WR,2025,17,2026,5,5,0.0,4.902787208557129,False,28
Isaiah Bond,WR,2025,17,2026,6,6,0.0,5.099446296691895,False,35
Isaiah Bond,WR,2025,17,2026,7,7,0.0,5.289433479309082,False,42
Isaiah Bond,WR,2025,17,2026,8,8,0.0,5.477209568023682,False,49
Isaiah Bond,WR,2025,17,2026,9,9,0.0,5.533623695373535,False,56
Isaiah Bond,WR,2025,17,2026,10,10,0.0,5.500967025756836,False,63
Isaiah Bond,WR,2025,17,2026,11,11,0.0,5.453842639923096,False,70
Isaiah Bond,WR,2025,17,2026,12,12,0.0,5.346635818481445,False,77
Isaiah Bond,WR,2025,17,2026,13,13,0.0,5.23993730545044,False,84
Isaiah Bond,WR,2025,17,2026,14,14,0.0,5.136967658996582,False,91
Isaiah Bond,WR,2025,17,2026,15,15,0.0,5.0629167556762695,False,98
Isaiah Bond,WR,2025,17,2026,16,16,0.0,5.02481746673584,False,105
Isaiah Bond,WR,2025,17,2026,17,17,0.0,4.969986915588379,False,112
Isaiah Davis,RB,2025,17,2026,1,1,0.0,3.100823402404785,False,0
Isaiah Davis,RB,2025,17,2026,2,2,0.0,2.976768493652344,False,7
Isaiah Davis,RB,2025,17,2026,3,3,0.0,2.8286571502685547,False,14
Isaiah Davis,RB,2025,17,2026,4,4,0.0,2.665971517562866,False,21
Isaiah Davis,RB,2025,17,2026,5,5,0.0,2.4817113876342773,False,28
Isaiah Davis,RB,2025,17,2026,6,6,0.0,2.2395236492156982,False,35
Isaiah Davis,RB,2025,17,2026,7,7,0.0,1.976799488067627,False,42
Isaiah Davis,RB,2025,17,2026,8,8,0.0,1.7565128803253174,False,49
Isaiah Davis,RB,2025,17,2026,9,9,0.0,1.5749804973602295,False,56
Isaiah Davis,RB,2025,17,2026,10,10,0.0,1.4459028244018557,False,63
Isaiah Davis,RB,2025,17,2026,11,11,0.0,1.3737695217132568,False,70
Isaiah Davis,RB,2025,17,2026,12,12,0.0,1.319056272506714,False,77
Isaiah Davis,RB,2025,17,2026,13,13,0.0,1.3084053993225098,False,84
Isaiah Davis,RB,2025,17,2026,14,14,0.0,1.3031203746795654,False,91
Isaiah Davis,RB,2025,17,2026,15,15,0.0,1.3219566345214844,False,98
Isaiah Davis,RB,2025,17,2026,16,16,0.0,1.3409676551818848,False,105
Isaiah Davis,RB,2025,17,2026,17,17,0.0,1.3753702640533447,False,112
Isaiah Williams,WR,2025,17,2026,1,1,0.0,1.8095049858093264,False,0
Isaiah Williams,WR,2025,17,2026,2,2,0.0,1.8347198963165283,False,7
Isaiah Williams,WR,2025,17,2026,3,3,0.0,1.8221452236175537,False,14
Isaiah Williams,WR,2025,17,2026,4,4,0.0,1.8049232959747317,False,21
Isaiah Williams,WR,2025,17,2026,5,5,0.0,1.7595829963684082,False,28
Isaiah Williams,WR,2025,17,2026,6,6,0.0,1.7382729053497314,False,35
Isaiah Williams,WR,2025,17,2026,7,7,0.0,1.707331657409668,False,42
Isaiah Williams,WR,2025,17,2026,8,8,0.0,1.7406964302062988,False,49
Isaiah Williams,WR,2025,17,2026,9,9,0.0,1.7820861339569092,False,56
Isaiah Williams,WR,2025,17,2026,10,10,0.0,1.8097760677337649,False,63
Isaiah Williams,WR,2025,17,2026,11,11,0.0,1.8897700309753416,False,70
Isaiah Williams,WR,2025,17,2026,12,12,0.0,1.9783720970153809,False,77
Isaiah Williams,WR,2025,17,2026,13,13,0.0,2.070747375488281,False,84
Isaiah Williams,WR,2025,17,2026,14,14,0.0,2.147635698318481,False,91
Isaiah Williams,WR,2025,17,2026,15,15,0.0,2.2089056968688965,False,98
Isaiah Williams,WR,2025,17,2026,16,16,0.0,2.286582469940185,False,105
Isaiah Williams,WR,2025,17,2026,17,17,0.0,2.337152004241944,False,112
J. Michael Sturdivant,WR,2025,17,2026,1,1,0.0,1.8106324672698972,False,0
J. Michael Sturdivant,WR,2025,17,2026,2,2,0.0,1.8303797245025637,False,7
J. Michael Sturdivant,WR,2025,17,2026,3,3,0.0,1.809723138809204,False,14
J. Michael Sturdivant,WR,2025,17,2026,4,4,0.0,1.7861671447753906,False,21
J. Michael Sturdivant,WR,2025,17,2026,5,5,0.0,1.73569655418396,False,28
J. Michael Sturdivant,WR,2025,17,2026,6,6,0.0,1.7049221992492676,False,35
J. Michael Sturdivant,WR,2025,17,2026,7,7,0.0,1.6632671356201172,False,42
J. Michael Sturdivant,WR,2025,17,2026,8,8,0.0,1.684957504272461,False,49
J. Michael Sturdivant,WR,2025,17,2026,9,9,0.0,1.7186062335968018,False,56
J. Michael Sturdivant,WR,2025,17,2026,10,10,0.0,1.7432477474212646,False,63
J. Michael Sturdivant,WR,2025,17,2026,11,11,0.0,1.8198833465576167,False,70
J. Michael Sturdivant,WR,2025,17,2026,12,12,0.0,1.9123127460479736,False,77
J. Michael Sturdivant,WR,2025,17,2026,13,13,0.0,2.0094263553619385,False,84
J. Michael Sturdivant,WR,2025,17,2026,14,14,0.0,2.09745717048645,False,91
J. Michael Sturdivant,WR,2025,17,2026,15,15,0.0,2.1667497158050537,False,98
J. Michael Sturdivant,WR,2025,17,2026,16,16,0.0,2.257632255554199,False,105
J. Michael Sturdivant,WR,2025,17,2026,17,17,0.0,2.331090211868286,False,112
J.K. Dobbins,RB,2025,17,2026,1,1,0.0,4.199236869812012,False,0
J.K. Dobbins,RB,2025,17,2026,2,2,0.0,3.9908833503723145,False,7
J.K. Dobbins,RB,2025,17,2026,3,3,0.0,3.848809719085693,False,14
J.K. Dobbins,RB,2025,17,2026,4,4,0.0,3.681101083755493,False,21
J.K. Dobbins,RB,2025,17,2026,5,5,0.0,3.483250141143799,False,28
J.K. Dobbins,RB,2025,17,2026,6,6,0.0,3.209977388381958,False,35
J.K. Dobbins,RB,2025,17,2026,7,7,0.0,2.9384000301361084,False,42
J.K. Dobbins,RB,2025,17,2026,8,8,0.0,2.7054038047790527,False,49
J.K. Dobbins,RB,2025,17,2026,9,9,0.0,2.5113525390625,False,56
J.K. Dobbins,RB,2025,17,2026,10,10,0.0,2.3893752098083496,False,63
J.K. Dobbins,RB,2025,17,2026,11,11,0.0,2.3211562633514404,False,70
J.K. Dobbins,RB,2025,17,2026,12,12,0.0,2.273275852203369,False,77
J.K. Dobbins,RB,2025,17,2026,13,13,0.0,2.279892921447754,False,84
J.K. Dobbins,RB,2025,17,2026,14,14,0.0,2.289813041687012,False,91
J.K. Dobbins,RB,2025,17,2026,15,15,0.0,2.322816848754883,False,98
J.K. Dobbins,RB,2025,17,2026,16,16,0.0,2.36307692527771,False,105
J.K. Dobbins,RB,2025,17,2026,17,17,0.0,2.4050464630126958,False,112
Ja'Kobi Lane,WR,2025,17,2026,1,1,0.0,1.8106493949890137,False,0
Ja'Kobi Lane,WR,2025,17,2026,2,2,0.0,1.8304088115692136,False,7
Ja'Kobi Lane,WR,2025,17,2026,3,3,0.0,1.8097832202911377,False,14
Ja'Kobi Lane,WR,2025,17,2026,4,4,0.0,1.7862708568572998,False,21
Ja'Kobi Lane,WR,2025,17,2026,5,5,0.0,1.7358388900756836,False,28
Ja'Kobi Lane,WR,2025,17,2026,6,6,0.0,1.7051196098327637,False,35
Ja'Kobi Lane,WR,2025,17,2026,7,7,0.0,1.6635150909423828,False,42
Ja'Kobi Lane,WR,2025,17,2026,8,8,0.0,1.6852643489837646,False,49
Ja'Kobi Lane,WR,2025,17,2026,9,9,0.0,1.7189688682556152,False,56
Ja'Kobi Lane,WR,2025,17,2026,10,10,0.0,1.7436630725860596,False,63
Ja'Kobi Lane,WR,2025,17,2026,11,11,0.0,1.820356369018555,False,70
Ja'Kobi Lane,WR,2025,17,2026,12,12,0.0,1.9128224849700928,False,77
Ja'Kobi Lane,WR,2025,17,2026,13,13,0.0,2.009964227676392,False,84
Ja'Kobi Lane,WR,2025,17,2026,14,14,0.0,2.098020553588867,False,91
Ja'Kobi Lane,WR,2025,17,2026,15,15,0.0,2.1673226356506348,False,98
Ja'Kobi Lane,WR,2025,17,2026,16,16,0.0,2.258228302001953,False,105
Ja'Kobi Lane,WR,2025,17,2026,17,17,0.0,2.3316874504089355,False,112
Ja'Marr Chase,WR,2025,17,2026,1,1,0.0,17.69901466369629,False,0
Ja'Marr Chase,WR,2025,17,2026,2,2,0.0,17.548593521118164,False,7
Ja'Marr Chase,WR,2025,17,2026,3,3,0.0,17.33495330810547,False,14
Ja'Marr Chase,WR,2025,17,2026,4,4,0.0,17.200109481811523,False,21
Ja'Marr Chase,WR,2025,17,2026,5,5,0.0,17.115224838256836,False,28
Ja'Marr Chase,WR,2025,17,2026,6,6,0.0,17.038896560668945,False,35
Ja'Marr Chase,WR,2025,17,2026,7,7,0.0,17.013734817504883,False,42
Ja'Marr Chase,WR,2025,17,2026,8,8,0.0,16.991117477416992,False,49
Ja'Marr Chase,WR,2025,17,2026,9,9,0.0,16.961210250854492,False,56
Ja'Marr Chase,WR,2025,17,2026,10,10,0.0,16.96568489074707,False,63
Ja'Marr Chase,WR,2025,17,2026,11,11,0.0,16.922286987304688,False,70
Ja'Marr Chase,WR,2025,17,2026,12,12,0.0,16.850385665893555,False,77
Ja'Marr Chase,WR,2025,17,2026,13,13,0.0,16.784360885620117,False,84
Ja'Marr Chase,WR,2025,17,2026,14,14,0.0,16.70237922668457,False,91
Ja'Marr Chase,WR,2025,17,2026,15,15,0.0,16.640684127807617,False,98
Ja'Marr Chase,WR,2025,17,2026,16,16,0.0,16.541597366333008,False,105
Ja'Marr Chase,WR,2025,17,2026,17,17,0.0,16.375778198242188,False,112
Jack Bech,WR,2025,17,2026,1,1,0.0,4.033886432647705,False,0
Jack Bech,WR,2025,17,2026,2,2,0.0,4.052230358123779,False,7
Jack Bech,WR,2025,17,2026,3,3,0.0,4.158926010131836,False,14
Jack Bech,WR,2025,17,2026,4,4,0.0,4.331174373626709,False,21
Jack Bech,WR,2025,17,2026,5,5,0.0,4.537442207336426,False,28
Jack Bech,WR,2025,17,2026,6,6,0.0,4.83057165145874,False,35
Jack Bech,WR,2025,17,2026,7,7,0.0,5.154301643371582,False,42
Jack Bech,WR,2025,17,2026,8,8,0.0,5.523843765258789,False,49
Jack Bech,WR,2025,17,2026,9,9,0.0,5.781182765960693,False,56
Jack Bech,WR,2025,17,2026,10,10,0.0,5.932107448577881,False,63
Jack Bech,WR,2025,17,2026,11,11,0.0,6.069657802581787,False,70
Jack Bech,WR,2025,17,2026,12,12,0.0,6.13377571105957,False,77
Jack Bech,WR,2025,17,2026,13,13,0.0,6.134644508361816,False,84
Jack Bech,WR,2025,17,2026,14,14,0.0,6.085352897644043,False,91
Jack Bech,WR,2025,17,2026,15,15,0.0,5.989201545715332,False,98
Jack Bech,WR,2025,17,2026,16,16,0.0,5.906458377838135,False,105
Jack Bech,WR,2025,17,2026,17,17,0.0,5.785607814788818,False,112
Jacob Cowing,WR,2025,17,2026,1,1,0.0,2.004513025283813,False,0
Jacob Cowing,WR,2025,17,2026,2,2,0.0,2.097205638885498,False,7
Jacob Cowing,WR,2025,17,2026,3,3,0.0,2.137624740600586,False,14
Jacob Cowing,WR,2025,17,2026,4,4,0.0,2.1692843437194824,False,21
Jacob Cowing,WR,2025,17,2026,5,5,0.0,2.1698548793792725,False,28
Jacob Cowing,WR,2025,17,2026,6,6,0.0,2.1875314712524414,False,35
Jacob Cowing,WR,2025,17,2026,7,7,0.0,2.1867356300354004,False,42
Jacob Cowing,WR,2025,17,2026,8,8,0.0,2.244892835617065,False,49
Jacob Cowing,WR,2025,17,2026,9,9,0.0,2.30684757232666,False,56
Jacob Cowing,WR,2025,17,2026,10,10,0.0,2.364996910095215,False,63
Jacob Cowing,WR,2025,17,2026,11,11,0.0,2.46475887298584,False,70
Jacob Cowing,WR,2025,17,2026,12,12,0.0,2.563292980194092,False,77
Jacob Cowing,WR,2025,17,2026,13,13,0.0,2.6528682708740234,False,84
Jacob Cowing,WR,2025,17,2026,14,14,0.0,2.730825662612915,False,91
Jacob Cowing,WR,2025,17,2026,15,15,0.0,2.7742865085601807,False,98
Jacob Cowing,WR,2025,17,2026,16,16,0.0,2.846681594848633,False,105
Jacob Cowing,WR,2025,17,2026,17,17,0.0,2.8821535110473637,False,112
Jacob Saylors,RB,2025,17,2026,1,1,0.0,2.64469051361084,False,0
Jacob Saylors,RB,2025,17,2026,2,2,0.0,2.845176696777344,False,7
Jacob Saylors,RB,2025,17,2026,3,3,0.0,2.9664793014526367,False,14
Jacob Saylors,RB,2025,17,2026,4,4,0.0,3.0688016414642334,False,21
Jacob Saylors,RB,2025,17,2026,5,5,0.0,3.127143621444702,False,28
Jacob Saylors,RB,2025,17,2026,6,6,0.0,3.182146549224853,False,35
Jacob Saylors,RB,2025,17,2026,7,7,0.0,3.1964991092681885,False,42
Jacob Saylors,RB,2025,17,2026,8,8,0.0,3.255009651184082,False,49
Jacob Saylors,RB,2025,17,2026,9,9,0.0,3.2981550693511963,False,56
Jacob Saylors,RB,2025,17,2026,10,10,0.0,3.334362506866455,False,63
Jacob Saylors,RB,2025,17,2026,11,11,0.0,3.417718410491944,False,70
Jacob Saylors,RB,2025,17,2026,12,12,0.0,3.5051498413085938,False,77
Jacob Saylors,RB,2025,17,2026,13,13,0.0,3.5899157524108887,False,84
Jacob Saylors,RB,2025,17,2026,14,14,0.0,3.657556772232056,False,91
Jacob Saylors,RB,2025,17,2026,15,15,0.0,3.694830894470215,False,98
Jacob Saylors,RB,2025,17,2026,16,16,0.0,3.7546098232269287,False,105
Jacob Saylors,RB,2025,17,2026,17,17,0.0,3.773411750793457,False,112
Jacory Croskey-Merritt,RB,2025,17,2026,1,1,0.0,5.340152740478516,False,0
Jacory Croskey-Merritt,RB,2025,17,2026,2,2,0.0,5.240482330322266,False,7
Jacory Croskey-Merritt,RB,2025,17,2026,3,3,0.0,5.37667989730835,False,14
Jacory Croskey-Merritt,RB,2025,17,2026,4,4,0.0,5.599937915802002,False,21
Jacory Croskey-Merritt,RB,2025,17,2026,5,5,0.0,5.85330867767334,False,28
Jacory Croskey-Merritt,RB,2025,17,2026,6,6,0.0,6.092141151428223,False,35
Jacory Croskey-Merritt,RB,2025,17,2026,7,7,0.0,6.261209487915039,False,42
Jacory Croskey-Merritt,RB,2025,17,2026,8,8,0.0,6.376687049865723,False,49
Jacory Croskey-Merritt,RB,2025,17,2026,9,9,0.0,6.384160995483398,False,56
Jacory Croskey-Merritt,RB,2025,17,2026,10,10,0.0,6.3571367263793945,False,63
Jacory Croskey-Merritt,RB,2025,17,2026,11,11,0.0,6.361581325531006,False,70
Jacory Croskey-Merritt,RB,2025,17,2026,12,12,0.0,6.357426166534424,False,77
Jacory Croskey-Merritt,RB,2025,17,2026,13,13,0.0,6.343783855438232,False,84
Jacory Croskey-Merritt,RB,2025,17,2026,14,14,0.0,6.313250541687012,False,91
Jacory Croskey-Merritt,RB,2025,17,2026,15,15,0.0,6.272810935974121,False,98
Jacory Croskey-Merritt,RB,2025,17,2026,16,16,0.0,6.261159896850586,False,105
Jacory Croskey-Merritt,RB,2025,17,2026,17,17,0.0,6.228629112243652,False,112
Jadarian Price,RB,2025,17,2026,1,1,0.0,1.8125970363616943,False,0
Jadarian Price,RB,2025,17,2026,2,2,0.0,1.833016395568848,False,7
Jadarian Price,RB,2025,17,2026,3,3,0.0,1.8135128021240237,False,14
Jadarian Price,RB,2025,17,2026,4,4,0.0,1.7910990715026855,False,21
Jadarian Price,RB,2025,17,2026,5,5,0.0,1.7414867877960205,False,28
Jadarian Price,RB,2025,17,2026,6,6,0.0,1.7117931842803955,False,35
Jadarian Price,RB,2025,17,2026,7,7,0.0,1.671123504638672,False,42
Jadarian Price,RB,2025,17,2026,8,8,0.0,1.6939847469329834,False,49
Jadarian Price,RB,2025,17,2026,9,9,0.0,1.728823184967041,False,56
Jadarian Price,RB,2025,17,2026,10,10,0.0,1.7545695304870603,False,63
Jadarian Price,RB,2025,17,2026,11,11,0.0,1.8324434757232664,False,70
Jadarian Price,RB,2025,17,2026,12,12,0.0,1.9257152080535889,False,77
Jadarian Price,RB,2025,17,2026,13,13,0.0,2.0234508514404297,False,84
Jadarian Price,RB,2025,17,2026,14,14,0.0,2.1121091842651367,False,91
Jadarian Price,RB,2025,17,2026,15,15,0.0,2.181627988815308,False,98
Jadarian Price,RB,2025,17,2026,16,16,0.0,2.2731194496154785,False,105
Jadarian Price,RB,2025,17,2026,17,17,0.0,2.346827983856201,False,112
Jahan Dotson,WR,2025,17,2026,1,1,0.0,2.03139877319336,False,0
Jahan Dotson,WR,2025,17,2026,2,2,0.0,2.068312406539917,False,7
Jahan Dotson,WR,2025,17,2026,3,3,0.0,2.042855262756348,False,14
Jahan Dotson,WR,2025,17,2026,4,4,0.0,2.0050790309906006,False,21
Jahan Dotson,WR,2025,17,2026,5,5,0.0,1.9424829483032229,False,28
Jahan Dotson,WR,2025,17,2026,6,6,0.0,1.8934051990509035,False,35
Jahan Dotson,WR,2025,17,2026,7,7,0.0,1.8340849876403809,False,42
Jahan Dotson,WR,2025,17,2026,8,8,0.0,1.8325679302215576,False,49
Jahan Dotson,WR,2025,17,2026,9,9,0.0,1.829774618148804,False,56
Jahan Dotson,WR,2025,17,2026,10,10,0.0,1.810135841369629,False,63
Jahan Dotson,WR,2025,17,2026,11,11,0.0,1.824462652206421,False,70
Jahan Dotson,WR,2025,17,2026,12,12,0.0,1.8461668491363523,False,77
Jahan Dotson,WR,2025,17,2026,13,13,0.0,1.880674123764038,False,84
Jahan Dotson,WR,2025,17,2026,14,14,0.0,1.9112348556518557,False,91
Jahan Dotson,WR,2025,17,2026,15,15,0.0,1.940342664718628,False,98
Jahan Dotson,WR,2025,17,2026,16,16,0.0,1.983893156051636,False,105
Jahan Dotson,WR,2025,17,2026,17,17,0.0,2.0173873901367188,False,112
Jahdae Walker,WR,2025,17,2026,1,1,0.0,2.2585573196411133,False,0
Jahdae Walker,WR,2025,17,2026,2,2,0.0,2.353775978088379,False,7
Jahdae Walker,WR,2025,17,2026,3,3,0.0,2.3861308097839355,False,14
Jahdae Walker,WR,2025,17,2026,4,4,0.0,2.407303094863892,False,21
Jahdae Walker,WR,2025,17,2026,5,5,0.0,2.3977417945861816,False,28
Jahdae Walker,WR,2025,17,2026,6,6,0.0,2.40503478050232,False,35
Jahdae Walker,WR,2025,17,2026,7,7,0.0,2.395207405090332,False,42
Jahdae Walker,WR,2025,17,2026,8,8,0.0,2.4465317726135254,False,49
Jahdae Walker,WR,2025,17,2026,9,9,0.0,2.498986005783081,False,56
Jahdae Walker,WR,2025,17,2026,10,10,0.0,2.550473213195801,False,63
Jahdae Walker,WR,2025,17,2026,11,11,0.0,2.642564535140991,False,70
Jahdae Walker,WR,2025,17,2026,12,12,0.0,2.737886905670166,False,77
Jahdae Walker,WR,2025,17,2026,13,13,0.0,2.829705238342285,False,84
Jahdae Walker,WR,2025,17,2026,14,14,0.0,2.908965587615967,False,91
Jahdae Walker,WR,2025,17,2026,15,15,0.0,2.960113048553467,False,98
Jahdae Walker,WR,2025,17,2026,16,16,0.0,3.0398366451263428,False,105
Jahdae Walker,WR,2025,17,2026,17,17,0.0,3.087646007537842,False,112
Jahmyr Gibbs,RB,2025,17,2026,1,1,0.0,16.935428619384766,False,0
Jahmyr Gibbs,RB,2025,17,2026,2,2,0.0,16.532196044921875,False,7
Jahmyr Gibbs,RB,2025,17,2026,3,3,0.0,16.395795822143555,False,14
Jahmyr Gibbs,RB,2025,17,2026,4,4,0.0,16.23280143737793,False,21
Jahmyr Gibbs,RB,2025,17,2026,5,5,0.0,16.10991668701172,False,28
Jahmyr Gibbs,RB,2025,17,2026,6,6,0.0,15.977890968322754,False,35
Jahmyr Gibbs,RB,2025,17,2026,7,7,0.0,15.907501220703123,False,42
Jahmyr Gibbs,RB,2025,17,2026,8,8,0.0,15.84841537475586,False,49
Jahmyr Gibbs,RB,2025,17,2026,9,9,0.0,15.789199829101562,False,56
Jahmyr Gibbs,RB,2025,17,2026,10,10,0.0,15.75920295715332,False,63
Jahmyr Gibbs,RB,2025,17,2026,11,11,0.0,15.711992263793944,False,70
Jahmyr Gibbs,RB,2025,17,2026,12,12,0.0,15.65068531036377,False,77
Jahmyr Gibbs,RB,2025,17,2026,13,13,0.0,15.607516288757324,False,84
Jahmyr Gibbs,RB,2025,17,2026,14,14,0.0,15.535720825195312,False,91
Jahmyr Gibbs,RB,2025,17,2026,15,15,0.0,15.48978042602539,False,98
Jahmyr Gibbs,RB,2025,17,2026,16,16,0.0,15.39785385131836,False,105
Jahmyr Gibbs,RB,2025,17,2026,17,17,0.0,15.24941635131836,False,112
Jakobi Meyers,WR,2025,17,2026,1,1,0.0,12.28163719177246,False,0
Jakobi Meyers,WR,2025,17,2026,2,2,0.0,12.155828475952148,False,7
Jakobi Meyers,WR,2025,17,2026,3,3,0.0,12.122774124145508,False,14
Jakobi Meyers,WR,2025,17,2026,4,4,0.0,11.92137336730957,False,21
Jakobi Meyers,WR,2025,17,2026,5,5,0.0,11.644020080566406,False,28
Jakobi Meyers,WR,2025,17,2026,6,6,0.0,11.258722305297852,False,35
Jakobi Meyers,WR,2025,17,2026,7,7,0.0,10.948081016540527,False,42
Jakobi Meyers,WR,2025,17,2026,8,8,0.0,10.61550235748291,False,49
Jakobi Meyers,WR,2025,17,2026,9,9,0.0,10.26465129852295,False,56
Jakobi Meyers,WR,2025,17,2026,10,10,0.0,9.988151550292969,False,63
Jakobi Meyers,WR,2025,17,2026,11,11,0.0,9.788078308105469,False,70
Jakobi Meyers,WR,2025,17,2026,12,12,0.0,9.639721870422363,False,77
Jakobi Meyers,WR,2025,17,2026,13,13,0.0,9.523215293884276,False,84
Jakobi Meyers,WR,2025,17,2026,14,14,0.0,9.360538482666016,False,91
Jakobi Meyers,WR,2025,17,2026,15,15,0.0,9.210733413696287,False,98
Jakobi Meyers,WR,2025,17,2026,16,16,0.0,9.018072128295898,False,105
Jakobi Meyers,WR,2025,17,2026,17,17,0.0,8.814910888671875,False,112
Jalen Brooks,WR,2025,17,2026,1,1,0.0,1.581859111785889,False,0
Jalen Brooks,WR,2025,17,2026,2,2,0.0,1.6886489391326904,False,7
Jalen Brooks,WR,2025,17,2026,3,3,0.0,1.750579833984375,False,14
Jalen Brooks,WR,2025,17,2026,4,4,0.0,1.7952487468719482,False,21
Jalen Brooks,WR,2025,17,2026,5,5,0.0,1.7986783981323242,False,28
Jalen Brooks,WR,2025,17,2026,6,6,0.0,1.851550579071045,False,35
Jalen Brooks,WR,2025,17,2026,7,7,0.0,1.9003770351409912,False,42
Jalen Brooks,WR,2025,17,2026,8,8,0.0,2.028665065765381,False,49
Jalen Brooks,WR,2025,17,2026,9,9,0.0,2.1689510345458984,False,56
Jalen Brooks,WR,2025,17,2026,10,10,0.0,2.2938907146453857,False,63
Jalen Brooks,WR,2025,17,2026,11,11,0.0,2.4625251293182373,False,70
Jalen Brooks,WR,2025,17,2026,12,12,0.0,2.609400749206543,False,77
Jalen Brooks,WR,2025,17,2026,13,13,0.0,2.729237794876098,False,84
Jalen Brooks,WR,2025,17,2026,14,14,0.0,2.836508750915528,False,91
Jalen Brooks,WR,2025,17,2026,15,15,0.0,2.8946213722229004,False,98
Jalen Brooks,WR,2025,17,2026,16,16,0.0,2.9943342208862305,False,105
Jalen Brooks,WR,2025,17,2026,17,17,0.0,3.053288221359253,False,112
Jalen Coker,WR,2025,17,2026,1,1,0.0,8.472512245178223,False,0
Jalen Coker,WR,2025,17,2026,2,2,0.0,8.337058067321777,False,7
Jalen Coker,WR,2025,17,2026,3,3,0.0,8.28903865814209,False,14
Jalen Coker,WR,2025,17,2026,4,4,0.0,8.260461807250977,False,21
Jalen Coker,WR,2025,17,2026,5,5,0.0,8.183921813964844,False,28
Jalen Coker,WR,2025,17,2026,6,6,0.0,7.9160475730896,False,35
Jalen Coker,WR,2025,17,2026,7,7,0.0,7.565279006958008,False,42
Jalen Coker,WR,2025,17,2026,8,8,0.0,7.083057403564453,False,49
Jalen Coker,WR,2025,17,2026,9,9,0.0,6.509900093078613,False,56
Jalen Coker,WR,2025,17,2026,10,10,0.0,6.003001689910889,False,63
Jalen Coker,WR,2025,17,2026,11,11,0.0,5.608864784240723,False,70
Jalen Coker,WR,2025,17,2026,12,12,0.0,5.32833194732666,False,77
Jalen Coker,WR,2025,17,2026,13,13,0.0,5.190349578857422,False,84
Jalen Coker,WR,2025,17,2026,14,14,0.0,5.072094440460205,False,91
Jalen Coker,WR,2025,17,2026,15,15,0.0,5.021844863891602,False,98
Jalen Coker,WR,2025,17,2026,16,16,0.0,4.968625068664551,False,105
Jalen Coker,WR,2025,17,2026,17,17,0.0,4.906582355499268,False,112
Jalen McMillan,WR,2025,17,2026,1,1,0.0,4.048104286193848,False,0
Jalen McMillan,WR,2025,17,2026,2,2,0.0,3.970337152481079,False,7
Jalen McMillan,WR,2025,17,2026,3,3,0.0,3.96162486076355,False,14
Jalen McMillan,WR,2025,17,2026,4,4,0.0,3.96112585067749,False,21
Jalen McMillan,WR,2025,17,2026,5,5,0.0,3.940483808517456,False,28
Jalen McMillan,WR,2025,17,2026,6,6,0.0,3.8632969856262207,False,35
Jalen McMillan,WR,2025,17,2026,7,7,0.0,3.769078493118286,False,42
Jalen McMillan,WR,2025,17,2026,8,8,0.0,3.719671249389648,False,49
Jalen McMillan,WR,2025,17,2026,9,9,0.0,3.6707587242126474,False,56
Jalen McMillan,WR,2025,17,2026,10,10,0.0,3.643369436264038,False,63
Jalen McMillan,WR,2025,17,2026,11,11,0.0,3.651689052581787,False,70
Jalen McMillan,WR,2025,17,2026,12,12,0.0,3.664623260498047,False,77
Jalen McMillan,WR,2025,17,2026,13,13,0.0,3.682009220123291,False,84
Jalen McMillan,WR,2025,17,2026,14,14,0.0,3.679200172424317,False,91
Jalen McMillan,WR,2025,17,2026,15,15,0.0,3.675896167755127,False,98
Jalen McMillan,WR,2025,17,2026,16,16,0.0,3.690950393676758,False,105
Jalen McMillan,WR,2025,17,2026,17,17,0.0,3.6809372901916495,False,112
Jalen Nailor,WR,2025,17,2026,1,1,0.0,2.9567651748657227,False,0
Jalen Nailor,WR,2025,17,2026,2,2,0.0,2.955355167388916,False,7
Jalen Nailor,WR,2025,17,2026,3,3,0.0,2.984792709350586,False,14
Jalen Nailor,WR,2025,17,2026,4,4,0.0,3.039984703063965,False,21
Jalen Nailor,WR,2025,17,2026,5,5,0.0,3.079774141311645,False,28
Jalen Nailor,WR,2025,17,2026,6,6,0.0,3.1933789253234863,False,35
Jalen Nailor,WR,2025,17,2026,7,7,0.0,3.334773540496826,False,42
Jalen Nailor,WR,2025,17,2026,8,8,0.0,3.602118968963623,False,49
Jalen Nailor,WR,2025,17,2026,9,9,0.0,3.8951783180236816,False,56
Jalen Nailor,WR,2025,17,2026,10,10,0.0,4.179105281829834,False,63
Jalen Nailor,WR,2025,17,2026,11,11,0.0,4.495396137237549,False,70
Jalen Nailor,WR,2025,17,2026,12,12,0.0,4.703058242797852,False,77
Jalen Nailor,WR,2025,17,2026,13,13,0.0,4.813081741333008,False,84
Jalen Nailor,WR,2025,17,2026,14,14,0.0,4.851745128631592,False,91
Jalen Nailor,WR,2025,17,2026,15,15,0.0,4.822054862976074,False,98
Jalen Nailor,WR,2025,17,2026,16,16,0.0,4.796204090118408,False,105
Jalen Nailor,WR,2025,17,2026,17,17,0.0,4.697808265686035,False,112
Jalen Royals,WR,2025,17,2026,1,1,0.0,1.2581257820129397,False,0
Jalen Royals,WR,2025,17,2026,2,2,0.0,1.305868148803711,False,7
Jalen Royals,WR,2025,17,2026,3,3,0.0,1.283470630645752,False,14
Jalen Royals,WR,2025,17,2026,4,4,0.0,1.2380633354187012,False,21
Jalen Royals,WR,2025,17,2026,5,5,0.0,1.165776252746582,False,28
Jalen Royals,WR,2025,17,2026,6,6,0.0,1.1244451999664309,False,35
Jalen Royals,WR,2025,17,2026,7,7,0.0,1.0750792026519775,False,42
Jalen Royals,WR,2025,17,2026,8,8,0.0,1.085380792617798,False,49
Jalen Royals,WR,2025,17,2026,9,9,0.0,1.1052916049957275,False,56
Jalen Royals,WR,2025,17,2026,10,10,0.0,1.107043743133545,False,63
Jalen Royals,WR,2025,17,2026,11,11,0.0,1.154616117477417,False,70
Jalen Royals,WR,2025,17,2026,12,12,0.0,1.2184345722198486,False,77
Jalen Royals,WR,2025,17,2026,13,13,0.0,1.2804670333862305,False,84
Jalen Royals,WR,2025,17,2026,14,14,0.0,1.3292231559753418,False,91
Jalen Royals,WR,2025,17,2026,15,15,0.0,1.369701623916626,False,98
Jalen Royals,WR,2025,17,2026,16,16,0.0,1.411409854888916,False,105
Jalen Royals,WR,2025,17,2026,17,17,0.0,1.4549798965454102,False,112
Jalen Tolbert,WR,2025,17,2026,1,1,0.0,2.6621668338775635,False,0
Jalen Tolbert,WR,2025,17,2026,2,2,0.0,2.727680206298828,False,7
Jalen Tolbert,WR,2025,17,2026,3,3,0.0,2.829451084136963,False,14
Jalen Tolbert,WR,2025,17,2026,4,4,0.0,2.9418587684631348,False,21
Jalen Tolbert,WR,2025,17,2026,5,5,0.0,3.0300872325897217,False,28
Jalen Tolbert,WR,2025,17,2026,6,6,0.0,3.188359022140503,False,35
Jalen Tolbert,WR,2025,17,2026,7,7,0.0,3.358497142791748,False,42
Jalen Tolbert,WR,2025,17,2026,8,8,0.0,3.622445583343506,False,49
Jalen Tolbert,WR,2025,17,2026,9,9,0.0,3.8876798152923584,False,56
Jalen Tolbert,WR,2025,17,2026,10,10,0.0,4.125657081604004,False,63
Jalen Tolbert,WR,2025,17,2026,11,11,0.0,4.390758037567139,False,70
Jalen Tolbert,WR,2025,17,2026,12,12,0.0,4.594388484954834,False,77
Jalen Tolbert,WR,2025,17,2026,13,13,0.0,4.74583625793457,False,84
Jalen Tolbert,WR,2025,17,2026,14,14,0.0,4.866291999816895,False,91
Jalen Tolbert,WR,2025,17,2026,15,15,0.0,4.926371574401856,False,98
Jalen Tolbert,WR,2025,17,2026,16,16,0.0,5.023739814758301,False,105
Jalen Tolbert,WR,2025,17,2026,17,17,0.0,5.065253257751465,False,112
James Cook,RB,2025,17,2026,1,1,0.0,15.04772663116455,False,0
James Cook,RB,2025,17,2026,2,2,0.0,14.728947639465332,False,7
James Cook,RB,2025,17,2026,3,3,0.0,14.788307189941406,False,14
James Cook,RB,2025,17,2026,4,4,0.0,14.974702835083008,False,21
James Cook,RB,2025,17,2026,5,5,0.0,14.949527740478516,False,28
James Cook,RB,2025,17,2026,6,6,0.0,14.806072235107422,False,35
James Cook,RB,2025,17,2026,7,7,0.0,14.723289489746094,False,42
James Cook,RB,2025,17,2026,8,8,0.0,14.651537895202637,False,49
James Cook,RB,2025,17,2026,9,9,0.0,14.574799537658691,False,56
James Cook,RB,2025,17,2026,10,10,0.0,14.515796661376951,False,63
James Cook,RB,2025,17,2026,11,11,0.0,14.452418327331545,False,70
James Cook,RB,2025,17,2026,12,12,0.0,14.381522178649902,False,77
James Cook,RB,2025,17,2026,13,13,0.0,14.32486057281494,False,84
James Cook,RB,2025,17,2026,14,14,0.0,14.232219696044922,False,91
James Cook,RB,2025,17,2026,15,15,0.0,14.172621726989746,False,98
James Cook,RB,2025,17,2026,16,16,0.0,14.055639266967772,False,105
James Cook,RB,2025,17,2026,17,17,0.0,13.896318435668944,False,112
Jameson Williams,WR,2025,17,2026,1,1,0.0,14.55038833618164,False,0
Jameson Williams,WR,2025,17,2026,2,2,0.0,14.436685562133787,False,7
Jameson Williams,WR,2025,17,2026,3,3,0.0,14.297096252441406,False,14
Jameson Williams,WR,2025,17,2026,4,4,0.0,13.94137191772461,False,21
Jameson Williams,WR,2025,17,2026,5,5,0.0,13.735791206359863,False,28
Jameson Williams,WR,2025,17,2026,6,6,0.0,13.483174324035645,False,35
Jameson Williams,WR,2025,17,2026,7,7,0.0,13.31351089477539,False,42
Jameson Williams,WR,2025,17,2026,8,8,0.0,13.125445365905762,False,49
Jameson Williams,WR,2025,17,2026,9,9,0.0,12.897712707519531,False,56
Jameson Williams,WR,2025,17,2026,10,10,0.0,12.65481185913086,False,63
Jameson Williams,WR,2025,17,2026,11,11,0.0,12.419669151306152,False,70
Jameson Williams,WR,2025,17,2026,12,12,0.0,12.237686157226562,False,77
Jameson Williams,WR,2025,17,2026,13,13,0.0,12.120302200317385,False,84
Jameson Williams,WR,2025,17,2026,14,14,0.0,12.00741481781006,False,91
Jameson Williams,WR,2025,17,2026,15,15,0.0,11.935809135437012,False,98
Jameson Williams,WR,2025,17,2026,16,16,0.0,11.82723331451416,False,105
Jameson Williams,WR,2025,17,2026,17,17,0.0,11.705379486083984,False,112
Jared Wayne,WR,2025,17,2026,1,1,0.0,3.485215902328491,False,0
Jared Wayne,WR,2025,17,2026,2,2,0.0,3.605771541595459,False,7
Jared Wayne,WR,2025,17,2026,3,3,0.0,3.728623867034912,False,14
Jared Wayne,WR,2025,17,2026,4,4,0.0,3.85136604309082,False,21
Jared Wayne,WR,2025,17,2026,5,5,0.0,3.945762872695923,False,28
Jared Wayne,WR,2025,17,2026,6,6,0.0,4.006552696228027,False,35
Jared Wayne,WR,2025,17,2026,7,7,0.0,4.019454002380371,False,42
Jared Wayne,WR,2025,17,2026,8,8,0.0,4.052740573883057,False,49
Jared Wayne,WR,2025,17,2026,9,9,0.0,4.064186096191406,False,56
Jared Wayne,WR,2025,17,2026,10,10,0.0,4.081397533416748,False,63
Jared Wayne,WR,2025,17,2026,11,11,0.0,4.147372722625732,False,70
Jared Wayne,WR,2025,17,2026,12,12,0.0,4.222579956054688,False,77
Jared Wayne,WR,2025,17,2026,13,13,0.0,4.301338195800781,False,84
Jared Wayne,WR,2025,17,2026,14,14,0.0,4.367119789123535,False,91
Jared Wayne,WR,2025,17,2026,15,15,0.0,4.4078755378723145,False,98
Jared Wayne,WR,2025,17,2026,16,16,0.0,4.4831132888793945,False,105
Jared Wayne,WR,2025,17,2026,17,17,0.0,4.524056434631348,False,112
Jauan Jennings,WR,2025,17,2026,1,1,0.0,11.73090934753418,False,0
Jauan Jennings,WR,2025,17,2026,2,2,0.0,11.99622917175293,False,7
Jauan Jennings,WR,2025,17,2026,3,3,0.0,12.328322410583496,False,14
Jauan Jennings,WR,2025,17,2026,4,4,0.0,12.549028396606444,False,21
Jauan Jennings,WR,2025,17,2026,5,5,0.0,12.908802032470703,False,28
Jauan Jennings,WR,2025,17,2026,6,6,0.0,13.208166122436523,False,35
Jauan Jennings,WR,2025,17,2026,7,7,0.0,13.47864055633545,False,42
Jauan Jennings,WR,2025,17,2026,8,8,0.0,13.592498779296877,False,49
Jauan Jennings,WR,2025,17,2026,9,9,0.0,13.565933227539062,False,56
Jauan Jennings,WR,2025,17,2026,10,10,0.0,13.532256126403809,False,63
Jauan Jennings,WR,2025,17,2026,11,11,0.0,13.516000747680664,False,70
Jauan Jennings,WR,2025,17,2026,12,12,0.0,13.49281883239746,False,77
Jauan Jennings,WR,2025,17,2026,13,13,0.0,13.472532272338867,False,84
Jauan Jennings,WR,2025,17,2026,14,14,0.0,13.419793128967283,False,91
Jauan Jennings,WR,2025,17,2026,15,15,0.0,13.387049674987791,False,98
Jauan Jennings,WR,2025,17,2026,16,16,0.0,13.314020156860352,False,105
Jauan Jennings,WR,2025,17,2026,17,17,0.0,13.203306198120115,False,112
Javonte Williams,RB,2025,17,2026,1,1,0.0,12.326847076416016,False,0
Javonte Williams,RB,2025,17,2026,2,2,0.0,11.94660758972168,False,7
Javonte Williams,RB,2025,17,2026,3,3,0.0,11.57614517211914,False,14
Javonte Williams,RB,2025,17,2026,4,4,0.0,11.099201202392578,False,21
Javonte Williams,RB,2025,17,2026,5,5,0.0,10.669108390808104,False,28
Javonte Williams,RB,2025,17,2026,6,6,0.0,10.073726654052734,False,35
Javonte Williams,RB,2025,17,2026,7,7,0.0,9.483746528625488,False,42
Javonte Williams,RB,2025,17,2026,8,8,0.0,8.810381889343262,False,49
Javonte Williams,RB,2025,17,2026,9,9,0.0,8.11904239654541,False,56
Javonte Williams,RB,2025,17,2026,10,10,0.0,7.597354412078857,False,63
Javonte Williams,RB,2025,17,2026,11,11,0.0,7.226698875427246,False,70
Javonte Williams,RB,2025,17,2026,12,12,0.0,6.970575332641602,False,77
Javonte Williams,RB,2025,17,2026,13,13,0.0,6.841150760650635,False,84
Javonte Williams,RB,2025,17,2026,14,14,0.0,6.70659065246582,False,91
Javonte Williams,RB,2025,17,2026,15,15,0.0,6.6409912109375,False,98
Javonte Williams,RB,2025,17,2026,16,16,0.0,6.5590434074401855,False,105
Javonte Williams,RB,2025,17,2026,17,17,0.0,6.44676399230957,False,112
Jaxon Smith-Njigba,WR,2025,17,2026,1,1,0.0,17.37926483154297,False,0
Jaxon Smith-Njigba,WR,2025,17,2026,2,2,0.0,17.369539260864258,False,7
Jaxon Smith-Njigba,WR,2025,17,2026,3,3,0.0,17.48661994934082,False,14
Jaxon Smith-Njigba,WR,2025,17,2026,4,4,0.0,17.904539108276367,False,21
Jaxon Smith-Njigba,WR,2025,17,2026,5,5,0.0,18.27584648132324,False,28
Jaxon Smith-Njigba,WR,2025,17,2026,6,6,0.0,18.663190841674805,False,35
Jaxon Smith-Njigba,WR,2025,17,2026,7,7,0.0,18.92354393005371,False,42
Jaxon Smith-Njigba,WR,2025,17,2026,8,8,0.0,18.979705810546875,False,49
Jaxon Smith-Njigba,WR,2025,17,2026,9,9,0.0,18.997228622436523,False,56
Jaxon Smith-Njigba,WR,2025,17,2026,10,10,0.0,19.061613082885746,False,63
Jaxon Smith-Njigba,WR,2025,17,2026,11,11,0.0,19.04402732849121,False,70
Jaxon Smith-Njigba,WR,2025,17,2026,12,12,0.0,18.96953773498535,False,77
Jaxon Smith-Njigba,WR,2025,17,2026,13,13,0.0,18.86787986755371,False,84
Jaxon Smith-Njigba,WR,2025,17,2026,14,14,0.0,18.76240921020508,False,91
Jaxon Smith-Njigba,WR,2025,17,2026,15,15,0.0,18.66127014160156,False,98
Jaxon Smith-Njigba,WR,2025,17,2026,16,16,0.0,18.544601440429688,False,105
Jaxon Smith-Njigba,WR,2025,17,2026,17,17,0.0,18.335206985473636,False,112
Jayden Reed,WR,2025,17,2026,1,1,0.0,12.140799522399902,False,0
Jayden Reed,WR,2025,17,2026,2,2,0.0,12.01437759399414,False,7
Jayden Reed,WR,2025,17,2026,3,3,0.0,11.925002098083496,False,14
Jayden Reed,WR,2025,17,2026,4,4,0.0,11.57050323486328,False,21
Jayden Reed,WR,2025,17,2026,5,5,0.0,11.154244422912598,False,28
Jayden Reed,WR,2025,17,2026,6,6,0.0,10.587686538696287,False,35
Jayden Reed,WR,2025,17,2026,7,7,0.0,10.063674926757812,False,42
Jayden Reed,WR,2025,17,2026,8,8,0.0,9.515413284301758,False,49
Jayden Reed,WR,2025,17,2026,9,9,0.0,8.947726249694824,False,56
Jayden Reed,WR,2025,17,2026,10,10,0.0,8.483134269714355,False,63
Jayden Reed,WR,2025,17,2026,11,11,0.0,8.125128746032715,False,70
Jayden Reed,WR,2025,17,2026,12,12,0.0,7.855105876922607,False,77
Jayden Reed,WR,2025,17,2026,13,13,0.0,7.687989234924316,False,84
Jayden Reed,WR,2025,17,2026,14,14,0.0,7.521145343780518,False,91
Jayden Reed,WR,2025,17,2026,15,15,0.0,7.413084030151367,False,98
Jayden Reed,WR,2025,17,2026,16,16,0.0,7.298937797546387,False,105
Jayden Reed,WR,2025,17,2026,17,17,0.0,7.161088943481445,False,112
Jaylen Waddle,WR,2025,17,2026,1,1,0.0,13.192754745483398,False,0
Jaylen Waddle,WR,2025,17,2026,2,2,0.0,13.468067169189451,False,7
Jaylen Waddle,WR,2025,17,2026,3,3,0.0,13.506343841552734,False,14
Jaylen Waddle,WR,2025,17,2026,4,4,0.0,13.79124927520752,False,21
Jaylen Waddle,WR,2025,17,2026,5,5,0.0,14.140018463134766,False,28
Jaylen Waddle,WR,2025,17,2026,6,6,0.0,14.304159164428713,False,35
Jaylen Waddle,WR,2025,17,2026,7,7,0.0,14.520620346069336,False,42
Jaylen Waddle,WR,2025,17,2026,8,8,0.0,14.667829513549805,False,49
Jaylen Waddle,WR,2025,17,2026,9,9,0.0,14.651012420654297,False,56
Jaylen Waddle,WR,2025,17,2026,10,10,0.0,14.627400398254396,False,63
Jaylen Waddle,WR,2025,17,2026,11,11,0.0,14.611723899841309,False,70
Jaylen Waddle,WR,2025,17,2026,12,12,0.0,14.582487106323242,False,77
Jaylen Waddle,WR,2025,17,2026,13,13,0.0,14.561271667480469,False,84
Jaylen Waddle,WR,2025,17,2026,14,14,0.0,14.506017684936523,False,91
Jaylen Waddle,WR,2025,17,2026,15,15,0.0,14.47629165649414,False,98
Jaylen Waddle,WR,2025,17,2026,16,16,0.0,14.400697708129885,False,105
Jaylen Waddle,WR,2025,17,2026,17,17,0.0,14.282851219177246,False,112
Jaylen Warren,RB,2025,17,2026,1,1,0.0,13.163768768310549,False,0
Jaylen Warren,RB,2025,17,2026,2,2,0.0,13.129880905151367,False,7
Jaylen Warren,RB,2025,17,2026,3,3,0.0,13.030010223388672,False,14
Jaylen Warren,RB,2025,17,2026,4,4,0.0,13.192068099975586,False,21
Jaylen Warren,RB,2025,17,2026,5,5,0.0,13.323114395141602,False,28
Jaylen Warren,RB,2025,17,2026,6,6,0.0,13.18739891052246,False,35
Jaylen Warren,RB,2025,17,2026,7,7,0.0,13.08231258392334,False,42
Jaylen Warren,RB,2025,17,2026,8,8,0.0,12.993022918701172,False,49
Jaylen Warren,RB,2025,17,2026,9,9,0.0,12.891021728515623,False,56
Jaylen Warren,RB,2025,17,2026,10,10,0.0,12.792431831359863,False,63
Jaylen Warren,RB,2025,17,2026,11,11,0.0,12.70434856414795,False,70
Jaylen Warren,RB,2025,17,2026,12,12,0.0,12.621826171875,False,77
Jaylen Warren,RB,2025,17,2026,13,13,0.0,12.550798416137695,False,84
Jaylen Warren,RB,2025,17,2026,14,14,0.0,12.437729835510254,False,91
Jaylen Warren,RB,2025,17,2026,15,15,0.0,12.36032485961914,False,98
Jaylen Warren,RB,2025,17,2026,16,16,0.0,12.225302696228027,False,105
Jaylen Warren,RB,2025,17,2026,17,17,0.0,12.068729400634766,False,112
Jaylen Wright,RB,2025,17,2026,1,1,0.0,5.5771918296813965,False,0
Jaylen Wright,RB,2025,17,2026,2,2,0.0,5.410871505737305,False,7
Jaylen Wright,RB,2025,17,2026,3,3,0.0,5.288145542144775,False,14
Jaylen Wright,RB,2025,17,2026,4,4,0.0,5.130678176879883,False,21
Jaylen Wright,RB,2025,17,2026,5,5,0.0,4.903426170349121,False,28
Jaylen Wright,RB,2025,17,2026,6,6,0.0,4.471302509307861,False,35
Jaylen Wright,RB,2025,17,2026,7,7,0.0,3.984706401824951,False,42
Jaylen Wright,RB,2025,17,2026,8,8,0.0,3.5506131649017334,False,49
Jaylen Wright,RB,2025,17,2026,9,9,0.0,3.250306844711304,False,56
Jaylen Wright,RB,2025,17,2026,10,10,0.0,3.0982487201690674,False,63
Jaylen Wright,RB,2025,17,2026,11,11,0.0,2.9991257190704346,False,70
Jaylen Wright,RB,2025,17,2026,12,12,0.0,2.912436485290528,False,77
Jaylen Wright,RB,2025,17,2026,13,13,0.0,2.897524356842041,False,84
Jaylen Wright,RB,2025,17,2026,14,14,0.0,2.8814260959625244,False,91
Jaylen Wright,RB,2025,17,2026,15,15,0.0,2.89945650100708,False,98
Jaylen Wright,RB,2025,17,2026,16,16,0.0,2.9177439212799072,False,105
Jaylen Wright,RB,2025,17,2026,17,17,0.0,2.933736562728882,False,112
Jaylin Lane,WR,2025,17,2026,1,1,0.0,4.285159111022949,False,0
Jaylin Lane,WR,2025,17,2026,2,2,0.0,4.309763908386231,False,7
Jaylin Lane,WR,2025,17,2026,3,3,0.0,4.349362373352051,False,14
Jaylin Lane,WR,2025,17,2026,4,4,0.0,4.421545028686523,False,21
Jaylin Lane,WR,2025,17,2026,5,5,0.0,4.493881702423096,False,28
Jaylin Lane,WR,2025,17,2026,6,6,0.0,4.529281139373779,False,35
Jaylin Lane,WR,2025,17,2026,7,7,0.0,4.504798889160156,False,42
Jaylin Lane,WR,2025,17,2026,8,8,0.0,4.470978260040283,False,49
Jaylin Lane,WR,2025,17,2026,9,9,0.0,4.3731184005737305,False,56
Jaylin Lane,WR,2025,17,2026,10,10,0.0,4.258318901062012,False,63
Jaylin Lane,WR,2025,17,2026,11,11,0.0,4.168060302734375,False,70
Jaylin Lane,WR,2025,17,2026,12,12,0.0,4.077864646911621,False,77
Jaylin Lane,WR,2025,17,2026,13,13,0.0,4.030898571014404,False,84
Jaylin Lane,WR,2025,17,2026,14,14,0.0,3.9955391883850098,False,91
Jaylin Lane,WR,2025,17,2026,15,15,0.0,3.97912073135376,False,98
Jaylin Lane,WR,2025,17,2026,16,16,0.0,3.987850427627564,False,105
Jaylin Lane,WR,2025,17,2026,17,17,0.0,3.977609157562256,False,112
Jaylin Noel,WR,2025,17,2026,1,1,0.0,5.017545223236084,False,0
Jaylin Noel,WR,2025,17,2026,2,2,0.0,4.991483688354492,False,7
Jaylin Noel,WR,2025,17,2026,3,3,0.0,5.091670036315918,False,14
Jaylin Noel,WR,2025,17,2026,4,4,0.0,5.243832588195801,False,21
Jaylin Noel,WR,2025,17,2026,5,5,0.0,5.388747215270996,False,28
Jaylin Noel,WR,2025,17,2026,6,6,0.0,5.444689750671387,False,35
Jaylin Noel,WR,2025,17,2026,7,7,0.0,5.421746730804443,False,42
Jaylin Noel,WR,2025,17,2026,8,8,0.0,5.396813869476318,False,49
Jaylin Noel,WR,2025,17,2026,9,9,0.0,5.331756591796875,False,56
Jaylin Noel,WR,2025,17,2026,10,10,0.0,5.29057502746582,False,63
Jaylin Noel,WR,2025,17,2026,11,11,0.0,5.290873527526856,False,70
Jaylin Noel,WR,2025,17,2026,12,12,0.0,5.2917561531066895,False,77
Jaylin Noel,WR,2025,17,2026,13,13,0.0,5.30429744720459,False,84
Jaylin Noel,WR,2025,17,2026,14,14,0.0,5.298844337463379,False,91
Jaylin Noel,WR,2025,17,2026,15,15,0.0,5.287983417510986,False,98
Jaylin Noel,WR,2025,17,2026,16,16,0.0,5.300512790679932,False,105
Jaylin Noel,WR,2025,17,2026,17,17,0.0,5.277228832244873,False,112
Jeremiyah Love,RB,2025,17,2026,1,1,0.0,1.8130922317504885,False,0
Jeremiyah Love,RB,2025,17,2026,2,2,0.0,1.833535432815552,False,7
Jeremiyah Love,RB,2025,17,2026,3,3,0.0,1.8141627311706543,False,14
Jeremiyah Love,RB,2025,17,2026,4,4,0.0,1.7918968200683594,False,21
Jeremiyah Love,RB,2025,17,2026,5,5,0.0,1.7424070835113523,False,28
Jeremiyah Love,RB,2025,17,2026,6,6,0.0,1.7128674983978271,False,35
Jeremiyah Love,RB,2025,17,2026,7,7,0.0,1.6723370552062988,False,42
Jeremiyah Love,RB,2025,17,2026,8,8,0.0,1.695359230041504,False,49
Jeremiyah Love,RB,2025,17,2026,9,9,0.0,1.7303545475006104,False,56
Jeremiyah Love,RB,2025,17,2026,10,10,0.0,1.7562487125396729,False,63
Jeremiyah Love,RB,2025,17,2026,11,11,0.0,1.8342835903167725,False,70
Jeremiyah Love,RB,2025,17,2026,12,12,0.0,1.9276585578918457,False,77
Jeremiyah Love,RB,2025,17,2026,13,13,0.0,2.0254697799682617,False,84
Jeremiyah Love,RB,2025,17,2026,14,14,0.0,2.114203929901123,False,91
Jeremiyah Love,RB,2025,17,2026,15,15,0.0,2.1837472915649414,False,98
Jeremiyah Love,RB,2025,17,2026,16,16,0.0,2.2753143310546875,False,105
Jeremiyah Love,RB,2025,17,2026,17,17,0.0,2.349038600921631,False,112
Jerry Jeudy,WR,2025,17,2026,1,1,0.0,10.685298919677734,False,0
Jerry Jeudy,WR,2025,17,2026,2,2,0.0,10.758630752563477,False,7
Jerry Jeudy,WR,2025,17,2026,3,3,0.0,10.844812393188477,False,14
Jerry Jeudy,WR,2025,17,2026,4,4,0.0,10.843658447265623,False,21
Jerry Jeudy,WR,2025,17,2026,5,5,0.0,10.715129852294922,False,28
Jerry Jeudy,WR,2025,17,2026,6,6,0.0,10.349851608276367,False,35
Jerry Jeudy,WR,2025,17,2026,7,7,0.0,10.012876510620115,False,42
Jerry Jeudy,WR,2025,17,2026,8,8,0.0,9.676057815551758,False,49
Jerry Jeudy,WR,2025,17,2026,9,9,0.0,9.360151290893556,False,56
Jerry Jeudy,WR,2025,17,2026,10,10,0.0,9.143108367919922,False,63
Jerry Jeudy,WR,2025,17,2026,11,11,0.0,8.988815307617188,False,70
Jerry Jeudy,WR,2025,17,2026,12,12,0.0,8.841949462890625,False,77
Jerry Jeudy,WR,2025,17,2026,13,13,0.0,8.698738098144531,False,84
Jerry Jeudy,WR,2025,17,2026,14,14,0.0,8.492012023925781,False,91
Jerry Jeudy,WR,2025,17,2026,15,15,0.0,8.296468734741211,False,98
Jerry Jeudy,WR,2025,17,2026,16,16,0.0,8.074442863464355,False,105
Jerry Jeudy,WR,2025,17,2026,17,17,0.0,7.864938735961914,False,112
Jimmy Horn Jr.,WR,2025,17,2026,1,1,0.0,1.5540859699249268,False,0
Jimmy Horn Jr.,WR,2025,17,2026,2,2,0.0,1.565209150314331,False,7
Jimmy Horn Jr.,WR,2025,17,2026,3,3,0.0,1.5124831199645996,False,14
Jimmy Horn Jr.,WR,2025,17,2026,4,4,0.0,1.4484877586364746,False,21
Jimmy Horn Jr.,WR,2025,17,2026,5,5,0.0,1.3663477897644043,False,28
Jimmy Horn Jr.,WR,2025,17,2026,6,6,0.0,1.3021128177642822,False,35
Jimmy Horn Jr.,WR,2025,17,2026,7,7,0.0,1.233973503112793,False,42
Jimmy Horn Jr.,WR,2025,17,2026,8,8,0.0,1.2227764129638672,False,49
Jimmy Horn Jr.,WR,2025,17,2026,9,9,0.0,1.2212843894958496,False,56
Jimmy Horn Jr.,WR,2025,17,2026,10,10,0.0,1.204563856124878,False,63
Jimmy Horn Jr.,WR,2025,17,2026,11,11,0.0,1.22796893119812,False,70
Jimmy Horn Jr.,WR,2025,17,2026,12,12,0.0,1.2707509994506836,False,77
Jimmy Horn Jr.,WR,2025,17,2026,13,13,0.0,1.3212294578552246,False,84
Jimmy Horn Jr.,WR,2025,17,2026,14,14,0.0,1.357707977294922,False,91
Jimmy Horn Jr.,WR,2025,17,2026,15,15,0.0,1.3940863609313965,False,98
Jimmy Horn Jr.,WR,2025,17,2026,16,16,0.0,1.4313607215881348,False,105
Jimmy Horn Jr.,WR,2025,17,2026,17,17,0.0,1.465463399887085,False,112
John Metchie III,WR,2025,17,2026,1,1,0.0,4.511832237243652,False,0
John Metchie III,WR,2025,17,2026,2,2,0.0,4.560020446777344,False,7
John Metchie III,WR,2025,17,2026,3,3,0.0,4.698452949523926,False,14
John Metchie III,WR,2025,17,2026,4,4,0.0,4.897563934326172,False,21
John Metchie III,WR,2025,17,2026,5,5,0.0,5.138123512268066,False,28
John Metchie III,WR,2025,17,2026,6,6,0.0,5.430266857147217,False,35
John Metchie III,WR,2025,17,2026,7,7,0.0,5.696845531463623,False,42
John Metchie III,WR,2025,17,2026,8,8,0.0,5.913679122924805,False,49
John Metchie III,WR,2025,17,2026,9,9,0.0,5.9842634201049805,False,56
John Metchie III,WR,2025,17,2026,10,10,0.0,5.98004674911499,False,63
John Metchie III,WR,2025,17,2026,11,11,0.0,5.984683036804199,False,70
John Metchie III,WR,2025,17,2026,12,12,0.0,5.947965621948242,False,77
John Metchie III,WR,2025,17,2026,13,13,0.0,5.887825012207031,False,84
John Metchie III,WR,2025,17,2026,14,14,0.0,5.795670509338379,False,91
John Metchie III,WR,2025,17,2026,15,15,0.0,5.6994171142578125,False,98
John Metchie III,WR,2025,17,2026,16,16,0.0,5.633656024932861,False,105
John Metchie III,WR,2025,17,2026,17,17,0.0,5.54543399810791,False,112
Jonah Coleman,RB,2025,17,2026,1,1,0.0,1.8122689723968504,False,0
Jonah Coleman,RB,2025,17,2026,2,2,0.0,1.832688331604004,False,7
Jonah Coleman,RB,2025,17,2026,3,3,0.0,1.8131113052368164,False,14
Jonah Coleman,RB,2025,17,2026,4,4,0.0,1.7905893325805664,False,21
Jonah Coleman,RB,2025,17,2026,5,5,0.0,1.740880250930786,False,28
Jonah Coleman,RB,2025,17,2026,6,6,0.0,1.7110586166381836,False,35
Jonah Coleman,RB,2025,17,2026,7,7,0.0,1.6702699661254885,False,42
Jonah Coleman,RB,2025,17,2026,8,8,0.0,1.6929965019226074,False,49
Jonah Coleman,RB,2025,17,2026,9,9,0.0,1.7277064323425293,False,56
Jonah Coleman,RB,2025,17,2026,10,10,0.0,1.753331422805786,False,63
Jonah Coleman,RB,2025,17,2026,11,11,0.0,1.8310704231262207,False,70
Jonah Coleman,RB,2025,17,2026,12,12,0.0,1.924257040023804,False,77
Jonah Coleman,RB,2025,17,2026,13,13,0.0,2.0219292640686035,False,84
Jonah Coleman,RB,2025,17,2026,14,14,0.0,2.110527276992798,False,91
Jonah Coleman,RB,2025,17,2026,15,15,0.0,2.180025577545166,False,98
Jonah Coleman,RB,2025,17,2026,16,16,0.0,2.2714591026306152,False,105
Jonah Coleman,RB,2025,17,2026,17,17,0.0,2.3451619148254395,False,112
Jonathan Mingo,WR,2025,17,2026,1,1,0.0,2.102041959762573,False,0
Jonathan Mingo,WR,2025,17,2026,2,2,0.0,2.2915313243865967,False,7
Jonathan Mingo,WR,2025,17,2026,3,3,0.0,2.378335952758789,False,14
Jonathan Mingo,WR,2025,17,2026,4,4,0.0,2.434926271438598,False,21
Jonathan Mingo,WR,2025,17,2026,5,5,0.0,2.446897029876709,False,28
Jonathan Mingo,WR,2025,17,2026,6,6,0.0,2.463517189025879,False,35
Jonathan Mingo,WR,2025,17,2026,7,7,0.0,2.460587501525879,False,42
Jonathan Mingo,WR,2025,17,2026,8,8,0.0,2.512035369873047,False,49
Jonathan Mingo,WR,2025,17,2026,9,9,0.0,2.5656886100769043,False,56
Jonathan Mingo,WR,2025,17,2026,10,10,0.0,2.617849826812744,False,63
Jonathan Mingo,WR,2025,17,2026,11,11,0.0,2.714648723602295,False,70
Jonathan Mingo,WR,2025,17,2026,12,12,0.0,2.8177647590637207,False,77
Jonathan Mingo,WR,2025,17,2026,13,13,0.0,2.9185149669647217,False,84
Jonathan Mingo,WR,2025,17,2026,14,14,0.0,3.009942054748535,False,91
Jonathan Mingo,WR,2025,17,2026,15,15,0.0,3.0683629512786865,False,98
Jonathan Mingo,WR,2025,17,2026,16,16,0.0,3.1643590927124023,False,105
Jonathan Mingo,WR,2025,17,2026,17,17,0.0,3.231527328491211,False,112
Jonathan Taylor,RB,2025,17,2026,1,1,0.0,16.470136642456055,False,0
Jonathan Taylor,RB,2025,17,2026,2,2,0.0,16.11891746520996,False,7
Jonathan Taylor,RB,2025,17,2026,3,3,0.0,16.038850784301758,False,14
Jonathan Taylor,RB,2025,17,2026,4,4,0.0,15.862750053405762,False,21
Jonathan Taylor,RB,2025,17,2026,5,5,0.0,15.728826522827148,False,28
Jonathan Taylor,RB,2025,17,2026,6,6,0.0,15.574469566345217,False,35
Jonathan Taylor,RB,2025,17,2026,7,7,0.0,15.488353729248049,False,42
Jonathan Taylor,RB,2025,17,2026,8,8,0.0,15.413213729858398,False,49
Jonathan Taylor,RB,2025,17,2026,9,9,0.0,15.33897876739502,False,56
Jonathan Taylor,RB,2025,17,2026,10,10,0.0,15.295101165771484,False,63
Jonathan Taylor,RB,2025,17,2026,11,11,0.0,15.237889289855955,False,70
Jonathan Taylor,RB,2025,17,2026,12,12,0.0,15.169496536254885,False,77
Jonathan Taylor,RB,2025,17,2026,13,13,0.0,15.118940353393556,False,84
Jonathan Taylor,RB,2025,17,2026,14,14,0.0,15.038188934326172,False,91
Jonathan Taylor,RB,2025,17,2026,15,15,0.0,14.98766040802002,False,98
Jonathan Taylor,RB,2025,17,2026,16,16,0.0,14.888079643249512,False,105
Jonathan Taylor,RB,2025,17,2026,17,17,0.0,14.738521575927734,False,112
Jonathon Brooks,RB,2025,17,2026,1,1,0.0,2.2276699542999268,False,0
Jonathon Brooks,RB,2025,17,2026,2,2,0.0,2.301095962524414,False,7
Jonathon Brooks,RB,2025,17,2026,3,3,0.0,2.2970995903015137,False,14
Jonathon Brooks,RB,2025,17,2026,4,4,0.0,2.277822256088257,False,21
Jonathon Brooks,RB,2025,17,2026,5,5,0.0,2.2284610271453857,False,28
Jonathon Brooks,RB,2025,17,2026,6,6,0.0,2.179379940032959,False,35
Jonathon Brooks,RB,2025,17,2026,7,7,0.0,2.1124184131622314,False,42
Jonathon Brooks,RB,2025,17,2026,8,8,0.0,2.1059393882751465,False,49
Jonathon Brooks,RB,2025,17,2026,9,9,0.0,2.107114315032959,False,56
Jonathon Brooks,RB,2025,17,2026,10,10,0.0,2.105382204055786,False,63
Jonathon Brooks,RB,2025,17,2026,11,11,0.0,2.151651382446289,False,70
Jonathon Brooks,RB,2025,17,2026,12,12,0.0,2.213137626647949,False,77
Jonathon Brooks,RB,2025,17,2026,13,13,0.0,2.28143310546875,False,84
Jonathon Brooks,RB,2025,17,2026,14,14,0.0,2.335264205932617,False,91
Jonathon Brooks,RB,2025,17,2026,15,15,0.0,2.376693725585937,False,98
Jonathon Brooks,RB,2025,17,2026,16,16,0.0,2.432336568832397,False,105
Jonathon Brooks,RB,2025,17,2026,17,17,0.0,2.466949462890625,False,112
Jordan Addison,WR,2025,17,2026,1,1,0.0,11.218017578125,False,0
Jordan Addison,WR,2025,17,2026,2,2,0.0,11.62112522125244,False,7
Jordan Addison,WR,2025,17,2026,3,3,0.0,11.788637161254885,False,14
Jordan Addison,WR,2025,17,2026,4,4,0.0,11.904565811157228,False,21
Jordan Addison,WR,2025,17,2026,5,5,0.0,12.15507698059082,False,28
Jordan Addison,WR,2025,17,2026,6,6,0.0,12.302816390991213,False,35
Jordan Addison,WR,2025,17,2026,7,7,0.0,12.41551113128662,False,42
Jordan Addison,WR,2025,17,2026,8,8,0.0,12.378894805908203,False,49
Jordan Addison,WR,2025,17,2026,9,9,0.0,12.260251998901367,False,56
Jordan Addison,WR,2025,17,2026,10,10,0.0,12.134235382080078,False,63
Jordan Addison,WR,2025,17,2026,11,11,0.0,12.029333114624023,False,70
Jordan Addison,WR,2025,17,2026,12,12,0.0,11.924219131469728,False,77
Jordan Addison,WR,2025,17,2026,13,13,0.0,11.823617935180664,False,84
Jordan Addison,WR,2025,17,2026,14,14,0.0,11.693126678466797,False,91
Jordan Addison,WR,2025,17,2026,15,15,0.0,11.591853141784668,False,98
Jordan Addison,WR,2025,17,2026,16,16,0.0,11.452840805053713,False,105
Jordan Addison,WR,2025,17,2026,17,17,0.0,11.303016662597656,False,112
Jordan James,RB,2025,17,2026,1,1,0.0,3.4324543476104736,False,0
Jordan James,RB,2025,17,2026,2,2,0.0,3.5359811782836914,False,7
Jordan James,RB,2025,17,2026,3,3,0.0,3.677378654479981,False,14
Jordan James,RB,2025,17,2026,4,4,0.0,3.835304260253906,False,21
Jordan James,RB,2025,17,2026,5,5,0.0,3.982909679412842,False,28
Jordan James,RB,2025,17,2026,6,6,0.0,4.144430160522461,False,35
Jordan James,RB,2025,17,2026,7,7,0.0,4.271475315093994,False,42
Jordan James,RB,2025,17,2026,8,8,0.0,4.406501293182373,False,49
Jordan James,RB,2025,17,2026,9,9,0.0,4.479437828063965,False,56
Jordan James,RB,2025,17,2026,10,10,0.0,4.529394149780273,False,63
Jordan James,RB,2025,17,2026,11,11,0.0,4.619561195373535,False,70
Jordan James,RB,2025,17,2026,12,12,0.0,4.702898025512695,False,77
Jordan James,RB,2025,17,2026,13,13,0.0,4.778687477111816,False,84
Jordan James,RB,2025,17,2026,14,14,0.0,4.837121963500977,False,91
Jordan James,RB,2025,17,2026,15,15,0.0,4.861410140991211,False,98
Jordan James,RB,2025,17,2026,16,16,0.0,4.915515899658203,False,105
Jordan James,RB,2025,17,2026,17,17,0.0,4.921077728271484,False,112
Jordan Mason,RB,2025,17,2026,1,1,0.0,5.131722927093506,False,0
Jordan Mason,RB,2025,17,2026,2,2,0.0,5.029386043548584,False,7
Jordan Mason,RB,2025,17,2026,3,3,0.0,5.122551918029785,False,14
Jordan Mason,RB,2025,17,2026,4,4,0.0,5.301196575164795,False,21
Jordan Mason,RB,2025,17,2026,5,5,0.0,5.50932502746582,False,28
Jordan Mason,RB,2025,17,2026,6,6,0.0,5.768290519714356,False,35
Jordan Mason,RB,2025,17,2026,7,7,0.0,6.064882278442383,False,42
Jordan Mason,RB,2025,17,2026,8,8,0.0,6.3943071365356445,False,49
Jordan Mason,RB,2025,17,2026,9,9,0.0,6.585708618164063,False,56
Jordan Mason,RB,2025,17,2026,10,10,0.0,6.664710998535156,False,63
Jordan Mason,RB,2025,17,2026,11,11,0.0,6.729399681091309,False,70
Jordan Mason,RB,2025,17,2026,12,12,0.0,6.746546745300293,False,77
Jordan Mason,RB,2025,17,2026,13,13,0.0,6.727743148803711,False,84
Jordan Mason,RB,2025,17,2026,14,14,0.0,6.679858207702637,False,91
Jordan Mason,RB,2025,17,2026,15,15,0.0,6.620833396911621,False,98
Jordan Mason,RB,2025,17,2026,16,16,0.0,6.594414710998535,False,105
Jordan Mason,RB,2025,17,2026,17,17,0.0,6.5472941398620605,False,112
Jordan Watkins,WR,2025,17,2026,1,1,0.0,3.465066432952881,False,0
Jordan Watkins,WR,2025,17,2026,2,2,0.0,3.5989489555358887,False,7
Jordan Watkins,WR,2025,17,2026,3,3,0.0,3.731764793395996,False,14
Jordan Watkins,WR,2025,17,2026,4,4,0.0,3.8699445724487305,False,21
Jordan Watkins,WR,2025,17,2026,5,5,0.0,3.991566181182861,False,28
Jordan Watkins,WR,2025,17,2026,6,6,0.0,4.105875492095947,False,35
Jordan Watkins,WR,2025,17,2026,7,7,0.0,4.175776481628418,False,42
Jordan Watkins,WR,2025,17,2026,8,8,0.0,4.254031181335449,False,49
Jordan Watkins,WR,2025,17,2026,9,9,0.0,4.288079261779785,False,56
Jordan Watkins,WR,2025,17,2026,10,10,0.0,4.315012454986572,False,63
Jordan Watkins,WR,2025,17,2026,11,11,0.0,4.387953758239746,False,70
Jordan Watkins,WR,2025,17,2026,12,12,0.0,4.461884498596191,False,77
Jordan Watkins,WR,2025,17,2026,13,13,0.0,4.532088756561279,False,84
Jordan Watkins,WR,2025,17,2026,14,14,0.0,4.5844316482543945,False,91
Jordan Watkins,WR,2025,17,2026,15,15,0.0,4.608096122741699,False,98
Jordan Watkins,WR,2025,17,2026,16,16,0.0,4.6618266105651855,False,105
Jordan Watkins,WR,2025,17,2026,17,17,0.0,4.673172950744629,False,112
Jordan Whittington,WR,2025,17,2026,1,1,0.0,1.6242444515228271,False,0
Jordan Whittington,WR,2025,17,2026,2,2,0.0,1.675562858581543,False,7
Jordan Whittington,WR,2025,17,2026,3,3,0.0,1.6530375480651855,False,14
Jordan Whittington,WR,2025,17,2026,4,4,0.0,1.626058578491211,False,21
Jordan Whittington,WR,2025,17,2026,5,5,0.0,1.575359344482422,False,28
Jordan Whittington,WR,2025,17,2026,6,6,0.0,1.5518436431884766,False,35
Jordan Whittington,WR,2025,17,2026,7,7,0.0,1.5145163536071775,False,42
Jordan Whittington,WR,2025,17,2026,8,8,0.0,1.541415452957153,False,49
Jordan Whittington,WR,2025,17,2026,9,9,0.0,1.573974847793579,False,56
Jordan Whittington,WR,2025,17,2026,10,10,0.0,1.5922467708587646,False,63
Jordan Whittington,WR,2025,17,2026,11,11,0.0,1.65775465965271,False,70
Jordan Whittington,WR,2025,17,2026,12,12,0.0,1.7369070053100586,False,77
Jordan Whittington,WR,2025,17,2026,13,13,0.0,1.8183865547180176,False,84
Jordan Whittington,WR,2025,17,2026,14,14,0.0,1.886148691177368,False,91
Jordan Whittington,WR,2025,17,2026,15,15,0.0,1.9378859996795652,False,98
Jordan Whittington,WR,2025,17,2026,16,16,0.0,2.003438234329224,False,105
Jordan Whittington,WR,2025,17,2026,17,17,0.0,2.047226905822754,False,112
Josh Cameron,WR,2025,17,2026,1,1,0.0,1.810856580734253,False,0
Josh Cameron,WR,2025,17,2026,2,2,0.0,1.8306493759155276,False,7
Josh Cameron,WR,2025,17,2026,3,3,0.0,1.8100366592407229,False,14
Josh Cameron,WR,2025,17,2026,4,4,0.0,1.7865328788757324,False,21
Josh Cameron,WR,2025,17,2026,5,5,0.0,1.7361078262329102,False,28
Josh Cameron,WR,2025,17,2026,6,6,0.0,1.7053892612457275,False,35
Josh Cameron,WR,2025,17,2026,7,7,0.0,1.6637859344482422,False,42
Josh Cameron,WR,2025,17,2026,8,8,0.0,1.685535907745361,False,49
Josh Cameron,WR,2025,17,2026,9,9,0.0,1.7192420959472656,False,56
Josh Cameron,WR,2025,17,2026,10,10,0.0,1.7439444065093994,False,63
Josh Cameron,WR,2025,17,2026,11,11,0.0,1.8206453323364256,False,70
Josh Cameron,WR,2025,17,2026,12,12,0.0,1.9131181240081787,False,77
Josh Cameron,WR,2025,17,2026,13,13,0.0,2.01026463508606,False,84
Josh Cameron,WR,2025,17,2026,14,14,0.0,2.0983285903930664,False,91
Josh Cameron,WR,2025,17,2026,15,15,0.0,2.167633533477783,False,98
Josh Cameron,WR,2025,17,2026,16,16,0.0,2.258549213409424,False,105
Josh Cameron,WR,2025,17,2026,17,17,0.0,2.332019805908203,False,112
Josh Downs,WR,2025,17,2026,1,1,0.0,7.172443389892578,False,0
Josh Downs,WR,2025,17,2026,2,2,0.0,6.931013584136963,False,7
Josh Downs,WR,2025,17,2026,3,3,0.0,7.045267105102539,False,14
Josh Downs,WR,2025,17,2026,4,4,0.0,7.30433464050293,False,21
Josh Downs,WR,2025,17,2026,5,5,0.0,7.560422420501709,False,28
Josh Downs,WR,2025,17,2026,6,6,0.0,7.609576225280762,False,35
Josh Downs,WR,2025,17,2026,7,7,0.0,7.539950847625732,False,42
Josh Downs,WR,2025,17,2026,8,8,0.0,7.460079193115234,False,49
Josh Downs,WR,2025,17,2026,9,9,0.0,7.33275032043457,False,56
Josh Downs,WR,2025,17,2026,10,10,0.0,7.234186172485352,False,63
Josh Downs,WR,2025,17,2026,11,11,0.0,7.180558681488037,False,70
Josh Downs,WR,2025,17,2026,12,12,0.0,7.132220268249512,False,77
Josh Downs,WR,2025,17,2026,13,13,0.0,7.090652942657471,False,84
Josh Downs,WR,2025,17,2026,14,14,0.0,7.037520408630371,False,91
Josh Downs,WR,2025,17,2026,15,15,0.0,6.985436916351318,False,98
Josh Downs,WR,2025,17,2026,16,16,0.0,6.954824447631836,False,105
Josh Downs,WR,2025,17,2026,17,17,0.0,6.908568382263184,False,112
Josh Palmer,WR,2025,17,2026,1,1,0.0,4.633718490600586,False,0
Josh Palmer,WR,2025,17,2026,2,2,0.0,4.714201927185059,False,7
Josh Palmer,WR,2025,17,2026,3,3,0.0,4.7012715339660645,False,14
Josh Palmer,WR,2025,17,2026,4,4,0.0,4.721742630004883,False,21
Josh Palmer,WR,2025,17,2026,5,5,0.0,4.764298439025879,False,28
Josh Palmer,WR,2025,17,2026,6,6,0.0,4.830794334411621,False,35
Josh Palmer,WR,2025,17,2026,7,7,0.0,4.900112152099609,False,42
Josh Palmer,WR,2025,17,2026,8,8,0.0,4.968758583068848,False,49
Josh Palmer,WR,2025,17,2026,9,9,0.0,4.900968551635742,False,56
Josh Palmer,WR,2025,17,2026,10,10,0.0,4.745578765869141,False,63
Josh Palmer,WR,2025,17,2026,11,11,0.0,4.587444305419922,False,70
Josh Palmer,WR,2025,17,2026,12,12,0.0,4.415678024291992,False,77
Josh Palmer,WR,2025,17,2026,13,13,0.0,4.310955047607422,False,84
Josh Palmer,WR,2025,17,2026,14,14,0.0,4.230096817016602,False,91
Josh Palmer,WR,2025,17,2026,15,15,0.0,4.187033653259277,False,98
Josh Palmer,WR,2025,17,2026,16,16,0.0,4.16435432434082,False,105
Josh Palmer,WR,2025,17,2026,17,17,0.0,4.108185291290283,False,112
Julius Chestnut,RB,2025,17,2026,1,1,0.0,2.5156381130218506,False,0
Julius Chestnut,RB,2025,17,2026,2,2,0.0,2.556464195251465,False,7
Julius Chestnut,RB,2025,17,2026,3,3,0.0,2.5404958724975586,False,14
Julius Chestnut,RB,2025,17,2026,4,4,0.0,2.50825834274292,False,21
Julius Chestnut,RB,2025,17,2026,5,5,0.0,2.444345712661743,False,28
Julius Chestnut,RB,2025,17,2026,6,6,0.0,2.367693901062012,False,35
Julius Chestnut,RB,2025,17,2026,7,7,0.0,2.2741599082946777,False,42
Julius Chestnut,RB,2025,17,2026,8,8,0.0,2.241659164428711,False,49
Julius Chestnut,RB,2025,17,2026,9,9,0.0,2.217287063598633,False,56
Julius Chestnut,RB,2025,17,2026,10,10,0.0,2.19376802444458,False,63
Julius Chestnut,RB,2025,17,2026,11,11,0.0,2.209143877029419,False,70
Julius Chestnut,RB,2025,17,2026,12,12,0.0,2.2311043739318848,False,77
Julius Chestnut,RB,2025,17,2026,13,13,0.0,2.25923228263855,False,84
Julius Chestnut,RB,2025,17,2026,14,14,0.0,2.274515151977539,False,91
Julius Chestnut,RB,2025,17,2026,15,15,0.0,2.292344093322754,False,98
Julius Chestnut,RB,2025,17,2026,16,16,0.0,2.3255534172058105,False,105
Julius Chestnut,RB,2025,17,2026,17,17,0.0,2.3506059646606445,False,112
Justice Hill,RB,2025,17,2026,1,1,0.0,3.1164426803588867,False,0
Justice Hill,RB,2025,17,2026,2,2,0.0,3.081747055053711,False,7
Justice Hill,RB,2025,17,2026,3,3,0.0,3.11966609954834,False,14
Justice Hill,RB,2025,17,2026,4,4,0.0,3.20051908493042,False,21
Justice Hill,RB,2025,17,2026,5,5,0.0,3.277295589447021,False,28
Justice Hill,RB,2025,17,2026,6,6,0.0,3.4254190921783447,False,35
Justice Hill,RB,2025,17,2026,7,7,0.0,3.596806287765503,False,42
Justice Hill,RB,2025,17,2026,8,8,0.0,3.87258505821228,False,49
Justice Hill,RB,2025,17,2026,9,9,0.0,4.131119728088379,False,56
Justice Hill,RB,2025,17,2026,10,10,0.0,4.3402628898620605,False,63
Justice Hill,RB,2025,17,2026,11,11,0.0,4.556192398071289,False,70
Justice Hill,RB,2025,17,2026,12,12,0.0,4.687773704528809,False,77
Justice Hill,RB,2025,17,2026,13,13,0.0,4.765443801879883,False,84
Justice Hill,RB,2025,17,2026,14,14,0.0,4.816183567047119,False,91
Justice Hill,RB,2025,17,2026,15,15,0.0,4.819962501525879,False,98
Justice Hill,RB,2025,17,2026,16,16,0.0,4.845882415771484,False,105
Justice Hill,RB,2025,17,2026,17,17,0.0,4.80438756942749,False,112
Justin Jefferson,LB,2025,17,2026,1,1,0.0,13.26807975769043,False,0
Justin Jefferson,LB,2025,17,2026,2,2,0.0,13.48634910583496,False,7
Justin Jefferson,LB,2025,17,2026,3,3,0.0,13.433634757995604,False,14
Justin Jefferson,LB,2025,17,2026,4,4,0.0,13.698627471923828,False,21
Justin Jefferson,LB,2025,17,2026,5,5,0.0,13.943631172180176,False,28
Justin Jefferson,LB,2025,17,2026,6,6,0.0,14.10432243347168,False,35
Justin Jefferson,LB,2025,17,2026,7,7,0.0,14.188655853271484,False,42
Justin Jefferson,LB,2025,17,2026,8,8,0.0,14.153444290161133,False,49
Justin Jefferson,LB,2025,17,2026,9,9,0.0,14.102051734924316,False,56
Justin Jefferson,LB,2025,17,2026,10,10,0.0,14.056657791137695,False,63
Justin Jefferson,LB,2025,17,2026,11,11,0.0,14.02297592163086,False,70
Justin Jefferson,LB,2025,17,2026,12,12,0.0,13.985228538513184,False,77
Justin Jefferson,LB,2025,17,2026,13,13,0.0,13.959571838378906,False,84
Justin Jefferson,LB,2025,17,2026,14,14,0.0,13.901169776916504,False,91
Justin Jefferson,LB,2025,17,2026,15,15,0.0,13.870622634887695,False,98
Justin Jefferson,LB,2025,17,2026,16,16,0.0,13.793901443481444,False,105
Justin Jefferson,LB,2025,17,2026,17,17,0.0,13.681185722351074,False,112
KC Concepcion,WR,2025,17,2026,1,1,0.0,1.8103597164154053,False,0
KC Concepcion,WR,2025,17,2026,2,2,0.0,1.830110788345337,False,7
KC Concepcion,WR,2025,17,2026,3,3,0.0,1.8093767166137693,False,14
KC Concepcion,WR,2025,17,2026,4,4,0.0,1.7857263088226318,False,21
KC Concepcion,WR,2025,17,2026,5,5,0.0,1.7351763248443604,False,28
KC Concepcion,WR,2025,17,2026,6,6,0.0,1.7043004035949707,False,35
KC Concepcion,WR,2025,17,2026,7,7,0.0,1.6625521183013916,False,42
KC Concepcion,WR,2025,17,2026,8,8,0.0,1.6841363906860352,False,49
KC Concepcion,WR,2025,17,2026,9,9,0.0,1.7176811695098877,False,56
KC Concepcion,WR,2025,17,2026,10,10,0.0,1.74222731590271,False,63
KC Concepcion,WR,2025,17,2026,11,11,0.0,1.8187570571899412,False,70
KC Concepcion,WR,2025,17,2026,12,12,0.0,1.9111182689666748,False,77
KC Concepcion,WR,2025,17,2026,13,13,0.0,2.0081818103790283,False,84
KC Concepcion,WR,2025,17,2026,14,14,0.0,2.096163034439087,False,91
KC Concepcion,WR,2025,17,2026,15,15,0.0,2.165438175201416,False,98
KC Concepcion,WR,2025,17,2026,16,16,0.0,2.2562718391418457,False,105
KC Concepcion,WR,2025,17,2026,17,17,0.0,2.3297197818756104,False,112
KaVontae Turpin,WR,2025,17,2026,1,1,0.0,5.842710494995117,False,0
KaVontae Turpin,WR,2025,17,2026,2,2,0.0,5.601016998291016,False,7
KaVontae Turpin,WR,2025,17,2026,3,3,0.0,5.693864822387695,False,14
KaVontae Turpin,WR,2025,17,2026,4,4,0.0,5.888552665710449,False,21
KaVontae Turpin,WR,2025,17,2026,5,5,0.0,6.147592544555664,False,28
KaVontae Turpin,WR,2025,17,2026,6,6,0.0,6.569632530212402,False,35
KaVontae Turpin,WR,2025,17,2026,7,7,0.0,7.180933952331543,False,42
KaVontae Turpin,WR,2025,17,2026,8,8,0.0,8.003955841064453,False,49
KaVontae Turpin,WR,2025,17,2026,9,9,0.0,8.880512237548828,False,56
KaVontae Turpin,WR,2025,17,2026,10,10,0.0,9.635485649108888,False,63
KaVontae Turpin,WR,2025,17,2026,11,11,0.0,10.237991333007812,False,70
KaVontae Turpin,WR,2025,17,2026,12,12,0.0,10.614620208740234,False,77
KaVontae Turpin,WR,2025,17,2026,13,13,0.0,10.741063117980955,False,84
KaVontae Turpin,WR,2025,17,2026,14,14,0.0,10.745396614074709,False,91
KaVontae Turpin,WR,2025,17,2026,15,15,0.0,10.691570281982422,False,98
KaVontae Turpin,WR,2025,17,2026,16,16,0.0,10.658604621887209,False,105
KaVontae Turpin,WR,2025,17,2026,17,17,0.0,10.570760726928713,False,112
Kaden Wetjen,WR,2025,17,2026,1,1,0.0,1.8106529712677,False,0
Kaden Wetjen,WR,2025,17,2026,2,2,0.0,1.830406188964844,False,7
Kaden Wetjen,WR,2025,17,2026,3,3,0.0,1.809767246246338,False,14
Kaden Wetjen,WR,2025,17,2026,4,4,0.0,1.7862434387207031,False,21
Kaden Wetjen,WR,2025,17,2026,5,5,0.0,1.7358028888702393,False,28
Kaden Wetjen,WR,2025,17,2026,6,6,0.0,1.705071210861206,False,35
Kaden Wetjen,WR,2025,17,2026,7,7,0.0,1.6634562015533447,False,42
Kaden Wetjen,WR,2025,17,2026,8,8,0.0,1.685192346572876,False,49
Kaden Wetjen,WR,2025,17,2026,9,9,0.0,1.718883991241455,False,56
Kaden Wetjen,WR,2025,17,2026,10,10,0.0,1.7435665130615234,False,63
Kaden Wetjen,WR,2025,17,2026,11,11,0.0,1.8202474117279053,False,70
Kaden Wetjen,WR,2025,17,2026,12,12,0.0,1.9127047061920168,False,77
Kaden Wetjen,WR,2025,17,2026,13,13,0.0,2.0098390579223637,False,84
Kaden Wetjen,WR,2025,17,2026,14,14,0.0,2.097888469696045,False,91
Kaden Wetjen,WR,2025,17,2026,15,15,0.0,2.167187452316284,False,98
Kaden Wetjen,WR,2025,17,2026,16,16,0.0,2.2580862045288086,False,105
Kaden Wetjen,WR,2025,17,2026,17,17,0.0,2.331542730331421,False,112
Kaelon Black,RB,2025,17,2026,1,1,0.0,1.812814474105835,False,0
Kaelon Black,RB,2025,17,2026,2,2,0.0,1.833242654800415,False,7
Kaelon Black,RB,2025,17,2026,3,3,0.0,1.8138079643249512,False,14
Kaelon Black,RB,2025,17,2026,4,4,0.0,1.7914588451385498,False,21
Kaelon Black,RB,2025,17,2026,5,5,0.0,1.741896152496338,False,28
Kaelon Black,RB,2025,17,2026,6,6,0.0,1.7122633457183838,False,35
Kaelon Black,RB,2025,17,2026,7,7,0.0,1.671645164489746,False,42
Kaelon Black,RB,2025,17,2026,8,8,0.0,1.6945664882659912,False,49
Kaelon Black,RB,2025,17,2026,9,9,0.0,1.7294635772705078,False,56
Kaelon Black,RB,2025,17,2026,10,10,0.0,1.7552626132965088,False,63
Kaelon Black,RB,2025,17,2026,11,11,0.0,1.833192586898804,False,70
Kaelon Black,RB,2025,17,2026,12,12,0.0,1.926498889923096,False,77
Kaelon Black,RB,2025,17,2026,13,13,0.0,2.024258852005005,False,84
Kaelon Black,RB,2025,17,2026,14,14,0.0,2.112943649291992,False,91
Kaelon Black,RB,2025,17,2026,15,15,0.0,2.182469129562378,False,98
Kaelon Black,RB,2025,17,2026,16,16,0.0,2.2739882469177246,False,105
Kaelon Black,RB,2025,17,2026,17,17,0.0,2.347700834274292,False,112
Kaleb Johnson,RB,2025,17,2026,1,1,0.0,2.70322322845459,False,0
Kaleb Johnson,RB,2025,17,2026,2,2,0.0,2.856820583343506,False,7
Kaleb Johnson,RB,2025,17,2026,3,3,0.0,2.943302154541016,False,14
Kaleb Johnson,RB,2025,17,2026,4,4,0.0,3.007429599761963,False,21
Kaleb Johnson,RB,2025,17,2026,5,5,0.0,3.030886650085449,False,28
Kaleb Johnson,RB,2025,17,2026,6,6,0.0,3.031898021697998,False,35
Kaleb Johnson,RB,2025,17,2026,7,7,0.0,3.0004663467407227,False,42
Kaleb Johnson,RB,2025,17,2026,8,8,0.0,3.011674404144287,False,49
Kaleb Johnson,RB,2025,17,2026,9,9,0.0,3.018695831298828,False,56
Kaleb Johnson,RB,2025,17,2026,10,10,0.0,3.028355836868286,False,63
Kaleb Johnson,RB,2025,17,2026,11,11,0.0,3.0848567485809326,False,70
Kaleb Johnson,RB,2025,17,2026,12,12,0.0,3.149487972259521,False,77
Kaleb Johnson,RB,2025,17,2026,13,13,0.0,3.2159364223480225,False,84
Kaleb Johnson,RB,2025,17,2026,14,14,0.0,3.2635574340820312,False,91
Kaleb Johnson,RB,2025,17,2026,15,15,0.0,3.2911088466644287,False,98
Kaleb Johnson,RB,2025,17,2026,16,16,0.0,3.337660789489746,False,105
Kaleb Johnson,RB,2025,17,2026,17,17,0.0,3.350879907608032,False,112
Kalif Raymond,WR,2025,17,2026,1,1,0.0,4.750482559204102,False,0
Kalif Raymond,WR,2025,17,2026,2,2,0.0,4.774482727050781,False,7
Kalif Raymond,WR,2025,17,2026,3,3,0.0,4.959325313568115,False,14
Kalif Raymond,WR,2025,17,2026,4,4,0.0,5.223141670227051,False,21
Kalif Raymond,WR,2025,17,2026,5,5,0.0,5.549899101257324,False,28
Kalif Raymond,WR,2025,17,2026,6,6,0.0,6.013937950134277,False,35
Kalif Raymond,WR,2025,17,2026,7,7,0.0,6.537168502807617,False,42
Kalif Raymond,WR,2025,17,2026,8,8,0.0,7.055948734283447,False,49
Kalif Raymond,WR,2025,17,2026,9,9,0.0,7.380420684814453,False,56
Kalif Raymond,WR,2025,17,2026,10,10,0.0,7.552539825439453,False,63
Kalif Raymond,WR,2025,17,2026,11,11,0.0,7.689051628112793,False,70
Kalif Raymond,WR,2025,17,2026,12,12,0.0,7.758358001708984,False,77
Kalif Raymond,WR,2025,17,2026,13,13,0.0,7.766704559326172,False,84
Kalif Raymond,WR,2025,17,2026,14,14,0.0,7.744255542755127,False,91
Kalif Raymond,WR,2025,17,2026,15,15,0.0,7.682283401489258,False,98
Kalif Raymond,WR,2025,17,2026,16,16,0.0,7.651469230651855,False,105
Kalif Raymond,WR,2025,17,2026,17,17,0.0,7.584173679351807,False,112
Kameron Johnson,WR,2025,17,2026,1,1,0.0,1.9274916648864744,False,0
Kameron Johnson,WR,2025,17,2026,2,2,0.0,2.0165882110595703,False,7
Kameron Johnson,WR,2025,17,2026,3,3,0.0,2.01253080368042,False,14
Kameron Johnson,WR,2025,17,2026,4,4,0.0,1.984915018081665,False,21
Kameron Johnson,WR,2025,17,2026,5,5,0.0,1.924875020980835,False,28
Kameron Johnson,WR,2025,17,2026,6,6,0.0,1.8707501888275144,False,35
Kameron Johnson,WR,2025,17,2026,7,7,0.0,1.8082759380340576,False,42
Kameron Johnson,WR,2025,17,2026,8,8,0.0,1.8064727783203125,False,49
Kameron Johnson,WR,2025,17,2026,9,9,0.0,1.815067768096924,False,56
Kameron Johnson,WR,2025,17,2026,10,10,0.0,1.8182880878448489,False,63
Kameron Johnson,WR,2025,17,2026,11,11,0.0,1.8645577430725095,False,70
Kameron Johnson,WR,2025,17,2026,12,12,0.0,1.924741506576538,False,77
Kameron Johnson,WR,2025,17,2026,13,13,0.0,1.9866323471069336,False,84
Kameron Johnson,WR,2025,17,2026,14,14,0.0,2.0337393283843994,False,91
Kameron Johnson,WR,2025,17,2026,15,15,0.0,2.068544864654541,False,98
Kameron Johnson,WR,2025,17,2026,16,16,0.0,2.116225004196167,False,105
Kameron Johnson,WR,2025,17,2026,17,17,0.0,2.1509833335876465,False,112
Kayshon Boutte,WR,2025,17,2026,1,1,0.0,5.049553871154785,False,0
Kayshon Boutte,WR,2025,17,2026,2,2,0.0,4.855259895324707,False,7
Kayshon Boutte,WR,2025,17,2026,3,3,0.0,4.899767875671387,False,14
Kayshon Boutte,WR,2025,17,2026,4,4,0.0,5.076408386230469,False,21
Kayshon Boutte,WR,2025,17,2026,5,5,0.0,5.302567481994629,False,28
Kayshon Boutte,WR,2025,17,2026,6,6,0.0,5.661791324615479,False,35
Kayshon Boutte,WR,2025,17,2026,7,7,0.0,6.1542067527771,False,42
Kayshon Boutte,WR,2025,17,2026,8,8,0.0,6.823256015777588,False,49
Kayshon Boutte,WR,2025,17,2026,9,9,0.0,7.559367179870605,False,56
Kayshon Boutte,WR,2025,17,2026,10,10,0.0,8.236382484436035,False,63
Kayshon Boutte,WR,2025,17,2026,11,11,0.0,8.802053451538086,False,70
Kayshon Boutte,WR,2025,17,2026,12,12,0.0,9.130342483520508,False,77
Kayshon Boutte,WR,2025,17,2026,13,13,0.0,9.249103546142578,False,84
Kayshon Boutte,WR,2025,17,2026,14,14,0.0,9.280378341674805,False,91
Kayshon Boutte,WR,2025,17,2026,15,15,0.0,9.234686851501465,False,98
Kayshon Boutte,WR,2025,17,2026,16,16,0.0,9.214486122131348,False,105
Kayshon Boutte,WR,2025,17,2026,17,17,0.0,9.13075065612793,False,112
Kaytron Allen,RB,2025,17,2026,1,1,0.0,1.8125405311584477,False,0
Kaytron Allen,RB,2025,17,2026,2,2,0.0,1.8329575061798096,False,7
Kaytron Allen,RB,2025,17,2026,3,3,0.0,1.8134374618530276,False,14
Kaytron Allen,RB,2025,17,2026,4,4,0.0,1.7909948825836182,False,21
Kaytron Allen,RB,2025,17,2026,5,5,0.0,1.7413568496704102,False,28
Kaytron Allen,RB,2025,17,2026,6,6,0.0,1.7116281986236572,False,35
Kaytron Allen,RB,2025,17,2026,7,7,0.0,1.6709249019622805,False,42
Kaytron Allen,RB,2025,17,2026,8,8,0.0,1.6937482357025146,False,49
Kaytron Allen,RB,2025,17,2026,9,9,0.0,1.7285501956939695,False,56
Kaytron Allen,RB,2025,17,2026,10,10,0.0,1.7542626857757568,False,63
Kaytron Allen,RB,2025,17,2026,11,11,0.0,1.8320980072021484,False,70
Kaytron Allen,RB,2025,17,2026,12,12,0.0,1.9253451824188232,False,77
Kaytron Allen,RB,2025,17,2026,13,13,0.0,2.0230612754821777,False,84
Kaytron Allen,RB,2025,17,2026,14,14,0.0,2.111702442169189,False,91
Kaytron Allen,RB,2025,17,2026,15,15,0.0,2.181214570999145,False,98
Kaytron Allen,RB,2025,17,2026,16,16,0.0,2.272690296173096,False,105
Kaytron Allen,RB,2025,17,2026,17,17,0.0,2.346396923065185,False,112
Ke'Shawn Williams,WR,2025,17,2026,1,1,0.0,2.129680156707764,False,0
Ke'Shawn Williams,WR,2025,17,2026,2,2,0.0,2.247444629669189,False,7
Ke'Shawn Williams,WR,2025,17,2026,3,3,0.0,2.2701568603515625,False,14
Ke'Shawn Williams,WR,2025,17,2026,4,4,0.0,2.2663822174072266,False,21
Ke'Shawn Williams,WR,2025,17,2026,5,5,0.0,2.226237297058105,False,28
Ke'Shawn Williams,WR,2025,17,2026,6,6,0.0,2.177639961242676,False,35
Ke'Shawn Williams,WR,2025,17,2026,7,7,0.0,2.1152069568634038,False,42
Ke'Shawn Williams,WR,2025,17,2026,8,8,0.0,2.108616828918457,False,49
Ke'Shawn Williams,WR,2025,17,2026,9,9,0.0,2.1107239723205566,False,56
Ke'Shawn Williams,WR,2025,17,2026,10,10,0.0,2.11001205444336,False,63
Ke'Shawn Williams,WR,2025,17,2026,11,11,0.0,2.154269933700561,False,70
Ke'Shawn Williams,WR,2025,17,2026,12,12,0.0,2.2135467529296875,False,77
Ke'Shawn Williams,WR,2025,17,2026,13,13,0.0,2.2795372009277344,False,84
Ke'Shawn Williams,WR,2025,17,2026,14,14,0.0,2.3318662643432617,False,91
Ke'Shawn Williams,WR,2025,17,2026,15,15,0.0,2.3719348907470703,False,98
Ke'Shawn Williams,WR,2025,17,2026,16,16,0.0,2.428551435470581,False,105
Ke'Shawn Williams,WR,2025,17,2026,17,17,0.0,2.465260982513428,False,112
KeAndre Lambert-Smith,WR,2025,17,2026,1,1,0.0,2.6848373413085938,False,0
KeAndre Lambert-Smith,WR,2025,17,2026,2,2,0.0,2.8457040786743164,False,7
KeAndre Lambert-Smith,WR,2025,17,2026,3,3,0.0,2.9355578422546387,False,14
KeAndre Lambert-Smith,WR,2025,17,2026,4,4,0.0,3.006546974182129,False,21
KeAndre Lambert-Smith,WR,2025,17,2026,5,5,0.0,3.040281295776367,False,28
KeAndre Lambert-Smith,WR,2025,17,2026,6,6,0.0,3.06646728515625,False,35
KeAndre Lambert-Smith,WR,2025,17,2026,7,7,0.0,3.0635483264923096,False,42
KeAndre Lambert-Smith,WR,2025,17,2026,8,8,0.0,3.10456919670105,False,49
KeAndre Lambert-Smith,WR,2025,17,2026,9,9,0.0,3.1379876136779785,False,56
KeAndre Lambert-Smith,WR,2025,17,2026,10,10,0.0,3.1727356910705566,False,63
KeAndre Lambert-Smith,WR,2025,17,2026,11,11,0.0,3.2552053928375244,False,70
KeAndre Lambert-Smith,WR,2025,17,2026,12,12,0.0,3.345110416412353,False,77
KeAndre Lambert-Smith,WR,2025,17,2026,13,13,0.0,3.437173843383789,False,84
KeAndre Lambert-Smith,WR,2025,17,2026,14,14,0.0,3.515956163406372,False,91
KeAndre Lambert-Smith,WR,2025,17,2026,15,15,0.0,3.5694704055786133,False,98
KeAndre Lambert-Smith,WR,2025,17,2026,16,16,0.0,3.655147075653076,False,105
KeAndre Lambert-Smith,WR,2025,17,2026,17,17,0.0,3.708327531814575,False,112
Keaton Mitchell,RB,2025,17,2026,1,1,0.0,5.214310646057129,False,0
Keaton Mitchell,RB,2025,17,2026,2,2,0.0,5.17597246170044,False,7
Keaton Mitchell,RB,2025,17,2026,3,3,0.0,5.259530067443848,False,14
Keaton Mitchell,RB,2025,17,2026,4,4,0.0,5.406830787658691,False,21
Keaton Mitchell,RB,2025,17,2026,5,5,0.0,5.569462776184082,False,28
Keaton Mitchell,RB,2025,17,2026,6,6,0.0,5.7611494064331055,False,35
Keaton Mitchell,RB,2025,17,2026,7,7,0.0,5.989937782287598,False,42
Keaton Mitchell,RB,2025,17,2026,8,8,0.0,6.257792472839356,False,49
Keaton Mitchell,RB,2025,17,2026,9,9,0.0,6.416372776031494,False,56
Keaton Mitchell,RB,2025,17,2026,10,10,0.0,6.472031593322754,False,63
Keaton Mitchell,RB,2025,17,2026,11,11,0.0,6.516746520996094,False,70
Keaton Mitchell,RB,2025,17,2026,12,12,0.0,6.504340171813965,False,77
Keaton Mitchell,RB,2025,17,2026,13,13,0.0,6.439852237701416,False,84
Keaton Mitchell,RB,2025,17,2026,14,14,0.0,6.315909862518311,False,91
Keaton Mitchell,RB,2025,17,2026,15,15,0.0,6.155943870544434,False,98
Keaton Mitchell,RB,2025,17,2026,16,16,0.0,5.993969917297363,False,105
Keaton Mitchell,RB,2025,17,2026,17,17,0.0,5.8199076652526855,False,112
Keenan Allen,WR,2025,17,2026,1,1,0.0,11.803571701049805,False,0
Keenan Allen,WR,2025,17,2026,2,2,0.0,12.102280616760254,False,7
Keenan Allen,WR,2025,17,2026,3,3,0.0,12.267934799194336,False,14
Keenan Allen,WR,2025,17,2026,4,4,0.0,12.438970565795898,False,21
Keenan Allen,WR,2025,17,2026,5,5,0.0,12.75657081604004,False,28
Keenan Allen,WR,2025,17,2026,6,6,0.0,12.973751068115234,False,35
Keenan Allen,WR,2025,17,2026,7,7,0.0,13.113740921020508,False,42
Keenan Allen,WR,2025,17,2026,8,8,0.0,13.098094940185549,False,49
Keenan Allen,WR,2025,17,2026,9,9,0.0,13.026785850524902,False,56
Keenan Allen,WR,2025,17,2026,10,10,0.0,12.957914352416992,False,63
Keenan Allen,WR,2025,17,2026,11,11,0.0,12.91270351409912,False,70
Keenan Allen,WR,2025,17,2026,12,12,0.0,12.867237091064451,False,77
Keenan Allen,WR,2025,17,2026,13,13,0.0,12.82595443725586,False,84
Keenan Allen,WR,2025,17,2026,14,14,0.0,12.755067825317385,False,91
Keenan Allen,WR,2025,17,2026,15,15,0.0,12.705912590026855,False,98
Keenan Allen,WR,2025,17,2026,16,16,0.0,12.616393089294434,False,105
Keenan Allen,WR,2025,17,2026,17,17,0.0,12.498161315917969,False,112
Kendre Miller,RB,2025,17,2026,1,1,0.0,2.947829246520996,False,0
Kendre Miller,RB,2025,17,2026,2,2,0.0,3.083436965942383,False,7
Kendre Miller,RB,2025,17,2026,3,3,0.0,3.188091516494751,False,14
Kendre Miller,RB,2025,17,2026,4,4,0.0,3.282520055770874,False,21
Kendre Miller,RB,2025,17,2026,5,5,0.0,3.34665846824646,False,28
Kendre Miller,RB,2025,17,2026,6,6,0.0,3.4055280685424805,False,35
Kendre Miller,RB,2025,17,2026,7,7,0.0,3.4347352981567383,False,42
Kendre Miller,RB,2025,17,2026,8,8,0.0,3.4999217987060547,False,49
Kendre Miller,RB,2025,17,2026,9,9,0.0,3.546027183532715,False,56
Kendre Miller,RB,2025,17,2026,10,10,0.0,3.589953184127808,False,63
Kendre Miller,RB,2025,17,2026,11,11,0.0,3.6805593967437744,False,70
Kendre Miller,RB,2025,17,2026,12,12,0.0,3.773000955581665,False,77
Kendre Miller,RB,2025,17,2026,13,13,0.0,3.862538576126098,False,84
Kendre Miller,RB,2025,17,2026,14,14,0.0,3.935599803924561,False,91
Kendre Miller,RB,2025,17,2026,15,15,0.0,3.9800944328308105,False,98
Kendre Miller,RB,2025,17,2026,16,16,0.0,4.05611515045166,False,105
Kendre Miller,RB,2025,17,2026,17,17,0.0,4.093632221221924,False,112
Kendrick Bourne,WR,2025,17,2026,1,1,0.0,3.2148594856262207,False,0
Kendrick Bourne,WR,2025,17,2026,2,2,0.0,3.111642599105835,False,7
Kendrick Bourne,WR,2025,17,2026,3,3,0.0,3.084583282470703,False,14
Kendrick Bourne,WR,2025,17,2026,4,4,0.0,3.1055662631988525,False,21
Kendrick Bourne,WR,2025,17,2026,5,5,0.0,3.118762493133545,False,28
Kendrick Bourne,WR,2025,17,2026,6,6,0.0,3.190160751342773,False,35
Kendrick Bourne,WR,2025,17,2026,7,7,0.0,3.2870984077453613,False,42
Kendrick Bourne,WR,2025,17,2026,8,8,0.0,3.4995853900909424,False,49
Kendrick Bourne,WR,2025,17,2026,9,9,0.0,3.736150741577149,False,56
Kendrick Bourne,WR,2025,17,2026,10,10,0.0,3.986781120300293,False,63
Kendrick Bourne,WR,2025,17,2026,11,11,0.0,4.297433853149414,False,70
Kendrick Bourne,WR,2025,17,2026,12,12,0.0,4.539514064788818,False,77
Kendrick Bourne,WR,2025,17,2026,13,13,0.0,4.715419292449951,False,84
Kendrick Bourne,WR,2025,17,2026,14,14,0.0,4.84422779083252,False,91
Kendrick Bourne,WR,2025,17,2026,15,15,0.0,4.903573513031006,False,98
Kendrick Bourne,WR,2025,17,2026,16,16,0.0,4.988128662109375,False,105
Kendrick Bourne,WR,2025,17,2026,17,17,0.0,5.002776622772217,False,112
Kene Nwangwu,RB,2025,17,2026,1,1,0.0,1.3133947849273682,False,0
Kene Nwangwu,RB,2025,17,2026,2,2,0.0,1.2929327487945557,False,7
Kene Nwangwu,RB,2025,17,2026,3,3,0.0,1.233320713043213,False,14
Kene Nwangwu,RB,2025,17,2026,4,4,0.0,1.1692585945129397,False,21
Kene Nwangwu,RB,2025,17,2026,5,5,0.0,1.0879415273666382,False,28
Kene Nwangwu,RB,2025,17,2026,6,6,0.0,1.0311033725738523,False,35
Kene Nwangwu,RB,2025,17,2026,7,7,0.0,0.9673795700073242,False,42
Kene Nwangwu,RB,2025,17,2026,8,8,0.0,0.9584009647369384,False,49
Kene Nwangwu,RB,2025,17,2026,9,9,0.0,0.9571771621704102,False,56
Kene Nwangwu,RB,2025,17,2026,10,10,0.0,0.9323254227638244,False,63
Kene Nwangwu,RB,2025,17,2026,11,11,0.0,0.9496588110923768,False,70
Kene Nwangwu,RB,2025,17,2026,12,12,0.0,0.9855162501335144,False,77
Kene Nwangwu,RB,2025,17,2026,13,13,0.0,1.0303421020507812,False,84
Kene Nwangwu,RB,2025,17,2026,14,14,0.0,1.0633673667907717,False,91
Kene Nwangwu,RB,2025,17,2026,15,15,0.0,1.0984389781951904,False,98
Kene Nwangwu,RB,2025,17,2026,16,16,0.0,1.1274631023406982,False,105
Kene Nwangwu,RB,2025,17,2026,17,17,0.0,1.154253005981445,False,112
Kenneth Walker III,RB,2025,17,2026,1,1,0.0,5.226473808288574,False,0
Kenneth Walker III,RB,2025,17,2026,2,2,0.0,5.133232593536377,False,7
Kenneth Walker III,RB,2025,17,2026,3,3,0.0,5.050726890563965,False,14
Kenneth Walker III,RB,2025,17,2026,4,4,0.0,5.000351428985596,False,21
Kenneth Walker III,RB,2025,17,2026,5,5,0.0,4.947921752929688,False,28
Kenneth Walker III,RB,2025,17,2026,6,6,0.0,4.876368522644043,False,35
Kenneth Walker III,RB,2025,17,2026,7,7,0.0,4.8295488357543945,False,42
Kenneth Walker III,RB,2025,17,2026,8,8,0.0,4.78716516494751,False,49
Kenneth Walker III,RB,2025,17,2026,9,9,0.0,4.661287784576416,False,56
Kenneth Walker III,RB,2025,17,2026,10,10,0.0,4.496385097503662,False,63
Kenneth Walker III,RB,2025,17,2026,11,11,0.0,4.372480869293213,False,70
Kenneth Walker III,RB,2025,17,2026,12,12,0.0,4.251001358032227,False,77
Kenneth Walker III,RB,2025,17,2026,13,13,0.0,4.190524578094482,False,84
Kenneth Walker III,RB,2025,17,2026,14,14,0.0,4.139109611511231,False,91
Kenneth Walker III,RB,2025,17,2026,15,15,0.0,4.125369548797607,False,98
Kenneth Walker III,RB,2025,17,2026,16,16,0.0,4.126026630401611,False,105
Kenneth Walker III,RB,2025,17,2026,17,17,0.0,4.103927612304688,False,112
Kenny Gainwell,RB,2025,17,2026,1,1,0.0,9.036027908325195,False,0
Kenny Gainwell,RB,2025,17,2026,2,2,0.0,8.888548851013184,False,7
Kenny Gainwell,RB,2025,17,2026,3,3,0.0,8.895873069763184,False,14
Kenny Gainwell,RB,2025,17,2026,4,4,0.0,8.837141036987305,False,21
Kenny Gainwell,RB,2025,17,2026,5,5,0.0,8.625624656677246,False,28
Kenny Gainwell,RB,2025,17,2026,6,6,0.0,8.252311706542969,False,35
Kenny Gainwell,RB,2025,17,2026,7,7,0.0,7.936479091644287,False,42
Kenny Gainwell,RB,2025,17,2026,8,8,0.0,7.707148551940918,False,49
Kenny Gainwell,RB,2025,17,2026,9,9,0.0,7.498860836029053,False,56
Kenny Gainwell,RB,2025,17,2026,10,10,0.0,7.364775657653809,False,63
Kenny Gainwell,RB,2025,17,2026,11,11,0.0,7.277285575866699,False,70
Kenny Gainwell,RB,2025,17,2026,12,12,0.0,7.202432155609131,False,77
Kenny Gainwell,RB,2025,17,2026,13,13,0.0,7.149476528167725,False,84
Kenny Gainwell,RB,2025,17,2026,14,14,0.0,7.084067344665527,False,91
Kenny Gainwell,RB,2025,17,2026,15,15,0.0,7.03122091293335,False,98
Kenny Gainwell,RB,2025,17,2026,16,16,0.0,6.989028453826904,False,105
Kenny Gainwell,RB,2025,17,2026,17,17,0.0,6.930906295776367,False,112
Keon Coleman,WR,2025,17,2026,1,1,0.0,3.5454044342041016,False,0
Keon Coleman,WR,2025,17,2026,2,2,0.0,3.5300331115722656,False,7
Keon Coleman,WR,2025,17,2026,3,3,0.0,3.4943881034851074,False,14
Keon Coleman,WR,2025,17,2026,4,4,0.0,3.472822666168213,False,21
Keon Coleman,WR,2025,17,2026,5,5,0.0,3.451465606689453,False,28
Keon Coleman,WR,2025,17,2026,6,6,0.0,3.484077453613281,False,35
Keon Coleman,WR,2025,17,2026,7,7,0.0,3.543385982513428,False,42
Keon Coleman,WR,2025,17,2026,8,8,0.0,3.688498497009277,False,49
Keon Coleman,WR,2025,17,2026,9,9,0.0,3.812435150146485,False,56
Keon Coleman,WR,2025,17,2026,10,10,0.0,3.90622615814209,False,63
Keon Coleman,WR,2025,17,2026,11,11,0.0,4.036547660827637,False,70
Keon Coleman,WR,2025,17,2026,12,12,0.0,4.116529941558838,False,77
Keon Coleman,WR,2025,17,2026,13,13,0.0,4.150692462921143,False,84
Keon Coleman,WR,2025,17,2026,14,14,0.0,4.141693115234375,False,91
Keon Coleman,WR,2025,17,2026,15,15,0.0,4.113224506378174,False,98
Keon Coleman,WR,2025,17,2026,16,16,0.0,4.109485149383545,False,105
Keon Coleman,WR,2025,17,2026,17,17,0.0,4.060946941375732,False,112
Kevin Coleman Jr.,WR,2025,17,2026,1,1,0.0,1.8101496696472168,False,0
Kevin Coleman Jr.,WR,2025,17,2026,2,2,0.0,1.8298678398132324,False,7
Kevin Coleman Jr.,WR,2025,17,2026,3,3,0.0,1.8091049194335935,False,14
Kevin Coleman Jr.,WR,2025,17,2026,4,4,0.0,1.7854318618774414,False,21
Kevin Coleman Jr.,WR,2025,17,2026,5,5,0.0,1.73486590385437,False,28
Kevin Coleman Jr.,WR,2025,17,2026,6,6,0.0,1.7039759159088137,False,35
Kevin Coleman Jr.,WR,2025,17,2026,7,7,0.0,1.6622154712677002,False,42
Kevin Coleman Jr.,WR,2025,17,2026,8,8,0.0,1.6837847232818604,False,49
Kevin Coleman Jr.,WR,2025,17,2026,9,9,0.0,1.717313528060913,False,56
Kevin Coleman Jr.,WR,2025,17,2026,10,10,0.0,1.7418408393859863,False,63
Kevin Coleman Jr.,WR,2025,17,2026,11,11,0.0,1.818350315093994,False,70
Kevin Coleman Jr.,WR,2025,17,2026,12,12,0.0,1.9106972217559812,False,77
Kevin Coleman Jr.,WR,2025,17,2026,13,13,0.0,2.007749080657959,False,84
Kevin Coleman Jr.,WR,2025,17,2026,14,14,0.0,2.095717430114746,False,91
Kevin Coleman Jr.,WR,2025,17,2026,15,15,0.0,2.1649885177612305,False,98
Kevin Coleman Jr.,WR,2025,17,2026,16,16,0.0,2.2558069229125977,False,105
Kevin Coleman Jr.,WR,2025,17,2026,17,17,0.0,2.329244375228882,False,112
Khalil Shakir,WR,2025,17,2026,1,1,0.0,8.806467056274414,False,0
Khalil Shakir,WR,2025,17,2026,2,2,0.0,8.712404251098633,False,7
Khalil Shakir,WR,2025,17,2026,3,3,0.0,8.984613418579102,False,14
Khalil Shakir,WR,2025,17,2026,4,4,0.0,9.383160591125488,False,21
Khalil Shakir,WR,2025,17,2026,5,5,0.0,9.881494522094728,False,28
Khalil Shakir,WR,2025,17,2026,6,6,0.0,10.374496459960938,False,35
Khalil Shakir,WR,2025,17,2026,7,7,0.0,10.840014457702637,False,42
Khalil Shakir,WR,2025,17,2026,8,8,0.0,11.182369232177734,False,49
Khalil Shakir,WR,2025,17,2026,9,9,0.0,11.382720947265623,False,56
Khalil Shakir,WR,2025,17,2026,10,10,0.0,11.521883010864258,False,63
Khalil Shakir,WR,2025,17,2026,11,11,0.0,11.563593864440918,False,70
Khalil Shakir,WR,2025,17,2026,12,12,0.0,11.543025970458984,False,77
Khalil Shakir,WR,2025,17,2026,13,13,0.0,11.515216827392578,False,84
Khalil Shakir,WR,2025,17,2026,14,14,0.0,11.470436096191406,False,91
Khalil Shakir,WR,2025,17,2026,15,15,0.0,11.434228897094728,False,98
Khalil Shakir,WR,2025,17,2026,16,16,0.0,11.382436752319336,False,105
Khalil Shakir,WR,2025,17,2026,17,17,0.0,11.30201530456543,False,112
Kimani Vidal,RB,2025,17,2026,1,1,0.0,7.151258945465088,False,0
Kimani Vidal,RB,2025,17,2026,2,2,0.0,7.123990058898926,False,7
Kimani Vidal,RB,2025,17,2026,3,3,0.0,7.249125480651855,False,14
Kimani Vidal,RB,2025,17,2026,4,4,0.0,7.467566967010498,False,21
Kimani Vidal,RB,2025,17,2026,5,5,0.0,7.677799701690674,False,28
Kimani Vidal,RB,2025,17,2026,6,6,0.0,7.823879718780518,False,35
Kimani Vidal,RB,2025,17,2026,7,7,0.0,7.924081802368164,False,42
Kimani Vidal,RB,2025,17,2026,8,8,0.0,7.936541080474853,False,49
Kimani Vidal,RB,2025,17,2026,9,9,0.0,7.82034969329834,False,56
Kimani Vidal,RB,2025,17,2026,10,10,0.0,7.674849033355713,False,63
Kimani Vidal,RB,2025,17,2026,11,11,0.0,7.591681003570557,False,70
Kimani Vidal,RB,2025,17,2026,12,12,0.0,7.517383575439453,False,77
Kimani Vidal,RB,2025,17,2026,13,13,0.0,7.438802719116211,False,84
Kimani Vidal,RB,2025,17,2026,14,14,0.0,7.324470520019531,False,91
Kimani Vidal,RB,2025,17,2026,15,15,0.0,7.1910905838012695,False,98
Kimani Vidal,RB,2025,17,2026,16,16,0.0,7.040467262268066,False,105
Kimani Vidal,RB,2025,17,2026,17,17,0.0,6.861647129058838,False,112
Konata Mumpfield,WR,2025,17,2026,1,1,0.0,2.222944498062134,False,0
Konata Mumpfield,WR,2025,17,2026,2,2,0.0,2.3401780128479004,False,7
Konata Mumpfield,WR,2025,17,2026,3,3,0.0,2.3697404861450195,False,14
Konata Mumpfield,WR,2025,17,2026,4,4,0.0,2.393972396850586,False,21
Konata Mumpfield,WR,2025,17,2026,5,5,0.0,2.393578052520752,False,28
Konata Mumpfield,WR,2025,17,2026,6,6,0.0,2.4229178428649902,False,35
Konata Mumpfield,WR,2025,17,2026,7,7,0.0,2.4391117095947266,False,42
Konata Mumpfield,WR,2025,17,2026,8,8,0.0,2.5228025913238525,False,49
Konata Mumpfield,WR,2025,17,2026,9,9,0.0,2.608612060546875,False,56
Konata Mumpfield,WR,2025,17,2026,10,10,0.0,2.694464921951294,False,63
Konata Mumpfield,WR,2025,17,2026,11,11,0.0,2.8191285133361816,False,70
Konata Mumpfield,WR,2025,17,2026,12,12,0.0,2.937464475631714,False,77
Konata Mumpfield,WR,2025,17,2026,13,13,0.0,3.045283317565918,False,84
Konata Mumpfield,WR,2025,17,2026,14,14,0.0,3.143659830093384,False,91
Konata Mumpfield,WR,2025,17,2026,15,15,0.0,3.200420379638672,False,98
Konata Mumpfield,WR,2025,17,2026,16,16,0.0,3.298102140426636,False,105
Konata Mumpfield,WR,2025,17,2026,17,17,0.0,3.361557960510254,False,112
Kyle Juszczyk,RB,2025,17,2026,1,1,0.0,2.124237298965454,False,0
Kyle Juszczyk,RB,2025,17,2026,2,2,0.0,2.2192025184631348,False,7
Kyle Juszczyk,RB,2025,17,2026,3,3,0.0,2.2679805755615234,False,14
Kyle Juszczyk,RB,2025,17,2026,4,4,0.0,2.310995101928711,False,21
Kyle Juszczyk,RB,2025,17,2026,5,5,0.0,2.324047088623047,False,28
Kyle Juszczyk,RB,2025,17,2026,6,6,0.0,2.354075193405152,False,35
Kyle Juszczyk,RB,2025,17,2026,7,7,0.0,2.3643951416015625,False,42
Kyle Juszczyk,RB,2025,17,2026,8,8,0.0,2.4324498176574707,False,49
Kyle Juszczyk,RB,2025,17,2026,9,9,0.0,2.501685857772827,False,56
Kyle Juszczyk,RB,2025,17,2026,10,10,0.0,2.56751036643982,False,63
Kyle Juszczyk,RB,2025,17,2026,11,11,0.0,2.673550128936768,False,70
Kyle Juszczyk,RB,2025,17,2026,12,12,0.0,2.774871349334717,False,77
Kyle Juszczyk,RB,2025,17,2026,13,13,0.0,2.865283727645874,False,84
Kyle Juszczyk,RB,2025,17,2026,14,14,0.0,2.943338394165039,False,91
Kyle Juszczyk,RB,2025,17,2026,15,15,0.0,2.984708547592163,False,98
Kyle Juszczyk,RB,2025,17,2026,16,16,0.0,3.0561723709106445,False,105
Kyle Juszczyk,RB,2025,17,2026,17,17,0.0,3.0865283012390137,False,112
Kyle Monangai,RB,2025,17,2026,1,1,0.0,5.979222774505615,False,0
Kyle Monangai,RB,2025,17,2026,2,2,0.0,5.79161262512207,False,7
Kyle Monangai,RB,2025,17,2026,3,3,0.0,5.880760192871094,False,14
Kyle Monangai,RB,2025,17,2026,4,4,0.0,6.050296783447266,False,21
Kyle Monangai,RB,2025,17,2026,5,5,0.0,6.202800750732422,False,28
Kyle Monangai,RB,2025,17,2026,6,6,0.0,6.208376884460449,False,35
Kyle Monangai,RB,2025,17,2026,7,7,0.0,6.134098052978516,False,42
Kyle Monangai,RB,2025,17,2026,8,8,0.0,6.063416481018066,False,49
Kyle Monangai,RB,2025,17,2026,9,9,0.0,5.946524143218994,False,56
Kyle Monangai,RB,2025,17,2026,10,10,0.0,5.839449882507324,False,63
Kyle Monangai,RB,2025,17,2026,11,11,0.0,5.784895420074463,False,70
Kyle Monangai,RB,2025,17,2026,12,12,0.0,5.746801376342773,False,77
Kyle Monangai,RB,2025,17,2026,13,13,0.0,5.7282328605651855,False,84
Kyle Monangai,RB,2025,17,2026,14,14,0.0,5.700583934783936,False,91
Kyle Monangai,RB,2025,17,2026,15,15,0.0,5.678100109100342,False,98
Kyle Monangai,RB,2025,17,2026,16,16,0.0,5.684462547302246,False,105
Kyle Monangai,RB,2025,17,2026,17,17,0.0,5.671731472015381,False,112
Kyle Williams,WR,2025,17,2026,1,1,0.0,4.631126403808594,False,0
Kyle Williams,WR,2025,17,2026,2,2,0.0,4.656431198120117,False,7
Kyle Williams,WR,2025,17,2026,3,3,0.0,4.798404693603516,False,14
Kyle Williams,WR,2025,17,2026,4,4,0.0,5.009846687316895,False,21
Kyle Williams,WR,2025,17,2026,5,5,0.0,5.270246505737305,False,28
Kyle Williams,WR,2025,17,2026,6,6,0.0,5.6756792068481445,False,35
Kyle Williams,WR,2025,17,2026,7,7,0.0,6.18731689453125,False,42
Kyle Williams,WR,2025,17,2026,8,8,0.0,6.764039516448975,False,49
Kyle Williams,WR,2025,17,2026,9,9,0.0,7.184797286987305,False,56
Kyle Williams,WR,2025,17,2026,10,10,0.0,7.44085168838501,False,63
Kyle Williams,WR,2025,17,2026,11,11,0.0,7.620734691619873,False,70
Kyle Williams,WR,2025,17,2026,12,12,0.0,7.6827802658081055,False,77
Kyle Williams,WR,2025,17,2026,13,13,0.0,7.662324905395508,False,84
Kyle Williams,WR,2025,17,2026,14,14,0.0,7.600551128387451,False,91
Kyle Williams,WR,2025,17,2026,15,15,0.0,7.501684665679932,False,98
Kyle Williams,WR,2025,17,2026,16,16,0.0,7.431516647338867,False,105
Kyle Williams,WR,2025,17,2026,17,17,0.0,7.320812702178955,False,112
Kyren Williams,RB,2025,17,2026,1,1,0.0,14.893216133117676,False,0
Kyren Williams,RB,2025,17,2026,2,2,0.0,14.711296081542969,False,7
Kyren Williams,RB,2025,17,2026,3,3,0.0,14.343683242797852,False,14
Kyren Williams,RB,2025,17,2026,4,4,0.0,13.94817352294922,False,21
Kyren Williams,RB,2025,17,2026,5,5,0.0,13.656558990478516,False,28
Kyren Williams,RB,2025,17,2026,6,6,0.0,13.285392761230469,False,35
Kyren Williams,RB,2025,17,2026,7,7,0.0,12.964317321777344,False,42
Kyren Williams,RB,2025,17,2026,8,8,0.0,12.598478317260742,False,49
Kyren Williams,RB,2025,17,2026,9,9,0.0,12.230257034301758,False,56
Kyren Williams,RB,2025,17,2026,10,10,0.0,11.967840194702148,False,63
Kyren Williams,RB,2025,17,2026,11,11,0.0,11.770156860351562,False,70
Kyren Williams,RB,2025,17,2026,12,12,0.0,11.619577407836914,False,77
Kyren Williams,RB,2025,17,2026,13,13,0.0,11.493953704833984,False,84
Kyren Williams,RB,2025,17,2026,14,14,0.0,11.32372760772705,False,91
Kyren Williams,RB,2025,17,2026,15,15,0.0,11.195425987243652,False,98
Kyren Williams,RB,2025,17,2026,16,16,0.0,10.990657806396484,False,105
Kyren Williams,RB,2025,17,2026,17,17,0.0,10.755165100097656,False,112
LaJohntay Wester,WR,2025,17,2026,1,1,0.0,2.0439510345458984,False,0
LaJohntay Wester,WR,2025,17,2026,2,2,0.0,2.068656206130981,False,7
LaJohntay Wester,WR,2025,17,2026,3,3,0.0,2.043942451477051,False,14
LaJohntay Wester,WR,2025,17,2026,4,4,0.0,2.010380506515503,False,21
LaJohntay Wester,WR,2025,17,2026,5,5,0.0,1.9512875080108645,False,28
LaJohntay Wester,WR,2025,17,2026,6,6,0.0,1.915006160736084,False,35
LaJohntay Wester,WR,2025,17,2026,7,7,0.0,1.8660712242126465,False,42
LaJohntay Wester,WR,2025,17,2026,8,8,0.0,1.886424541473389,False,49
LaJohntay Wester,WR,2025,17,2026,9,9,0.0,1.916287183761597,False,56
LaJohntay Wester,WR,2025,17,2026,10,10,0.0,1.9424257278442385,False,63
LaJohntay Wester,WR,2025,17,2026,11,11,0.0,2.016855239868164,False,70
LaJohntay Wester,WR,2025,17,2026,12,12,0.0,2.097396850585937,False,77
LaJohntay Wester,WR,2025,17,2026,13,13,0.0,2.173895835876465,False,84
LaJohntay Wester,WR,2025,17,2026,14,14,0.0,2.240478515625,False,91
LaJohntay Wester,WR,2025,17,2026,15,15,0.0,2.286006450653076,False,98
LaJohntay Wester,WR,2025,17,2026,16,16,0.0,2.3496341705322266,False,105
LaJohntay Wester,WR,2025,17,2026,17,17,0.0,2.3894970417022705,False,112
Ladd McConkey,WR,2025,17,2026,1,1,0.0,14.401182174682615,False,0
Ladd McConkey,WR,2025,17,2026,2,2,0.0,14.24744701385498,False,7
Ladd McConkey,WR,2025,17,2026,3,3,0.0,14.18836784362793,False,14
Ladd McConkey,WR,2025,17,2026,4,4,0.0,13.858020782470703,False,21
Ladd McConkey,WR,2025,17,2026,5,5,0.0,13.664268493652344,False,28
Ladd McConkey,WR,2025,17,2026,6,6,0.0,13.41708755493164,False,35
Ladd McConkey,WR,2025,17,2026,7,7,0.0,13.259805679321287,False,42
Ladd McConkey,WR,2025,17,2026,8,8,0.0,13.091739654541016,False,49
Ladd McConkey,WR,2025,17,2026,9,9,0.0,12.89051628112793,False,56
Ladd McConkey,WR,2025,17,2026,10,10,0.0,12.671632766723633,False,63
Ladd McConkey,WR,2025,17,2026,11,11,0.0,12.433775901794434,False,70
Ladd McConkey,WR,2025,17,2026,12,12,0.0,12.227869033813477,False,77
Ladd McConkey,WR,2025,17,2026,13,13,0.0,12.083833694458008,False,84
Ladd McConkey,WR,2025,17,2026,14,14,0.0,11.947823524475098,False,91
Ladd McConkey,WR,2025,17,2026,15,15,0.0,11.865087509155272,False,98
Ladd McConkey,WR,2025,17,2026,16,16,0.0,11.746543884277344,False,105
Ladd McConkey,WR,2025,17,2026,17,17,0.0,11.613103866577148,False,112
Laquon Treadwell,WR,2025,17,2026,1,1,0.0,2.263963222503662,False,0
Laquon Treadwell,WR,2025,17,2026,2,2,0.0,2.3358097076416016,False,7
Laquon Treadwell,WR,2025,17,2026,3,3,0.0,2.334547758102417,False,14
Laquon Treadwell,WR,2025,17,2026,4,4,0.0,2.3341634273529053,False,21
Laquon Treadwell,WR,2025,17,2026,5,5,0.0,2.324693202972412,False,28
Laquon Treadwell,WR,2025,17,2026,6,6,0.0,2.344933271408081,False,35
Laquon Treadwell,WR,2025,17,2026,7,7,0.0,2.356602907180786,False,42
Laquon Treadwell,WR,2025,17,2026,8,8,0.0,2.4261488914489746,False,49
Laquon Treadwell,WR,2025,17,2026,9,9,0.0,2.4926161766052246,False,56
Laquon Treadwell,WR,2025,17,2026,10,10,0.0,2.566577672958374,False,63
Laquon Treadwell,WR,2025,17,2026,11,11,0.0,2.664085626602173,False,70
Laquon Treadwell,WR,2025,17,2026,12,12,0.0,2.7418413162231445,False,77
Laquon Treadwell,WR,2025,17,2026,13,13,0.0,2.7997076511383057,False,84
Laquon Treadwell,WR,2025,17,2026,14,14,0.0,2.8429956436157227,False,91
Laquon Treadwell,WR,2025,17,2026,15,15,0.0,2.848337173461914,False,98
Laquon Treadwell,WR,2025,17,2026,16,16,0.0,2.884932518005371,False,105
Laquon Treadwell,WR,2025,17,2026,17,17,0.0,2.881797313690185,False,112
LeQuint Allen Jr.,RB,2025,17,2026,1,1,0.0,1.4151818752288818,False,0
LeQuint Allen Jr.,RB,2025,17,2026,2,2,0.0,1.4713621139526367,False,7
LeQuint Allen Jr.,RB,2025,17,2026,3,3,0.0,1.466010332107544,False,14
LeQuint Allen Jr.,RB,2025,17,2026,4,4,0.0,1.443713665008545,False,21
LeQuint Allen Jr.,RB,2025,17,2026,5,5,0.0,1.389561414718628,False,28
LeQuint Allen Jr.,RB,2025,17,2026,6,6,0.0,1.361361026763916,False,35
LeQuint Allen Jr.,RB,2025,17,2026,7,7,0.0,1.317988634109497,False,42
LeQuint Allen Jr.,RB,2025,17,2026,8,8,0.0,1.3370604515075684,False,49
LeQuint Allen Jr.,RB,2025,17,2026,9,9,0.0,1.3626580238342283,False,56
LeQuint Allen Jr.,RB,2025,17,2026,10,10,0.0,1.3672089576721191,False,63
LeQuint Allen Jr.,RB,2025,17,2026,11,11,0.0,1.4130527973175049,False,70
LeQuint Allen Jr.,RB,2025,17,2026,12,12,0.0,1.4664959907531738,False,77
LeQuint Allen Jr.,RB,2025,17,2026,13,13,0.0,1.5187795162200928,False,84
LeQuint Allen Jr.,RB,2025,17,2026,14,14,0.0,1.5568182468414309,False,91
LeQuint Allen Jr.,RB,2025,17,2026,15,15,0.0,1.5877354145050049,False,98
LeQuint Allen Jr.,RB,2025,17,2026,16,16,0.0,1.6253480911254885,False,105
LeQuint Allen Jr.,RB,2025,17,2026,17,17,0.0,1.6559631824493408,False,112
Lil'Jordan Humphrey,WR,2025,17,2026,1,1,0.0,2.6938369274139404,False,0
Lil'Jordan Humphrey,WR,2025,17,2026,2,2,0.0,2.77930212020874,False,7
Lil'Jordan Humphrey,WR,2025,17,2026,3,3,0.0,2.834927082061768,False,14
Lil'Jordan Humphrey,WR,2025,17,2026,4,4,0.0,2.87549901008606,False,21
Lil'Jordan Humphrey,WR,2025,17,2026,5,5,0.0,2.88471794128418,False,28
Lil'Jordan Humphrey,WR,2025,17,2026,6,6,0.0,2.893399715423584,False,35
Lil'Jordan Humphrey,WR,2025,17,2026,7,7,0.0,2.8843870162963867,False,42
Lil'Jordan Humphrey,WR,2025,17,2026,8,8,0.0,2.923482179641724,False,49
Lil'Jordan Humphrey,WR,2025,17,2026,9,9,0.0,2.956684112548828,False,56
Lil'Jordan Humphrey,WR,2025,17,2026,10,10,0.0,2.9877171516418457,False,63
Lil'Jordan Humphrey,WR,2025,17,2026,11,11,0.0,3.0597786903381348,False,70
Lil'Jordan Humphrey,WR,2025,17,2026,12,12,0.0,3.1303837299346924,False,77
Lil'Jordan Humphrey,WR,2025,17,2026,13,13,0.0,3.1980204582214355,False,84
Lil'Jordan Humphrey,WR,2025,17,2026,14,14,0.0,3.24751091003418,False,91
Lil'Jordan Humphrey,WR,2025,17,2026,15,15,0.0,3.2775378227233887,False,98
Lil'Jordan Humphrey,WR,2025,17,2026,16,16,0.0,3.33092737197876,False,105
Lil'Jordan Humphrey,WR,2025,17,2026,17,17,0.0,3.352016925811768,False,112
Luke McCaffrey,WR,2025,17,2026,1,1,0.0,1.9496004581451416,False,0
Luke McCaffrey,WR,2025,17,2026,2,2,0.0,1.929041147232056,False,7
Luke McCaffrey,WR,2025,17,2026,3,3,0.0,1.865323781967163,False,14
Luke McCaffrey,WR,2025,17,2026,4,4,0.0,1.7985520362854004,False,21
Luke McCaffrey,WR,2025,17,2026,5,5,0.0,1.7139277458190918,False,28
Luke McCaffrey,WR,2025,17,2026,6,6,0.0,1.6495819091796875,False,35
Luke McCaffrey,WR,2025,17,2026,7,7,0.0,1.5818560123443604,False,42
Luke McCaffrey,WR,2025,17,2026,8,8,0.0,1.5789196491241455,False,49
Luke McCaffrey,WR,2025,17,2026,9,9,0.0,1.587242603302002,False,56
Luke McCaffrey,WR,2025,17,2026,10,10,0.0,1.5860645771026611,False,63
Luke McCaffrey,WR,2025,17,2026,11,11,0.0,1.6297190189361572,False,70
Luke McCaffrey,WR,2025,17,2026,12,12,0.0,1.685851812362671,False,77
Luke McCaffrey,WR,2025,17,2026,13,13,0.0,1.7453210353851318,False,84
Luke McCaffrey,WR,2025,17,2026,14,14,0.0,1.7919981479644775,False,91
Luke McCaffrey,WR,2025,17,2026,15,15,0.0,1.8319566249847408,False,98
Luke McCaffrey,WR,2025,17,2026,16,16,0.0,1.881683111190796,False,105
Luke McCaffrey,WR,2025,17,2026,17,17,0.0,1.921893835067749,False,112
Luther Burden III,WR,2025,17,2026,1,1,0.0,5.086625099182129,False,0
Luther Burden III,WR,2025,17,2026,2,2,0.0,5.044166564941406,False,7
Luther Burden III,WR,2025,17,2026,3,3,0.0,5.223662376403809,False,14
Luther Burden III,WR,2025,17,2026,4,4,0.0,5.481429100036621,False,21
Luther Burden III,WR,2025,17,2026,5,5,0.0,5.768999099731445,False,28
Luther Burden III,WR,2025,17,2026,6,6,0.0,6.034171104431152,False,35
Luther Burden III,WR,2025,17,2026,7,7,0.0,6.202601432800293,False,42
Luther Burden III,WR,2025,17,2026,8,8,0.0,6.308388710021973,False,49
Luther Burden III,WR,2025,17,2026,9,9,0.0,6.319012641906738,False,56
Luther Burden III,WR,2025,17,2026,10,10,0.0,6.30714225769043,False,63
Luther Burden III,WR,2025,17,2026,11,11,0.0,6.327212333679199,False,70
Luther Burden III,WR,2025,17,2026,12,12,0.0,6.346281051635742,False,77
Luther Burden III,WR,2025,17,2026,13,13,0.0,6.358450889587402,False,84
Luther Burden III,WR,2025,17,2026,14,14,0.0,6.355319023132324,False,91
Luther Burden III,WR,2025,17,2026,15,15,0.0,6.333446502685547,False,98
Luther Burden III,WR,2025,17,2026,16,16,0.0,6.347950458526611,False,105
Luther Burden III,WR,2025,17,2026,17,17,0.0,6.331789970397949,False,112
Mack Hollins,WR,2025,17,2026,1,1,0.0,6.599721908569336,False,0
Mack Hollins,WR,2025,17,2026,2,2,0.0,6.369733333587647,False,7
Mack Hollins,WR,2025,17,2026,3,3,0.0,6.443282127380371,False,14
Mack Hollins,WR,2025,17,2026,4,4,0.0,6.664360046386719,False,21
Mack Hollins,WR,2025,17,2026,5,5,0.0,6.930236339569092,False,28
Mack Hollins,WR,2025,17,2026,6,6,0.0,7.069477081298828,False,35
Mack Hollins,WR,2025,17,2026,7,7,0.0,7.083598136901856,False,42
Mack Hollins,WR,2025,17,2026,8,8,0.0,7.052183628082275,False,49
Mack Hollins,WR,2025,17,2026,9,9,0.0,6.942807197570801,False,56
Mack Hollins,WR,2025,17,2026,10,10,0.0,6.834809303283691,False,63
Mack Hollins,WR,2025,17,2026,11,11,0.0,6.759615898132324,False,70
Mack Hollins,WR,2025,17,2026,12,12,0.0,6.681258201599121,False,77
Mack Hollins,WR,2025,17,2026,13,13,0.0,6.623042106628418,False,84
Mack Hollins,WR,2025,17,2026,14,14,0.0,6.561175346374512,False,91
Mack Hollins,WR,2025,17,2026,15,15,0.0,6.507741451263428,False,98
Mack Hollins,WR,2025,17,2026,16,16,0.0,6.484278202056885,False,105
Mack Hollins,WR,2025,17,2026,17,17,0.0,6.44595193862915,False,112
Makai Lemon,WR,2025,17,2026,1,1,0.0,1.81023907661438,False,0
Makai Lemon,WR,2025,17,2026,2,2,0.0,1.829951524734497,False,7
Makai Lemon,WR,2025,17,2026,3,3,0.0,1.809203147888184,False,14
Makai Lemon,WR,2025,17,2026,4,4,0.0,1.7855429649353027,False,21
Makai Lemon,WR,2025,17,2026,5,5,0.0,1.7349858283996582,False,28
Makai Lemon,WR,2025,17,2026,6,6,0.0,1.7041027545928955,False,35
Makai Lemon,WR,2025,17,2026,7,7,0.0,1.6623485088348389,False,42
Makai Lemon,WR,2025,17,2026,8,8,0.0,1.683924913406372,False,49
Makai Lemon,WR,2025,17,2026,9,9,0.0,1.7174618244171145,False,56
Makai Lemon,WR,2025,17,2026,10,10,0.0,1.741995334625244,False,63
Makai Lemon,WR,2025,17,2026,11,11,0.0,1.8185124397277832,False,70
Makai Lemon,WR,2025,17,2026,12,12,0.0,1.910864353179932,False,77
Makai Lemon,WR,2025,17,2026,13,13,0.0,2.0079190731048584,False,84
Makai Lemon,WR,2025,17,2026,14,14,0.0,2.095891237258911,False,91
Makai Lemon,WR,2025,17,2026,15,15,0.0,2.1651623249053955,False,98
Makai Lemon,WR,2025,17,2026,16,16,0.0,2.2559850215911865,False,105
Makai Lemon,WR,2025,17,2026,17,17,0.0,2.329423427581787,False,112
Malachi Corley,WR,2025,17,2026,1,1,0.0,2.6475071907043457,False,0
Malachi Corley,WR,2025,17,2026,2,2,0.0,2.7304131984710693,False,7
Malachi Corley,WR,2025,17,2026,3,3,0.0,2.721252202987671,False,14
Malachi Corley,WR,2025,17,2026,4,4,0.0,2.703621387481689,False,21
Malachi Corley,WR,2025,17,2026,5,5,0.0,2.6622323989868164,False,28
Malachi Corley,WR,2025,17,2026,6,6,0.0,2.614168643951416,False,35
Malachi Corley,WR,2025,17,2026,7,7,0.0,2.545842170715332,False,42
Malachi Corley,WR,2025,17,2026,8,8,0.0,2.532414436340332,False,49
Malachi Corley,WR,2025,17,2026,9,9,0.0,2.526106357574463,False,56
Malachi Corley,WR,2025,17,2026,10,10,0.0,2.530111789703369,False,63
Malachi Corley,WR,2025,17,2026,11,11,0.0,2.5832197666168213,False,70
Malachi Corley,WR,2025,17,2026,12,12,0.0,2.6543989181518555,False,77
Malachi Corley,WR,2025,17,2026,13,13,0.0,2.734618663787842,False,84
Malachi Corley,WR,2025,17,2026,14,14,0.0,2.806116342544556,False,91
Malachi Corley,WR,2025,17,2026,15,15,0.0,2.861001968383789,False,98
Malachi Corley,WR,2025,17,2026,16,16,0.0,2.937666416168213,False,105
Malachi Corley,WR,2025,17,2026,17,17,0.0,2.989598274230957,False,112
Malachi Fields,WR,2025,17,2026,1,1,0.0,1.8108532428741453,False,0
Malachi Fields,WR,2025,17,2026,2,2,0.0,1.8306334018707275,False,7
Malachi Fields,WR,2025,17,2026,3,3,0.0,1.810047626495361,False,14
Malachi Fields,WR,2025,17,2026,4,4,0.0,1.7865853309631348,False,21
Malachi Fields,WR,2025,17,2026,5,5,0.0,1.7361960411071775,False,28
Malachi Fields,WR,2025,17,2026,6,6,0.0,1.7055292129516602,False,35
Malachi Fields,WR,2025,17,2026,7,7,0.0,1.6639735698699951,False,42
Malachi Fields,WR,2025,17,2026,8,8,0.0,1.6857783794403076,False,49
Malachi Fields,WR,2025,17,2026,9,9,0.0,1.7195370197296145,False,56
Malachi Fields,WR,2025,17,2026,10,10,0.0,1.7442843914031982,False,63
Malachi Fields,WR,2025,17,2026,11,11,0.0,1.8210368156433103,False,70
Malachi Fields,WR,2025,17,2026,12,12,0.0,1.913541555404663,False,77
Malachi Fields,WR,2025,17,2026,13,13,0.0,2.010711431503296,False,84
Malachi Fields,WR,2025,17,2026,14,14,0.0,2.098795890808105,False,91
Malachi Fields,WR,2025,17,2026,15,15,0.0,2.168107271194458,False,98
Malachi Fields,WR,2025,17,2026,16,16,0.0,2.259040355682373,False,105
Malachi Fields,WR,2025,17,2026,17,17,0.0,2.3325071334838867,False,112
Malik Benson,WR,2025,17,2026,1,1,0.0,1.811967372894287,False,0
Malik Benson,WR,2025,17,2026,2,2,0.0,1.8318209648132324,False,7
Malik Benson,WR,2025,17,2026,3,3,0.0,1.811500072479248,False,14
Malik Benson,WR,2025,17,2026,4,4,0.0,1.7883336544036863,False,21
Malik Benson,WR,2025,17,2026,5,5,0.0,1.7381877899169922,False,28
Malik Benson,WR,2025,17,2026,6,6,0.0,1.707819938659668,False,35
Malik Benson,WR,2025,17,2026,7,7,0.0,1.666534662246704,False,42
Malik Benson,WR,2025,17,2026,8,8,0.0,1.688650369644165,False,49
Malik Benson,WR,2025,17,2026,9,9,0.0,1.7227137088775637,False,56
Malik Benson,WR,2025,17,2026,10,10,0.0,1.7477498054504397,False,63
Malik Benson,WR,2025,17,2026,11,11,0.0,1.8248193264007568,False,70
Malik Benson,WR,2025,17,2026,12,12,0.0,1.9175286293029783,False,77
Malik Benson,WR,2025,17,2026,13,13,0.0,2.014850854873657,False,84
Malik Benson,WR,2025,17,2026,14,14,0.0,2.103088855743408,False,91
Malik Benson,WR,2025,17,2026,15,15,0.0,2.172452211380005,False,98
Malik Benson,WR,2025,17,2026,16,16,0.0,2.2635416984558105,False,105
Malik Benson,WR,2025,17,2026,17,17,0.0,2.337049961090088,False,112
Malik Davis,RB,2025,17,2026,1,1,0.0,3.600264072418213,False,0
Malik Davis,RB,2025,17,2026,2,2,0.0,3.6323375701904297,False,7
Malik Davis,RB,2025,17,2026,3,3,0.0,3.715564012527466,False,14
Malik Davis,RB,2025,17,2026,4,4,0.0,3.831076622009277,False,21
Malik Davis,RB,2025,17,2026,5,5,0.0,3.94347620010376,False,28
Malik Davis,RB,2025,17,2026,6,6,0.0,4.080643177032471,False,35
Malik Davis,RB,2025,17,2026,7,7,0.0,4.201097965240479,False,42
Malik Davis,RB,2025,17,2026,8,8,0.0,4.346774578094482,False,49
Malik Davis,RB,2025,17,2026,9,9,0.0,4.442258834838867,False,56
Malik Davis,RB,2025,17,2026,10,10,0.0,4.524130344390869,False,63
Malik Davis,RB,2025,17,2026,11,11,0.0,4.644650459289551,False,70
Malik Davis,RB,2025,17,2026,12,12,0.0,4.749631404876709,False,77
Malik Davis,RB,2025,17,2026,13,13,0.0,4.831622123718262,False,84
Malik Davis,RB,2025,17,2026,14,14,0.0,4.878327369689941,False,91
Malik Davis,RB,2025,17,2026,15,15,0.0,4.883275985717773,False,98
Malik Davis,RB,2025,17,2026,16,16,0.0,4.911530494689941,False,105
Malik Davis,RB,2025,17,2026,17,17,0.0,4.888860702514648,False,112
Malik Nabers,WR,2025,17,2026,1,1,0.0,13.788982391357422,False,0
Malik Nabers,WR,2025,17,2026,2,2,0.0,14.009166717529297,False,7
Malik Nabers,WR,2025,17,2026,3,3,0.0,14.384063720703123,False,14
Malik Nabers,WR,2025,17,2026,4,4,0.0,14.52962875366211,False,21
Malik Nabers,WR,2025,17,2026,5,5,0.0,14.896921157836914,False,28
Malik Nabers,WR,2025,17,2026,6,6,0.0,15.103352546691896,False,35
Malik Nabers,WR,2025,17,2026,7,7,0.0,15.34009838104248,False,42
Malik Nabers,WR,2025,17,2026,8,8,0.0,15.382566452026367,False,49
Malik Nabers,WR,2025,17,2026,9,9,0.0,15.313308715820312,False,56
Malik Nabers,WR,2025,17,2026,10,10,0.0,15.27993392944336,False,63
Malik Nabers,WR,2025,17,2026,11,11,0.0,15.19297981262207,False,70
Malik Nabers,WR,2025,17,2026,12,12,0.0,15.064504623413086,False,77
Malik Nabers,WR,2025,17,2026,13,13,0.0,14.91848373413086,False,84
Malik Nabers,WR,2025,17,2026,14,14,0.0,14.750513076782228,False,91
Malik Nabers,WR,2025,17,2026,15,15,0.0,14.618419647216797,False,98
Malik Nabers,WR,2025,17,2026,16,16,0.0,14.430816650390623,False,105
Malik Nabers,WR,2025,17,2026,17,17,0.0,14.181591033935549,False,112
Malik Washington,WR,2025,17,2026,1,1,0.0,3.0308430194854736,False,0
Malik Washington,WR,2025,17,2026,2,2,0.0,3.0535926818847656,False,7
Malik Washington,WR,2025,17,2026,3,3,0.0,3.112709045410156,False,14
Malik Washington,WR,2025,17,2026,4,4,0.0,3.1866466999053955,False,21
Malik Washington,WR,2025,17,2026,5,5,0.0,3.2390499114990234,False,28
Malik Washington,WR,2025,17,2026,6,6,0.0,3.325737476348877,False,35
Malik Washington,WR,2025,17,2026,7,7,0.0,3.4050681591033936,False,42
Malik Washington,WR,2025,17,2026,8,8,0.0,3.5519275665283203,False,49
Malik Washington,WR,2025,17,2026,9,9,0.0,3.68403959274292,False,56
Malik Washington,WR,2025,17,2026,10,10,0.0,3.802928924560547,False,63
Malik Washington,WR,2025,17,2026,11,11,0.0,3.970337152481079,False,70
Malik Washington,WR,2025,17,2026,12,12,0.0,4.116296291351318,False,77
Malik Washington,WR,2025,17,2026,13,13,0.0,4.2372918128967285,False,84
Malik Washington,WR,2025,17,2026,14,14,0.0,4.323829650878906,False,91
Malik Washington,WR,2025,17,2026,15,15,0.0,4.36769962310791,False,98
Malik Washington,WR,2025,17,2026,16,16,0.0,4.432080268859863,False,105
Malik Washington,WR,2025,17,2026,17,17,0.0,4.446126937866211,False,112
MarShawn Lloyd,RB,2025,17,2026,1,1,0.0,1.246208667755127,False,0
MarShawn Lloyd,RB,2025,17,2026,2,2,0.0,1.3545582294464111,False,7
MarShawn Lloyd,RB,2025,17,2026,3,3,0.0,1.369288682937622,False,14
MarShawn Lloyd,RB,2025,17,2026,4,4,0.0,1.3647472858428955,False,21
MarShawn Lloyd,RB,2025,17,2026,5,5,0.0,1.325864553451538,False,28
MarShawn Lloyd,RB,2025,17,2026,6,6,0.0,1.3227765560150146,False,35
MarShawn Lloyd,RB,2025,17,2026,7,7,0.0,1.3049890995025637,False,42
MarShawn Lloyd,RB,2025,17,2026,8,8,0.0,1.3522160053253174,False,49
MarShawn Lloyd,RB,2025,17,2026,9,9,0.0,1.4060564041137695,False,56
MarShawn Lloyd,RB,2025,17,2026,10,10,0.0,1.4411864280700684,False,63
MarShawn Lloyd,RB,2025,17,2026,11,11,0.0,1.5226936340332031,False,70
MarShawn Lloyd,RB,2025,17,2026,12,12,0.0,1.6102564334869385,False,77
MarShawn Lloyd,RB,2025,17,2026,13,13,0.0,1.6893937587738037,False,84
MarShawn Lloyd,RB,2025,17,2026,14,14,0.0,1.7530272006988523,False,91
MarShawn Lloyd,RB,2025,17,2026,15,15,0.0,1.7930676937103271,False,98
MarShawn Lloyd,RB,2025,17,2026,16,16,0.0,1.844496250152588,False,105
MarShawn Lloyd,RB,2025,17,2026,17,17,0.0,1.8748836517333984,False,112
Marquise Brown,WR,2025,17,2026,1,1,0.0,6.792758464813232,False,0
Marquise Brown,WR,2025,17,2026,2,2,0.0,6.578066825866699,False,7
Marquise Brown,WR,2025,17,2026,3,3,0.0,6.76959228515625,False,14
Marquise Brown,WR,2025,17,2026,4,4,0.0,7.124485015869141,False,21
Marquise Brown,WR,2025,17,2026,5,5,0.0,7.58277702331543,False,28
Marquise Brown,WR,2025,17,2026,6,6,0.0,8.11880874633789,False,35
Marquise Brown,WR,2025,17,2026,7,7,0.0,8.613107681274414,False,42
Marquise Brown,WR,2025,17,2026,8,8,0.0,8.908771514892578,False,49
Marquise Brown,WR,2025,17,2026,9,9,0.0,8.950148582458496,False,56
Marquise Brown,WR,2025,17,2026,10,10,0.0,8.913707733154297,False,63
Marquise Brown,WR,2025,17,2026,11,11,0.0,8.90678596496582,False,70
Marquise Brown,WR,2025,17,2026,12,12,0.0,8.894935607910156,False,77
Marquise Brown,WR,2025,17,2026,13,13,0.0,8.862643241882324,False,84
Marquise Brown,WR,2025,17,2026,14,14,0.0,8.818710327148438,False,91
Marquise Brown,WR,2025,17,2026,15,15,0.0,8.762590408325195,False,98
Marquise Brown,WR,2025,17,2026,16,16,0.0,8.727879524230957,False,105
Marquise Brown,WR,2025,17,2026,17,17,0.0,8.662565231323242,False,112
Marvin Harrison Jr.,WR,2025,17,2026,1,1,0.0,6.502969741821289,False,0
Marvin Harrison Jr.,WR,2025,17,2026,2,2,0.0,6.250838279724121,False,7
Marvin Harrison Jr.,WR,2025,17,2026,3,3,0.0,5.983407020568848,False,14
Marvin Harrison Jr.,WR,2025,17,2026,4,4,0.0,5.66458797454834,False,21
Marvin Harrison Jr.,WR,2025,17,2026,5,5,0.0,5.311165809631348,False,28
Marvin Harrison Jr.,WR,2025,17,2026,6,6,0.0,4.845274925231934,False,35
Marvin Harrison Jr.,WR,2025,17,2026,7,7,0.0,4.390988349914551,False,42
Marvin Harrison Jr.,WR,2025,17,2026,8,8,0.0,3.9514667987823486,False,49
Marvin Harrison Jr.,WR,2025,17,2026,9,9,0.0,3.598874092102051,False,56
Marvin Harrison Jr.,WR,2025,17,2026,10,10,0.0,3.38983154296875,False,63
Marvin Harrison Jr.,WR,2025,17,2026,11,11,0.0,3.257985830307007,False,70
Marvin Harrison Jr.,WR,2025,17,2026,12,12,0.0,3.150960922241211,False,77
Marvin Harrison Jr.,WR,2025,17,2026,13,13,0.0,3.1254892349243164,False,84
Marvin Harrison Jr.,WR,2025,17,2026,14,14,0.0,3.0881993770599365,False,91
Marvin Harrison Jr.,WR,2025,17,2026,15,15,0.0,3.0980398654937744,False,98
Marvin Harrison Jr.,WR,2025,17,2026,16,16,0.0,3.096008539199829,False,105
Marvin Harrison Jr.,WR,2025,17,2026,17,17,0.0,3.0817646980285645,False,112
Marvin Mims Jr.,WR,2025,17,2026,1,1,0.0,12.91926383972168,False,0
Marvin Mims Jr.,WR,2025,17,2026,2,2,0.0,12.911778450012209,False,7
Marvin Mims Jr.,WR,2025,17,2026,3,3,0.0,12.894508361816406,False,14
Marvin Mims Jr.,WR,2025,17,2026,4,4,0.0,12.833171844482422,False,21
Marvin Mims Jr.,WR,2025,17,2026,5,5,0.0,12.648672103881836,False,28
Marvin Mims Jr.,WR,2025,17,2026,6,6,0.0,12.309551239013672,False,35
Marvin Mims Jr.,WR,2025,17,2026,7,7,0.0,12.031099319458008,False,42
Marvin Mims Jr.,WR,2025,17,2026,8,8,0.0,11.724026679992676,False,49
Marvin Mims Jr.,WR,2025,17,2026,9,9,0.0,11.398736953735352,False,56
Marvin Mims Jr.,WR,2025,17,2026,10,10,0.0,11.13271141052246,False,63
Marvin Mims Jr.,WR,2025,17,2026,11,11,0.0,10.934953689575195,False,70
Marvin Mims Jr.,WR,2025,17,2026,12,12,0.0,10.788445472717283,False,77
Marvin Mims Jr.,WR,2025,17,2026,13,13,0.0,10.676199913024902,False,84
Marvin Mims Jr.,WR,2025,17,2026,14,14,0.0,10.532127380371094,False,91
Marvin Mims Jr.,WR,2025,17,2026,15,15,0.0,10.417396545410156,False,98
Marvin Mims Jr.,WR,2025,17,2026,16,16,0.0,10.253049850463867,False,105
Marvin Mims Jr.,WR,2025,17,2026,17,17,0.0,10.070650100708008,False,112
Matthew Golden,WR,2025,17,2026,1,1,0.0,6.374406814575195,False,0
Matthew Golden,WR,2025,17,2026,2,2,0.0,6.177868843078613,False,7
Matthew Golden,WR,2025,17,2026,3,3,0.0,6.14733362197876,False,14
Matthew Golden,WR,2025,17,2026,4,4,0.0,6.177239894866943,False,21
Matthew Golden,WR,2025,17,2026,5,5,0.0,6.171346664428711,False,28
Matthew Golden,WR,2025,17,2026,6,6,0.0,6.002030372619629,False,35
Matthew Golden,WR,2025,17,2026,7,7,0.0,5.789762496948242,False,42
Matthew Golden,WR,2025,17,2026,8,8,0.0,5.601945877075195,False,49
Matthew Golden,WR,2025,17,2026,9,9,0.0,5.4053497314453125,False,56
Matthew Golden,WR,2025,17,2026,10,10,0.0,5.264194488525391,False,63
Matthew Golden,WR,2025,17,2026,11,11,0.0,5.152042388916016,False,70
Matthew Golden,WR,2025,17,2026,12,12,0.0,5.037120342254639,False,77
Matthew Golden,WR,2025,17,2026,13,13,0.0,4.959589004516602,False,84
Matthew Golden,WR,2025,17,2026,14,14,0.0,4.874142169952393,False,91
Matthew Golden,WR,2025,17,2026,15,15,0.0,4.815284729003906,False,98
Matthew Golden,WR,2025,17,2026,16,16,0.0,4.777754783630371,False,105
Matthew Golden,WR,2025,17,2026,17,17,0.0,4.724442481994629,False,112
Max Bredeson,RB,2025,17,2026,1,1,0.0,1.812216520309448,False,0
Max Bredeson,RB,2025,17,2026,2,2,0.0,1.832602977752685,False,7
Max Bredeson,RB,2025,17,2026,3,3,0.0,1.8130249977111816,False,14
Max Bredeson,RB,2025,17,2026,4,4,0.0,1.7905113697052002,False,21
Max Bredeson,RB,2025,17,2026,5,5,0.0,1.7408115863800049,False,28
Max Bredeson,RB,2025,17,2026,6,6,0.0,1.7110066413879397,False,35
Max Bredeson,RB,2025,17,2026,7,7,0.0,1.6702322959899902,False,42
Max Bredeson,RB,2025,17,2026,8,8,0.0,1.6929736137390137,False,49
Max Bredeson,RB,2025,17,2026,9,9,0.0,1.727696418762207,False,56
Max Bredeson,RB,2025,17,2026,10,10,0.0,1.753328800201416,False,63
Max Bredeson,RB,2025,17,2026,11,11,0.0,1.8310768604278564,False,70
Max Bredeson,RB,2025,17,2026,12,12,0.0,1.924266338348389,False,77
Max Bredeson,RB,2025,17,2026,13,13,0.0,2.021939277648926,False,84
Max Bredeson,RB,2025,17,2026,14,14,0.0,2.1105377674102783,False,91
Max Bredeson,RB,2025,17,2026,15,15,0.0,2.1800341606140137,False,98
Max Bredeson,RB,2025,17,2026,16,16,0.0,2.2714664936065674,False,105
Max Bredeson,RB,2025,17,2026,17,17,0.0,2.3451590538024902,False,112
Michael Burton,RB,2025,17,2026,1,1,0.0,2.1705803871154785,False,0
Michael Burton,RB,2025,17,2026,2,2,0.0,2.19245982170105,False,7
Michael Burton,RB,2025,17,2026,3,3,0.0,2.142967462539673,False,14
Michael Burton,RB,2025,17,2026,4,4,0.0,2.0721206665039062,False,21
Michael Burton,RB,2025,17,2026,5,5,0.0,1.9796690940856931,False,28
Michael Burton,RB,2025,17,2026,6,6,0.0,1.8864085674285889,False,35
Michael Burton,RB,2025,17,2026,7,7,0.0,1.7957544326782229,False,42
Michael Burton,RB,2025,17,2026,8,8,0.0,1.7672412395477295,False,49
Michael Burton,RB,2025,17,2026,9,9,0.0,1.74979829788208,False,56
Michael Burton,RB,2025,17,2026,10,10,0.0,1.7287559509277344,False,63
Michael Burton,RB,2025,17,2026,11,11,0.0,1.737945795059204,False,70
Michael Burton,RB,2025,17,2026,12,12,0.0,1.7583308219909668,False,77
Michael Burton,RB,2025,17,2026,13,13,0.0,1.7864341735839844,False,84
Michael Burton,RB,2025,17,2026,14,14,0.0,1.8089582920074463,False,91
Michael Burton,RB,2025,17,2026,15,15,0.0,1.830561876296997,False,98
Michael Burton,RB,2025,17,2026,16,16,0.0,1.8666279315948489,False,105
Michael Burton,RB,2025,17,2026,17,17,0.0,1.9018826484680176,False,112
Michael Pittman,WR,2025,17,2026,1,1,0.0,12.88972282409668,False,0
Michael Pittman,WR,2025,17,2026,2,2,0.0,13.07990264892578,False,7
Michael Pittman,WR,2025,17,2026,3,3,0.0,13.079612731933594,False,14
Michael Pittman,WR,2025,17,2026,4,4,0.0,13.269333839416504,False,21
Michael Pittman,WR,2025,17,2026,5,5,0.0,13.497102737426758,False,28
Michael Pittman,WR,2025,17,2026,6,6,0.0,13.522066116333008,False,35
Michael Pittman,WR,2025,17,2026,7,7,0.0,13.45069408416748,False,42
Michael Pittman,WR,2025,17,2026,8,8,0.0,13.372207641601562,False,49
Michael Pittman,WR,2025,17,2026,9,9,0.0,13.282987594604492,False,56
Michael Pittman,WR,2025,17,2026,10,10,0.0,13.199271202087402,False,63
Michael Pittman,WR,2025,17,2026,11,11,0.0,13.126243591308594,False,70
Michael Pittman,WR,2025,17,2026,12,12,0.0,13.053236961364746,False,77
Michael Pittman,WR,2025,17,2026,13,13,0.0,12.990471839904783,False,84
Michael Pittman,WR,2025,17,2026,14,14,0.0,12.893183708190918,False,91
Michael Pittman,WR,2025,17,2026,15,15,0.0,12.82573413848877,False,98
Michael Pittman,WR,2025,17,2026,16,16,0.0,12.708366394042969,False,105
Michael Pittman,WR,2025,17,2026,17,17,0.0,12.564961433410645,False,112
Michael Wilson,WR,2025,17,2026,1,1,0.0,10.193108558654783,False,0
Michael Wilson,WR,2025,17,2026,2,2,0.0,10.176222801208496,False,7
Michael Wilson,WR,2025,17,2026,3,3,0.0,10.33319854736328,False,14
Michael Wilson,WR,2025,17,2026,4,4,0.0,10.478318214416504,False,21
Michael Wilson,WR,2025,17,2026,5,5,0.0,10.587319374084473,False,28
Michael Wilson,WR,2025,17,2026,6,6,0.0,10.412568092346191,False,35
Michael Wilson,WR,2025,17,2026,7,7,0.0,10.207286834716797,False,42
Michael Wilson,WR,2025,17,2026,8,8,0.0,10.003622055053713,False,49
Michael Wilson,WR,2025,17,2026,9,9,0.0,9.766831398010254,False,56
Michael Wilson,WR,2025,17,2026,10,10,0.0,9.568819046020508,False,63
Michael Wilson,WR,2025,17,2026,11,11,0.0,9.436832427978516,False,70
Michael Wilson,WR,2025,17,2026,12,12,0.0,9.350783348083496,False,77
Michael Wilson,WR,2025,17,2026,13,13,0.0,9.302572250366213,False,84
Michael Wilson,WR,2025,17,2026,14,14,0.0,9.24937629699707,False,91
Michael Wilson,WR,2025,17,2026,15,15,0.0,9.210988998413086,False,98
Michael Wilson,WR,2025,17,2026,16,16,0.0,9.161660194396973,False,105
Michael Wilson,WR,2025,17,2026,17,17,0.0,9.102067947387695,False,112
Mike Evans,WR,2025,17,2026,1,1,0.0,10.842284202575684,False,0
Mike Evans,WR,2025,17,2026,2,2,0.0,10.572349548339844,False,7
Mike Evans,WR,2025,17,2026,3,3,0.0,10.373010635375977,False,14
Mike Evans,WR,2025,17,2026,4,4,0.0,9.94804859161377,False,21
Mike Evans,WR,2025,17,2026,5,5,0.0,9.431156158447266,False,28
Mike Evans,WR,2025,17,2026,6,6,0.0,8.822676658630371,False,35
Mike Evans,WR,2025,17,2026,7,7,0.0,8.366397857666016,False,42
Mike Evans,WR,2025,17,2026,8,8,0.0,7.979126930236816,False,49
Mike Evans,WR,2025,17,2026,9,9,0.0,7.582684516906738,False,56
Mike Evans,WR,2025,17,2026,10,10,0.0,7.240579128265381,False,63
Mike Evans,WR,2025,17,2026,11,11,0.0,6.943625450134277,False,70
Mike Evans,WR,2025,17,2026,12,12,0.0,6.730159282684326,False,77
Mike Evans,WR,2025,17,2026,13,13,0.0,6.625545501708984,False,84
Mike Evans,WR,2025,17,2026,14,14,0.0,6.532344818115234,False,91
Mike Evans,WR,2025,17,2026,15,15,0.0,6.475627422332764,False,98
Mike Evans,WR,2025,17,2026,16,16,0.0,6.422940731048584,False,105
Mike Evans,WR,2025,17,2026,17,17,0.0,6.363066673278809,False,112
Mike Washington Jr.,RB,2025,17,2026,1,1,0.0,1.8134794235229488,False,0
Mike Washington Jr.,RB,2025,17,2026,2,2,0.0,1.8339574337005613,False,7
Mike Washington Jr.,RB,2025,17,2026,3,3,0.0,1.8146793842315676,False,14
Mike Washington Jr.,RB,2025,17,2026,4,4,0.0,1.7925195693969729,False,21
Mike Washington Jr.,RB,2025,17,2026,5,5,0.0,1.743117094039917,False,28
Mike Washington Jr.,RB,2025,17,2026,6,6,0.0,1.713686227798462,False,35
Mike Washington Jr.,RB,2025,17,2026,7,7,0.0,1.6732556819915771,False,42
Mike Washington Jr.,RB,2025,17,2026,8,8,0.0,1.69639253616333,False,49
Mike Washington Jr.,RB,2025,17,2026,9,9,0.0,1.7315001487731934,False,56
Mike Washington Jr.,RB,2025,17,2026,10,10,0.0,1.7575016021728516,False,63
Mike Washington Jr.,RB,2025,17,2026,11,11,0.0,1.8356544971466064,False,70
Mike Washington Jr.,RB,2025,17,2026,12,12,0.0,1.929105758666992,False,77
Mike Washington Jr.,RB,2025,17,2026,13,13,0.0,2.0269734859466557,False,84
Mike Washington Jr.,RB,2025,17,2026,14,14,0.0,2.1157643795013428,False,91
Mike Washington Jr.,RB,2025,17,2026,15,15,0.0,2.18532657623291,False,98
Mike Washington Jr.,RB,2025,17,2026,16,16,0.0,2.2769503593444824,False,105
Mike Washington Jr.,RB,2025,17,2026,17,17,0.0,2.3506908416748047,False,112
Montorie Foster Jr,WR,2025,17,2026,1,1,0.0,1.811112642288208,False,0
Montorie Foster Jr,WR,2025,17,2026,2,2,0.0,1.8309075832366943,False,7
Montorie Foster Jr,WR,2025,17,2026,3,3,0.0,1.8103563785552976,False,14
Montorie Foster Jr,WR,2025,17,2026,4,4,0.0,1.7869298458099363,False,21
Montorie Foster Jr,WR,2025,17,2026,5,5,0.0,1.7365694046020508,False,28
Montorie Foster Jr,WR,2025,17,2026,6,6,0.0,1.7059326171875,False,35
Montorie Foster Jr,WR,2025,17,2026,7,7,0.0,1.6644041538238523,False,42
Montorie Foster Jr,WR,2025,17,2026,8,8,0.0,1.6862404346466064,False,49
Montorie Foster Jr,WR,2025,17,2026,9,9,0.0,1.720029592514038,False,56
Montorie Foster Jr,WR,2025,17,2026,10,10,0.0,1.7448077201843262,False,63
Montorie Foster Jr,WR,2025,17,2026,11,11,0.0,1.821594476699829,False,70
Montorie Foster Jr,WR,2025,17,2026,12,12,0.0,1.9141223430633545,False,77
Montorie Foster Jr,WR,2025,17,2026,13,13,0.0,2.011309862136841,False,84
Montorie Foster Jr,WR,2025,17,2026,14,14,0.0,2.0994133949279785,False,91
Montorie Foster Jr,WR,2025,17,2026,15,15,0.0,2.168731689453125,False,98
Montorie Foster Jr,WR,2025,17,2026,16,16,0.0,2.2596864700317383,False,105
Montorie Foster Jr,WR,2025,17,2026,17,17,0.0,2.333162784576416,False,112
Myles Price,WR,2025,17,2026,1,1,0.0,2.144212007522583,False,0
Myles Price,WR,2025,17,2026,2,2,0.0,2.176878929138184,False,7
Myles Price,WR,2025,17,2026,3,3,0.0,2.1180076599121094,False,14
Myles Price,WR,2025,17,2026,4,4,0.0,2.0391855239868164,False,21
Myles Price,WR,2025,17,2026,5,5,0.0,1.9337477684021,False,28
Myles Price,WR,2025,17,2026,6,6,0.0,1.8268859386444087,False,35
Myles Price,WR,2025,17,2026,7,7,0.0,1.7147600650787354,False,42
Myles Price,WR,2025,17,2026,8,8,0.0,1.6679255962371826,False,49
Myles Price,WR,2025,17,2026,9,9,0.0,1.6286418437957764,False,56
Myles Price,WR,2025,17,2026,10,10,0.0,1.574209213256836,False,63
Myles Price,WR,2025,17,2026,11,11,0.0,1.556260347366333,False,70
Myles Price,WR,2025,17,2026,12,12,0.0,1.5549201965332031,False,77
Myles Price,WR,2025,17,2026,13,13,0.0,1.5752911567687988,False,84
Myles Price,WR,2025,17,2026,14,14,0.0,1.5955662727355957,False,91
Myles Price,WR,2025,17,2026,15,15,0.0,1.6239855289459229,False,98
Myles Price,WR,2025,17,2026,16,16,0.0,1.6595985889434814,False,105
Myles Price,WR,2025,17,2026,17,17,0.0,1.6974704265594482,False,112
Najee Harris,RB,2025,17,2026,1,1,0.0,3.9851462841033936,False,0
Najee Harris,RB,2025,17,2026,2,2,0.0,4.022597789764404,False,7
Najee Harris,RB,2025,17,2026,3,3,0.0,4.1865234375,False,14
Najee Harris,RB,2025,17,2026,4,4,0.0,4.392260074615479,False,21
Najee Harris,RB,2025,17,2026,5,5,0.0,4.610501289367676,False,28
Najee Harris,RB,2025,17,2026,6,6,0.0,4.906134605407715,False,35
Najee Harris,RB,2025,17,2026,7,7,0.0,5.215466499328613,False,42
Najee Harris,RB,2025,17,2026,8,8,0.0,5.551707267761231,False,49
Najee Harris,RB,2025,17,2026,9,9,0.0,5.78139591217041,False,56
Najee Harris,RB,2025,17,2026,10,10,0.0,5.921126365661621,False,63
Najee Harris,RB,2025,17,2026,11,11,0.0,6.059800624847412,False,70
Najee Harris,RB,2025,17,2026,12,12,0.0,6.153831005096436,False,77
Najee Harris,RB,2025,17,2026,13,13,0.0,6.213062763214111,False,84
Najee Harris,RB,2025,17,2026,14,14,0.0,6.249730587005615,False,91
Najee Harris,RB,2025,17,2026,15,15,0.0,6.248321056365967,False,98
Najee Harris,RB,2025,17,2026,16,16,0.0,6.280209541320801,False,105
Najee Harris,RB,2025,17,2026,17,17,0.0,6.272989273071289,False,112
Nicholas Singleton,RB,2025,17,2026,1,1,0.0,1.8127446174621584,False,0
Nicholas Singleton,RB,2025,17,2026,2,2,0.0,1.8331706523895264,False,7
Nicholas Singleton,RB,2025,17,2026,3,3,0.0,1.8137381076812744,False,14
Nicholas Singleton,RB,2025,17,2026,4,4,0.0,1.7914140224456787,False,21
Nicholas Singleton,RB,2025,17,2026,5,5,0.0,1.7418787479400637,False,28
Nicholas Singleton,RB,2025,17,2026,6,6,0.0,1.7122879028320312,False,35
Nicholas Singleton,RB,2025,17,2026,7,7,0.0,1.671712875366211,False,42
Nicholas Singleton,RB,2025,17,2026,8,8,0.0,1.6946828365325928,False,49
Nicholas Singleton,RB,2025,17,2026,9,9,0.0,1.7296268939971924,False,56
Nicholas Singleton,RB,2025,17,2026,10,10,0.0,1.7554707527160645,False,63
Nicholas Singleton,RB,2025,17,2026,11,11,0.0,1.8334519863128664,False,70
Nicholas Singleton,RB,2025,17,2026,12,12,0.0,1.9267921447753904,False,77
Nicholas Singleton,RB,2025,17,2026,13,13,0.0,2.024577140808105,False,84
Nicholas Singleton,RB,2025,17,2026,14,14,0.0,2.1132829189300537,False,91
Nicholas Singleton,RB,2025,17,2026,15,15,0.0,2.182816982269287,False,98
Nicholas Singleton,RB,2025,17,2026,16,16,0.0,2.2743520736694336,False,105
Nicholas Singleton,RB,2025,17,2026,17,17,0.0,2.34806489944458,False,112
Nico Collins,WR,2025,17,2026,1,1,0.0,14.662637710571287,False,0
Nico Collins,WR,2025,17,2026,2,2,0.0,14.515250205993652,False,7
Nico Collins,WR,2025,17,2026,3,3,0.0,14.340738296508787,False,14
Nico Collins,WR,2025,17,2026,4,4,0.0,14.021873474121094,False,21
Nico Collins,WR,2025,17,2026,5,5,0.0,13.82412052154541,False,28
Nico Collins,WR,2025,17,2026,6,6,0.0,13.580158233642578,False,35
Nico Collins,WR,2025,17,2026,7,7,0.0,13.422395706176758,False,42
Nico Collins,WR,2025,17,2026,8,8,0.0,13.256123542785645,False,49
Nico Collins,WR,2025,17,2026,9,9,0.0,13.053783416748049,False,56
Nico Collins,WR,2025,17,2026,10,10,0.0,12.828329086303713,False,63
Nico Collins,WR,2025,17,2026,11,11,0.0,12.581318855285645,False,70
Nico Collins,WR,2025,17,2026,12,12,0.0,12.368978500366213,False,77
Nico Collins,WR,2025,17,2026,13,13,0.0,12.22356128692627,False,84
Nico Collins,WR,2025,17,2026,14,14,0.0,12.086362838745115,False,91
Nico Collins,WR,2025,17,2026,15,15,0.0,12.005247116088867,False,98
Nico Collins,WR,2025,17,2026,16,16,0.0,11.883874893188477,False,105
Nico Collins,WR,2025,17,2026,17,17,0.0,11.749008178710938,False,112
Nikko Remigio,WR,2025,17,2026,1,1,0.0,1.0913598537445068,False,0
Nikko Remigio,WR,2025,17,2026,2,2,0.0,1.1570816040039062,False,7
Nikko Remigio,WR,2025,17,2026,3,3,0.0,1.1279641389846802,False,14
Nikko Remigio,WR,2025,17,2026,4,4,0.0,1.0763249397277832,False,21
Nikko Remigio,WR,2025,17,2026,5,5,0.0,1.001942157745361,False,28
Nikko Remigio,WR,2025,17,2026,6,6,0.0,0.9557520747184752,False,35
Nikko Remigio,WR,2025,17,2026,7,7,0.0,0.9022485613822936,False,42
Nikko Remigio,WR,2025,17,2026,8,8,0.0,0.902884304523468,False,49
Nikko Remigio,WR,2025,17,2026,9,9,0.0,0.9113426804542542,False,56
Nikko Remigio,WR,2025,17,2026,10,10,0.0,0.897867739200592,False,63
Nikko Remigio,WR,2025,17,2026,11,11,0.0,0.9261574745178224,False,70
Nikko Remigio,WR,2025,17,2026,12,12,0.0,0.9734035134315492,False,77
Nikko Remigio,WR,2025,17,2026,13,13,0.0,1.023486852645874,False,84
Nikko Remigio,WR,2025,17,2026,14,14,0.0,1.0610554218292236,False,91
Nikko Remigio,WR,2025,17,2026,15,15,0.0,1.097299337387085,False,98
Nikko Remigio,WR,2025,17,2026,16,16,0.0,1.128387212753296,False,105
Nikko Remigio,WR,2025,17,2026,17,17,0.0,1.1642723083496094,False,112
Odell Beckham Jr.,WR,2024,17,2026,1,1,0.0,4.113243579864502,False,0
Odell Beckham Jr.,WR,2024,17,2026,2,2,0.0,4.085933208465576,False,7
Odell Beckham Jr.,WR,2024,17,2026,3,3,0.0,4.058208465576172,False,14
Odell Beckham Jr.,WR,2024,17,2026,4,4,0.0,4.012888431549072,False,21
Odell Beckham Jr.,WR,2024,17,2026,5,5,0.0,3.9305031299591056,False,28
Odell Beckham Jr.,WR,2024,17,2026,6,6,0.0,3.7573068141937256,False,35
Odell Beckham Jr.,WR,2024,17,2026,7,7,0.0,3.5662691593170166,False,42
Odell Beckham Jr.,WR,2024,17,2026,8,8,0.0,3.428353786468506,False,49
Odell Beckham Jr.,WR,2024,17,2026,9,9,0.0,3.2992165088653564,False,56
Odell Beckham Jr.,WR,2024,17,2026,10,10,0.0,3.1865625381469727,False,63
Odell Beckham Jr.,WR,2024,17,2026,11,11,0.0,3.0953257083892822,False,70
Odell Beckham Jr.,WR,2024,17,2026,12,12,0.0,3.0202796459198,False,77
Odell Beckham Jr.,WR,2024,17,2026,13,13,0.0,2.9938220977783203,False,84
Odell Beckham Jr.,WR,2024,17,2026,14,14,0.0,2.9809811115264893,False,91
Odell Beckham Jr.,WR,2024,17,2026,15,15,0.0,2.988696813583374,False,98
Odell Beckham Jr.,WR,2024,17,2026,16,16,0.0,3.0186147689819336,False,105
Odell Beckham Jr.,WR,2024,17,2026,17,17,0.0,3.043966770172119,False,112
Olamide Zaccheaus,WR,2025,17,2026,1,1,0.0,4.488917350769043,False,0
Olamide Zaccheaus,WR,2025,17,2026,2,2,0.0,4.420068740844727,False,7
Olamide Zaccheaus,WR,2025,17,2026,3,3,0.0,4.431409358978272,False,14
Olamide Zaccheaus,WR,2025,17,2026,4,4,0.0,4.513715744018555,False,21
Olamide Zaccheaus,WR,2025,17,2026,5,5,0.0,4.625251770019531,False,28
Olamide Zaccheaus,WR,2025,17,2026,6,6,0.0,4.770175933837891,False,35
Olamide Zaccheaus,WR,2025,17,2026,7,7,0.0,4.930318355560303,False,42
Olamide Zaccheaus,WR,2025,17,2026,8,8,0.0,5.127408981323242,False,49
Olamide Zaccheaus,WR,2025,17,2026,9,9,0.0,5.23464298248291,False,56
Olamide Zaccheaus,WR,2025,17,2026,10,10,0.0,5.283402919769287,False,63
Olamide Zaccheaus,WR,2025,17,2026,11,11,0.0,5.347280979156494,False,70
Olamide Zaccheaus,WR,2025,17,2026,12,12,0.0,5.380510330200195,False,77
Olamide Zaccheaus,WR,2025,17,2026,13,13,0.0,5.392524719238281,False,84
Olamide Zaccheaus,WR,2025,17,2026,14,14,0.0,5.374396800994873,False,91
Olamide Zaccheaus,WR,2025,17,2026,15,15,0.0,5.337043762207031,False,98
Olamide Zaccheaus,WR,2025,17,2026,16,16,0.0,5.316836357116699,False,105
Olamide Zaccheaus,WR,2025,17,2026,17,17,0.0,5.25140380859375,False,112
Ollie Gordon II,RB,2025,17,2026,1,1,0.0,4.283952713012695,False,0
Ollie Gordon II,RB,2025,17,2026,2,2,0.0,4.205196380615234,False,7
Ollie Gordon II,RB,2025,17,2026,3,3,0.0,4.337396621704102,False,14
Ollie Gordon II,RB,2025,17,2026,4,4,0.0,4.568767070770264,False,21
Ollie Gordon II,RB,2025,17,2026,5,5,0.0,4.831175804138184,False,28
Ollie Gordon II,RB,2025,17,2026,6,6,0.0,5.2263712882995605,False,35
Ollie Gordon II,RB,2025,17,2026,7,7,0.0,5.716293811798096,False,42
Ollie Gordon II,RB,2025,17,2026,8,8,0.0,6.366690158843994,False,49
Ollie Gordon II,RB,2025,17,2026,9,9,0.0,7.014886379241943,False,56
Ollie Gordon II,RB,2025,17,2026,10,10,0.0,7.558423042297363,False,63
Ollie Gordon II,RB,2025,17,2026,11,11,0.0,8.013283729553223,False,70
Ollie Gordon II,RB,2025,17,2026,12,12,0.0,8.283856391906738,False,77
Ollie Gordon II,RB,2025,17,2026,13,13,0.0,8.403863906860352,False,84
Ollie Gordon II,RB,2025,17,2026,14,14,0.0,8.468656539916992,False,91
Ollie Gordon II,RB,2025,17,2026,15,15,0.0,8.463167190551758,False,98
Ollie Gordon II,RB,2025,17,2026,16,16,0.0,8.484746932983398,False,105
Ollie Gordon II,RB,2025,17,2026,17,17,0.0,8.449024200439453,False,112
Omar Cooper Jr.,WR,2025,17,2026,1,1,0.0,1.811535358428955,False,0
Omar Cooper Jr.,WR,2025,17,2026,2,2,0.0,1.8313703536987305,False,7
Omar Cooper Jr.,WR,2025,17,2026,3,3,0.0,1.8110318183898928,False,14
Omar Cooper Jr.,WR,2025,17,2026,4,4,0.0,1.7878763675689695,False,21
Omar Cooper Jr.,WR,2025,17,2026,5,5,0.0,1.7377433776855469,False,28
Omar Cooper Jr.,WR,2025,17,2026,6,6,0.0,1.707411527633667,False,35
Omar Cooper Jr.,WR,2025,17,2026,7,7,0.0,1.666165113449097,False,42
Omar Cooper Jr.,WR,2025,17,2026,8,8,0.0,1.6883275508880615,False,49
Omar Cooper Jr.,WR,2025,17,2026,9,9,0.0,1.7224383354187012,False,56
Omar Cooper Jr.,WR,2025,17,2026,10,10,0.0,1.747514724731445,False,63
Omar Cooper Jr.,WR,2025,17,2026,11,11,0.0,1.8246357440948489,False,70
Omar Cooper Jr.,WR,2025,17,2026,12,12,0.0,1.9173762798309328,False,77
Omar Cooper Jr.,WR,2025,17,2026,13,13,0.0,2.014718770980835,False,84
Omar Cooper Jr.,WR,2025,17,2026,14,14,0.0,2.1029698848724365,False,91
Omar Cooper Jr.,WR,2025,17,2026,15,15,0.0,2.1723358631134038,False,98
Omar Cooper Jr.,WR,2025,17,2026,16,16,0.0,2.2634270191192627,False,105
Omar Cooper Jr.,WR,2025,17,2026,17,17,0.0,2.336920738220215,False,112
Omarion Hampton,RB,2025,17,2026,1,1,0.0,15.574270248413086,False,0
Omarion Hampton,RB,2025,17,2026,2,2,0.0,15.379701614379885,False,7
Omarion Hampton,RB,2025,17,2026,3,3,0.0,15.313482284545898,False,14
Omarion Hampton,RB,2025,17,2026,4,4,0.0,14.964004516601562,False,21
Omarion Hampton,RB,2025,17,2026,5,5,0.0,14.768494606018066,False,28
Omarion Hampton,RB,2025,17,2026,6,6,0.0,14.532742500305176,False,35
Omarion Hampton,RB,2025,17,2026,7,7,0.0,14.38896942138672,False,42
Omarion Hampton,RB,2025,17,2026,8,8,0.0,14.2374267578125,False,49
Omarion Hampton,RB,2025,17,2026,9,9,0.0,14.053925514221191,False,56
Omarion Hampton,RB,2025,17,2026,10,10,0.0,13.854681968688965,False,63
Omarion Hampton,RB,2025,17,2026,11,11,0.0,13.599445343017578,False,70
Omarion Hampton,RB,2025,17,2026,12,12,0.0,13.350489616394045,False,77
Omarion Hampton,RB,2025,17,2026,13,13,0.0,13.164499282836914,False,84
Omarion Hampton,RB,2025,17,2026,14,14,0.0,12.994495391845703,False,91
Omarion Hampton,RB,2025,17,2026,15,15,0.0,12.88988971710205,False,98
Omarion Hampton,RB,2025,17,2026,16,16,0.0,12.740554809570312,False,105
Omarion Hampton,RB,2025,17,2026,17,17,0.0,12.562836647033691,False,112
Parker Washington,WR,2025,17,2026,1,1,0.0,5.241570472717285,False,0
Parker Washington,WR,2025,17,2026,2,2,0.0,5.116622924804688,False,7
Parker Washington,WR,2025,17,2026,3,3,0.0,5.119809150695801,False,14
Parker Washington,WR,2025,17,2026,4,4,0.0,5.172817230224609,False,21
Parker Washington,WR,2025,17,2026,5,5,0.0,5.240577220916748,False,28
Parker Washington,WR,2025,17,2026,6,6,0.0,5.275320053100586,False,35
Parker Washington,WR,2025,17,2026,7,7,0.0,5.262863636016846,False,42
Parker Washington,WR,2025,17,2026,8,8,0.0,5.196748733520508,False,49
Parker Washington,WR,2025,17,2026,9,9,0.0,5.024046897888184,False,56
Parker Washington,WR,2025,17,2026,10,10,0.0,4.828723430633545,False,63
Parker Washington,WR,2025,17,2026,11,11,0.0,4.692805290222168,False,70
Parker Washington,WR,2025,17,2026,12,12,0.0,4.576705932617188,False,77
Parker Washington,WR,2025,17,2026,13,13,0.0,4.526959419250488,False,84
Parker Washington,WR,2025,17,2026,14,14,0.0,4.479461669921875,False,91
Parker Washington,WR,2025,17,2026,15,15,0.0,4.457067489624023,False,98
Parker Washington,WR,2025,17,2026,16,16,0.0,4.449364185333252,False,105
Parker Washington,WR,2025,17,2026,17,17,0.0,4.421266555786133,False,112
Pat Bryant,WR,2025,17,2026,1,1,0.0,7.961247444152832,False,0
Pat Bryant,WR,2025,17,2026,2,2,0.0,7.701046943664551,False,7
Pat Bryant,WR,2025,17,2026,3,3,0.0,7.635914325714111,False,14
Pat Bryant,WR,2025,17,2026,4,4,0.0,7.56276273727417,False,21
Pat Bryant,WR,2025,17,2026,5,5,0.0,7.389625072479248,False,28
Pat Bryant,WR,2025,17,2026,6,6,0.0,7.010270118713379,False,35
Pat Bryant,WR,2025,17,2026,7,7,0.0,6.628333568572998,False,42
Pat Bryant,WR,2025,17,2026,8,8,0.0,6.283316612243652,False,49
Pat Bryant,WR,2025,17,2026,9,9,0.0,5.9677605628967285,False,56
Pat Bryant,WR,2025,17,2026,10,10,0.0,5.752557754516602,False,63
Pat Bryant,WR,2025,17,2026,11,11,0.0,5.561409950256348,False,70
Pat Bryant,WR,2025,17,2026,12,12,0.0,5.369384765625,False,77
Pat Bryant,WR,2025,17,2026,13,13,0.0,5.235631942749023,False,84
Pat Bryant,WR,2025,17,2026,14,14,0.0,5.102189540863037,False,91
Pat Bryant,WR,2025,17,2026,15,15,0.0,5.022319793701172,False,98
Pat Bryant,WR,2025,17,2026,16,16,0.0,4.960288047790527,False,105
Pat Bryant,WR,2025,17,2026,17,17,0.0,4.895333290100098,False,112
Patrick Ricard,RB,2025,17,2026,1,1,0.0,2.418198347091675,False,0
Patrick Ricard,RB,2025,17,2026,2,2,0.0,2.469472169876098,False,7
Patrick Ricard,RB,2025,17,2026,3,3,0.0,2.4678752422332764,False,14
Patrick Ricard,RB,2025,17,2026,4,4,0.0,2.4613561630249023,False,21
Patrick Ricard,RB,2025,17,2026,5,5,0.0,2.4290084838867188,False,28
Patrick Ricard,RB,2025,17,2026,6,6,0.0,2.4159772396087646,False,35
Patrick Ricard,RB,2025,17,2026,7,7,0.0,2.3863525390625,False,42
Patrick Ricard,RB,2025,17,2026,8,8,0.0,2.4213180541992188,False,49
Patrick Ricard,RB,2025,17,2026,9,9,0.0,2.4574785232543945,False,56
Patrick Ricard,RB,2025,17,2026,10,10,0.0,2.4918673038482666,False,63
Patrick Ricard,RB,2025,17,2026,11,11,0.0,2.5736608505249023,False,70
Patrick Ricard,RB,2025,17,2026,12,12,0.0,2.656909465789795,False,77
Patrick Ricard,RB,2025,17,2026,13,13,0.0,2.7365217208862305,False,84
Patrick Ricard,RB,2025,17,2026,14,14,0.0,2.805811882019043,False,91
Patrick Ricard,RB,2025,17,2026,15,15,0.0,2.8488264083862305,False,98
Patrick Ricard,RB,2025,17,2026,16,16,0.0,2.9142956733703613,False,105
Patrick Ricard,RB,2025,17,2026,17,17,0.0,2.94528865814209,False,112
Puka Nacua,WR,2025,17,2026,1,1,0.0,18.209157943725582,False,0
Puka Nacua,WR,2025,17,2026,2,2,0.0,18.41179847717285,False,7
Puka Nacua,WR,2025,17,2026,3,3,0.0,18.108020782470703,False,14
Puka Nacua,WR,2025,17,2026,4,4,0.0,18.030601501464844,False,21
Puka Nacua,WR,2025,17,2026,5,5,0.0,17.979642868041992,False,28
Puka Nacua,WR,2025,17,2026,6,6,0.0,17.943777084350586,False,35
Puka Nacua,WR,2025,17,2026,7,7,0.0,17.94605827331543,False,42
Puka Nacua,WR,2025,17,2026,8,8,0.0,17.941057205200195,False,49
Puka Nacua,WR,2025,17,2026,9,9,0.0,17.920434951782227,False,56
Puka Nacua,WR,2025,17,2026,10,10,0.0,17.93897819519043,False,63
Puka Nacua,WR,2025,17,2026,11,11,0.0,17.884859085083008,False,70
Puka Nacua,WR,2025,17,2026,12,12,0.0,17.79847526550293,False,77
Puka Nacua,WR,2025,17,2026,13,13,0.0,17.711652755737305,False,84
Puka Nacua,WR,2025,17,2026,14,14,0.0,17.617197036743164,False,91
Puka Nacua,WR,2025,17,2026,15,15,0.0,17.539884567260742,False,98
Puka Nacua,WR,2025,17,2026,16,16,0.0,17.430784225463867,False,105
Puka Nacua,WR,2025,17,2026,17,17,0.0,17.25275230407715,False,112
Quentin Johnston,WR,2025,17,2026,1,1,0.0,7.835652351379394,False,0
Quentin Johnston,WR,2025,17,2026,2,2,0.0,7.661600589752197,False,7
Quentin Johnston,WR,2025,17,2026,3,3,0.0,7.863692760467529,False,14
Quentin Johnston,WR,2025,17,2026,4,4,0.0,8.143452644348145,False,21
Quentin Johnston,WR,2025,17,2026,5,5,0.0,8.300239562988281,False,28
Quentin Johnston,WR,2025,17,2026,6,6,0.0,8.160489082336426,False,35
Quentin Johnston,WR,2025,17,2026,7,7,0.0,7.96606969833374,False,42
Quentin Johnston,WR,2025,17,2026,8,8,0.0,7.809136390686035,False,49
Quentin Johnston,WR,2025,17,2026,9,9,0.0,7.637343406677246,False,56
Quentin Johnston,WR,2025,17,2026,10,10,0.0,7.509273529052734,False,63
Quentin Johnston,WR,2025,17,2026,11,11,0.0,7.416202545166016,False,70
Quentin Johnston,WR,2025,17,2026,12,12,0.0,7.328472137451172,False,77
Quentin Johnston,WR,2025,17,2026,13,13,0.0,7.269554138183594,False,84
Quentin Johnston,WR,2025,17,2026,14,14,0.0,7.204611301422119,False,91
Quentin Johnston,WR,2025,17,2026,15,15,0.0,7.1501874923706055,False,98
Quentin Johnston,WR,2025,17,2026,16,16,0.0,7.117544174194336,False,105
Quentin Johnston,WR,2025,17,2026,17,17,0.0,7.069869995117188,False,112
Quinshon Judkins,RB,2025,17,2026,1,1,0.0,6.726156234741211,False,0
Quinshon Judkins,RB,2025,17,2026,2,2,0.0,6.763565540313721,False,7
Quinshon Judkins,RB,2025,17,2026,3,3,0.0,6.889287948608398,False,14
Quinshon Judkins,RB,2025,17,2026,4,4,0.0,7.062716007232666,False,21
Quinshon Judkins,RB,2025,17,2026,5,5,0.0,7.292854309082031,False,28
Quinshon Judkins,RB,2025,17,2026,6,6,0.0,7.616569995880127,False,35
Quinshon Judkins,RB,2025,17,2026,7,7,0.0,8.011373519897461,False,42
Quinshon Judkins,RB,2025,17,2026,8,8,0.0,8.365349769592285,False,49
Quinshon Judkins,RB,2025,17,2026,9,9,0.0,8.470340728759766,False,56
Quinshon Judkins,RB,2025,17,2026,10,10,0.0,8.357404708862305,False,63
Quinshon Judkins,RB,2025,17,2026,11,11,0.0,8.144438743591309,False,70
Quinshon Judkins,RB,2025,17,2026,12,12,0.0,7.795982837677002,False,77
Quinshon Judkins,RB,2025,17,2026,13,13,0.0,7.4041218757629395,False,84
Quinshon Judkins,RB,2025,17,2026,14,14,0.0,7.015020370483398,False,91
Quinshon Judkins,RB,2025,17,2026,15,15,0.0,6.733965873718262,False,98
Quinshon Judkins,RB,2025,17,2026,16,16,0.0,6.507370948791504,False,105
Quinshon Judkins,RB,2025,17,2026,17,17,0.0,6.294010162353516,False,112
RJ Harvey,RB,2025,17,2026,1,1,0.0,9.363131523132324,False,0
RJ Harvey,RB,2025,17,2026,2,2,0.0,9.373357772827148,False,7
RJ Harvey,RB,2025,17,2026,3,3,0.0,9.754262924194336,False,14
RJ Harvey,RB,2025,17,2026,4,4,0.0,10.070028305053713,False,21
RJ Harvey,RB,2025,17,2026,5,5,0.0,10.292247772216797,False,28
RJ Harvey,RB,2025,17,2026,6,6,0.0,10.50980281829834,False,35
RJ Harvey,RB,2025,17,2026,7,7,0.0,10.733465194702148,False,42
RJ Harvey,RB,2025,17,2026,8,8,0.0,10.847623825073242,False,49
RJ Harvey,RB,2025,17,2026,9,9,0.0,10.7860107421875,False,56
RJ Harvey,RB,2025,17,2026,10,10,0.0,10.67734146118164,False,63
RJ Harvey,RB,2025,17,2026,11,11,0.0,10.620840072631836,False,70
RJ Harvey,RB,2025,17,2026,12,12,0.0,10.582280158996582,False,77
RJ Harvey,RB,2025,17,2026,13,13,0.0,10.533103942871094,False,84
RJ Harvey,RB,2025,17,2026,14,14,0.0,10.465249061584473,False,91
RJ Harvey,RB,2025,17,2026,15,15,0.0,10.40117645263672,False,98
RJ Harvey,RB,2025,17,2026,16,16,0.0,10.32265281677246,False,105
RJ Harvey,RB,2025,17,2026,17,17,0.0,10.226502418518066,False,112
Rachaad White,RB,2025,17,2026,1,1,0.0,9.561893463134766,False,0
Rachaad White,RB,2025,17,2026,2,2,0.0,9.396733283996582,False,7
Rachaad White,RB,2025,17,2026,3,3,0.0,9.344380378723145,False,14
Rachaad White,RB,2025,17,2026,4,4,0.0,9.231501579284668,False,21
Rachaad White,RB,2025,17,2026,5,5,0.0,8.950260162353516,False,28
Rachaad White,RB,2025,17,2026,6,6,0.0,8.426267623901367,False,35
Rachaad White,RB,2025,17,2026,7,7,0.0,7.975734233856201,False,42
Rachaad White,RB,2025,17,2026,8,8,0.0,7.591367244720459,False,49
Rachaad White,RB,2025,17,2026,9,9,0.0,7.2251787185668945,False,56
Rachaad White,RB,2025,17,2026,10,10,0.0,6.924766540527344,False,63
Rachaad White,RB,2025,17,2026,11,11,0.0,6.634378433227539,False,70
Rachaad White,RB,2025,17,2026,12,12,0.0,6.357263565063477,False,77
Rachaad White,RB,2025,17,2026,13,13,0.0,6.175137042999268,False,84
Rachaad White,RB,2025,17,2026,14,14,0.0,6.011716842651367,False,91
Rachaad White,RB,2025,17,2026,15,15,0.0,5.914892196655273,False,98
Rachaad White,RB,2025,17,2026,16,16,0.0,5.834273338317871,False,105
Rachaad White,RB,2025,17,2026,17,17,0.0,5.7462158203125,False,112
Raheim Sanders,RB,2025,17,2026,1,1,0.0,6.086154937744141,False,0
Raheim Sanders,RB,2025,17,2026,2,2,0.0,6.069546222686768,False,7
Raheim Sanders,RB,2025,17,2026,3,3,0.0,6.276094913482666,False,14
Raheim Sanders,RB,2025,17,2026,4,4,0.0,6.598300933837891,False,21
Raheim Sanders,RB,2025,17,2026,5,5,0.0,6.99384880065918,False,28
Raheim Sanders,RB,2025,17,2026,6,6,0.0,7.423609733581543,False,35
Raheim Sanders,RB,2025,17,2026,7,7,0.0,7.765317916870117,False,42
Raheim Sanders,RB,2025,17,2026,8,8,0.0,7.957679748535156,False,49
Raheim Sanders,RB,2025,17,2026,9,9,0.0,7.96827220916748,False,56
Raheim Sanders,RB,2025,17,2026,10,10,0.0,7.915525913238525,False,63
Raheim Sanders,RB,2025,17,2026,11,11,0.0,7.87459659576416,False,70
Raheim Sanders,RB,2025,17,2026,12,12,0.0,7.811549663543701,False,77
Raheim Sanders,RB,2025,17,2026,13,13,0.0,7.738697528839111,False,84
Raheim Sanders,RB,2025,17,2026,14,14,0.0,7.646727561950684,False,91
Raheim Sanders,RB,2025,17,2026,15,15,0.0,7.551036834716797,False,98
Raheim Sanders,RB,2025,17,2026,16,16,0.0,7.471219062805176,False,105
Raheim Sanders,RB,2025,17,2026,17,17,0.0,7.359063148498535,False,112
Rashee Rice,WR,2025,17,2026,1,1,0.0,5.736844062805176,False,0
Rashee Rice,WR,2025,17,2026,2,2,0.0,5.593833923339844,False,7
Rashee Rice,WR,2025,17,2026,3,3,0.0,5.742310523986816,False,14
Rashee Rice,WR,2025,17,2026,4,4,0.0,5.984156608581543,False,21
Rashee Rice,WR,2025,17,2026,5,5,0.0,6.268871307373047,False,28
Rashee Rice,WR,2025,17,2026,6,6,0.0,6.682273387908936,False,35
Rashee Rice,WR,2025,17,2026,7,7,0.0,7.210896968841553,False,42
Rashee Rice,WR,2025,17,2026,8,8,0.0,7.84135627746582,False,49
Rashee Rice,WR,2025,17,2026,9,9,0.0,8.386194229125977,False,56
Rashee Rice,WR,2025,17,2026,10,10,0.0,8.788784980773926,False,63
Rashee Rice,WR,2025,17,2026,11,11,0.0,9.108510971069336,False,70
Rashee Rice,WR,2025,17,2026,12,12,0.0,9.314659118652344,False,77
Rashee Rice,WR,2025,17,2026,13,13,0.0,9.424982070922852,False,84
Rashee Rice,WR,2025,17,2026,14,14,0.0,9.492185592651367,False,91
Rashee Rice,WR,2025,17,2026,15,15,0.0,9.49562644958496,False,98
Rashee Rice,WR,2025,17,2026,16,16,0.0,9.52292251586914,False,105
Rashee Rice,WR,2025,17,2026,17,17,0.0,9.486538887023926,False,112
Rasheen Ali,RB,2025,17,2026,1,1,0.0,2.1165895462036133,False,0
Rasheen Ali,RB,2025,17,2026,2,2,0.0,2.10925841331482,False,7
Rasheen Ali,RB,2025,17,2026,3,3,0.0,2.052093029022217,False,14
Rasheen Ali,RB,2025,17,2026,4,4,0.0,1.9883880615234373,False,21
Rasheen Ali,RB,2025,17,2026,5,5,0.0,1.9062561988830569,False,28
Rasheen Ali,RB,2025,17,2026,6,6,0.0,1.845168113708496,False,35
Rasheen Ali,RB,2025,17,2026,7,7,0.0,1.773130178451538,False,42
Rasheen Ali,RB,2025,17,2026,8,8,0.0,1.7700037956237793,False,49
Rasheen Ali,RB,2025,17,2026,9,9,0.0,1.7743093967437744,False,56
Rasheen Ali,RB,2025,17,2026,10,10,0.0,1.7752768993377686,False,63
Rasheen Ali,RB,2025,17,2026,11,11,0.0,1.816810131072998,False,70
Rasheen Ali,RB,2025,17,2026,12,12,0.0,1.8652496337890625,False,77
Rasheen Ali,RB,2025,17,2026,13,13,0.0,1.912353277206421,False,84
Rasheen Ali,RB,2025,17,2026,14,14,0.0,1.9452629089355469,False,91
Rasheen Ali,RB,2025,17,2026,15,15,0.0,1.9698877334594729,False,98
Rasheen Ali,RB,2025,17,2026,16,16,0.0,2.0022451877593994,False,105
Rasheen Ali,RB,2025,17,2026,17,17,0.0,2.027552843093872,False,112
Rashid Shaheed,WR,2025,17,2026,1,1,0.0,7.2958550453186035,False,0
Rashid Shaheed,WR,2025,17,2026,2,2,0.0,7.124009609222412,False,7
Rashid Shaheed,WR,2025,17,2026,3,3,0.0,6.979758262634277,False,14
Rashid Shaheed,WR,2025,17,2026,4,4,0.0,6.786533355712891,False,21
Rashid Shaheed,WR,2025,17,2026,5,5,0.0,6.48796272277832,False,28
Rashid Shaheed,WR,2025,17,2026,6,6,0.0,5.909268856048584,False,35
Rashid Shaheed,WR,2025,17,2026,7,7,0.0,5.247246265411377,False,42
Rashid Shaheed,WR,2025,17,2026,8,8,0.0,4.666067600250244,False,49
Rashid Shaheed,WR,2025,17,2026,9,9,0.0,4.274693489074707,False,56
Rashid Shaheed,WR,2025,17,2026,10,10,0.0,4.06981086730957,False,63
Rashid Shaheed,WR,2025,17,2026,11,11,0.0,3.9177770614624015,False,70
Rashid Shaheed,WR,2025,17,2026,12,12,0.0,3.78236722946167,False,77
Rashid Shaheed,WR,2025,17,2026,13,13,0.0,3.7273874282836914,False,84
Rashid Shaheed,WR,2025,17,2026,14,14,0.0,3.668724775314331,False,91
Rashid Shaheed,WR,2025,17,2026,15,15,0.0,3.656560897827149,False,98
Rashid Shaheed,WR,2025,17,2026,16,16,0.0,3.64053726196289,False,105
Rashid Shaheed,WR,2025,17,2026,17,17,0.0,3.6232738494873047,False,112
Rashod Bateman,WR,2025,17,2026,1,1,0.0,9.39914321899414,False,0
Rashod Bateman,WR,2025,17,2026,2,2,0.0,9.388908386230469,False,7
Rashod Bateman,WR,2025,17,2026,3,3,0.0,9.606527328491213,False,14
Rashod Bateman,WR,2025,17,2026,4,4,0.0,9.907331466674805,False,21
Rashod Bateman,WR,2025,17,2026,5,5,0.0,10.24159812927246,False,28
Rashod Bateman,WR,2025,17,2026,6,6,0.0,10.487285614013672,False,35
Rashod Bateman,WR,2025,17,2026,7,7,0.0,10.588129043579102,False,42
Rashod Bateman,WR,2025,17,2026,8,8,0.0,10.483049392700195,False,49
Rashod Bateman,WR,2025,17,2026,9,9,0.0,10.262471199035645,False,56
Rashod Bateman,WR,2025,17,2026,10,10,0.0,10.021309852600098,False,63
Rashod Bateman,WR,2025,17,2026,11,11,0.0,9.779197692871094,False,70
Rashod Bateman,WR,2025,17,2026,12,12,0.0,9.511383056640623,False,77
Rashod Bateman,WR,2025,17,2026,13,13,0.0,9.266958236694336,False,84
Rashod Bateman,WR,2025,17,2026,14,14,0.0,9.012307167053224,False,91
Rashod Bateman,WR,2025,17,2026,15,15,0.0,8.793508529663086,False,98
Rashod Bateman,WR,2025,17,2026,16,16,0.0,8.574530601501465,False,105
Rashod Bateman,WR,2025,17,2026,17,17,0.0,8.34183120727539,False,112
Ray Davis,RB,2025,17,2026,1,1,0.0,1.6666278839111328,False,0
Ray Davis,RB,2025,17,2026,2,2,0.0,1.6270017623901367,False,7
Ray Davis,RB,2025,17,2026,3,3,0.0,1.5998570919036863,False,14
Ray Davis,RB,2025,17,2026,4,4,0.0,1.5724880695343018,False,21
Ray Davis,RB,2025,17,2026,5,5,0.0,1.523139715194702,False,28
Ray Davis,RB,2025,17,2026,6,6,0.0,1.510425090789795,False,35
Ray Davis,RB,2025,17,2026,7,7,0.0,1.4914543628692627,False,42
Ray Davis,RB,2025,17,2026,8,8,0.0,1.5379672050476074,False,49
Ray Davis,RB,2025,17,2026,9,9,0.0,1.590259313583374,False,56
Ray Davis,RB,2025,17,2026,10,10,0.0,1.6305150985717771,False,63
Ray Davis,RB,2025,17,2026,11,11,0.0,1.7088420391082764,False,70
Ray Davis,RB,2025,17,2026,12,12,0.0,1.7818121910095217,False,77
Ray Davis,RB,2025,17,2026,13,13,0.0,1.845273733139038,False,84
Ray Davis,RB,2025,17,2026,14,14,0.0,1.8952536582946775,False,91
Ray Davis,RB,2025,17,2026,15,15,0.0,1.9247806072235107,False,98
Ray Davis,RB,2025,17,2026,16,16,0.0,1.9703171253204343,False,105
Ray Davis,RB,2025,17,2026,17,17,0.0,1.996337890625,False,112
Reggie Gilliam,RB,2025,17,2026,1,1,0.0,1.8981285095214844,False,0
Reggie Gilliam,RB,2025,17,2026,2,2,0.0,1.963042974472046,False,7
Reggie Gilliam,RB,2025,17,2026,3,3,0.0,1.9606893062591555,False,14
Reggie Gilliam,RB,2025,17,2026,4,4,0.0,1.9514646530151367,False,21
Reggie Gilliam,RB,2025,17,2026,5,5,0.0,1.917945146560669,False,28
Reggie Gilliam,RB,2025,17,2026,6,6,0.0,1.9144172668457031,False,35
Reggie Gilliam,RB,2025,17,2026,7,7,0.0,1.897113561630249,False,42
Reggie Gilliam,RB,2025,17,2026,8,8,0.0,1.9456491470336916,False,49
Reggie Gilliam,RB,2025,17,2026,9,9,0.0,1.9970388412475584,False,56
Reggie Gilliam,RB,2025,17,2026,10,10,0.0,2.039179801940918,False,63
Reggie Gilliam,RB,2025,17,2026,11,11,0.0,2.119408369064331,False,70
Reggie Gilliam,RB,2025,17,2026,12,12,0.0,2.1966090202331543,False,77
Reggie Gilliam,RB,2025,17,2026,13,13,0.0,2.2652292251586914,False,84
Reggie Gilliam,RB,2025,17,2026,14,14,0.0,2.3180651664733887,False,91
Reggie Gilliam,RB,2025,17,2026,15,15,0.0,2.347358226776123,False,98
Reggie Gilliam,RB,2025,17,2026,16,16,0.0,2.395637035369873,False,105
Reggie Gilliam,RB,2025,17,2026,17,17,0.0,2.4203505516052246,False,112
Reggie Virgil,WR,2025,17,2026,1,1,0.0,1.8115763664245603,False,0
Reggie Virgil,WR,2025,17,2026,2,2,0.0,1.831393241882324,False,7
Reggie Virgil,WR,2025,17,2026,3,3,0.0,1.8109750747680664,False,14
Reggie Virgil,WR,2025,17,2026,4,4,0.0,1.7876996994018557,False,21
Reggie Virgil,WR,2025,17,2026,5,5,0.0,1.737464189529419,False,28
Reggie Virgil,WR,2025,17,2026,6,6,0.0,1.7069847583770752,False,35
Reggie Virgil,WR,2025,17,2026,7,7,0.0,1.6655986309051514,False,42
Reggie Virgil,WR,2025,17,2026,8,8,0.0,1.6875979900360107,False,49
Reggie Virgil,WR,2025,17,2026,9,9,0.0,1.7215473651885986,False,56
Reggie Virgil,WR,2025,17,2026,10,10,0.0,1.7464747428894043,False,63
Reggie Virgil,WR,2025,17,2026,11,11,0.0,1.82342529296875,False,70
Reggie Virgil,WR,2025,17,2026,12,12,0.0,1.9160573482513428,False,77
Reggie Virgil,WR,2025,17,2026,13,13,0.0,2.013321876525879,False,84
Reggie Virgil,WR,2025,17,2026,14,14,0.0,2.101501941680908,False,91
Reggie Virgil,WR,2025,17,2026,15,15,0.0,2.170845031738281,False,98
Reggie Virgil,WR,2025,17,2026,16,16,0.0,2.261876583099365,False,105
Reggie Virgil,WR,2025,17,2026,17,17,0.0,2.335368633270264,False,112
Rhamondre Stevenson,RB,2025,17,2026,1,1,0.0,7.384189128875732,False,0
Rhamondre Stevenson,RB,2025,17,2026,2,2,0.0,6.816160678863525,False,7
Rhamondre Stevenson,RB,2025,17,2026,3,3,0.0,6.478753089904785,False,14
Rhamondre Stevenson,RB,2025,17,2026,4,4,0.0,6.08343505859375,False,21
Rhamondre Stevenson,RB,2025,17,2026,5,5,0.0,5.622336387634277,False,28
Rhamondre Stevenson,RB,2025,17,2026,6,6,0.0,5.0239739418029785,False,35
Rhamondre Stevenson,RB,2025,17,2026,7,7,0.0,4.517735481262207,False,42
Rhamondre Stevenson,RB,2025,17,2026,8,8,0.0,4.118722915649414,False,49
Rhamondre Stevenson,RB,2025,17,2026,9,9,0.0,3.8472514152526855,False,56
Rhamondre Stevenson,RB,2025,17,2026,10,10,0.0,3.714439630508423,False,63
Rhamondre Stevenson,RB,2025,17,2026,11,11,0.0,3.5982017517089844,False,70
Rhamondre Stevenson,RB,2025,17,2026,12,12,0.0,3.4861459732055664,False,77
Rhamondre Stevenson,RB,2025,17,2026,13,13,0.0,3.445086717605591,False,84
Rhamondre Stevenson,RB,2025,17,2026,14,14,0.0,3.397825241088867,False,91
Rhamondre Stevenson,RB,2025,17,2026,15,15,0.0,3.387906074523926,False,98
Rhamondre Stevenson,RB,2025,17,2026,16,16,0.0,3.37795639038086,False,105
Rhamondre Stevenson,RB,2025,17,2026,17,17,0.0,3.367699384689331,False,112
Rico Dowdle,RB,2025,17,2026,1,1,0.0,13.997916221618652,False,0
Rico Dowdle,RB,2025,17,2026,2,2,0.0,13.802445411682127,False,7
Rico Dowdle,RB,2025,17,2026,3,3,0.0,13.390827178955078,False,14
Rico Dowdle,RB,2025,17,2026,4,4,0.0,12.900964736938477,False,21
Rico Dowdle,RB,2025,17,2026,5,5,0.0,12.52008819580078,False,28
Rico Dowdle,RB,2025,17,2026,6,6,0.0,12.04114055633545,False,35
Rico Dowdle,RB,2025,17,2026,7,7,0.0,11.62880802154541,False,42
Rico Dowdle,RB,2025,17,2026,8,8,0.0,11.26763916015625,False,49
Rico Dowdle,RB,2025,17,2026,9,9,0.0,10.996726989746094,False,56
Rico Dowdle,RB,2025,17,2026,10,10,0.0,10.828757286071776,False,63
Rico Dowdle,RB,2025,17,2026,11,11,0.0,10.68069839477539,False,70
Rico Dowdle,RB,2025,17,2026,12,12,0.0,10.534927368164062,False,77
Rico Dowdle,RB,2025,17,2026,13,13,0.0,10.391271591186523,False,84
Rico Dowdle,RB,2025,17,2026,14,14,0.0,10.205533981323242,False,91
Rico Dowdle,RB,2025,17,2026,15,15,0.0,10.07469367980957,False,98
Rico Dowdle,RB,2025,17,2026,16,16,0.0,9.903419494628906,False,105
Rico Dowdle,RB,2025,17,2026,17,17,0.0,9.739636421203612,False,112
Roman Wilson,WR,2025,17,2026,1,1,0.0,2.917098045349121,False,0
Roman Wilson,WR,2025,17,2026,2,2,0.0,3.0471842288970947,False,7
Roman Wilson,WR,2025,17,2026,3,3,0.0,3.12611722946167,False,14
Roman Wilson,WR,2025,17,2026,4,4,0.0,3.1939616203308105,False,21
Roman Wilson,WR,2025,17,2026,5,5,0.0,3.23283314704895,False,28
Roman Wilson,WR,2025,17,2026,6,6,0.0,3.2783572673797607,False,35
Roman Wilson,WR,2025,17,2026,7,7,0.0,3.304389953613281,False,42
Roman Wilson,WR,2025,17,2026,8,8,0.0,3.3757429122924805,False,49
Roman Wilson,WR,2025,17,2026,9,9,0.0,3.432755947113037,False,56
Roman Wilson,WR,2025,17,2026,10,10,0.0,3.484774589538574,False,63
Roman Wilson,WR,2025,17,2026,11,11,0.0,3.5843210220336914,False,70
Roman Wilson,WR,2025,17,2026,12,12,0.0,3.6858859062194815,False,77
Roman Wilson,WR,2025,17,2026,13,13,0.0,3.7839527130126953,False,84
Roman Wilson,WR,2025,17,2026,14,14,0.0,3.865506649017334,False,91
Roman Wilson,WR,2025,17,2026,15,15,0.0,3.9200499057769775,False,98
Roman Wilson,WR,2025,17,2026,16,16,0.0,4.00571870803833,False,105
Roman Wilson,WR,2025,17,2026,17,17,0.0,4.056900501251221,False,112
Rome Odunze,WR,2025,17,2026,1,1,0.0,8.849860191345215,False,0
Rome Odunze,WR,2025,17,2026,2,2,0.0,8.878101348876953,False,7
Rome Odunze,WR,2025,17,2026,3,3,0.0,9.040712356567385,False,14
Rome Odunze,WR,2025,17,2026,4,4,0.0,9.190773963928224,False,21
Rome Odunze,WR,2025,17,2026,5,5,0.0,9.303890228271484,False,28
Rome Odunze,WR,2025,17,2026,6,6,0.0,9.228975296020508,False,35
Rome Odunze,WR,2025,17,2026,7,7,0.0,9.06212043762207,False,42
Rome Odunze,WR,2025,17,2026,8,8,0.0,8.849424362182617,False,49
Rome Odunze,WR,2025,17,2026,9,9,0.0,8.593976020812988,False,56
Rome Odunze,WR,2025,17,2026,10,10,0.0,8.36346435546875,False,63
Rome Odunze,WR,2025,17,2026,11,11,0.0,8.157634735107422,False,70
Rome Odunze,WR,2025,17,2026,12,12,0.0,7.93941593170166,False,77
Rome Odunze,WR,2025,17,2026,13,13,0.0,7.763968467712402,False,84
Rome Odunze,WR,2025,17,2026,14,14,0.0,7.584580898284912,False,91
Rome Odunze,WR,2025,17,2026,15,15,0.0,7.447218418121338,False,98
Rome Odunze,WR,2025,17,2026,16,16,0.0,7.315710544586182,False,105
Rome Odunze,WR,2025,17,2026,17,17,0.0,7.171022891998291,False,112
Romeo Doubs,WR,2025,17,2026,1,1,0.0,13.262090682983398,False,0
Romeo Doubs,WR,2025,17,2026,2,2,0.0,13.360259056091309,False,7
Romeo Doubs,WR,2025,17,2026,3,3,0.0,13.335641860961914,False,14
Romeo Doubs,WR,2025,17,2026,4,4,0.0,13.576143264770508,False,21
Romeo Doubs,WR,2025,17,2026,5,5,0.0,13.8805513381958,False,28
Romeo Doubs,WR,2025,17,2026,6,6,0.0,13.98261260986328,False,35
Romeo Doubs,WR,2025,17,2026,7,7,0.0,13.95303726196289,False,42
Romeo Doubs,WR,2025,17,2026,8,8,0.0,13.901192665100098,False,49
Romeo Doubs,WR,2025,17,2026,9,9,0.0,13.839597702026367,False,56
Romeo Doubs,WR,2025,17,2026,10,10,0.0,13.787120819091797,False,63
Romeo Doubs,WR,2025,17,2026,11,11,0.0,13.745744705200195,False,70
Romeo Doubs,WR,2025,17,2026,12,12,0.0,13.701863288879396,False,77
Romeo Doubs,WR,2025,17,2026,13,13,0.0,13.66969108581543,False,84
Romeo Doubs,WR,2025,17,2026,14,14,0.0,13.60679531097412,False,91
Romeo Doubs,WR,2025,17,2026,15,15,0.0,13.57137680053711,False,98
Romeo Doubs,WR,2025,17,2026,16,16,0.0,13.492067337036133,False,105
Romeo Doubs,WR,2025,17,2026,17,17,0.0,13.378929138183594,False,112
Ronnie Rivers,RB,2025,17,2026,1,1,0.0,1.5584204196929932,False,0
Ronnie Rivers,RB,2025,17,2026,2,2,0.0,1.6379544734954834,False,7
Ronnie Rivers,RB,2025,17,2026,3,3,0.0,1.639098882675171,False,14
Ronnie Rivers,RB,2025,17,2026,4,4,0.0,1.6302473545074463,False,21
Ronnie Rivers,RB,2025,17,2026,5,5,0.0,1.5944149494171145,False,28
Ronnie Rivers,RB,2025,17,2026,6,6,0.0,1.5904302597045898,False,35
Ronnie Rivers,RB,2025,17,2026,7,7,0.0,1.5719313621520996,False,42
Ronnie Rivers,RB,2025,17,2026,8,8,0.0,1.6193227767944336,False,49
Ronnie Rivers,RB,2025,17,2026,9,9,0.0,1.6736187934875488,False,56
Ronnie Rivers,RB,2025,17,2026,10,10,0.0,1.716170310974121,False,63
Ronnie Rivers,RB,2025,17,2026,11,11,0.0,1.8060309886932373,False,70
Ronnie Rivers,RB,2025,17,2026,12,12,0.0,1.9054138660430908,False,77
Ronnie Rivers,RB,2025,17,2026,13,13,0.0,2.000579595565796,False,84
Ronnie Rivers,RB,2025,17,2026,14,14,0.0,2.085007429122925,False,91
Ronnie Rivers,RB,2025,17,2026,15,15,0.0,2.141948699951172,False,98
Ronnie Rivers,RB,2025,17,2026,16,16,0.0,2.2224385738372803,False,105
Ronnie Rivers,RB,2025,17,2026,17,17,0.0,2.2806692123413086,False,112
Roschon Johnson,RB,2025,17,2026,1,1,0.0,1.641681671142578,False,0
Roschon Johnson,RB,2025,17,2026,2,2,0.0,1.707081317901611,False,7
Roschon Johnson,RB,2025,17,2026,3,3,0.0,1.6957318782806396,False,14
Roschon Johnson,RB,2025,17,2026,4,4,0.0,1.6671030521392822,False,21
Roschon Johnson,RB,2025,17,2026,5,5,0.0,1.6106584072113037,False,28
Roschon Johnson,RB,2025,17,2026,6,6,0.0,1.577993869781494,False,35
Roschon Johnson,RB,2025,17,2026,7,7,0.0,1.5329530239105225,False,42
Roschon Johnson,RB,2025,17,2026,8,8,0.0,1.5505425930023191,False,49
Roschon Johnson,RB,2025,17,2026,9,9,0.0,1.574244737625122,False,56
Roschon Johnson,RB,2025,17,2026,10,10,0.0,1.5858948230743408,False,63
Roschon Johnson,RB,2025,17,2026,11,11,0.0,1.6378474235534668,False,70
Roschon Johnson,RB,2025,17,2026,12,12,0.0,1.7003016471862793,False,77
Roschon Johnson,RB,2025,17,2026,13,13,0.0,1.7612109184265137,False,84
Roschon Johnson,RB,2025,17,2026,14,14,0.0,1.8086378574371336,False,91
Roschon Johnson,RB,2025,17,2026,15,15,0.0,1.8435852527618408,False,98
Roschon Johnson,RB,2025,17,2026,16,16,0.0,1.8894200325012207,False,105
Roschon Johnson,RB,2025,17,2026,17,17,0.0,1.923866271972656,False,112
Ryan Flournoy,WR,2025,17,2026,1,1,0.0,4.307144641876221,False,0
Ryan Flournoy,WR,2025,17,2026,2,2,0.0,4.217278957366943,False,7
Ryan Flournoy,WR,2025,17,2026,3,3,0.0,4.296045780181885,False,14
Ryan Flournoy,WR,2025,17,2026,4,4,0.0,4.435384273529053,False,21
Ryan Flournoy,WR,2025,17,2026,5,5,0.0,4.586203575134277,False,28
Ryan Flournoy,WR,2025,17,2026,6,6,0.0,4.84141731262207,False,35
Ryan Flournoy,WR,2025,17,2026,7,7,0.0,5.15696907043457,False,42
Ryan Flournoy,WR,2025,17,2026,8,8,0.0,5.599327087402344,False,49
Ryan Flournoy,WR,2025,17,2026,9,9,0.0,6.059530258178711,False,56
Ryan Flournoy,WR,2025,17,2026,10,10,0.0,6.483461380004883,False,63
Ryan Flournoy,WR,2025,17,2026,11,11,0.0,6.866871356964111,False,70
Ryan Flournoy,WR,2025,17,2026,12,12,0.0,7.102285385131836,False,77
Ryan Flournoy,WR,2025,17,2026,13,13,0.0,7.216378211975098,False,84
Ryan Flournoy,WR,2025,17,2026,14,14,0.0,7.269896030426025,False,91
Ryan Flournoy,WR,2025,17,2026,15,15,0.0,7.253941059112549,False,98
Ryan Flournoy,WR,2025,17,2026,16,16,0.0,7.260377407073975,False,105
Ryan Flournoy,WR,2025,17,2026,17,17,0.0,7.214982032775879,False,112
Ryan Miller,WR,2025,17,2026,1,1,0.0,1.6019363403320312,False,0
Ryan Miller,WR,2025,17,2026,2,2,0.0,1.6672844886779783,False,7
Ryan Miller,WR,2025,17,2026,3,3,0.0,1.643443584442139,False,14
Ryan Miller,WR,2025,17,2026,4,4,0.0,1.6008069515228271,False,21
Ryan Miller,WR,2025,17,2026,5,5,0.0,1.5303759574890137,False,28
Ryan Miller,WR,2025,17,2026,6,6,0.0,1.478395700454712,False,35
Ryan Miller,WR,2025,17,2026,7,7,0.0,1.4189105033874512,False,42
Ryan Miller,WR,2025,17,2026,8,8,0.0,1.4193360805511477,False,49
Ryan Miller,WR,2025,17,2026,9,9,0.0,1.428944110870361,False,56
Ryan Miller,WR,2025,17,2026,10,10,0.0,1.4243743419647217,False,63
Ryan Miller,WR,2025,17,2026,11,11,0.0,1.4625368118286133,False,70
Ryan Miller,WR,2025,17,2026,12,12,0.0,1.5139882564544678,False,77
Ryan Miller,WR,2025,17,2026,13,13,0.0,1.5687823295593262,False,84
Ryan Miller,WR,2025,17,2026,14,14,0.0,1.610035419464111,False,91
Ryan Miller,WR,2025,17,2026,15,15,0.0,1.645496129989624,False,98
Ryan Miller,WR,2025,17,2026,16,16,0.0,1.6878018379211426,False,105
Ryan Miller,WR,2025,17,2026,17,17,0.0,1.7227790355682373,False,112
Samaje Perine,RB,2025,17,2026,1,1,0.0,7.137894153594971,False,0
Samaje Perine,RB,2025,17,2026,2,2,0.0,6.774940967559815,False,7
Samaje Perine,RB,2025,17,2026,3,3,0.0,6.9309916496276855,False,14
Samaje Perine,RB,2025,17,2026,4,4,0.0,7.259964466094971,False,21
Samaje Perine,RB,2025,17,2026,5,5,0.0,7.8023362159729,False,28
Samaje Perine,RB,2025,17,2026,6,6,0.0,8.618900299072266,False,35
Samaje Perine,RB,2025,17,2026,7,7,0.0,9.591215133666992,False,42
Samaje Perine,RB,2025,17,2026,8,8,0.0,10.408645629882812,False,49
Samaje Perine,RB,2025,17,2026,9,9,0.0,10.74085807800293,False,56
Samaje Perine,RB,2025,17,2026,10,10,0.0,10.7805757522583,False,63
Samaje Perine,RB,2025,17,2026,11,11,0.0,10.743725776672363,False,70
Samaje Perine,RB,2025,17,2026,12,12,0.0,10.640022277832031,False,77
Samaje Perine,RB,2025,17,2026,13,13,0.0,10.528146743774414,False,84
Samaje Perine,RB,2025,17,2026,14,14,0.0,10.409648895263672,False,91
Samaje Perine,RB,2025,17,2026,15,15,0.0,10.296903610229492,False,98
Samaje Perine,RB,2025,17,2026,16,16,0.0,10.196544647216797,False,105
Samaje Perine,RB,2025,17,2026,17,17,0.0,10.061803817749023,False,112
Saquon Barkley,RB,2025,17,2026,1,1,0.0,15.231681823730469,False,0
Saquon Barkley,RB,2025,17,2026,2,2,0.0,14.88564109802246,False,7
Saquon Barkley,RB,2025,17,2026,3,3,0.0,14.982898712158203,False,14
Saquon Barkley,RB,2025,17,2026,4,4,0.0,14.893964767456056,False,21
Saquon Barkley,RB,2025,17,2026,5,5,0.0,14.777971267700195,False,28
Saquon Barkley,RB,2025,17,2026,6,6,0.0,14.611114501953123,False,35
Saquon Barkley,RB,2025,17,2026,7,7,0.0,14.520965576171877,False,42
Saquon Barkley,RB,2025,17,2026,8,8,0.0,14.437928199768066,False,49
Saquon Barkley,RB,2025,17,2026,9,9,0.0,14.351203918457031,False,56
Saquon Barkley,RB,2025,17,2026,10,10,0.0,14.285698890686035,False,63
Saquon Barkley,RB,2025,17,2026,11,11,0.0,14.218159675598145,False,70
Saquon Barkley,RB,2025,17,2026,12,12,0.0,14.14881706237793,False,77
Saquon Barkley,RB,2025,17,2026,13,13,0.0,14.096961975097656,False,84
Saquon Barkley,RB,2025,17,2026,14,14,0.0,14.010761260986328,False,91
Saquon Barkley,RB,2025,17,2026,15,15,0.0,13.958833694458008,False,98
Saquon Barkley,RB,2025,17,2026,16,16,0.0,13.85147762298584,False,105
Saquon Barkley,RB,2025,17,2026,17,17,0.0,13.703694343566896,False,112
Sean Tucker,RB,2025,17,2026,1,1,0.0,7.487923622131348,False,0
Sean Tucker,RB,2025,17,2026,2,2,0.0,7.374684810638428,False,7
Sean Tucker,RB,2025,17,2026,3,3,0.0,7.2097978591918945,False,14
Sean Tucker,RB,2025,17,2026,4,4,0.0,6.937754154205322,False,21
Sean Tucker,RB,2025,17,2026,5,5,0.0,6.542364120483398,False,28
Sean Tucker,RB,2025,17,2026,6,6,0.0,5.860264778137207,False,35
Sean Tucker,RB,2025,17,2026,7,7,0.0,5.127267837524414,False,42
Sean Tucker,RB,2025,17,2026,8,8,0.0,4.510260581970215,False,49
Sean Tucker,RB,2025,17,2026,9,9,0.0,4.093969821929932,False,56
Sean Tucker,RB,2025,17,2026,10,10,0.0,3.8667163848876953,False,63
Sean Tucker,RB,2025,17,2026,11,11,0.0,3.713810920715332,False,70
Sean Tucker,RB,2025,17,2026,12,12,0.0,3.585089683532715,False,77
Sean Tucker,RB,2025,17,2026,13,13,0.0,3.542487859725952,False,84
Sean Tucker,RB,2025,17,2026,14,14,0.0,3.4955124855041504,False,91
Sean Tucker,RB,2025,17,2026,15,15,0.0,3.496224880218506,False,98
Sean Tucker,RB,2025,17,2026,16,16,0.0,3.4862794876098637,False,105
Sean Tucker,RB,2025,17,2026,17,17,0.0,3.4772660732269287,False,112
Seth McGowan,RB,2025,17,2026,1,1,0.0,1.812419414520264,False,0
Seth McGowan,RB,2025,17,2026,2,2,0.0,1.8328094482421875,False,7
Seth McGowan,RB,2025,17,2026,3,3,0.0,1.8132741451263428,False,14
Seth McGowan,RB,2025,17,2026,4,4,0.0,1.790815830230713,False,21
Seth McGowan,RB,2025,17,2026,5,5,0.0,1.741163730621338,False,28
Seth McGowan,RB,2025,17,2026,6,6,0.0,1.7114174365997314,False,35
Seth McGowan,RB,2025,17,2026,7,7,0.0,1.6706984043121338,False,42
Seth McGowan,RB,2025,17,2026,8,8,0.0,1.6935033798217771,False,49
Seth McGowan,RB,2025,17,2026,9,9,0.0,1.7282884120941162,False,56
Seth McGowan,RB,2025,17,2026,10,10,0.0,1.7539799213409424,False,63
Seth McGowan,RB,2025,17,2026,11,11,0.0,1.831793546676636,False,70
Seth McGowan,RB,2025,17,2026,12,12,0.0,1.9250257015228271,False,77
Seth McGowan,RB,2025,17,2026,13,13,0.0,2.022730588912964,False,84
Seth McGowan,RB,2025,17,2026,14,14,0.0,2.1113600730896,False,91
Seth McGowan,RB,2025,17,2026,15,15,0.0,2.1808671951293945,False,98
Seth McGowan,RB,2025,17,2026,16,16,0.0,2.2723307609558105,False,105
Seth McGowan,RB,2025,17,2026,17,17,0.0,2.3460309505462646,False,112
Simi Fehoko,WR,2025,17,2026,1,1,0.0,1.5494096279144287,False,0
Simi Fehoko,WR,2025,17,2026,2,2,0.0,1.7213716506958008,False,7
Simi Fehoko,WR,2025,17,2026,3,3,0.0,1.7525701522827148,False,14
Simi Fehoko,WR,2025,17,2026,4,4,0.0,1.7520616054534912,False,21
Simi Fehoko,WR,2025,17,2026,5,5,0.0,1.7145764827728271,False,28
Simi Fehoko,WR,2025,17,2026,6,6,0.0,1.6843914985656738,False,35
Simi Fehoko,WR,2025,17,2026,7,7,0.0,1.6419169902801514,False,42
Simi Fehoko,WR,2025,17,2026,8,8,0.0,1.6544792652130127,False,49
Simi Fehoko,WR,2025,17,2026,9,9,0.0,1.67657732963562,False,56
Simi Fehoko,WR,2025,17,2026,10,10,0.0,1.6897528171539309,False,63
Simi Fehoko,WR,2025,17,2026,11,11,0.0,1.7481210231781006,False,70
Simi Fehoko,WR,2025,17,2026,12,12,0.0,1.8267138004302976,False,77
Simi Fehoko,WR,2025,17,2026,13,13,0.0,1.9112448692321775,False,84
Simi Fehoko,WR,2025,17,2026,14,14,0.0,1.9865410327911377,False,91
Simi Fehoko,WR,2025,17,2026,15,15,0.0,2.044170618057251,False,98
Simi Fehoko,WR,2025,17,2026,16,16,0.0,2.123584270477295,False,105
Simi Fehoko,WR,2025,17,2026,17,17,0.0,2.1904098987579346,False,112
Sione Vaki,RB,2025,17,2026,1,1,0.0,1.219273328781128,False,0
Sione Vaki,RB,2025,17,2026,2,2,0.0,1.277336359024048,False,7
Sione Vaki,RB,2025,17,2026,3,3,0.0,1.26798415184021,False,14
Sione Vaki,RB,2025,17,2026,4,4,0.0,1.2531051635742188,False,21
Sione Vaki,RB,2025,17,2026,5,5,0.0,1.2117674350738523,False,28
Sione Vaki,RB,2025,17,2026,6,6,0.0,1.2107622623443604,False,35
Sione Vaki,RB,2025,17,2026,7,7,0.0,1.1956613063812256,False,42
Sione Vaki,RB,2025,17,2026,8,8,0.0,1.2449336051940918,False,49
Sione Vaki,RB,2025,17,2026,9,9,0.0,1.3013122081756592,False,56
Sione Vaki,RB,2025,17,2026,10,10,0.0,1.3378019332885742,False,63
Sione Vaki,RB,2025,17,2026,11,11,0.0,1.4230875968933103,False,70
Sione Vaki,RB,2025,17,2026,12,12,0.0,1.517158269882202,False,77
Sione Vaki,RB,2025,17,2026,13,13,0.0,1.6034715175628662,False,84
Sione Vaki,RB,2025,17,2026,14,14,0.0,1.6773076057434082,False,91
Sione Vaki,RB,2025,17,2026,15,15,0.0,1.7238500118255615,False,98
Sione Vaki,RB,2025,17,2026,16,16,0.0,1.785599708557129,False,105
Sione Vaki,RB,2025,17,2026,17,17,0.0,1.823075294494629,False,112
Skyler Bell,WR,2025,17,2026,1,1,0.0,1.8101353645324707,False,0
Skyler Bell,WR,2025,17,2026,2,2,0.0,1.829841136932373,False,7
Skyler Bell,WR,2025,17,2026,3,3,0.0,1.8090786933898928,False,14
Skyler Bell,WR,2025,17,2026,4,4,0.0,1.785412073135376,False,21
Skyler Bell,WR,2025,17,2026,5,5,0.0,1.7348525524139404,False,28
Skyler Bell,WR,2025,17,2026,6,6,0.0,1.7039732933044434,False,35
Skyler Bell,WR,2025,17,2026,7,7,0.0,1.662224054336548,False,42
Skyler Bell,WR,2025,17,2026,8,8,0.0,1.6838064193725586,False,49
Skyler Bell,WR,2025,17,2026,9,9,0.0,1.7173478603363037,False,56
Skyler Bell,WR,2025,17,2026,10,10,0.0,1.7418859004974363,False,63
Skyler Bell,WR,2025,17,2026,11,11,0.0,1.818408489227295,False,70
Skyler Bell,WR,2025,17,2026,12,12,0.0,1.9107637405395508,False,77
Skyler Bell,WR,2025,17,2026,13,13,0.0,2.007821798324585,False,84
Skyler Bell,WR,2025,17,2026,14,14,0.0,2.095794916152954,False,91
Skyler Bell,WR,2025,17,2026,15,15,0.0,2.1650679111480717,False,98
Skyler Bell,WR,2025,17,2026,16,16,0.0,2.255889892578125,False,105
Skyler Bell,WR,2025,17,2026,17,17,0.0,2.3293261528015137,False,112
Skyy Moore,WR,2025,17,2026,1,1,0.0,1.7211956977844238,False,0
Skyy Moore,WR,2025,17,2026,2,2,0.0,1.8546316623687744,False,7
Skyy Moore,WR,2025,17,2026,3,3,0.0,1.869658708572388,False,14
Skyy Moore,WR,2025,17,2026,4,4,0.0,1.859377384185791,False,21
Skyy Moore,WR,2025,17,2026,5,5,0.0,1.81516432762146,False,28
Skyy Moore,WR,2025,17,2026,6,6,0.0,1.784095048904419,False,35
Skyy Moore,WR,2025,17,2026,7,7,0.0,1.7416765689849854,False,42
Skyy Moore,WR,2025,17,2026,8,8,0.0,1.7587873935699463,False,49
Skyy Moore,WR,2025,17,2026,9,9,0.0,1.7841768264770508,False,56
Skyy Moore,WR,2025,17,2026,10,10,0.0,1.802934646606445,False,63
Skyy Moore,WR,2025,17,2026,11,11,0.0,1.8653414249420168,False,70
Skyy Moore,WR,2025,17,2026,12,12,0.0,1.9415903091430664,False,77
Skyy Moore,WR,2025,17,2026,13,13,0.0,2.018318653106689,False,84
Skyy Moore,WR,2025,17,2026,14,14,0.0,2.081897735595703,False,91
Skyy Moore,WR,2025,17,2026,15,15,0.0,2.126804828643799,False,98
Skyy Moore,WR,2025,17,2026,16,16,0.0,2.188788414001465,False,105
Skyy Moore,WR,2025,17,2026,17,17,0.0,2.2324609756469727,False,112
Stefon Diggs,WR,2025,17,2026,1,1,0.0,11.69107723236084,False,0
Stefon Diggs,WR,2025,17,2026,2,2,0.0,11.605584144592283,False,7
Stefon Diggs,WR,2025,17,2026,3,3,0.0,11.647750854492188,False,14
Stefon Diggs,WR,2025,17,2026,4,4,0.0,11.639249801635742,False,21
Stefon Diggs,WR,2025,17,2026,5,5,0.0,11.48428726196289,False,28
Stefon Diggs,WR,2025,17,2026,6,6,0.0,11.172083854675291,False,35
Stefon Diggs,WR,2025,17,2026,7,7,0.0,10.931307792663574,False,42
Stefon Diggs,WR,2025,17,2026,8,8,0.0,10.693995475769045,False,49
Stefon Diggs,WR,2025,17,2026,9,9,0.0,10.429497718811035,False,56
Stefon Diggs,WR,2025,17,2026,10,10,0.0,10.194557189941406,False,63
Stefon Diggs,WR,2025,17,2026,11,11,0.0,10.01035499572754,False,70
Stefon Diggs,WR,2025,17,2026,12,12,0.0,9.88326930999756,False,77
Stefon Diggs,WR,2025,17,2026,13,13,0.0,9.81102180480957,False,84
Stefon Diggs,WR,2025,17,2026,14,14,0.0,9.738682746887209,False,91
Stefon Diggs,WR,2025,17,2026,15,15,0.0,9.6903076171875,False,98
Stefon Diggs,WR,2025,17,2026,16,16,0.0,9.626758575439451,False,105
Stefon Diggs,WR,2025,17,2026,17,17,0.0,9.54967975616455,False,112
Tahj Brooks,RB,2025,17,2026,1,1,0.0,2.9106898307800293,False,0
Tahj Brooks,RB,2025,17,2026,2,2,0.0,3.05265736579895,False,7
Tahj Brooks,RB,2025,17,2026,3,3,0.0,3.1420645713806152,False,14
Tahj Brooks,RB,2025,17,2026,4,4,0.0,3.2175681591033936,False,21
Tahj Brooks,RB,2025,17,2026,5,5,0.0,3.2583327293396,False,28
Tahj Brooks,RB,2025,17,2026,6,6,0.0,3.2761778831481934,False,35
Tahj Brooks,RB,2025,17,2026,7,7,0.0,3.2591328620910645,False,42
Tahj Brooks,RB,2025,17,2026,8,8,0.0,3.2817907333374023,False,49
Tahj Brooks,RB,2025,17,2026,9,9,0.0,3.2944765090942383,False,56
Tahj Brooks,RB,2025,17,2026,10,10,0.0,3.3124566078186035,False,63
Tahj Brooks,RB,2025,17,2026,11,11,0.0,3.3772220611572266,False,70
Tahj Brooks,RB,2025,17,2026,12,12,0.0,3.4496002197265625,False,77
Tahj Brooks,RB,2025,17,2026,13,13,0.0,3.5238020420074463,False,84
Tahj Brooks,RB,2025,17,2026,14,14,0.0,3.576833248138428,False,91
Tahj Brooks,RB,2025,17,2026,15,15,0.0,3.603669166564941,False,98
Tahj Brooks,RB,2025,17,2026,16,16,0.0,3.649766206741333,False,105
Tahj Brooks,RB,2025,17,2026,17,17,0.0,3.656760692596436,False,112
Tai Felton,WR,2025,17,2026,1,1,0.0,2.1801867485046387,False,0
Tai Felton,WR,2025,17,2026,2,2,0.0,2.2113378047943115,False,7
Tai Felton,WR,2025,17,2026,3,3,0.0,2.1494359970092773,False,14
Tai Felton,WR,2025,17,2026,4,4,0.0,2.067669153213501,False,21
Tai Felton,WR,2025,17,2026,5,5,0.0,1.959614992141724,False,28
Tai Felton,WR,2025,17,2026,6,6,0.0,1.849844217300415,False,35
Tai Felton,WR,2025,17,2026,7,7,0.0,1.7349894046783447,False,42
Tai Felton,WR,2025,17,2026,8,8,0.0,1.6852219104766846,False,49
Tai Felton,WR,2025,17,2026,9,9,0.0,1.6418116092681885,False,56
Tai Felton,WR,2025,17,2026,10,10,0.0,1.5834894180297852,False,63
Tai Felton,WR,2025,17,2026,11,11,0.0,1.5623080730438232,False,70
Tai Felton,WR,2025,17,2026,12,12,0.0,1.5592472553253174,False,77
Tai Felton,WR,2025,17,2026,13,13,0.0,1.5799696445465088,False,84
Tai Felton,WR,2025,17,2026,14,14,0.0,1.6008522510528564,False,91
Tai Felton,WR,2025,17,2026,15,15,0.0,1.6304032802581787,False,98
Tai Felton,WR,2025,17,2026,16,16,0.0,1.666886329650879,False,105
Tai Felton,WR,2025,17,2026,17,17,0.0,1.705470085144043,False,112
Tank Bigsby,RB,2025,17,2026,1,1,0.0,3.879262924194336,False,0
Tank Bigsby,RB,2025,17,2026,2,2,0.0,4.001766681671143,False,7
Tank Bigsby,RB,2025,17,2026,3,3,0.0,4.228272914886475,False,14
Tank Bigsby,RB,2025,17,2026,4,4,0.0,4.498110294342041,False,21
Tank Bigsby,RB,2025,17,2026,5,5,0.0,4.789765357971191,False,28
Tank Bigsby,RB,2025,17,2026,6,6,0.0,5.204891681671143,False,35
Tank Bigsby,RB,2025,17,2026,7,7,0.0,5.648785591125488,False,42
Tank Bigsby,RB,2025,17,2026,8,8,0.0,6.131863594055176,False,49
Tank Bigsby,RB,2025,17,2026,9,9,0.0,6.503841400146484,False,56
Tank Bigsby,RB,2025,17,2026,10,10,0.0,6.7697529792785645,False,63
Tank Bigsby,RB,2025,17,2026,11,11,0.0,7.005807399749756,False,70
Tank Bigsby,RB,2025,17,2026,12,12,0.0,7.173713207244873,False,77
Tank Bigsby,RB,2025,17,2026,13,13,0.0,7.27564525604248,False,84
Tank Bigsby,RB,2025,17,2026,14,14,0.0,7.343118667602539,False,91
Tank Bigsby,RB,2025,17,2026,15,15,0.0,7.347936630249023,False,98
Tank Bigsby,RB,2025,17,2026,16,16,0.0,7.382448196411133,False,105
Tank Bigsby,RB,2025,17,2026,17,17,0.0,7.365716457366943,False,112
Tay Martin,WR,2025,17,2026,1,1,0.0,1.4250261783599854,False,0
Tay Martin,WR,2025,17,2026,2,2,0.0,1.3882734775543213,False,7
Tay Martin,WR,2025,17,2026,3,3,0.0,1.3271381855010986,False,14
Tay Martin,WR,2025,17,2026,4,4,0.0,1.268080711364746,False,21
Tay Martin,WR,2025,17,2026,5,5,0.0,1.1889684200286863,False,28
Tay Martin,WR,2025,17,2026,6,6,0.0,1.1361770629882812,False,35
Tay Martin,WR,2025,17,2026,7,7,0.0,1.0767784118652344,False,42
Tay Martin,WR,2025,17,2026,8,8,0.0,1.075480580329895,False,49
Tay Martin,WR,2025,17,2026,9,9,0.0,1.08530592918396,False,56
Tay Martin,WR,2025,17,2026,10,10,0.0,1.0757436752319336,False,63
Tay Martin,WR,2025,17,2026,11,11,0.0,1.1127538681030271,False,70
Tay Martin,WR,2025,17,2026,12,12,0.0,1.1667530536651611,False,77
Tay Martin,WR,2025,17,2026,13,13,0.0,1.2251334190368652,False,84
Tay Martin,WR,2025,17,2026,14,14,0.0,1.269345998764038,False,91
Tay Martin,WR,2025,17,2026,15,15,0.0,1.3101806640625,False,98
Tay Martin,WR,2025,17,2026,16,16,0.0,1.3491761684417725,False,105
Tay Martin,WR,2025,17,2026,17,17,0.0,1.380525827407837,False,112
Ted Hurst III,WR,2025,17,2026,1,1,0.0,1.8110549449920652,False,0
Ted Hurst III,WR,2025,17,2026,2,2,0.0,1.830786943435669,False,7
Ted Hurst III,WR,2025,17,2026,3,3,0.0,1.8103089332580569,False,14
Ted Hurst III,WR,2025,17,2026,4,4,0.0,1.7869884967803955,False,21
Ted Hurst III,WR,2025,17,2026,5,5,0.0,1.7367188930511477,False,28
Ted Hurst III,WR,2025,17,2026,6,6,0.0,1.706211805343628,False,35
Ted Hurst III,WR,2025,17,2026,7,7,0.0,1.6648032665252686,False,42
Ted Hurst III,WR,2025,17,2026,8,8,0.0,1.6867775917053225,False,49
Ted Hurst III,WR,2025,17,2026,9,9,0.0,1.7207050323486328,False,56
Ted Hurst III,WR,2025,17,2026,10,10,0.0,1.7456016540527344,False,63
Ted Hurst III,WR,2025,17,2026,11,11,0.0,1.822523593902588,False,70
Ted Hurst III,WR,2025,17,2026,12,12,0.0,1.915133237838745,False,77
Ted Hurst III,WR,2025,17,2026,13,13,0.0,2.012376308441162,False,84
Ted Hurst III,WR,2025,17,2026,14,14,0.0,2.100531816482544,False,91
Ted Hurst III,WR,2025,17,2026,15,15,0.0,2.16986346244812,False,98
Ted Hurst III,WR,2025,17,2026,16,16,0.0,2.260861396789551,False,105
Ted Hurst III,WR,2025,17,2026,17,17,0.0,2.3343276977539062,False,112
Tee Higgins,WR,2025,17,2026,1,1,0.0,12.596270561218262,False,0
Tee Higgins,WR,2025,17,2026,2,2,0.0,12.70187282562256,False,7
Tee Higgins,WR,2025,17,2026,3,3,0.0,12.76126480102539,False,14
Tee Higgins,WR,2025,17,2026,4,4,0.0,12.94416046142578,False,21
Tee Higgins,WR,2025,17,2026,5,5,0.0,13.17902660369873,False,28
Tee Higgins,WR,2025,17,2026,6,6,0.0,13.126554489135742,False,35
Tee Higgins,WR,2025,17,2026,7,7,0.0,13.043753623962402,False,42
Tee Higgins,WR,2025,17,2026,8,8,0.0,12.96072006225586,False,49
Tee Higgins,WR,2025,17,2026,9,9,0.0,12.861993789672852,False,56
Tee Higgins,WR,2025,17,2026,10,10,0.0,12.767082214355469,False,63
Tee Higgins,WR,2025,17,2026,11,11,0.0,12.676589965820312,False,70
Tee Higgins,WR,2025,17,2026,12,12,0.0,12.579090118408203,False,77
Tee Higgins,WR,2025,17,2026,13,13,0.0,12.48533821105957,False,84
Tee Higgins,WR,2025,17,2026,14,14,0.0,12.35395622253418,False,91
Tee Higgins,WR,2025,17,2026,15,15,0.0,12.25344467163086,False,98
Tee Higgins,WR,2025,17,2026,16,16,0.0,12.105327606201172,False,105
Tee Higgins,WR,2025,17,2026,17,17,0.0,11.938066482543944,False,112
Terry McLaurin,WR,2025,17,2026,1,1,0.0,8.514633178710938,False,0
Terry McLaurin,WR,2025,17,2026,2,2,0.0,8.404605865478516,False,7
Terry McLaurin,WR,2025,17,2026,3,3,0.0,8.689432144165039,False,14
Terry McLaurin,WR,2025,17,2026,4,4,0.0,9.077263832092283,False,21
Terry McLaurin,WR,2025,17,2026,5,5,0.0,9.395774841308594,False,28
Terry McLaurin,WR,2025,17,2026,6,6,0.0,9.402295112609863,False,35
Terry McLaurin,WR,2025,17,2026,7,7,0.0,9.272054672241213,False,42
Terry McLaurin,WR,2025,17,2026,8,8,0.0,9.134328842163086,False,49
Terry McLaurin,WR,2025,17,2026,9,9,0.0,8.94955825805664,False,56
Terry McLaurin,WR,2025,17,2026,10,10,0.0,8.797919273376465,False,63
Terry McLaurin,WR,2025,17,2026,11,11,0.0,8.71369743347168,False,70
Terry McLaurin,WR,2025,17,2026,12,12,0.0,8.663118362426758,False,77
Terry McLaurin,WR,2025,17,2026,13,13,0.0,8.63383674621582,False,84
Terry McLaurin,WR,2025,17,2026,14,14,0.0,8.597055435180664,False,91
Terry McLaurin,WR,2025,17,2026,15,15,0.0,8.563852310180664,False,98
Terry McLaurin,WR,2025,17,2026,16,16,0.0,8.535173416137695,False,105
Terry McLaurin,WR,2025,17,2026,17,17,0.0,8.486221313476562,False,112
Tetairoa McMillan,WR,2025,17,2026,1,1,0.0,12.083244323730469,False,0
Tetairoa McMillan,WR,2025,17,2026,2,2,0.0,12.168710708618164,False,7
Tetairoa McMillan,WR,2025,17,2026,3,3,0.0,12.34046459197998,False,14
Tetairoa McMillan,WR,2025,17,2026,4,4,0.0,12.480937957763672,False,21
Tetairoa McMillan,WR,2025,17,2026,5,5,0.0,12.617060661315918,False,28
Tetairoa McMillan,WR,2025,17,2026,6,6,0.0,12.486096382141112,False,35
Tetairoa McMillan,WR,2025,17,2026,7,7,0.0,12.35837173461914,False,42
Tetairoa McMillan,WR,2025,17,2026,8,8,0.0,12.227890014648438,False,49
Tetairoa McMillan,WR,2025,17,2026,9,9,0.0,12.073307037353516,False,56
Tetairoa McMillan,WR,2025,17,2026,10,10,0.0,11.91368579864502,False,63
Tetairoa McMillan,WR,2025,17,2026,11,11,0.0,11.757922172546388,False,70
Tetairoa McMillan,WR,2025,17,2026,12,12,0.0,11.603928565979004,False,77
Tetairoa McMillan,WR,2025,17,2026,13,13,0.0,11.469197273254396,False,84
Tetairoa McMillan,WR,2025,17,2026,14,14,0.0,11.328304290771484,False,91
Tetairoa McMillan,WR,2025,17,2026,15,15,0.0,11.226836204528809,False,98
Tetairoa McMillan,WR,2025,17,2026,16,16,0.0,11.105162620544434,False,105
Tetairoa McMillan,WR,2025,17,2026,17,17,0.0,10.9783935546875,False,112
Tez Johnson,WR,2025,17,2026,1,1,0.0,5.107030391693115,False,0
Tez Johnson,WR,2025,17,2026,2,2,0.0,5.012434959411621,False,7
Tez Johnson,WR,2025,17,2026,3,3,0.0,5.055578231811523,False,14
Tez Johnson,WR,2025,17,2026,4,4,0.0,5.173554420471191,False,21
Tez Johnson,WR,2025,17,2026,5,5,0.0,5.31312894821167,False,28
Tez Johnson,WR,2025,17,2026,6,6,0.0,5.387693405151367,False,35
Tez Johnson,WR,2025,17,2026,7,7,0.0,5.384756088256836,False,42
Tez Johnson,WR,2025,17,2026,8,8,0.0,5.362931728363037,False,49
Tez Johnson,WR,2025,17,2026,9,9,0.0,5.28737735748291,False,56
Tez Johnson,WR,2025,17,2026,10,10,0.0,5.229918479919434,False,63
Tez Johnson,WR,2025,17,2026,11,11,0.0,5.219743251800537,False,70
Tez Johnson,WR,2025,17,2026,12,12,0.0,5.204025745391846,False,77
Tez Johnson,WR,2025,17,2026,13,13,0.0,5.188626289367676,False,84
Tez Johnson,WR,2025,17,2026,14,14,0.0,5.15007209777832,False,91
Tez Johnson,WR,2025,17,2026,15,15,0.0,5.10899829864502,False,98
Tez Johnson,WR,2025,17,2026,16,16,0.0,5.089190483093262,False,105
Tez Johnson,WR,2025,17,2026,17,17,0.0,5.039063453674316,False,112
Tim Patrick,WR,2025,17,2026,1,1,0.0,5.320319175720215,False,0
Tim Patrick,WR,2025,17,2026,2,2,0.0,5.275992393493652,False,7
Tim Patrick,WR,2025,17,2026,3,3,0.0,5.418791770935059,False,14
Tim Patrick,WR,2025,17,2026,4,4,0.0,5.669286251068115,False,21
Tim Patrick,WR,2025,17,2026,5,5,0.0,5.990694999694824,False,28
Tim Patrick,WR,2025,17,2026,6,6,0.0,6.424593925476074,False,35
Tim Patrick,WR,2025,17,2026,7,7,0.0,6.892221450805664,False,42
Tim Patrick,WR,2025,17,2026,8,8,0.0,7.301385879516602,False,49
Tim Patrick,WR,2025,17,2026,9,9,0.0,7.500759124755859,False,56
Tim Patrick,WR,2025,17,2026,10,10,0.0,7.57891845703125,False,63
Tim Patrick,WR,2025,17,2026,11,11,0.0,7.642895698547363,False,70
Tim Patrick,WR,2025,17,2026,12,12,0.0,7.652189254760742,False,77
Tim Patrick,WR,2025,17,2026,13,13,0.0,7.6201910972595215,False,84
Tim Patrick,WR,2025,17,2026,14,14,0.0,7.565543174743652,False,91
Tim Patrick,WR,2025,17,2026,15,15,0.0,7.487935066223144,False,98
Tim Patrick,WR,2025,17,2026,16,16,0.0,7.444252967834473,False,105
Tim Patrick,WR,2025,17,2026,17,17,0.0,7.372166156768799,False,112
Tony Pollard,RB,2025,17,2026,1,1,0.0,11.954957962036133,False,0
Tony Pollard,RB,2025,17,2026,2,2,0.0,11.870567321777344,False,7
Tony Pollard,RB,2025,17,2026,3,3,0.0,11.831331253051758,False,14
Tony Pollard,RB,2025,17,2026,4,4,0.0,11.497724533081056,False,21
Tony Pollard,RB,2025,17,2026,5,5,0.0,11.12968635559082,False,28
Tony Pollard,RB,2025,17,2026,6,6,0.0,10.691119194030762,False,35
Tony Pollard,RB,2025,17,2026,7,7,0.0,10.332672119140623,False,42
Tony Pollard,RB,2025,17,2026,8,8,0.0,10.02164077758789,False,49
Tony Pollard,RB,2025,17,2026,9,9,0.0,9.775721549987791,False,56
Tony Pollard,RB,2025,17,2026,10,10,0.0,9.629265785217283,False,63
Tony Pollard,RB,2025,17,2026,11,11,0.0,9.508506774902344,False,70
Tony Pollard,RB,2025,17,2026,12,12,0.0,9.376535415649414,False,77
Tony Pollard,RB,2025,17,2026,13,13,0.0,9.231992721557615,False,84
Tony Pollard,RB,2025,17,2026,14,14,0.0,9.023533821105955,False,91
Tony Pollard,RB,2025,17,2026,15,15,0.0,8.833069801330566,False,98
Tony Pollard,RB,2025,17,2026,16,16,0.0,8.615899085998535,False,105
Tony Pollard,RB,2025,17,2026,17,17,0.0,8.411458015441895,False,112
Tory Horton,WR,2025,17,2026,1,1,0.0,3.9538750648498535,False,0
Tory Horton,WR,2025,17,2026,2,2,0.0,3.970156192779541,False,7
Tory Horton,WR,2025,17,2026,3,3,0.0,4.06737756729126,False,14
Tory Horton,WR,2025,17,2026,4,4,0.0,4.229225158691406,False,21
Tory Horton,WR,2025,17,2026,5,5,0.0,4.430901527404785,False,28
Tory Horton,WR,2025,17,2026,6,6,0.0,4.777557849884033,False,35
Tory Horton,WR,2025,17,2026,7,7,0.0,5.241053581237793,False,42
Tory Horton,WR,2025,17,2026,8,8,0.0,5.878815650939941,False,49
Tory Horton,WR,2025,17,2026,9,9,0.0,6.499754905700684,False,56
Tory Horton,WR,2025,17,2026,10,10,0.0,6.9764180183410645,False,63
Tory Horton,WR,2025,17,2026,11,11,0.0,7.323234558105469,False,70
Tory Horton,WR,2025,17,2026,12,12,0.0,7.470722198486328,False,77
Tory Horton,WR,2025,17,2026,13,13,0.0,7.476227760314941,False,84
Tory Horton,WR,2025,17,2026,14,14,0.0,7.409394264221191,False,91
Tory Horton,WR,2025,17,2026,15,15,0.0,7.277108669281006,False,98
Tory Horton,WR,2025,17,2026,16,16,0.0,7.165799617767334,False,105
Tory Horton,WR,2025,17,2026,17,17,0.0,6.993776798248291,False,112
Travis Etienne,RB,2025,17,2026,1,1,0.0,11.61044692993164,False,0
Travis Etienne,RB,2025,17,2026,2,2,0.0,11.90327262878418,False,7
Travis Etienne,RB,2025,17,2026,3,3,0.0,11.995503425598145,False,14
Travis Etienne,RB,2025,17,2026,4,4,0.0,12.130825996398926,False,21
Travis Etienne,RB,2025,17,2026,5,5,0.0,12.378229141235352,False,28
Travis Etienne,RB,2025,17,2026,6,6,0.0,12.518396377563477,False,35
Travis Etienne,RB,2025,17,2026,7,7,0.0,12.560342788696287,False,42
Travis Etienne,RB,2025,17,2026,8,8,0.0,12.499916076660156,False,49
Travis Etienne,RB,2025,17,2026,9,9,0.0,12.397411346435549,False,56
Travis Etienne,RB,2025,17,2026,10,10,0.0,12.292853355407717,False,63
Travis Etienne,RB,2025,17,2026,11,11,0.0,12.211883544921877,False,70
Travis Etienne,RB,2025,17,2026,12,12,0.0,12.137411117553713,False,77
Travis Etienne,RB,2025,17,2026,13,13,0.0,12.069171905517578,False,84
Travis Etienne,RB,2025,17,2026,14,14,0.0,11.967884063720703,False,91
Travis Etienne,RB,2025,17,2026,15,15,0.0,11.894556045532228,False,98
Travis Etienne,RB,2025,17,2026,16,16,0.0,11.777746200561523,False,105
Travis Etienne,RB,2025,17,2026,17,17,0.0,11.641735076904297,False,112
Travis Hunter,WR,2025,17,2026,1,1,0.0,1.7508840560913086,False,0
Travis Hunter,WR,2025,17,2026,2,2,0.0,1.7836906909942627,False,7
Travis Hunter,WR,2025,17,2026,3,3,0.0,1.754566669464111,False,14
Travis Hunter,WR,2025,17,2026,4,4,0.0,1.7089288234710691,False,21
Travis Hunter,WR,2025,17,2026,5,5,0.0,1.640160083770752,False,28
Travis Hunter,WR,2025,17,2026,6,6,0.0,1.590507745742798,False,35
Travis Hunter,WR,2025,17,2026,7,7,0.0,1.5311357975006104,False,42
Travis Hunter,WR,2025,17,2026,8,8,0.0,1.5360236167907717,False,49
Travis Hunter,WR,2025,17,2026,9,9,0.0,1.5517451763153076,False,56
Travis Hunter,WR,2025,17,2026,10,10,0.0,1.559274673461914,False,63
Travis Hunter,WR,2025,17,2026,11,11,0.0,1.611818790435791,False,70
Travis Hunter,WR,2025,17,2026,12,12,0.0,1.679718255996704,False,77
Travis Hunter,WR,2025,17,2026,13,13,0.0,1.7468867301940918,False,84
Travis Hunter,WR,2025,17,2026,14,14,0.0,1.8021998405456543,False,91
Travis Hunter,WR,2025,17,2026,15,15,0.0,1.8423781394958496,False,98
Travis Hunter,WR,2025,17,2026,16,16,0.0,1.894249677658081,False,105
Travis Hunter,WR,2025,17,2026,17,17,0.0,1.9348359107971191,False,112
Tre Harris,WR,2025,17,2026,1,1,0.0,4.307907104492188,False,0
Tre Harris,WR,2025,17,2026,2,2,0.0,4.359593868255615,False,7
Tre Harris,WR,2025,17,2026,3,3,0.0,4.522159099578857,False,14
Tre Harris,WR,2025,17,2026,4,4,0.0,4.7537689208984375,False,21
Tre Harris,WR,2025,17,2026,5,5,0.0,5.025458812713623,False,28
Tre Harris,WR,2025,17,2026,6,6,0.0,5.376708030700684,False,35
Tre Harris,WR,2025,17,2026,7,7,0.0,5.745349884033203,False,42
Tre Harris,WR,2025,17,2026,8,8,0.0,6.126679420471191,False,49
Tre Harris,WR,2025,17,2026,9,9,0.0,6.360485076904297,False,56
Tre Harris,WR,2025,17,2026,10,10,0.0,6.4722113609313965,False,63
Tre Harris,WR,2025,17,2026,11,11,0.0,6.568052291870117,False,70
Tre Harris,WR,2025,17,2026,12,12,0.0,6.600315093994141,False,77
Tre Harris,WR,2025,17,2026,13,13,0.0,6.588573455810547,False,84
Tre Harris,WR,2025,17,2026,14,14,0.0,6.546164512634277,False,91
Tre Harris,WR,2025,17,2026,15,15,0.0,6.477324962615967,False,98
Tre Harris,WR,2025,17,2026,16,16,0.0,6.435422897338867,False,105
Tre Harris,WR,2025,17,2026,17,17,0.0,6.356311798095703,False,112
Tre Tucker,WR,2025,17,2026,1,1,0.0,11.67790985107422,False,0
Tre Tucker,WR,2025,17,2026,2,2,0.0,11.689079284667969,False,7
Tre Tucker,WR,2025,17,2026,3,3,0.0,11.698572158813477,False,14
Tre Tucker,WR,2025,17,2026,4,4,0.0,11.584239959716797,False,21
Tre Tucker,WR,2025,17,2026,5,5,0.0,11.36240005493164,False,28
Tre Tucker,WR,2025,17,2026,6,6,0.0,10.995293617248535,False,35
Tre Tucker,WR,2025,17,2026,7,7,0.0,10.681198120117188,False,42
Tre Tucker,WR,2025,17,2026,8,8,0.0,10.358384132385254,False,49
Tre Tucker,WR,2025,17,2026,9,9,0.0,10.025121688842772,False,56
Tre Tucker,WR,2025,17,2026,10,10,0.0,9.76364040374756,False,63
Tre Tucker,WR,2025,17,2026,11,11,0.0,9.575889587402344,False,70
Tre Tucker,WR,2025,17,2026,12,12,0.0,9.427019119262695,False,77
Tre Tucker,WR,2025,17,2026,13,13,0.0,9.297205924987791,False,84
Tre Tucker,WR,2025,17,2026,14,14,0.0,9.104812622070312,False,91
Tre Tucker,WR,2025,17,2026,15,15,0.0,8.92402458190918,False,98
Tre Tucker,WR,2025,17,2026,16,16,0.0,8.693269729614258,False,105
Tre Tucker,WR,2025,17,2026,17,17,0.0,8.466886520385742,False,112
TreVeyon Henderson,RB,2025,17,2026,1,1,0.0,13.389781951904297,False,0
TreVeyon Henderson,RB,2025,17,2026,2,2,0.0,13.50237274169922,False,7
TreVeyon Henderson,RB,2025,17,2026,3,3,0.0,13.3587646484375,False,14
TreVeyon Henderson,RB,2025,17,2026,4,4,0.0,13.47831916809082,False,21
TreVeyon Henderson,RB,2025,17,2026,5,5,0.0,13.64572048187256,False,28
TreVeyon Henderson,RB,2025,17,2026,6,6,0.0,13.55337905883789,False,35
TreVeyon Henderson,RB,2025,17,2026,7,7,0.0,13.42522144317627,False,42
TreVeyon Henderson,RB,2025,17,2026,8,8,0.0,13.292354583740234,False,49
TreVeyon Henderson,RB,2025,17,2026,9,9,0.0,13.130998611450195,False,56
TreVeyon Henderson,RB,2025,17,2026,10,10,0.0,12.95260238647461,False,63
TreVeyon Henderson,RB,2025,17,2026,11,11,0.0,12.754061698913574,False,70
TreVeyon Henderson,RB,2025,17,2026,12,12,0.0,12.549139976501465,False,77
TreVeyon Henderson,RB,2025,17,2026,13,13,0.0,12.370316505432127,False,84
TreVeyon Henderson,RB,2025,17,2026,14,14,0.0,12.186022758483888,False,91
TreVeyon Henderson,RB,2025,17,2026,15,15,0.0,12.064323425292969,False,98
TreVeyon Henderson,RB,2025,17,2026,16,16,0.0,11.907093048095703,False,105
TreVeyon Henderson,RB,2025,17,2026,17,17,0.0,11.741291046142578,False,112
Treylon Burks,WR,2025,17,2026,1,1,0.0,3.55161452293396,False,0
Treylon Burks,WR,2025,17,2026,2,2,0.0,3.6361258029937744,False,7
Treylon Burks,WR,2025,17,2026,3,3,0.0,3.734862804412842,False,14
Treylon Burks,WR,2025,17,2026,4,4,0.0,3.866077899932861,False,21
Treylon Burks,WR,2025,17,2026,5,5,0.0,4.004208564758301,False,28
Treylon Burks,WR,2025,17,2026,6,6,0.0,4.20230770111084,False,35
Treylon Burks,WR,2025,17,2026,7,7,0.0,4.402777194976807,False,42
Treylon Burks,WR,2025,17,2026,8,8,0.0,4.632108211517334,False,49
Treylon Burks,WR,2025,17,2026,9,9,0.0,4.772470951080322,False,56
Treylon Burks,WR,2025,17,2026,10,10,0.0,4.851402759552002,False,63
Treylon Burks,WR,2025,17,2026,11,11,0.0,4.95123815536499,False,70
Treylon Burks,WR,2025,17,2026,12,12,0.0,5.019488334655762,False,77
Treylon Burks,WR,2025,17,2026,13,13,0.0,5.067800521850586,False,84
Treylon Burks,WR,2025,17,2026,14,14,0.0,5.082328796386719,False,91
Treylon Burks,WR,2025,17,2026,15,15,0.0,5.056264877319336,False,98
Treylon Burks,WR,2025,17,2026,16,16,0.0,5.041292667388916,False,105
Treylon Burks,WR,2025,17,2026,17,17,0.0,4.974369049072266,False,112
Troy Franklin,WR,2025,17,2026,1,1,0.0,13.840778350830078,False,0
Troy Franklin,WR,2025,17,2026,2,2,0.0,13.816289901733398,False,7
Troy Franklin,WR,2025,17,2026,3,3,0.0,13.698044776916504,False,14
Troy Franklin,WR,2025,17,2026,4,4,0.0,13.924484252929688,False,21
Troy Franklin,WR,2025,17,2026,5,5,0.0,14.094145774841309,False,28
Troy Franklin,WR,2025,17,2026,6,6,0.0,13.984498977661133,False,35
Troy Franklin,WR,2025,17,2026,7,7,0.0,13.897388458251951,False,42
Troy Franklin,WR,2025,17,2026,8,8,0.0,13.815568923950195,False,49
Troy Franklin,WR,2025,17,2026,9,9,0.0,13.722789764404297,False,56
Troy Franklin,WR,2025,17,2026,10,10,0.0,13.635272979736328,False,63
Troy Franklin,WR,2025,17,2026,11,11,0.0,13.546409606933594,False,70
Troy Franklin,WR,2025,17,2026,12,12,0.0,13.451493263244627,False,77
Troy Franklin,WR,2025,17,2026,13,13,0.0,13.363218307495115,False,84
Troy Franklin,WR,2025,17,2026,14,14,0.0,13.237726211547852,False,91
Troy Franklin,WR,2025,17,2026,15,15,0.0,13.147723197937012,False,98
Troy Franklin,WR,2025,17,2026,16,16,0.0,13.001723289489746,False,105
Troy Franklin,WR,2025,17,2026,17,17,0.0,12.829346656799316,False,112
Tutu Atwell,WR,2025,17,2026,1,1,0.0,2.054492712020874,False,0
Tutu Atwell,WR,2025,17,2026,2,2,0.0,2.1614089012146,False,7
Tutu Atwell,WR,2025,17,2026,3,3,0.0,2.1789968013763428,False,14
Tutu Atwell,WR,2025,17,2026,4,4,0.0,2.184477567672729,False,21
Tutu Atwell,WR,2025,17,2026,5,5,0.0,2.160235643386841,False,28
Tutu Atwell,WR,2025,17,2026,6,6,0.0,2.152221441268921,False,35
Tutu Atwell,WR,2025,17,2026,7,7,0.0,2.127060890197754,False,42
Tutu Atwell,WR,2025,17,2026,8,8,0.0,2.1644632816314697,False,49
Tutu Atwell,WR,2025,17,2026,9,9,0.0,2.204897403717041,False,56
Tutu Atwell,WR,2025,17,2026,10,10,0.0,2.240053415298462,False,63
Tutu Atwell,WR,2025,17,2026,11,11,0.0,2.319838047027588,False,70
Tutu Atwell,WR,2025,17,2026,12,12,0.0,2.4077765941619877,False,77
Tutu Atwell,WR,2025,17,2026,13,13,0.0,2.496140718460083,False,84
Tutu Atwell,WR,2025,17,2026,14,14,0.0,2.570713520050049,False,91
Tutu Atwell,WR,2025,17,2026,15,15,0.0,2.622156143188477,False,98
Tutu Atwell,WR,2025,17,2026,16,16,0.0,2.6973390579223637,False,105
Tutu Atwell,WR,2025,17,2026,17,17,0.0,2.746201515197754,False,112
Ty Johnson,RB,2025,17,2026,1,1,0.0,2.9594883918762207,False,0
Ty Johnson,RB,2025,17,2026,2,2,0.0,2.8237903118133545,False,7
Ty Johnson,RB,2025,17,2026,3,3,0.0,2.682074069976806,False,14
Ty Johnson,RB,2025,17,2026,4,4,0.0,2.5488698482513428,False,21
Ty Johnson,RB,2025,17,2026,5,5,0.0,2.4133262634277344,False,28
Ty Johnson,RB,2025,17,2026,6,6,0.0,2.266364097595215,False,35
Ty Johnson,RB,2025,17,2026,7,7,0.0,2.123690605163574,False,42
Ty Johnson,RB,2025,17,2026,8,8,0.0,2.0361087322235107,False,49
Ty Johnson,RB,2025,17,2026,9,9,0.0,1.9472711086273196,False,56
Ty Johnson,RB,2025,17,2026,10,10,0.0,1.866673231124878,False,63
Ty Johnson,RB,2025,17,2026,11,11,0.0,1.8444242477416992,False,70
Ty Johnson,RB,2025,17,2026,12,12,0.0,1.844621181488037,False,77
Ty Johnson,RB,2025,17,2026,13,13,0.0,1.8758676052093504,False,84
Ty Johnson,RB,2025,17,2026,14,14,0.0,1.90806245803833,False,91
Ty Johnson,RB,2025,17,2026,15,15,0.0,1.9467463493347168,False,98
Ty Johnson,RB,2025,17,2026,16,16,0.0,1.9958150386810305,False,105
Ty Johnson,RB,2025,17,2026,17,17,0.0,2.0373990535736084,False,112
Tyjae Spears,RB,2025,17,2026,1,1,0.0,9.785694122314451,False,0
Tyjae Spears,RB,2025,17,2026,2,2,0.0,9.89109706878662,False,7
Tyjae Spears,RB,2025,17,2026,3,3,0.0,9.987954139709473,False,14
Tyjae Spears,RB,2025,17,2026,4,4,0.0,9.990169525146484,False,21
Tyjae Spears,RB,2025,17,2026,5,5,0.0,10.040315628051758,False,28
Tyjae Spears,RB,2025,17,2026,6,6,0.0,9.88530731201172,False,35
Tyjae Spears,RB,2025,17,2026,7,7,0.0,9.641648292541504,False,42
Tyjae Spears,RB,2025,17,2026,8,8,0.0,9.317254066467283,False,49
Tyjae Spears,RB,2025,17,2026,9,9,0.0,8.84204387664795,False,56
Tyjae Spears,RB,2025,17,2026,10,10,0.0,8.27128791809082,False,63
Tyjae Spears,RB,2025,17,2026,11,11,0.0,7.764800548553467,False,70
Tyjae Spears,RB,2025,17,2026,12,12,0.0,7.393903732299805,False,77
Tyjae Spears,RB,2025,17,2026,13,13,0.0,7.181631088256836,False,84
Tyjae Spears,RB,2025,17,2026,14,14,0.0,6.993327617645264,False,91
Tyjae Spears,RB,2025,17,2026,15,15,0.0,6.876186370849609,False,98
Tyjae Spears,RB,2025,17,2026,16,16,0.0,6.761139869689941,False,105
Tyjae Spears,RB,2025,17,2026,17,17,0.0,6.616639137268066,False,112
Tylan Wallace,WR,2025,17,2026,1,1,0.0,2.07413649559021,False,0
Tylan Wallace,WR,2025,17,2026,2,2,0.0,2.062965154647827,False,7
Tylan Wallace,WR,2025,17,2026,3,3,0.0,2.0107357501983643,False,14
Tylan Wallace,WR,2025,17,2026,4,4,0.0,1.951462984085083,False,21
Tylan Wallace,WR,2025,17,2026,5,5,0.0,1.8704044818878172,False,28
Tylan Wallace,WR,2025,17,2026,6,6,0.0,1.8064086437225344,False,35
Tylan Wallace,WR,2025,17,2026,7,7,0.0,1.7311267852783203,False,42
Tylan Wallace,WR,2025,17,2026,8,8,0.0,1.7244174480438232,False,49
Tylan Wallace,WR,2025,17,2026,9,9,0.0,1.7283523082733154,False,56
Tylan Wallace,WR,2025,17,2026,10,10,0.0,1.7270939350128174,False,63
Tylan Wallace,WR,2025,17,2026,11,11,0.0,1.7686915397644043,False,70
Tylan Wallace,WR,2025,17,2026,12,12,0.0,1.820318937301636,False,77
Tylan Wallace,WR,2025,17,2026,13,13,0.0,1.8719103336334229,False,84
Tylan Wallace,WR,2025,17,2026,14,14,0.0,1.9098048210144043,False,91
Tylan Wallace,WR,2025,17,2026,15,15,0.0,1.9404428005218504,False,98
Tylan Wallace,WR,2025,17,2026,16,16,0.0,1.9796884059906008,False,105
Tylan Wallace,WR,2025,17,2026,17,17,0.0,2.010206460952759,False,112
Tyler Allgeier,RB,2025,17,2026,1,1,0.0,5.213636875152588,False,0
Tyler Allgeier,RB,2025,17,2026,2,2,0.0,4.874139785766602,False,7
Tyler Allgeier,RB,2025,17,2026,3,3,0.0,4.631851196289063,False,14
Tyler Allgeier,RB,2025,17,2026,4,4,0.0,4.350189685821533,False,21
Tyler Allgeier,RB,2025,17,2026,5,5,0.0,4.018476486206055,False,28
Tyler Allgeier,RB,2025,17,2026,6,6,0.0,3.56290054321289,False,35
Tyler Allgeier,RB,2025,17,2026,7,7,0.0,3.139631748199463,False,42
Tyler Allgeier,RB,2025,17,2026,8,8,0.0,2.825683116912842,False,49
Tyler Allgeier,RB,2025,17,2026,9,9,0.0,2.6266674995422363,False,56
Tyler Allgeier,RB,2025,17,2026,10,10,0.0,2.534512042999268,False,63
Tyler Allgeier,RB,2025,17,2026,11,11,0.0,2.4696688652038574,False,70
Tyler Allgeier,RB,2025,17,2026,12,12,0.0,2.410360336303711,False,77
Tyler Allgeier,RB,2025,17,2026,13,13,0.0,2.412445545196533,False,84
Tyler Allgeier,RB,2025,17,2026,14,14,0.0,2.413479804992676,False,91
Tyler Allgeier,RB,2025,17,2026,15,15,0.0,2.443173885345459,False,98
Tyler Allgeier,RB,2025,17,2026,16,16,0.0,2.47241473197937,False,105
Tyler Allgeier,RB,2025,17,2026,17,17,0.0,2.509285926818848,False,112
Tyler Badie,RB,2025,17,2026,1,1,0.0,1.3756558895111084,False,0
Tyler Badie,RB,2025,17,2026,2,2,0.0,1.4114995002746582,False,7
Tyler Badie,RB,2025,17,2026,3,3,0.0,1.3599281311035156,False,14
Tyler Badie,RB,2025,17,2026,4,4,0.0,1.290485143661499,False,21
Tyler Badie,RB,2025,17,2026,5,5,0.0,1.2049627304077148,False,28
Tyler Badie,RB,2025,17,2026,6,6,0.0,1.137598991394043,False,35
Tyler Badie,RB,2025,17,2026,7,7,0.0,1.0685341358184814,False,42
Tyler Badie,RB,2025,17,2026,8,8,0.0,1.050670146942139,False,49
Tyler Badie,RB,2025,17,2026,9,9,0.0,1.038432002067566,False,56
Tyler Badie,RB,2025,17,2026,10,10,0.0,1.006744623184204,False,63
Tyler Badie,RB,2025,17,2026,11,11,0.0,1.009575128555298,False,70
Tyler Badie,RB,2025,17,2026,12,12,0.0,1.032306432723999,False,77
Tyler Badie,RB,2025,17,2026,13,13,0.0,1.0665099620819092,False,84
Tyler Badie,RB,2025,17,2026,14,14,0.0,1.0937070846557615,False,91
Tyler Badie,RB,2025,17,2026,15,15,0.0,1.123575210571289,False,98
Tyler Badie,RB,2025,17,2026,16,16,0.0,1.1510703563690186,False,105
Tyler Badie,RB,2025,17,2026,17,17,0.0,1.1812970638275146,False,112
Tyquan Thornton,WR,2025,17,2026,1,1,0.0,7.808192729949951,False,0
Tyquan Thornton,WR,2025,17,2026,2,2,0.0,7.651204586029053,False,7
Tyquan Thornton,WR,2025,17,2026,3,3,0.0,7.8575849533081055,False,14
Tyquan Thornton,WR,2025,17,2026,4,4,0.0,8.246593475341797,False,21
Tyquan Thornton,WR,2025,17,2026,5,5,0.0,8.737105369567871,False,28
Tyquan Thornton,WR,2025,17,2026,6,6,0.0,9.167409896850586,False,35
Tyquan Thornton,WR,2025,17,2026,7,7,0.0,9.43110466003418,False,42
Tyquan Thornton,WR,2025,17,2026,8,8,0.0,9.488306045532228,False,49
Tyquan Thornton,WR,2025,17,2026,9,9,0.0,9.396451950073242,False,56
Tyquan Thornton,WR,2025,17,2026,10,10,0.0,9.303274154663086,False,63
Tyquan Thornton,WR,2025,17,2026,11,11,0.0,9.237165451049805,False,70
Tyquan Thornton,WR,2025,17,2026,12,12,0.0,9.16420555114746,False,77
Tyquan Thornton,WR,2025,17,2026,13,13,0.0,9.102594375610352,False,84
Tyquan Thornton,WR,2025,17,2026,14,14,0.0,9.032434463500977,False,91
Tyquan Thornton,WR,2025,17,2026,15,15,0.0,8.95602035522461,False,98
Tyquan Thornton,WR,2025,17,2026,16,16,0.0,8.89352798461914,False,105
Tyquan Thornton,WR,2025,17,2026,17,17,0.0,8.791051864624023,False,112
Tyrone Tracy Jr.,RB,2025,17,2026,1,1,0.0,12.078664779663086,False,0
Tyrone Tracy Jr.,RB,2025,17,2026,2,2,0.0,12.223058700561523,False,7
Tyrone Tracy Jr.,RB,2025,17,2026,3,3,0.0,12.591266632080078,False,14
Tyrone Tracy Jr.,RB,2025,17,2026,4,4,0.0,13.132607460021973,False,21
Tyrone Tracy Jr.,RB,2025,17,2026,5,5,0.0,13.865639686584473,False,28
Tyrone Tracy Jr.,RB,2025,17,2026,6,6,0.0,14.530349731445312,False,35
Tyrone Tracy Jr.,RB,2025,17,2026,7,7,0.0,15.15241241455078,False,42
Tyrone Tracy Jr.,RB,2025,17,2026,8,8,0.0,15.706653594970703,False,49
Tyrone Tracy Jr.,RB,2025,17,2026,9,9,0.0,16.006969451904297,False,56
Tyrone Tracy Jr.,RB,2025,17,2026,10,10,0.0,16.2002010345459,False,63
Tyrone Tracy Jr.,RB,2025,17,2026,11,11,0.0,16.299272537231445,False,70
Tyrone Tracy Jr.,RB,2025,17,2026,12,12,0.0,16.309850692749023,False,77
Tyrone Tracy Jr.,RB,2025,17,2026,13,13,0.0,16.317062377929688,False,84
Tyrone Tracy Jr.,RB,2025,17,2026,14,14,0.0,16.37587547302246,False,91
Tyrone Tracy Jr.,RB,2025,17,2026,15,15,0.0,16.41930389404297,False,98
Tyrone Tracy Jr.,RB,2025,17,2026,16,16,0.0,16.353986740112305,False,105
Tyrone Tracy Jr.,RB,2025,17,2026,17,17,0.0,16.171371459960938,False,112
Wan'Dale Robinson,WR,2025,17,2026,1,1,0.0,12.749791145324709,False,0
Wan'Dale Robinson,WR,2025,17,2026,2,2,0.0,13.014842987060549,False,7
Wan'Dale Robinson,WR,2025,17,2026,3,3,0.0,13.01522445678711,False,14
Wan'Dale Robinson,WR,2025,17,2026,4,4,0.0,13.242143630981444,False,21
Wan'Dale Robinson,WR,2025,17,2026,5,5,0.0,13.55796241760254,False,28
Wan'Dale Robinson,WR,2025,17,2026,6,6,0.0,13.756771087646484,False,35
Wan'Dale Robinson,WR,2025,17,2026,7,7,0.0,13.89167594909668,False,42
Wan'Dale Robinson,WR,2025,17,2026,8,8,0.0,13.867733001708984,False,49
Wan'Dale Robinson,WR,2025,17,2026,9,9,0.0,13.810385704040527,False,56
Wan'Dale Robinson,WR,2025,17,2026,10,10,0.0,13.76011085510254,False,63
Wan'Dale Robinson,WR,2025,17,2026,11,11,0.0,13.724081039428713,False,70
Wan'Dale Robinson,WR,2025,17,2026,12,12,0.0,13.68466567993164,False,77
Wan'Dale Robinson,WR,2025,17,2026,13,13,0.0,13.654867172241213,False,84
Wan'Dale Robinson,WR,2025,17,2026,14,14,0.0,13.59371852874756,False,91
Wan'Dale Robinson,WR,2025,17,2026,15,15,0.0,13.55916976928711,False,98
Wan'Dale Robinson,WR,2025,17,2026,16,16,0.0,13.480363845825195,False,105
Wan'Dale Robinson,WR,2025,17,2026,17,17,0.0,13.367121696472168,False,112
Will Shipley,RB,2025,17,2026,1,1,0.0,1.367159366607666,False,0
Will Shipley,RB,2025,17,2026,2,2,0.0,1.4197604656219482,False,7
Will Shipley,RB,2025,17,2026,3,3,0.0,1.3887996673583984,False,14
Will Shipley,RB,2025,17,2026,4,4,0.0,1.3431265354156494,False,21
Will Shipley,RB,2025,17,2026,5,5,0.0,1.2739543914794922,False,28
Will Shipley,RB,2025,17,2026,6,6,0.0,1.2278130054473877,False,35
Will Shipley,RB,2025,17,2026,7,7,0.0,1.17152738571167,False,42
Will Shipley,RB,2025,17,2026,8,8,0.0,1.1710655689239502,False,49
Will Shipley,RB,2025,17,2026,9,9,0.0,1.1754021644592283,False,56
Will Shipley,RB,2025,17,2026,10,10,0.0,1.1597659587860107,False,63
Will Shipley,RB,2025,17,2026,11,11,0.0,1.1823580265045166,False,70
Will Shipley,RB,2025,17,2026,12,12,0.0,1.2200498580932615,False,77
Will Shipley,RB,2025,17,2026,13,13,0.0,1.2634992599487305,False,84
Will Shipley,RB,2025,17,2026,14,14,0.0,1.296281337738037,False,91
Will Shipley,RB,2025,17,2026,15,15,0.0,1.3279271125793457,False,98
Will Shipley,RB,2025,17,2026,16,16,0.0,1.360234260559082,False,105
Will Shipley,RB,2025,17,2026,17,17,0.0,1.3905136585235596,False,112
Woody Marks,RB,2025,17,2026,1,1,0.0,7.319509983062744,False,0
Woody Marks,RB,2025,17,2026,2,2,0.0,7.157291412353516,False,7
Woody Marks,RB,2025,17,2026,3,3,0.0,7.478311538696289,False,14
Woody Marks,RB,2025,17,2026,4,4,0.0,7.977284431457519,False,21
Woody Marks,RB,2025,17,2026,5,5,0.0,8.507600784301758,False,28
Woody Marks,RB,2025,17,2026,6,6,0.0,9.037046432495115,False,35
Woody Marks,RB,2025,17,2026,7,7,0.0,9.526443481445312,False,42
Woody Marks,RB,2025,17,2026,8,8,0.0,9.90868854522705,False,49
Woody Marks,RB,2025,17,2026,9,9,0.0,10.133726119995115,False,56
Woody Marks,RB,2025,17,2026,10,10,0.0,10.194586753845217,False,63
Woody Marks,RB,2025,17,2026,11,11,0.0,10.228521347045898,False,70
Woody Marks,RB,2025,17,2026,12,12,0.0,10.246696472167969,False,77
Woody Marks,RB,2025,17,2026,13,13,0.0,10.24652862548828,False,84
Woody Marks,RB,2025,17,2026,14,14,0.0,10.242055892944336,False,91
Woody Marks,RB,2025,17,2026,15,15,0.0,10.21480941772461,False,98
Woody Marks,RB,2025,17,2026,16,16,0.0,10.202329635620115,False,105
Woody Marks,RB,2025,17,2026,17,17,0.0,10.153499603271484,False,112
Xavier Hutchinson,WR,2025,17,2026,1,1,0.0,6.3536577224731445,False,0
Xavier Hutchinson,WR,2025,17,2026,2,2,0.0,6.2109479904174805,False,7
Xavier Hutchinson,WR,2025,17,2026,3,3,0.0,6.392822265625,False,14
Xavier Hutchinson,WR,2025,17,2026,4,4,0.0,6.717852592468262,False,21
Xavier Hutchinson,WR,2025,17,2026,5,5,0.0,7.093857288360596,False,28
Xavier Hutchinson,WR,2025,17,2026,6,6,0.0,7.339516639709473,False,35
Xavier Hutchinson,WR,2025,17,2026,7,7,0.0,7.413898468017578,False,42
Xavier Hutchinson,WR,2025,17,2026,8,8,0.0,7.418320655822754,False,49
Xavier Hutchinson,WR,2025,17,2026,9,9,0.0,7.332443237304687,False,56
Xavier Hutchinson,WR,2025,17,2026,10,10,0.0,7.246847629547119,False,63
Xavier Hutchinson,WR,2025,17,2026,11,11,0.0,7.195981502532959,False,70
Xavier Hutchinson,WR,2025,17,2026,12,12,0.0,7.141421318054199,False,77
Xavier Hutchinson,WR,2025,17,2026,13,13,0.0,7.0982441902160645,False,84
Xavier Hutchinson,WR,2025,17,2026,14,14,0.0,7.047186374664307,False,91
Xavier Hutchinson,WR,2025,17,2026,15,15,0.0,6.9963698387146,False,98
Xavier Hutchinson,WR,2025,17,2026,16,16,0.0,6.975683689117432,False,105
Xavier Hutchinson,WR,2025,17,2026,17,17,0.0,6.932089805603027,False,112
Xavier Legette,WR,2025,17,2026,1,1,0.0,2.7514069080352783,False,0
Xavier Legette,WR,2025,17,2026,2,2,0.0,2.7573859691619877,False,7
Xavier Legette,WR,2025,17,2026,3,3,0.0,2.784491062164306,False,14
Xavier Legette,WR,2025,17,2026,4,4,0.0,2.823846340179444,False,21
Xavier Legette,WR,2025,17,2026,5,5,0.0,2.8385543823242188,False,28
Xavier Legette,WR,2025,17,2026,6,6,0.0,2.8761887550354004,False,35
Xavier Legette,WR,2025,17,2026,7,7,0.0,2.902231454849243,False,42
Xavier Legette,WR,2025,17,2026,8,8,0.0,2.992502212524414,False,49
Xavier Legette,WR,2025,17,2026,9,9,0.0,3.080106258392334,False,56
Xavier Legette,WR,2025,17,2026,10,10,0.0,3.166172981262207,False,63
Xavier Legette,WR,2025,17,2026,11,11,0.0,3.305441379547119,False,70
Xavier Legette,WR,2025,17,2026,12,12,0.0,3.440094470977783,False,77
Xavier Legette,WR,2025,17,2026,13,13,0.0,3.566611289978028,False,84
Xavier Legette,WR,2025,17,2026,14,14,0.0,3.6702704429626474,False,91
Xavier Legette,WR,2025,17,2026,15,15,0.0,3.741618633270264,False,98
Xavier Legette,WR,2025,17,2026,16,16,0.0,3.8381175994873047,False,105
Xavier Legette,WR,2025,17,2026,17,17,0.0,3.8922719955444336,False,112
Xavier Smith,WR,2025,17,2026,1,1,0.0,2.496594190597534,False,0
Xavier Smith,WR,2025,17,2026,2,2,0.0,2.6459853649139404,False,7
Xavier Smith,WR,2025,17,2026,3,3,0.0,2.735190391540528,False,14
Xavier Smith,WR,2025,17,2026,4,4,0.0,2.8214869499206543,False,21
Xavier Smith,WR,2025,17,2026,5,5,0.0,2.8753340244293213,False,28
Xavier Smith,WR,2025,17,2026,6,6,0.0,2.964370012283325,False,35
Xavier Smith,WR,2025,17,2026,7,7,0.0,3.0408825874328613,False,42
Xavier Smith,WR,2025,17,2026,8,8,0.0,3.1832990646362305,False,49
Xavier Smith,WR,2025,17,2026,9,9,0.0,3.314753532409668,False,56
Xavier Smith,WR,2025,17,2026,10,10,0.0,3.4356346130371094,False,63
Xavier Smith,WR,2025,17,2026,11,11,0.0,3.5901100635528564,False,70
Xavier Smith,WR,2025,17,2026,12,12,0.0,3.72906756401062,False,77
Xavier Smith,WR,2025,17,2026,13,13,0.0,3.852365016937256,False,84
Xavier Smith,WR,2025,17,2026,14,14,0.0,3.963340759277344,False,91
Xavier Smith,WR,2025,17,2026,15,15,0.0,4.028147220611572,False,98
Xavier Smith,WR,2025,17,2026,16,16,0.0,4.139166831970215,False,105
Xavier Smith,WR,2025,17,2026,17,17,0.0,4.2075605392456055,False,112
Xavier Worthy,WR,2025,17,2026,1,1,0.0,8.050146102905273,False,0
Xavier Worthy,WR,2025,17,2026,2,2,0.0,7.807596683502197,False,7
Xavier Worthy,WR,2025,17,2026,3,3,0.0,7.870676040649414,False,14
Xavier Worthy,WR,2025,17,2026,4,4,0.0,7.998236656188965,False,21
Xavier Worthy,WR,2025,17,2026,5,5,0.0,8.034010887145996,False,28
Xavier Worthy,WR,2025,17,2026,6,6,0.0,7.815188407897949,False,35
Xavier Worthy,WR,2025,17,2026,7,7,0.0,7.572267532348633,False,42
Xavier Worthy,WR,2025,17,2026,8,8,0.0,7.359314918518066,False,49
Xavier Worthy,WR,2025,17,2026,9,9,0.0,7.131168365478516,False,56
Xavier Worthy,WR,2025,17,2026,10,10,0.0,6.939841270446777,False,63
Xavier Worthy,WR,2025,17,2026,11,11,0.0,6.776812076568604,False,70
Xavier Worthy,WR,2025,17,2026,12,12,0.0,6.633593559265137,False,77
Xavier Worthy,WR,2025,17,2026,13,13,0.0,6.552253723144531,False,84
Xavier Worthy,WR,2025,17,2026,14,14,0.0,6.465768337249756,False,91
Xavier Worthy,WR,2025,17,2026,15,15,0.0,6.407088279724121,False,98
Xavier Worthy,WR,2025,17,2026,16,16,0.0,6.360598564147949,False,105
Xavier Worthy,WR,2025,17,2026,17,17,0.0,6.297947883605957,False,112
Zachariah Branch,WR,2025,17,2026,1,1,0.0,1.8092257976531985,False,0
Zachariah Branch,WR,2025,17,2026,2,2,0.0,1.8288748264312744,False,7
Zachariah Branch,WR,2025,17,2026,3,3,0.0,1.807905197143555,False,14
Zachariah Branch,WR,2025,17,2026,4,4,0.0,1.783985614776611,False,21
Zachariah Branch,WR,2025,17,2026,5,5,0.0,1.7332096099853516,False,28
Zachariah Branch,WR,2025,17,2026,6,6,0.0,1.702052116394043,False,35
Zachariah Branch,WR,2025,17,2026,7,7,0.0,1.660050630569458,False,42
Zachariah Branch,WR,2025,17,2026,8,8,0.0,1.6813440322875977,False,49
Zachariah Branch,WR,2025,17,2026,9,9,0.0,1.714607000350952,False,56
Zachariah Branch,WR,2025,17,2026,10,10,0.0,1.7388758659362793,False,63
Zachariah Branch,WR,2025,17,2026,11,11,0.0,1.8151054382324217,False,70
Zachariah Branch,WR,2025,17,2026,12,12,0.0,1.9072728157043457,False,77
Zachariah Branch,WR,2025,17,2026,13,13,0.0,2.004189729690552,False,84
Zachariah Branch,WR,2025,17,2026,14,14,0.0,2.092022180557251,False,91
Zachariah Branch,WR,2025,17,2026,15,15,0.0,2.1612462997436523,False,98
Zachariah Branch,WR,2025,17,2026,16,16,0.0,2.251927375793457,False,105
Zachariah Branch,WR,2025,17,2026,17,17,0.0,2.325331211090088,False,112
Zavion Thomas,WR,2025,17,2026,1,1,0.0,1.8100061416625977,False,0
Zavion Thomas,WR,2025,17,2026,2,2,0.0,1.829716444015503,False,7
Zavion Thomas,WR,2025,17,2026,3,3,0.0,1.808899164199829,False,14
Zavion Thomas,WR,2025,17,2026,4,4,0.0,1.785168170928955,False,21
Zavion Thomas,WR,2025,17,2026,5,5,0.0,1.7345571517944336,False,28
Zavion Thomas,WR,2025,17,2026,6,6,0.0,1.7036082744598389,False,35
Zavion Thomas,WR,2025,17,2026,7,7,0.0,1.661797046661377,False,42
Zavion Thomas,WR,2025,17,2026,8,8,0.0,1.683307409286499,False,49
Zavion Thomas,WR,2025,17,2026,9,9,0.0,1.7167794704437256,False,56
Zavion Thomas,WR,2025,17,2026,10,10,0.0,1.7412564754486084,False,63
Zavion Thomas,WR,2025,17,2026,11,11,0.0,1.817710399627685,False,70
Zavion Thomas,WR,2025,17,2026,12,12,0.0,1.910023212432861,False,77
Zavion Thomas,WR,2025,17,2026,13,13,0.0,2.007050037384033,False,84
Zavion Thomas,WR,2025,17,2026,14,14,0.0,2.094993352890014,False,91
Zavion Thomas,WR,2025,17,2026,15,15,0.0,2.164257049560547,False,98
Zavion Thomas,WR,2025,17,2026,16,16,0.0,2.2550506591796875,False,105
Zavion Thomas,WR,2025,17,2026,17,17,0.0,2.3284873962402344,False,112
Zay Flowers,WR,2025,17,2026,1,1,0.0,13.889692306518556,False,0
Zay Flowers,WR,2025,17,2026,2,2,0.0,13.896538734436035,False,7
Zay Flowers,WR,2025,17,2026,3,3,0.0,13.89636516571045,False,14
Zay Flowers,WR,2025,17,2026,4,4,0.0,14.174854278564451,False,21
Zay Flowers,WR,2025,17,2026,5,5,0.0,14.398234367370604,False,28
Zay Flowers,WR,2025,17,2026,6,6,0.0,14.522357940673828,False,35
Zay Flowers,WR,2025,17,2026,7,7,0.0,14.711193084716797,False,42
Zay Flowers,WR,2025,17,2026,8,8,0.0,14.74658203125,False,49
Zay Flowers,WR,2025,17,2026,9,9,0.0,14.71249008178711,False,56
Zay Flowers,WR,2025,17,2026,10,10,0.0,14.687403678894045,False,63
Zay Flowers,WR,2025,17,2026,11,11,0.0,14.665390968322754,False,70
Zay Flowers,WR,2025,17,2026,12,12,0.0,14.63364028930664,False,77
Zay Flowers,WR,2025,17,2026,13,13,0.0,14.61623191833496,False,84
Zay Flowers,WR,2025,17,2026,14,14,0.0,14.562108993530272,False,91
Zay Flowers,WR,2025,17,2026,15,15,0.0,14.537213325500488,False,98
Zay Flowers,WR,2025,17,2026,16,16,0.0,14.462566375732422,False,105
Zay Flowers,WR,2025,17,2026,17,17,0.0,14.345431327819824,False,112
