player_name,position,origin_season,origin_week,target_season,target_week,horizon_step,y_true,y_pred,target_played,forecast_age_days,prediction_ci_low,prediction_ci_high,forecast_start_week
A.J. Brown,WR,2025,17,2026,1,1,0.0,16.077735900878906,False,0,4.979120445251464,30.79349584579466,1
A.J. Brown,WR,2025,17,2026,2,2,0.0,15.878731727600098,False,7,2.2114375114440907,30.0400442123413,1
A.J. Brown,WR,2025,17,2026,3,3,0.0,15.65859031677246,False,14,1.5310050010681149,29.18781957626342,1
A.J. Brown,WR,2025,17,2026,4,4,0.0,15.637179374694824,False,21,1.349425125122071,29.18873186111449,1
A.J. Brown,WR,2025,17,2026,5,5,0.0,15.64708423614502,False,28,1.208633995056152,28.590076851844785,1
A.J. Brown,WR,2025,17,2026,6,6,0.0,15.515824317932127,False,35,0.9824231147766104,27.73251628875732,1
A.J. Brown,WR,2025,17,2026,7,7,0.0,15.416769981384276,False,42,0.8111172676086422,27.03032608032226,1
A.J. Brown,WR,2025,17,2026,8,8,0.0,15.377099990844728,False,49,0.7216517448425286,26.394027519226068,1
A.J. Brown,WR,2025,17,2026,9,9,0.0,15.318282127380373,False,56,0.616465091705324,25.22416057586667,1
A.J. Brown,WR,2025,17,2026,10,10,0.0,15.26327419281006,False,63,0.4985472679138194,24.53424656391144,1
A.J. Brown,WR,2025,17,2026,11,11,0.0,15.163064002990724,False,70,0.3517903327941898,24.16570839881896,1
A.J. Brown,WR,2025,17,2026,12,12,0.0,14.967242240905762,False,77,0.124437236785889,23.414077091217035,1
A.J. Brown,WR,2025,17,2026,13,13,0.0,14.785831451416016,False,84,0.0,22.43281993865966,1
A.J. Brown,WR,2025,17,2026,14,14,0.0,14.654210090637209,False,91,0.0,20.267389416694638,1
A.J. Brown,WR,2025,17,2026,15,15,0.0,14.558938026428224,False,98,0.0,18.16343193054195,1
A.J. Brown,WR,2025,17,2026,16,16,0.0,14.46840763092041,False,105,0.0,15.41623218059539,1
A.J. Brown,WR,2025,17,2026,17,17,0.0,14.334665298461914,False,112,0.0,12.037007403373718,1
AJ Dillon,RB,2025,17,2026,1,1,0.0,1.9271423816680908,False,0,0.0,16.642902326583844,1
AJ Dillon,RB,2025,17,2026,2,2,0.0,1.962904930114746,False,7,0.0,16.12421741485595,1
AJ Dillon,RB,2025,17,2026,3,3,0.0,1.980907678604126,False,14,0.0,15.510136938095084,1
AJ Dillon,RB,2025,17,2026,4,4,0.0,2.009213924407959,False,21,0.0,15.560766410827624,1
AJ Dillon,RB,2025,17,2026,5,5,0.0,1.9599754810333248,False,28,0.0,14.90296809673309,1
AJ Dillon,RB,2025,17,2026,6,6,0.0,1.9550039768218996,False,35,0.0,14.171695947647091,1
AJ Dillon,RB,2025,17,2026,7,7,0.0,1.9077093601226809,False,42,0.0,13.521265459060665,1
AJ Dillon,RB,2025,17,2026,8,8,0.0,1.8913978338241575,False,49,0.0,12.9083253622055,1
AJ Dillon,RB,2025,17,2026,9,9,0.0,1.8772207498550413,False,56,0.0,11.783099198341342,1
AJ Dillon,RB,2025,17,2026,10,10,0.0,1.8654745817184448,False,63,0.0,11.136446952819824,1
AJ Dillon,RB,2025,17,2026,11,11,0.0,1.892826557159424,False,70,0.0,10.895470952987662,1
AJ Dillon,RB,2025,17,2026,12,12,0.0,1.963195323944092,False,77,0.0,10.410030174255365,1
AJ Dillon,RB,2025,17,2026,13,13,0.0,2.016666889190674,False,84,0.0,9.663655376434315,1
AJ Dillon,RB,2025,17,2026,14,14,0.0,2.067272663116455,False,91,0.0,7.680451989173883,1
AJ Dillon,RB,2025,17,2026,15,15,0.0,2.1196653842926025,False,98,0.0,5.724159288406331,1
AJ Dillon,RB,2025,17,2026,16,16,0.0,2.1612560749053955,False,105,0.0,3.1090806245803764,1
AJ Dillon,RB,2025,17,2026,17,17,0.0,2.1777827739715576,False,112,0.0,-0.1198751211166384,1
Aaron Jones,RB,2025,17,2026,1,1,0.0,16.007978439331055,False,0,4.909362983703613,30.723738384246808,1
Aaron Jones,RB,2025,17,2026,2,2,0.0,15.863789558410645,False,7,2.1964953422546376,30.025102043151847,1
Aaron Jones,RB,2025,17,2026,3,3,0.0,15.68250560760498,False,14,1.5549202919006344,29.211734867095934,1
Aaron Jones,RB,2025,17,2026,4,4,0.0,15.576106071472168,False,21,1.2883518218994148,29.127658557891834,1
Aaron Jones,RB,2025,17,2026,5,5,0.0,15.42271900177002,False,28,0.984268760681152,28.365711617469785,1
Aaron Jones,RB,2025,17,2026,6,6,0.0,15.153838157653809,False,35,0.62043695449829,27.370530128479,1
Aaron Jones,RB,2025,17,2026,7,7,0.0,15.00026798248291,False,42,0.394615268707275,26.61382408142089,1
Aaron Jones,RB,2025,17,2026,8,8,0.0,14.944565773010254,False,49,0.2891175270080559,25.961493301391595,1
Aaron Jones,RB,2025,17,2026,9,9,0.0,14.866146087646484,False,56,0.1643290519714373,24.772024536132783,1
Aaron Jones,RB,2025,17,2026,10,10,0.0,14.79476833343506,False,63,0.0300414085388194,24.06574070453644,1
Aaron Jones,RB,2025,17,2026,11,11,0.0,14.682154655456545,False,70,0.0,23.68479905128478,1
Aaron Jones,RB,2025,17,2026,12,12,0.0,14.48365879058838,False,77,0.0,22.93049364089965,1
Aaron Jones,RB,2025,17,2026,13,13,0.0,14.258177757263184,False,84,0.0,21.905166244506827,1
Aaron Jones,RB,2025,17,2026,14,14,0.0,14.082392692565918,False,91,0.0,19.695572018623345,1
Aaron Jones,RB,2025,17,2026,15,15,0.0,13.965497016906738,False,98,0.0,17.569990921020466,1
Aaron Jones,RB,2025,17,2026,16,16,0.0,13.86106014251709,False,105,0.0,14.80888469219207,1
Aaron Jones,RB,2025,17,2026,17,17,0.0,13.727928161621094,False,112,0.0,11.430270266532895,1
Adonai Mitchell,WR,2025,17,2026,1,1,0.0,5.258836269378662,False,0,0.0,19.97459621429441,1
Adonai Mitchell,WR,2025,17,2026,2,2,0.0,5.221643924713135,False,7,0.0,19.382956409454337,1
Adonai Mitchell,WR,2025,17,2026,3,3,0.0,5.293482303619385,False,14,0.0,18.822711563110342,1
Adonai Mitchell,WR,2025,17,2026,4,4,0.0,5.45890474319458,False,21,0.0,19.010457229614246,1
Adonai Mitchell,WR,2025,17,2026,5,5,0.0,5.621448993682861,False,28,0.0,18.564441609382627,1
Adonai Mitchell,WR,2025,17,2026,6,6,0.0,5.844573497772217,False,35,0.0,18.06126546859741,1
Adonai Mitchell,WR,2025,17,2026,7,7,0.0,6.158183574676514,False,42,0.0,17.771739673614498,1
Adonai Mitchell,WR,2025,17,2026,8,8,0.0,6.577541828155518,False,49,0.0,17.59446935653686,1
Adonai Mitchell,WR,2025,17,2026,9,9,0.0,6.992412090301514,False,56,0.0,16.898290538787812,1
Adonai Mitchell,WR,2025,17,2026,10,10,0.0,7.454785346984863,False,63,0.0,16.725757718086243,1
Adonai Mitchell,WR,2025,17,2026,11,11,0.0,7.9468159675598145,False,70,0.0,16.949460363388052,1
Adonai Mitchell,WR,2025,17,2026,12,12,0.0,8.318224906921387,False,77,0.0,16.76505975723266,1
Adonai Mitchell,WR,2025,17,2026,13,13,0.0,8.440620422363281,False,84,0.0,16.087608909606924,1
Adonai Mitchell,WR,2025,17,2026,14,14,0.0,8.396753311157227,False,91,0.0,14.009932637214654,1
Adonai Mitchell,WR,2025,17,2026,15,15,0.0,8.220986366271973,False,98,0.0,11.8254802703857,1
Adonai Mitchell,WR,2025,17,2026,16,16,0.0,8.003421783447266,False,105,0.0,8.951246333122246,1
Adonai Mitchell,WR,2025,17,2026,17,17,0.0,7.784067630767822,False,112,0.0,5.486409735679626,1
Alec Ingold,RB,2025,17,2026,1,1,0.0,2.671870231628418,False,0,0.0,17.38763017654417,1
Alec Ingold,RB,2025,17,2026,2,2,0.0,2.828871965408325,False,7,0.0,16.990184450149528,1
Alec Ingold,RB,2025,17,2026,3,3,0.0,2.935134172439575,False,14,0.0,16.464363431930533,1
Alec Ingold,RB,2025,17,2026,4,4,0.0,3.041323184967041,False,21,0.0,16.592875671386707,1
Alec Ingold,RB,2025,17,2026,5,5,0.0,3.053077220916748,False,28,0.0,15.996069836616511,1
Alec Ingold,RB,2025,17,2026,6,6,0.0,3.07731556892395,False,35,0.0,15.294007539749142,1
Alec Ingold,RB,2025,17,2026,7,7,0.0,3.046004295349121,False,42,0.0,14.659560394287103,1
Alec Ingold,RB,2025,17,2026,8,8,0.0,3.045984506607056,False,49,0.0,14.062912034988395,1
Alec Ingold,RB,2025,17,2026,9,9,0.0,3.0287697315216064,False,56,0.0,12.934648180007908,1
Alec Ingold,RB,2025,17,2026,10,10,0.0,3.016441583633423,False,63,0.0,12.287413954734802,1
Alec Ingold,RB,2025,17,2026,11,11,0.0,3.059807300567627,False,70,0.0,12.062451696395865,1
Alec Ingold,RB,2025,17,2026,12,12,0.0,3.142735958099365,False,77,0.0,11.589570808410638,1
Alec Ingold,RB,2025,17,2026,13,13,0.0,3.209084272384644,False,84,0.0,10.856072759628288,1
Alec Ingold,RB,2025,17,2026,14,14,0.0,3.271299362182617,False,91,0.0,8.884478688240044,1
Alec Ingold,RB,2025,17,2026,15,15,0.0,3.3274776935577397,False,98,0.0,6.931971597671468,1
Alec Ingold,RB,2025,17,2026,16,16,0.0,3.3726611137390137,False,105,0.0,4.3204856634139945,1
Alec Ingold,RB,2025,17,2026,17,17,0.0,3.404392004013061,False,112,0.0,1.1067341089248657,1
Alec Pierce,WR,2025,17,2026,1,1,0.0,10.742491722106934,False,0,0.0,25.458251667022687,1
Alec Pierce,WR,2025,17,2026,2,2,0.0,10.796058654785156,False,7,0.0,24.95737113952636,1
Alec Pierce,WR,2025,17,2026,3,3,0.0,10.944835662841797,False,14,0.0,24.474064922332754,1
Alec Pierce,WR,2025,17,2026,4,4,0.0,11.091045379638672,False,21,0.0,24.64259786605834,1
Alec Pierce,WR,2025,17,2026,5,5,0.0,11.16962718963623,False,28,0.0,24.112619805336,1
Alec Pierce,WR,2025,17,2026,6,6,0.0,11.367303848266602,False,35,0.0,23.583995819091797,1
Alec Pierce,WR,2025,17,2026,7,7,0.0,11.8224458694458,False,42,0.0,23.436001968383785,1
Alec Pierce,WR,2025,17,2026,8,8,0.0,12.28928279876709,False,49,0.0,23.30621032714843,1
Alec Pierce,WR,2025,17,2026,9,9,0.0,12.56410312652588,False,56,0.0,22.469981575012177,1
Alec Pierce,WR,2025,17,2026,10,10,0.0,12.715737342834473,False,63,0.0,21.98670971393585,1
Alec Pierce,WR,2025,17,2026,11,11,0.0,12.81363010406494,False,70,0.0,21.81627449989318,1
Alec Pierce,WR,2025,17,2026,12,12,0.0,12.891634941101074,False,77,0.0,21.338469791412347,1
Alec Pierce,WR,2025,17,2026,13,13,0.0,12.894381523132324,False,84,0.0,20.541370010375967,1
Alec Pierce,WR,2025,17,2026,14,14,0.0,12.841912269592283,False,91,0.0,18.455091595649712,1
Alec Pierce,WR,2025,17,2026,15,15,0.0,12.755741119384766,False,98,0.0,16.360235023498493,1
Alec Pierce,WR,2025,17,2026,16,16,0.0,12.648640632629396,False,105,0.0,13.596465182304376,1
Alec Pierce,WR,2025,17,2026,17,17,0.0,12.525476455688477,False,112,0.0,10.22781856060028,1
Alvin Kamara,RB,2025,17,2026,1,1,0.0,7.084800720214844,False,0,0.0,21.8005606651306,1
Alvin Kamara,RB,2025,17,2026,2,2,0.0,6.883490085601807,False,7,0.0,21.04480257034301,1
Alvin Kamara,RB,2025,17,2026,3,3,0.0,6.492404460906982,False,14,0.0,20.02163372039794,1
Alvin Kamara,RB,2025,17,2026,4,4,0.0,6.183803081512451,False,21,0.0,19.73535556793212,1
Alvin Kamara,RB,2025,17,2026,5,5,0.0,5.950314521789551,False,28,0.0,18.89330713748932,1
Alvin Kamara,RB,2025,17,2026,6,6,0.0,5.598924160003662,False,35,0.0,17.815616130828854,1
Alvin Kamara,RB,2025,17,2026,7,7,0.0,5.266514301300049,False,42,0.0,16.880070400238033,1
Alvin Kamara,RB,2025,17,2026,8,8,0.0,4.942223072052002,False,49,0.0,15.959150600433343,1
Alvin Kamara,RB,2025,17,2026,9,9,0.0,4.558623313903809,False,56,0.0,14.464501762390109,1
Alvin Kamara,RB,2025,17,2026,10,10,0.0,4.209109783172607,False,63,0.0,13.480082154273989,1
Alvin Kamara,RB,2025,17,2026,11,11,0.0,3.94831109046936,False,70,0.0,12.950955486297598,1
Alvin Kamara,RB,2025,17,2026,12,12,0.0,3.777824640274048,False,77,0.0,12.22465949058532,1
Alvin Kamara,RB,2025,17,2026,13,13,0.0,3.670926809310913,False,84,0.0,11.317915296554556,1
Alvin Kamara,RB,2025,17,2026,14,14,0.0,3.669899463653565,False,91,0.0,9.283078789710991,1
Alvin Kamara,RB,2025,17,2026,15,15,0.0,3.707303524017334,False,98,0.0,7.3117974281310625,1
Alvin Kamara,RB,2025,17,2026,16,16,0.0,3.780946493148804,False,105,0.0,4.728771042823785,1
Alvin Kamara,RB,2025,17,2026,17,17,0.0,3.891234397888184,False,112,0.0,1.5935765027999875,1
Ameer Abdullah,RB,2025,17,2026,1,1,0.0,5.096846103668213,False,0,0.0,19.81260604858397,1
Ameer Abdullah,RB,2025,17,2026,2,2,0.0,5.459756374359131,False,7,0.0,19.621068859100333,1
Ameer Abdullah,RB,2025,17,2026,3,3,0.0,5.608391284942627,False,14,0.0,19.137620544433585,1
Ameer Abdullah,RB,2025,17,2026,4,4,0.0,5.753897666931152,False,21,0.0,19.30545015335082,1
Ameer Abdullah,RB,2025,17,2026,5,5,0.0,5.836943626403809,False,28,0.0,18.77993624210357,1
Ameer Abdullah,RB,2025,17,2026,6,6,0.0,5.810361862182617,False,35,0.0,18.02705383300781,1
Ameer Abdullah,RB,2025,17,2026,7,7,0.0,5.720718860626221,False,42,0.0,17.334274959564205,1
Ameer Abdullah,RB,2025,17,2026,8,8,0.0,5.612003803253174,False,49,0.0,16.628931331634515,1
Ameer Abdullah,RB,2025,17,2026,9,9,0.0,5.440792560577393,False,56,0.0,15.346671009063693,1
Ameer Abdullah,RB,2025,17,2026,10,10,0.0,5.292336940765381,False,63,0.0,14.56330931186676,1
Ameer Abdullah,RB,2025,17,2026,11,11,0.0,5.180844783782959,False,70,0.0,14.183489179611197,1
Ameer Abdullah,RB,2025,17,2026,12,12,0.0,5.069638729095459,False,77,0.0,13.516473579406732,1
Ameer Abdullah,RB,2025,17,2026,13,13,0.0,4.957186222076416,False,84,0.0,12.60417470932006,1
Ameer Abdullah,RB,2025,17,2026,14,14,0.0,4.896729946136475,False,91,0.0,10.509909272193902,1
Ameer Abdullah,RB,2025,17,2026,15,15,0.0,4.840717792510986,False,98,0.0,8.445211696624714,1
Ameer Abdullah,RB,2025,17,2026,16,16,0.0,4.821197032928467,False,105,0.0,5.769021582603448,1
Ameer Abdullah,RB,2025,17,2026,17,17,0.0,4.814742565155029,False,112,0.0,2.517084670066833,1
Amon-Ra St. Brown,WR,2025,17,2026,1,1,0.0,18.61819267272949,False,0,7.51957721710205,33.333952617645245,1
Amon-Ra St. Brown,WR,2025,17,2026,2,2,0.0,21.194684982299805,False,7,7.527390766143798,35.35599746704101,1
Amon-Ra St. Brown,WR,2025,17,2026,3,3,0.0,21.654504776000977,False,14,7.5269194602966305,35.18373403549194,1
Amon-Ra St. Brown,WR,2025,17,2026,4,4,0.0,21.95588493347168,False,21,7.6681306838989265,35.507437419891346,1
Amon-Ra St. Brown,WR,2025,17,2026,5,5,0.0,22.22213554382324,False,28,7.783685302734375,35.16512815952301,1
Amon-Ra St. Brown,WR,2025,17,2026,6,6,0.0,22.34417152404785,False,35,7.810770320892333,34.56086349487305,1
Amon-Ra St. Brown,WR,2025,17,2026,7,7,0.0,22.38265037536621,False,42,7.776997661590576,33.996206474304195,1
Amon-Ra St. Brown,WR,2025,17,2026,8,8,0.0,22.409025192260746,False,49,7.753576946258544,33.42595272064209,1
Amon-Ra St. Brown,WR,2025,17,2026,9,9,0.0,22.398332595825195,False,56,7.696515560150148,32.304211044311494,1
Amon-Ra St. Brown,WR,2025,17,2026,10,10,0.0,22.33821678161621,False,63,7.573489856719972,31.60918915271759,1
Amon-Ra St. Brown,WR,2025,17,2026,11,11,0.0,22.25643348693848,False,70,7.445159816741944,31.259077882766714,1
Amon-Ra St. Brown,WR,2025,17,2026,12,12,0.0,22.136762619018555,False,77,7.293957614898682,30.583597469329828,1
Amon-Ra St. Brown,WR,2025,17,2026,13,13,0.0,22.010618209838867,False,84,7.158020687103271,29.65760669708251,1
Amon-Ra St. Brown,WR,2025,17,2026,14,14,0.0,21.88002586364746,False,91,6.996732997894288,27.493205189704888,1
Amon-Ra St. Brown,WR,2025,17,2026,15,15,0.0,21.699922561645508,False,98,6.820931339263916,25.304416465759235,1
Amon-Ra St. Brown,WR,2025,17,2026,16,16,0.0,21.5107479095459,False,105,6.598056411743164,22.45857245922088,1
Amon-Ra St. Brown,WR,2025,17,2026,17,17,0.0,21.14560890197754,False,112,6.233791160583497,18.847951006889343,1
Andrei Iosivas,WR,2025,17,2026,1,1,0.0,3.092013120651245,False,0,0.0,17.807773065566998,1
Andrei Iosivas,WR,2025,17,2026,2,2,0.0,2.85945987701416,False,7,0.0,17.020772361755363,1
Andrei Iosivas,WR,2025,17,2026,3,3,0.0,2.7617850303649902,False,14,0.0,16.291014289855948,1
Andrei Iosivas,WR,2025,17,2026,4,4,0.0,2.691989660263061,False,21,0.0,16.243542146682728,1
Andrei Iosivas,WR,2025,17,2026,5,5,0.0,2.565590143203736,False,28,0.0,15.5085827589035,1
Andrei Iosivas,WR,2025,17,2026,6,6,0.0,2.486401081085205,False,35,0.0,14.703093051910397,1
Andrei Iosivas,WR,2025,17,2026,7,7,0.0,2.4254324436187744,False,42,0.0,14.038988542556758,1
Andrei Iosivas,WR,2025,17,2026,8,8,0.0,2.4505302906036377,False,49,0.0,13.46745781898498,1
Andrei Iosivas,WR,2025,17,2026,9,9,0.0,2.531463384628296,False,56,0.0,12.437341833114596,1
Andrei Iosivas,WR,2025,17,2026,10,10,0.0,2.6582586765289307,False,63,0.0,11.92923104763031,1
Andrei Iosivas,WR,2025,17,2026,11,11,0.0,2.869468927383423,False,70,0.0,11.87211332321166,1
Andrei Iosivas,WR,2025,17,2026,12,12,0.0,3.127265453338623,False,77,0.0,11.574100303649896,1
Andrei Iosivas,WR,2025,17,2026,13,13,0.0,3.325798511505127,False,84,0.0,10.97278699874877,1
Andrei Iosivas,WR,2025,17,2026,14,14,0.0,3.479485511779785,False,91,0.0,9.092664837837212,1
Andrei Iosivas,WR,2025,17,2026,15,15,0.0,3.548980951309204,False,98,0.0,7.153474855422933,1
Andrei Iosivas,WR,2025,17,2026,16,16,0.0,3.546046018600464,False,105,0.0,4.493870568275445,1
Andrei Iosivas,WR,2025,17,2026,17,17,0.0,3.4877402782440186,False,112,0.0,1.1900823831558225,1
Andrew Beck,RB,2025,17,2026,1,1,0.0,1.9181597232818604,False,0,0.0,16.633919668197613,1
Andrew Beck,RB,2025,17,2026,2,2,0.0,1.9417701959609983,False,7,0.0,16.1030826807022,1
Andrew Beck,RB,2025,17,2026,3,3,0.0,1.965116500854492,False,14,0.0,15.49434576034545,1
Andrew Beck,RB,2025,17,2026,4,4,0.0,2.001514196395874,False,21,0.0,15.55306668281554,1
Andrew Beck,RB,2025,17,2026,5,5,0.0,1.962300181388855,False,28,0.0,14.90529279708862,1
Andrew Beck,RB,2025,17,2026,6,6,0.0,1.9634389877319336,False,35,0.0,14.180130958557124,1
Andrew Beck,RB,2025,17,2026,7,7,0.0,1.9142136573791504,False,42,0.0,13.527769756317134,1
Andrew Beck,RB,2025,17,2026,8,8,0.0,1.9014629125595093,False,49,0.0,12.91839044094085,1
Andrew Beck,RB,2025,17,2026,9,9,0.0,1.8896727561950684,False,56,0.0,11.795551204681368,1
Andrew Beck,RB,2025,17,2026,10,10,0.0,1.877438187599182,False,63,0.0,11.148410558700562,1
Andrew Beck,RB,2025,17,2026,11,11,0.0,1.9039931297302248,False,70,0.0,10.906637525558462,1
Andrew Beck,RB,2025,17,2026,12,12,0.0,1.975320816040039,False,77,0.0,10.422155666351312,1
Andrew Beck,RB,2025,17,2026,13,13,0.0,2.032979249954224,False,84,0.0,9.679967737197869,1
Andrew Beck,RB,2025,17,2026,14,14,0.0,2.091979742050171,False,91,0.0,7.705159068107599,1
Andrew Beck,RB,2025,17,2026,15,15,0.0,2.1605350971221924,False,98,0.0,5.765029001235921,1
Andrew Beck,RB,2025,17,2026,16,16,0.0,2.2199220657348637,False,105,0.0,3.167746615409844,1
Andrew Beck,RB,2025,17,2026,17,17,0.0,2.27201771736145,False,112,0.0,-0.0256401777267458,1
Antonio Williams,WR,2022,17,2026,1,1,0.0,1.7382324934005735,False,0,0.0,16.453992438316327,1
Antonio Williams,WR,2022,17,2026,2,2,0.0,1.7072174549102783,False,7,0.0,15.868529939651484,1
Antonio Williams,WR,2022,17,2026,3,3,0.0,1.70049786567688,False,14,0.0,15.229727125167836,1
Antonio Williams,WR,2022,17,2026,4,4,0.0,1.7179548740386963,False,21,0.0,15.26950736045836,1
Antonio Williams,WR,2022,17,2026,5,5,0.0,1.6713237762451172,False,28,0.0,14.614316391944882,1
Antonio Williams,WR,2022,17,2026,6,6,0.0,1.663842797279358,False,35,0.0,13.88053476810455,1
Antonio Williams,WR,2022,17,2026,7,7,0.0,1.5952463150024414,False,42,0.0,13.208802413940424,1
Antonio Williams,WR,2022,17,2026,8,8,0.0,1.5607550144195557,False,49,0.0,12.577682542800895,1
Antonio Williams,WR,2022,17,2026,9,9,0.0,1.535493016242981,False,56,0.0,11.44137146472928,1
Antonio Williams,WR,2022,17,2026,10,10,0.0,1.5123426914215088,False,63,0.0,10.783315062522888,1
Antonio Williams,WR,2022,17,2026,11,11,0.0,1.5234034061431885,False,70,0.0,10.526047801971426,1
Antonio Williams,WR,2022,17,2026,12,12,0.0,1.583098530769348,False,77,0.0,10.02993338108062,1
Antonio Williams,WR,2022,17,2026,13,13,0.0,1.636743187904358,False,84,0.0,9.283731675148,1
Antonio Williams,WR,2022,17,2026,14,14,0.0,1.695165514945984,False,91,0.0,7.308344841003412,1
Antonio Williams,WR,2022,17,2026,15,15,0.0,1.7684004306793213,False,98,0.0,5.37289433479305,1
Antonio Williams,WR,2022,17,2026,16,16,0.0,1.8342492580413816,False,105,0.0,2.7820738077163627,1
Antonio Williams,WR,2022,17,2026,17,17,0.0,1.9028024673461916,False,112,0.0,-0.3948554277420046,1
Arian Smith,WR,2025,17,2026,1,1,0.0,3.650484323501587,False,0,0.0,18.36624426841734,1
Arian Smith,WR,2025,17,2026,2,2,0.0,3.832495927810669,False,7,0.0,17.99380841255187,1
Arian Smith,WR,2025,17,2026,3,3,0.0,3.939111709594727,False,14,0.0,17.468340969085684,1
Arian Smith,WR,2025,17,2026,4,4,0.0,4.071481704711914,False,21,0.0,17.62303419113158,1
Arian Smith,WR,2025,17,2026,5,5,0.0,4.125605583190918,False,28,0.0,17.068598198890683,1
Arian Smith,WR,2025,17,2026,6,6,0.0,4.112428665161133,False,35,0.0,16.329120635986325,1
Arian Smith,WR,2025,17,2026,7,7,0.0,4.02119255065918,False,42,0.0,15.634748649597164,1
Arian Smith,WR,2025,17,2026,8,8,0.0,3.928721904754639,False,49,0.0,14.94564943313598,1
Arian Smith,WR,2025,17,2026,9,9,0.0,3.800053119659424,False,56,0.0,13.705931568145724,1
Arian Smith,WR,2025,17,2026,10,10,0.0,3.697746515274048,False,63,0.0,12.968718886375427,1
Arian Smith,WR,2025,17,2026,11,11,0.0,3.6432812213897705,False,70,0.0,12.645925617218008,1
Arian Smith,WR,2025,17,2026,12,12,0.0,3.6193394660949703,False,77,0.0,12.066174316406244,1
Arian Smith,WR,2025,17,2026,13,13,0.0,3.587541341781616,False,84,0.0,11.23452982902526,1
Arian Smith,WR,2025,17,2026,14,14,0.0,3.5830392837524414,False,91,0.0,9.196218609809868,1
Arian Smith,WR,2025,17,2026,15,15,0.0,3.5971343517303467,False,98,0.0,7.201628255844075,1
Arian Smith,WR,2025,17,2026,16,16,0.0,3.6278789043426514,False,105,0.0,4.575703454017632,1
Arian Smith,WR,2025,17,2026,17,17,0.0,3.6696736812591553,False,112,0.0,1.3720157861709592,1
Ashton Dulin,WR,2025,17,2026,1,1,0.0,2.0391924381256104,False,0,0.0,16.754952383041363,1
Ashton Dulin,WR,2025,17,2026,2,2,0.0,2.1163434982299805,False,7,0.0,16.277655982971183,1
Ashton Dulin,WR,2025,17,2026,3,3,0.0,2.122377872467041,False,14,0.0,15.651607131958,1
Ashton Dulin,WR,2025,17,2026,4,4,0.0,2.1225757598876958,False,21,0.0,15.67412824630736,1
Ashton Dulin,WR,2025,17,2026,5,5,0.0,2.0541763305664062,False,28,0.0,14.997168946266171,1
Ashton Dulin,WR,2025,17,2026,6,6,0.0,1.9988430738449097,False,35,0.0,14.2155350446701,1
Ashton Dulin,WR,2025,17,2026,7,7,0.0,1.8792840242385864,False,42,0.0,13.49284012317657,1
Ashton Dulin,WR,2025,17,2026,8,8,0.0,1.7801367044448853,False,49,0.0,12.797064232826228,1
Ashton Dulin,WR,2025,17,2026,9,9,0.0,1.6845731735229492,False,56,0.0,11.59045162200925,1
Ashton Dulin,WR,2025,17,2026,10,10,0.0,1.604403734207153,False,63,0.0,10.875376105308533,1
Ashton Dulin,WR,2025,17,2026,11,11,0.0,1.5709342956542969,False,70,0.0,10.573578691482536,1
Ashton Dulin,WR,2025,17,2026,12,12,0.0,1.6001732349395752,False,77,0.0,10.047008085250848,1
Ashton Dulin,WR,2025,17,2026,13,13,0.0,1.633328199386597,False,84,0.0,9.28031668663024,1
Ashton Dulin,WR,2025,17,2026,14,14,0.0,1.6816139221191406,False,91,0.0,7.294793248176568,1
Ashton Dulin,WR,2025,17,2026,15,15,0.0,1.74713397026062,False,98,0.0,5.351627874374349,1
Ashton Dulin,WR,2025,17,2026,16,16,0.0,1.808491945266724,False,105,0.0,2.7563164949417045,1
Ashton Dulin,WR,2025,17,2026,17,17,0.0,1.873095989227295,False,112,0.0,-0.4245619058609011,1
Ashton Jeanty,RB,2025,17,2026,1,1,0.0,16.030590057373047,False,0,4.931974601745605,30.7463500022888,1
Ashton Jeanty,RB,2025,17,2026,2,2,0.0,15.932801246643066,False,7,2.2655070304870595,30.09411373138427,1
Ashton Jeanty,RB,2025,17,2026,3,3,0.0,15.781867980957031,False,14,1.6542826652526852,29.31109724044799,1
Ashton Jeanty,RB,2025,17,2026,4,4,0.0,15.71634578704834,False,21,1.4285915374755866,29.26789827346801,1
Ashton Jeanty,RB,2025,17,2026,5,5,0.0,15.765311241149902,False,28,1.3268610000610348,28.708303856849668,1
Ashton Jeanty,RB,2025,17,2026,6,6,0.0,15.703234672546388,False,35,1.169833469390868,27.91992664337158,1
Ashton Jeanty,RB,2025,17,2026,7,7,0.0,15.673077583312988,False,42,1.0674248695373532,27.28663368225097,1
Ashton Jeanty,RB,2025,17,2026,8,8,0.0,15.699628829956056,False,49,1.0441805839538567,26.7165563583374,1
Ashton Jeanty,RB,2025,17,2026,9,9,0.0,15.693596839904783,False,56,0.991779804229738,25.599475288391083,1
Ashton Jeanty,RB,2025,17,2026,10,10,0.0,15.69613265991211,False,63,0.9314057350158702,24.96710503101349,1
Ashton Jeanty,RB,2025,17,2026,11,11,0.0,15.69174861907959,False,70,0.880474948883057,24.694393014907828,1
Ashton Jeanty,RB,2025,17,2026,12,12,0.0,15.657308578491213,False,77,0.8145035743713382,24.104143428802484,1
Ashton Jeanty,RB,2025,17,2026,13,13,0.0,15.62172031402588,False,84,0.7691227912902825,23.26870880126952,1
Ashton Jeanty,RB,2025,17,2026,14,14,0.0,15.55977725982666,False,91,0.676484394073487,21.172956585884087,1
Ashton Jeanty,RB,2025,17,2026,15,15,0.0,15.479541778564451,False,98,0.6005505561828617,19.08403568267818,1
Ashton Jeanty,RB,2025,17,2026,16,16,0.0,15.383673667907717,False,105,0.4709821701049801,16.331498217582695,1
Ashton Jeanty,RB,2025,17,2026,17,17,0.0,15.221237182617188,False,112,0.3094194412231452,12.923579287528993,1
Audric Estimé,RB,2025,17,2026,1,1,0.0,5.439194202423096,False,0,0.0,20.15495414733885,1
Audric Estimé,RB,2025,17,2026,2,2,0.0,5.496950626373291,False,7,0.0,19.658263111114493,1
Audric Estimé,RB,2025,17,2026,3,3,0.0,5.351981163024902,False,14,0.0,18.88121042251586,1
Audric Estimé,RB,2025,17,2026,4,4,0.0,5.252211093902588,False,21,0.0,18.80376358032225,1
Audric Estimé,RB,2025,17,2026,5,5,0.0,5.176552295684815,False,28,0.0,18.11954491138458,1
Audric Estimé,RB,2025,17,2026,6,6,0.0,4.996205806732178,False,35,0.0,17.21289777755737,1
Audric Estimé,RB,2025,17,2026,7,7,0.0,4.7655229568481445,False,42,0.0,16.37907905578613,1
Audric Estimé,RB,2025,17,2026,8,8,0.0,4.528920650482178,False,49,0.0,15.54584817886352,1
Audric Estimé,RB,2025,17,2026,9,9,0.0,4.255937099456787,False,56,0.0,14.161815547943087,1
Audric Estimé,RB,2025,17,2026,10,10,0.0,4.037006855010986,False,63,0.0,13.307979226112366,1
Audric Estimé,RB,2025,17,2026,11,11,0.0,3.8967723846435542,False,70,0.0,12.899416780471793,1
Audric Estimé,RB,2025,17,2026,12,12,0.0,3.784481287002564,False,77,0.0,12.231316137313836,1
Audric Estimé,RB,2025,17,2026,13,13,0.0,3.714996576309204,False,84,0.0,11.361985063552847,1
Audric Estimé,RB,2025,17,2026,14,14,0.0,3.7074923515319824,False,91,0.0,9.32067167758941,1
Audric Estimé,RB,2025,17,2026,15,15,0.0,3.7177772521972656,False,98,0.0,7.322271156310994,1
Audric Estimé,RB,2025,17,2026,16,16,0.0,3.766491174697876,False,105,0.0,4.714315724372857,1
Audric Estimé,RB,2025,17,2026,17,17,0.0,3.828881978988648,False,112,0.0,1.5312240839004514,1
Bam Knight,RB,2025,17,2026,1,1,0.0,3.0159895420074463,False,0,0.0,17.7317494869232,1
Bam Knight,RB,2025,17,2026,2,2,0.0,2.817685842514038,False,7,0.0,16.97899832725524,1
Bam Knight,RB,2025,17,2026,3,3,0.0,2.725567102432251,False,14,0.0,16.25479636192321,1
Bam Knight,RB,2025,17,2026,4,4,0.0,2.648327112197876,False,21,0.0,16.199879598617542,1
Bam Knight,RB,2025,17,2026,5,5,0.0,2.5135726928710938,False,28,0.0,15.45656530857086,1
Bam Knight,RB,2025,17,2026,6,6,0.0,2.4256842136383057,False,35,0.0,14.642376184463496,1
Bam Knight,RB,2025,17,2026,7,7,0.0,2.346349000930786,False,42,0.0,13.95990509986877,1
Bam Knight,RB,2025,17,2026,8,8,0.0,2.329338788986206,False,49,0.0,13.346266317367547,1
Bam Knight,RB,2025,17,2026,9,9,0.0,2.3443233966827397,False,56,0.0,12.25020184516904,1
Bam Knight,RB,2025,17,2026,10,10,0.0,2.389474630355835,False,63,0.0,11.660447001457214,1
Bam Knight,RB,2025,17,2026,11,11,0.0,2.5063979625701904,False,70,0.0,11.509042358398428,1
Bam Knight,RB,2025,17,2026,12,12,0.0,2.690373182296753,False,77,0.0,11.137208032608026,1
Bam Knight,RB,2025,17,2026,13,13,0.0,2.8303163051605225,False,84,0.0,10.477304792404166,1
Bam Knight,RB,2025,17,2026,14,14,0.0,2.9479992389678955,False,91,0.0,8.561178565025322,1
Bam Knight,RB,2025,17,2026,15,15,0.0,3.018399477005005,False,98,0.0,6.622893381118733,1
Bam Knight,RB,2025,17,2026,16,16,0.0,3.0370547771453857,False,105,0.0,3.984879326820367,1
Bam Knight,RB,2025,17,2026,17,17,0.0,3.0194132328033447,False,112,0.0,0.7217553377151487,1
Barion Brown,WR,2025,17,2026,1,1,0.0,2.253368139266968,False,0,0.0,16.96912808418272,1
Barion Brown,WR,2025,17,2026,2,2,0.0,2.156943321228028,False,7,0.0,16.31825580596923,1
Barion Brown,WR,2025,17,2026,3,3,0.0,2.124671220779419,False,14,0.0,15.653900480270377,1
Barion Brown,WR,2025,17,2026,4,4,0.0,2.1071348190307617,False,21,0.0,15.658687305450426,1
Barion Brown,WR,2025,17,2026,5,5,0.0,2.0356099605560303,False,28,0.0,14.978602576255795,1
Barion Brown,WR,2025,17,2026,6,6,0.0,2.0086658000946045,False,35,0.0,14.225357770919796,1
Barion Brown,WR,2025,17,2026,7,7,0.0,1.940943717956543,False,42,0.0,13.554499816894529,1
Barion Brown,WR,2025,17,2026,8,8,0.0,1.9122231006622317,False,49,0.0,12.929150629043573,1
Barion Brown,WR,2025,17,2026,9,9,0.0,1.901976227760315,False,56,0.0,11.807854676246617,1
Barion Brown,WR,2025,17,2026,10,10,0.0,1.9072449207305908,False,63,0.0,11.17821729183197,1
Barion Brown,WR,2025,17,2026,11,11,0.0,1.9624793529510496,False,70,0.0,10.965123748779288,1
Barion Brown,WR,2025,17,2026,12,12,0.0,2.06838321685791,False,77,0.0,10.515218067169185,1
Barion Brown,WR,2025,17,2026,13,13,0.0,2.156002283096313,False,84,0.0,9.802990770339957,1
Barion Brown,WR,2025,17,2026,14,14,0.0,2.2357003688812256,False,91,0.0,7.848879694938653,1
Barion Brown,WR,2025,17,2026,15,15,0.0,2.308843851089477,False,98,0.0,5.913337755203206,1
Barion Brown,WR,2025,17,2026,16,16,0.0,2.3714287281036377,False,105,0.0,3.3192532777786186,1
Barion Brown,WR,2025,17,2026,17,17,0.0,2.4361889362335205,False,112,0.0,0.1385310411453244,1
Ben Skowronek,WR,2025,17,2026,1,1,0.0,3.461812734603882,False,0,0.0,18.177572679519635,1
Ben Skowronek,WR,2025,17,2026,2,2,0.0,3.610995531082153,False,7,0.0,17.772308015823356,1
Ben Skowronek,WR,2025,17,2026,3,3,0.0,3.6228890419006343,False,14,0.0,17.152118301391592,1
Ben Skowronek,WR,2025,17,2026,4,4,0.0,3.619657039642334,False,21,0.0,17.171209526062,1
Ben Skowronek,WR,2025,17,2026,5,5,0.0,3.590733766555786,False,28,0.0,16.53372638225555,1
Ben Skowronek,WR,2025,17,2026,6,6,0.0,3.5277860164642334,False,35,0.0,15.744477987289423,1
Ben Skowronek,WR,2025,17,2026,7,7,0.0,3.408890962600708,False,42,0.0,15.022447061538692,1
Ben Skowronek,WR,2025,17,2026,8,8,0.0,3.2751266956329346,False,49,0.0,14.292054224014276,1
Ben Skowronek,WR,2025,17,2026,9,9,0.0,3.1052558422088623,False,56,0.0,13.011134290695162,1
Ben Skowronek,WR,2025,17,2026,10,10,0.0,2.968883991241455,False,63,0.0,12.239856362342834,1
Ben Skowronek,WR,2025,17,2026,11,11,0.0,2.9017462730407715,False,70,0.0,11.90439066886901,1
Ben Skowronek,WR,2025,17,2026,12,12,0.0,2.882462739944458,False,77,0.0,11.329297590255733,1
Ben Skowronek,WR,2025,17,2026,13,13,0.0,2.875929832458496,False,84,0.0,10.52291831970214,1
Ben Skowronek,WR,2025,17,2026,14,14,0.0,2.9028737545013428,False,91,0.0,8.51605308055877,1
Ben Skowronek,WR,2025,17,2026,15,15,0.0,2.9428870677948,False,98,0.0,6.547380971908528,1
Ben Skowronek,WR,2025,17,2026,16,16,0.0,3.002122640609741,False,105,0.0,3.949947190284722,1
Ben Skowronek,WR,2025,17,2026,17,17,0.0,3.0756170749664307,False,112,0.0,0.7779591798782346,1
Bhayshul Tuten,RB,2025,17,2026,1,1,0.0,4.25665283203125,False,0,0.0,18.972412776947003,1
Bhayshul Tuten,RB,2025,17,2026,2,2,0.0,4.044322490692139,False,7,0.0,18.20563497543334,1
Bhayshul Tuten,RB,2025,17,2026,3,3,0.0,3.96985936164856,False,14,0.0,17.499088621139517,1
Bhayshul Tuten,RB,2025,17,2026,4,4,0.0,3.9250545501708975,False,21,0.0,17.476607036590565,1
Bhayshul Tuten,RB,2025,17,2026,5,5,0.0,3.842594861984253,False,28,0.0,16.785587477684018,1
Bhayshul Tuten,RB,2025,17,2026,6,6,0.0,3.823961496353149,False,35,0.0,16.04065346717834,1
Bhayshul Tuten,RB,2025,17,2026,7,7,0.0,3.862612247467041,False,42,0.0,15.476168346405023,1
Bhayshul Tuten,RB,2025,17,2026,8,8,0.0,3.989487886428833,False,49,0.0,15.006415414810174,1
Bhayshul Tuten,RB,2025,17,2026,9,9,0.0,4.192305564880371,False,56,0.0,14.098184013366671,1
Bhayshul Tuten,RB,2025,17,2026,10,10,0.0,4.5080647468566895,False,63,0.0,13.779037117958069,1
Bhayshul Tuten,RB,2025,17,2026,11,11,0.0,4.9189887046813965,False,70,0.0,13.921633100509634,1
Bhayshul Tuten,RB,2025,17,2026,12,12,0.0,5.336363315582275,False,77,0.0,13.783198165893548,1
Bhayshul Tuten,RB,2025,17,2026,13,13,0.0,5.6787428855896,False,84,0.0,13.325731372833244,1
Bhayshul Tuten,RB,2025,17,2026,14,14,0.0,5.949569225311279,False,91,0.0,11.562748551368706,1
Bhayshul Tuten,RB,2025,17,2026,15,15,0.0,6.098971366882324,False,98,0.0,9.703465270996052,1
Bhayshul Tuten,RB,2025,17,2026,16,16,0.0,6.13537073135376,False,105,0.0,7.083195281028741,1
Bhayshul Tuten,RB,2025,17,2026,17,17,0.0,6.079067230224609,False,112,0.0,3.781409335136413,1
Bijan Robinson,RB,2025,17,2026,1,1,0.0,18.39753532409668,False,0,7.298919868469238,33.11329526901243,1
Bijan Robinson,RB,2025,17,2026,2,2,0.0,19.90522575378418,False,7,6.237931537628173,34.06653823852538,1
Bijan Robinson,RB,2025,17,2026,3,3,0.0,19.92945671081543,False,14,5.801871395111084,33.45868597030639,1
Bijan Robinson,RB,2025,17,2026,4,4,0.0,19.90555953979492,False,21,5.617805290222169,33.45711202621459,1
Bijan Robinson,RB,2025,17,2026,5,5,0.0,19.861522674560547,False,28,5.423072433471679,32.80451529026031,1
Bijan Robinson,RB,2025,17,2026,6,6,0.0,19.66719436645508,False,35,5.13379316329956,31.88388633728027,1
Bijan Robinson,RB,2025,17,2026,7,7,0.0,19.49165916442871,False,42,4.886006450653076,31.10521526336669,1
Bijan Robinson,RB,2025,17,2026,8,8,0.0,19.445695877075195,False,49,4.790247631072997,30.462623405456537,1
Bijan Robinson,RB,2025,17,2026,9,9,0.0,19.414810180664062,False,56,4.712993144989016,29.32068862915036,1
Bijan Robinson,RB,2025,17,2026,10,10,0.0,19.398460388183597,False,63,4.633733463287355,28.669432759284973,1
Bijan Robinson,RB,2025,17,2026,11,11,0.0,19.38630104064941,False,70,4.575027370452881,28.38894543647765,1
Bijan Robinson,RB,2025,17,2026,12,12,0.0,19.297292709350582,False,77,4.454487705230713,27.74412755966186,1
Bijan Robinson,RB,2025,17,2026,13,13,0.0,19.21276092529297,False,84,4.360163402557372,26.85974941253661,1
Bijan Robinson,RB,2025,17,2026,14,14,0.0,19.11199760437012,False,91,4.228704738616944,24.725176930427544,1
Bijan Robinson,RB,2025,17,2026,15,15,0.0,18.983678817749023,False,98,4.104687595367432,22.58817272186275,1
Bijan Robinson,RB,2025,17,2026,16,16,0.0,18.86184883117676,False,105,3.949157333374023,19.809673380851734,1
Bijan Robinson,RB,2025,17,2026,17,17,0.0,18.60055351257324,False,112,3.6887357711792,16.302895617485046,1
Blake Corum,RB,2025,17,2026,1,1,0.0,4.055758476257324,False,0,0.0,18.77151842117308,1
Blake Corum,RB,2025,17,2026,2,2,0.0,4.160069942474365,False,7,0.0,18.321382427215568,1
Blake Corum,RB,2025,17,2026,3,3,0.0,4.335695743560791,False,14,0.0,17.86492500305175,1
Blake Corum,RB,2025,17,2026,4,4,0.0,4.499735355377197,False,21,0.0,18.051287841796864,1
Blake Corum,RB,2025,17,2026,5,5,0.0,4.592321872711182,False,28,0.0,17.535314488410947,1
Blake Corum,RB,2025,17,2026,6,6,0.0,4.729507923126221,False,35,0.0,16.946199893951412,1
Blake Corum,RB,2025,17,2026,7,7,0.0,4.915368556976318,False,42,0.0,16.528924655914302,1
Blake Corum,RB,2025,17,2026,8,8,0.0,5.204996585845947,False,49,0.0,16.22192411422729,1
Blake Corum,RB,2025,17,2026,9,9,0.0,5.509713649749756,False,56,0.0,15.415592098236056,1
Blake Corum,RB,2025,17,2026,10,10,0.0,5.860045909881592,False,63,0.0,15.131018280982971,1
Blake Corum,RB,2025,17,2026,11,11,0.0,6.289559841156006,False,70,0.0,15.292204236984244,1
Blake Corum,RB,2025,17,2026,12,12,0.0,6.745534420013428,False,77,0.0,15.1923692703247,1
Blake Corum,RB,2025,17,2026,13,13,0.0,7.133953094482422,False,84,0.0,14.780941581726063,1
Blake Corum,RB,2025,17,2026,14,14,0.0,7.40798282623291,False,91,0.0,13.021162152290335,1
Blake Corum,RB,2025,17,2026,15,15,0.0,7.528656482696533,False,98,0.0,11.13315038681026,1
Blake Corum,RB,2025,17,2026,16,16,0.0,7.507617950439453,False,105,0.0,8.455442500114433,1
Blake Corum,RB,2025,17,2026,17,17,0.0,7.381611347198486,False,112,0.0,5.08395345211029,1
Bo Melton,WR,2025,17,2026,1,1,0.0,5.431766510009766,False,0,0.0,20.14752645492552,1
Bo Melton,WR,2025,17,2026,2,2,0.0,5.449735164642334,False,7,0.0,19.611047649383536,1
Bo Melton,WR,2025,17,2026,3,3,0.0,5.346877574920654,False,14,0.0,18.87610683441161,1
Bo Melton,WR,2025,17,2026,4,4,0.0,5.323944568634033,False,21,0.0,18.8754970550537,1
Bo Melton,WR,2025,17,2026,5,5,0.0,5.361827850341797,False,28,0.0,18.30482046604156,1
Bo Melton,WR,2025,17,2026,6,6,0.0,5.358378887176514,False,35,0.0,17.575070858001705,1
Bo Melton,WR,2025,17,2026,7,7,0.0,5.309248447418213,False,42,0.0,16.922804546356197,1
Bo Melton,WR,2025,17,2026,8,8,0.0,5.165485858917236,False,49,0.0,16.182413387298578,1
Bo Melton,WR,2025,17,2026,9,9,0.0,4.912991046905518,False,56,0.0,14.818869495391818,1
Bo Melton,WR,2025,17,2026,10,10,0.0,4.696188449859619,False,63,0.0,13.967160820961,1
Bo Melton,WR,2025,17,2026,11,11,0.0,4.5798869132995605,False,70,0.0,13.582531309127798,1
Bo Melton,WR,2025,17,2026,12,12,0.0,4.492431640625,False,77,0.0,12.939266490936271,1
Bo Melton,WR,2025,17,2026,13,13,0.0,4.419041156768799,False,84,0.0,12.066029644012442,1
Bo Melton,WR,2025,17,2026,14,14,0.0,4.395856380462647,False,91,0.0,10.009035706520072,1
Bo Melton,WR,2025,17,2026,15,15,0.0,4.371340274810791,False,98,0.0,7.975834178924519,1
Bo Melton,WR,2025,17,2026,16,16,0.0,4.384238243103027,False,105,0.0,5.332062792778008,1
Bo Melton,WR,2025,17,2026,17,17,0.0,4.414309978485107,False,112,0.0,2.116652083396912,1
Brady Russell,RB,2025,17,2026,1,1,0.0,1.6347150802612305,False,0,0.0,16.350475025176983,1
Brady Russell,RB,2025,17,2026,2,2,0.0,1.6570225954055786,False,7,0.0,15.818335080146785,1
Brady Russell,RB,2025,17,2026,3,3,0.0,1.641308069229126,False,14,0.0,15.170537328720084,1
Brady Russell,RB,2025,17,2026,4,4,0.0,1.646390080451965,False,21,0.0,15.19794256687163,1
Brady Russell,RB,2025,17,2026,5,5,0.0,1.5884661674499512,False,28,0.0,14.531458783149716,1
Brady Russell,RB,2025,17,2026,6,6,0.0,1.5615901947021484,False,35,0.0,13.77828216552734,1
Brady Russell,RB,2025,17,2026,7,7,0.0,1.4892346858978271,False,42,0.0,13.102790784835811,1
Brady Russell,RB,2025,17,2026,8,8,0.0,1.4514014720916748,False,49,0.0,12.468329000473016,1
Brady Russell,RB,2025,17,2026,9,9,0.0,1.419966459274292,False,56,0.0,11.325844907760592,1
Brady Russell,RB,2025,17,2026,10,10,0.0,1.3901714086532593,False,63,0.0,10.66114377975464,1
Brady Russell,RB,2025,17,2026,11,11,0.0,1.3978829383850098,False,70,0.0,10.400527334213248,1
Brady Russell,RB,2025,17,2026,12,12,0.0,1.4581143856048584,False,77,0.0,9.904949235916131,1
Brady Russell,RB,2025,17,2026,13,13,0.0,1.5143654346466064,False,84,0.0,9.16135392189025,1
Brady Russell,RB,2025,17,2026,14,14,0.0,1.577738881111145,False,91,0.0,7.190918207168573,1
Brady Russell,RB,2025,17,2026,15,15,0.0,1.654098629951477,False,98,0.0,5.2585925340652055,1
Brady Russell,RB,2025,17,2026,16,16,0.0,1.7249231338500977,False,105,0.0,2.6727476835250785,1
Brady Russell,RB,2025,17,2026,17,17,0.0,1.798698663711548,False,112,0.0,-0.4989592313766482,1
Braelon Allen,RB,2025,17,2026,1,1,0.0,3.0663247108459477,False,0,0.0,17.7820846557617,1
Braelon Allen,RB,2025,17,2026,2,2,0.0,3.0242927074432373,False,7,0.0,17.18560519218444,1
Braelon Allen,RB,2025,17,2026,3,3,0.0,3.113693952560425,False,14,0.0,16.642923212051382,1
Braelon Allen,RB,2025,17,2026,4,4,0.0,3.260483503341675,False,21,0.0,16.81203598976134,1
Braelon Allen,RB,2025,17,2026,5,5,0.0,3.350626945495605,False,28,0.0,16.29361956119537,1
Braelon Allen,RB,2025,17,2026,6,6,0.0,3.5001468658447266,False,35,0.0,15.716838836669918,1
Braelon Allen,RB,2025,17,2026,7,7,0.0,3.6514759063720703,False,42,0.0,15.265032005310054,1
Braelon Allen,RB,2025,17,2026,8,8,0.0,3.856269121170044,False,49,0.0,14.873196649551383,1
Braelon Allen,RB,2025,17,2026,9,9,0.0,4.051323890686035,False,56,0.0,13.957202339172335,1
Braelon Allen,RB,2025,17,2026,10,10,0.0,4.255151748657227,False,63,0.0,13.526124119758606,1
Braelon Allen,RB,2025,17,2026,11,11,0.0,4.5224480628967285,False,70,0.0,13.525092458724966,1
Braelon Allen,RB,2025,17,2026,12,12,0.0,4.837385654449463,False,77,0.0,13.284220504760736,1
Braelon Allen,RB,2025,17,2026,13,13,0.0,5.117745399475098,False,84,0.0,12.76473388671874,1
Braelon Allen,RB,2025,17,2026,14,14,0.0,5.34430456161499,False,91,0.0,10.957483887672415,1
Braelon Allen,RB,2025,17,2026,15,15,0.0,5.475844383239746,False,98,0.0,9.080338287353474,1
Braelon Allen,RB,2025,17,2026,16,16,0.0,5.505125999450684,False,105,0.0,6.4529505491256645,1
Braelon Allen,RB,2025,17,2026,17,17,0.0,5.452552318572998,False,112,0.0,3.154894423484802,1
Brashard Smith,RB,2025,17,2026,1,1,0.0,5.967185497283936,False,0,0.0,20.68294544219969,1
Brashard Smith,RB,2025,17,2026,2,2,0.0,5.978024005889893,False,7,0.0,20.13933649063109,1
Brashard Smith,RB,2025,17,2026,3,3,0.0,6.016720294952393,False,14,0.0,19.54594955444335,1
Brashard Smith,RB,2025,17,2026,4,4,0.0,6.13112735748291,False,21,0.0,19.682679843902577,1
Brashard Smith,RB,2025,17,2026,5,5,0.0,6.251316547393799,False,28,0.0,19.194309163093564,1
Brashard Smith,RB,2025,17,2026,6,6,0.0,6.337666988372803,False,35,0.0,18.554358959197994,1
Brashard Smith,RB,2025,17,2026,7,7,0.0,6.421450138092041,False,42,0.0,18.035006237030025,1
Brashard Smith,RB,2025,17,2026,8,8,0.0,6.491329669952393,False,49,0.0,17.508257198333734,1
Brashard Smith,RB,2025,17,2026,9,9,0.0,6.4953460693359375,False,56,0.0,16.401224517822236,1
Brashard Smith,RB,2025,17,2026,10,10,0.0,6.511794567108154,False,63,0.0,15.782766938209534,1
Brashard Smith,RB,2025,17,2026,11,11,0.0,6.579068660736084,False,70,0.0,15.581713056564322,1
Brashard Smith,RB,2025,17,2026,12,12,0.0,6.660658359527588,False,77,0.0,15.10749320983886,1
Brashard Smith,RB,2025,17,2026,13,13,0.0,6.692458152770996,False,84,0.0,14.33944664001464,1
Brashard Smith,RB,2025,17,2026,14,14,0.0,6.715084552764893,False,91,0.0,12.32826387882232,1
Brashard Smith,RB,2025,17,2026,15,15,0.0,6.682190418243408,False,98,0.0,10.286684322357136,1
Brashard Smith,RB,2025,17,2026,16,16,0.0,6.627543449401856,False,105,0.0,7.575367999076836,1
Brashard Smith,RB,2025,17,2026,17,17,0.0,6.530351638793945,False,112,0.0,4.232693743705749,1
Breece Hall,RB,2025,17,2026,1,1,0.0,14.814092636108398,False,0,3.715477180480956,29.52985258102415,1
Breece Hall,RB,2025,17,2026,2,2,0.0,14.635202407836914,False,7,0.9679081916809072,28.79651489257812,1
Breece Hall,RB,2025,17,2026,3,3,0.0,14.459026336669922,False,14,0.3314410209655758,27.98825559616088,1
Breece Hall,RB,2025,17,2026,4,4,0.0,14.268945693969728,False,21,0.0,27.820498180389396,1
Breece Hall,RB,2025,17,2026,5,5,0.0,14.018774032592772,False,28,0.0,26.96176664829254,1
Breece Hall,RB,2025,17,2026,6,6,0.0,13.486687660217283,False,35,0.0,25.70337963104248,1
Breece Hall,RB,2025,17,2026,7,7,0.0,12.846513748168944,False,42,0.0,24.46006984710693,1
Breece Hall,RB,2025,17,2026,8,8,0.0,12.26746940612793,False,49,0.0,23.28439693450927,1
Breece Hall,RB,2025,17,2026,9,9,0.0,11.725822448730469,False,56,0.0,21.631700897216767,1
Breece Hall,RB,2025,17,2026,10,10,0.0,11.288162231445312,False,63,0.0,20.55913460254669,1
Breece Hall,RB,2025,17,2026,11,11,0.0,10.921952247619627,False,70,0.0,19.924596643447867,1
Breece Hall,RB,2025,17,2026,12,12,0.0,10.58742618560791,False,77,0.0,19.034261035919183,1
Breece Hall,RB,2025,17,2026,13,13,0.0,10.334059715270996,False,84,0.0,17.98104820251464,1
Breece Hall,RB,2025,17,2026,14,14,0.0,10.156479835510254,False,91,0.0,15.76965916156768,1
Breece Hall,RB,2025,17,2026,15,15,0.0,9.998122215270996,False,98,0.0,13.602616119384724,1
Breece Hall,RB,2025,17,2026,16,16,0.0,9.870577812194824,False,105,0.0,10.818402361869804,1
Breece Hall,RB,2025,17,2026,17,17,0.0,9.741266250610352,False,112,0.0,7.443608355522155,1
Brenen Thompson,WR,2025,17,2026,1,1,0.0,2.2516326904296875,False,0,0.0,16.96739263534544,1
Brenen Thompson,WR,2025,17,2026,2,2,0.0,2.155191659927368,False,7,0.0,16.31650414466857,1
Brenen Thompson,WR,2025,17,2026,3,3,0.0,2.122845411300659,False,14,0.0,15.652074670791617,1
Brenen Thompson,WR,2025,17,2026,4,4,0.0,2.1052565574646,False,21,0.0,15.656809043884264,1
Brenen Thompson,WR,2025,17,2026,5,5,0.0,2.033705949783325,False,28,0.0,14.97669856548309,1
Brenen Thompson,WR,2025,17,2026,6,6,0.0,2.0067338943481445,False,35,0.0,14.223425865173336,1
Brenen Thompson,WR,2025,17,2026,7,7,0.0,1.9389728307724,False,42,0.0,13.552528929710384,1
Brenen Thompson,WR,2025,17,2026,8,8,0.0,1.9101924896240237,False,49,0.0,12.927120018005365,1
Brenen Thompson,WR,2025,17,2026,9,9,0.0,1.899865984916687,False,56,0.0,11.805744433402989,1
Brenen Thompson,WR,2025,17,2026,10,10,0.0,1.9050226211547847,False,63,0.0,11.175994992256165,1
Brenen Thompson,WR,2025,17,2026,11,11,0.0,1.960122346878052,False,70,0.0,10.96276674270629,1
Brenen Thompson,WR,2025,17,2026,12,12,0.0,2.0659098625183105,False,77,0.0,10.512744712829583,1
Brenen Thompson,WR,2025,17,2026,13,13,0.0,2.153428554534912,False,84,0.0,9.800417041778555,1
Brenen Thompson,WR,2025,17,2026,14,14,0.0,2.233064889907837,False,91,0.0,7.846244215965265,1
Brenen Thompson,WR,2025,17,2026,15,15,0.0,2.3062198162078857,False,98,0.0,5.910713720321614,1
Brenen Thompson,WR,2025,17,2026,16,16,0.0,2.368844747543335,False,105,0.0,3.316669297218316,1
Brenen Thompson,WR,2025,17,2026,17,17,0.0,2.433678150177002,False,112,0.0,0.1360202550888058,1
Brian Robinson,RB,2025,17,2026,1,1,0.0,8.737953186035156,False,0,0.0,23.45371313095091,1
Brian Robinson,RB,2025,17,2026,2,2,0.0,8.649910926818848,False,7,0.0,22.81122341156005,1
Brian Robinson,RB,2025,17,2026,3,3,0.0,8.547224044799805,False,14,0.0,22.07645330429076,1
Brian Robinson,RB,2025,17,2026,4,4,0.0,8.559927940368652,False,21,0.0,22.11148042678832,1
Brian Robinson,RB,2025,17,2026,5,5,0.0,8.599319458007812,False,28,0.0,21.542312073707578,1
Brian Robinson,RB,2025,17,2026,6,6,0.0,8.377815246582031,False,35,0.0,20.594507217407223,1
Brian Robinson,RB,2025,17,2026,7,7,0.0,8.00924301147461,False,42,0.0,19.622799110412597,1
Brian Robinson,RB,2025,17,2026,8,8,0.0,7.573151588439941,False,49,0.0,18.590079116821283,1
Brian Robinson,RB,2025,17,2026,9,9,0.0,7.044586181640625,False,56,0.0,16.950464630126923,1
Brian Robinson,RB,2025,17,2026,10,10,0.0,6.578263759613037,False,63,0.0,15.849236130714417,1
Brian Robinson,RB,2025,17,2026,11,11,0.0,6.179863452911377,False,70,0.0,15.182507848739617,1
Brian Robinson,RB,2025,17,2026,12,12,0.0,5.795480251312256,False,77,0.0,14.242315101623529,1
Brian Robinson,RB,2025,17,2026,13,13,0.0,5.529595851898193,False,84,0.0,13.176584339141836,1
Brian Robinson,RB,2025,17,2026,14,14,0.0,5.405320644378662,False,91,0.0,11.018499970436087,1
Brian Robinson,RB,2025,17,2026,15,15,0.0,5.327916622161865,False,98,0.0,8.932410526275593,1
Brian Robinson,RB,2025,17,2026,16,16,0.0,5.323985576629639,False,105,0.0,6.27181012630462,1
Brian Robinson,RB,2025,17,2026,17,17,0.0,5.344934463500977,False,112,0.0,3.0472765684127805,1
Brian Thomas Jr.,WR,2025,17,2026,1,1,0.0,9.083476066589355,False,0,0.0,23.79923601150511,1
Brian Thomas Jr.,WR,2025,17,2026,2,2,0.0,9.066529273986816,False,7,0.0,23.22784175872802,1
Brian Thomas Jr.,WR,2025,17,2026,3,3,0.0,8.878395080566406,False,14,0.0,22.407624340057364,1
Brian Thomas Jr.,WR,2025,17,2026,4,4,0.0,8.854005813598633,False,21,0.0,22.4055583000183,1
Brian Thomas Jr.,WR,2025,17,2026,5,5,0.0,8.8678560256958,False,28,0.0,21.81084864139557,1
Brian Thomas Jr.,WR,2025,17,2026,6,6,0.0,8.685943603515625,False,35,0.0,20.902635574340817,1
Brian Thomas Jr.,WR,2025,17,2026,7,7,0.0,8.496969223022461,False,42,0.0,20.110525321960445,1
Brian Thomas Jr.,WR,2025,17,2026,8,8,0.0,8.345022201538086,False,49,0.0,19.361949729919427,1
Brian Thomas Jr.,WR,2025,17,2026,9,9,0.0,8.091548919677734,False,56,0.0,17.997427368164033,1
Brian Thomas Jr.,WR,2025,17,2026,10,10,0.0,7.792812824249268,False,63,0.0,17.063785195350647,1
Brian Thomas Jr.,WR,2025,17,2026,11,11,0.0,7.491672992706299,False,70,0.0,16.494317388534537,1
Brian Thomas Jr.,WR,2025,17,2026,12,12,0.0,7.204597473144531,False,77,0.0,15.651432323455804,1
Brian Thomas Jr.,WR,2025,17,2026,13,13,0.0,6.986083030700684,False,84,0.0,14.633071517944328,1
Brian Thomas Jr.,WR,2025,17,2026,14,14,0.0,6.885417461395264,False,91,0.0,12.49859678745269,1
Brian Thomas Jr.,WR,2025,17,2026,15,15,0.0,6.824276924133301,False,98,0.0,10.428770828247028,1
Brian Thomas Jr.,WR,2025,17,2026,16,16,0.0,6.804625511169434,False,105,0.0,7.7524500608444145,1
Brian Thomas Jr.,WR,2025,17,2026,17,17,0.0,6.778347492218018,False,112,0.0,4.480689597129821,1
British Brooks,RB,2025,17,2026,1,1,0.0,2.4061970710754395,False,0,0.0,17.121957015991192,1
British Brooks,RB,2025,17,2026,2,2,0.0,2.4695565700531006,False,7,0.0,16.630869054794303,1
British Brooks,RB,2025,17,2026,3,3,0.0,2.46729063987732,False,14,0.0,15.996519899368275,1
British Brooks,RB,2025,17,2026,4,4,0.0,2.468699216842652,False,21,0.0,16.020251703262318,1
British Brooks,RB,2025,17,2026,5,5,0.0,2.4231910705566406,False,28,0.0,15.366183686256406,1
British Brooks,RB,2025,17,2026,6,6,0.0,2.3900437355041504,False,35,0.0,14.606735706329342,1
British Brooks,RB,2025,17,2026,7,7,0.0,2.2966604232788086,False,42,0.0,13.910216522216793,1
British Brooks,RB,2025,17,2026,8,8,0.0,2.2208940982818604,False,49,0.0,13.237821626663202,1
British Brooks,RB,2025,17,2026,9,9,0.0,2.1422197818756104,False,56,0.0,12.04809823036191,1
British Brooks,RB,2025,17,2026,10,10,0.0,2.0797982215881348,False,63,0.0,11.350770592689514,1
British Brooks,RB,2025,17,2026,11,11,0.0,2.068555355072021,False,70,0.0,11.07119975090026,1
British Brooks,RB,2025,17,2026,12,12,0.0,2.105137825012207,False,77,0.0,10.55197267532348,1
British Brooks,RB,2025,17,2026,13,13,0.0,2.140339136123657,False,84,0.0,9.7873276233673,1
British Brooks,RB,2025,17,2026,14,14,0.0,2.1882548332214355,False,91,0.0,7.801434159278863,1
British Brooks,RB,2025,17,2026,15,15,0.0,2.247441053390503,False,98,0.0,5.851934957504231,1
British Brooks,RB,2025,17,2026,16,16,0.0,2.3106415271759038,False,105,0.0,3.258466076850884,1
British Brooks,RB,2025,17,2026,17,17,0.0,2.381746768951416,False,112,0.0,0.0840888738632199,1
Bryce Lance,WR,2025,17,2026,1,1,0.0,2.253368139266968,False,0,0.0,16.96912808418272,1
Bryce Lance,WR,2025,17,2026,2,2,0.0,2.156943321228028,False,7,0.0,16.31825580596923,1
Bryce Lance,WR,2025,17,2026,3,3,0.0,2.124671220779419,False,14,0.0,15.653900480270377,1
Bryce Lance,WR,2025,17,2026,4,4,0.0,2.1071348190307617,False,21,0.0,15.658687305450426,1
Bryce Lance,WR,2025,17,2026,5,5,0.0,2.0356099605560303,False,28,0.0,14.978602576255795,1
Bryce Lance,WR,2025,17,2026,6,6,0.0,2.0086658000946045,False,35,0.0,14.225357770919796,1
Bryce Lance,WR,2025,17,2026,7,7,0.0,1.940943717956543,False,42,0.0,13.554499816894529,1
Bryce Lance,WR,2025,17,2026,8,8,0.0,1.9122231006622317,False,49,0.0,12.929150629043573,1
Bryce Lance,WR,2025,17,2026,9,9,0.0,1.901976227760315,False,56,0.0,11.807854676246617,1
Bryce Lance,WR,2025,17,2026,10,10,0.0,1.9072449207305908,False,63,0.0,11.17821729183197,1
Bryce Lance,WR,2025,17,2026,11,11,0.0,1.9624793529510496,False,70,0.0,10.965123748779288,1
Bryce Lance,WR,2025,17,2026,12,12,0.0,2.06838321685791,False,77,0.0,10.515218067169185,1
Bryce Lance,WR,2025,17,2026,13,13,0.0,2.156002283096313,False,84,0.0,9.802990770339957,1
Bryce Lance,WR,2025,17,2026,14,14,0.0,2.2357003688812256,False,91,0.0,7.848879694938653,1
Bryce Lance,WR,2025,17,2026,15,15,0.0,2.308843851089477,False,98,0.0,5.913337755203206,1
Bryce Lance,WR,2025,17,2026,16,16,0.0,2.3714287281036377,False,105,0.0,3.3192532777786186,1
Bryce Lance,WR,2025,17,2026,17,17,0.0,2.4361889362335205,False,112,0.0,0.1385310411453244,1
Brycen Tremayne,WR,2025,17,2026,1,1,0.0,1.3240150213241575,False,0,0.0,16.03977496623991,1
Brycen Tremayne,WR,2025,17,2026,2,2,0.0,1.296066403388977,False,7,0.0,15.45737888813018,1
Brycen Tremayne,WR,2025,17,2026,3,3,0.0,1.2964097261428833,False,14,0.0,14.82563898563384,1
Brycen Tremayne,WR,2025,17,2026,4,4,0.0,1.3192634582519531,False,21,0.0,14.870815944671618,1
Brycen Tremayne,WR,2025,17,2026,5,5,0.0,1.272952437400818,False,28,0.0,14.215945053100585,1
Brycen Tremayne,WR,2025,17,2026,6,6,0.0,1.2752889394760132,False,35,0.0,13.491980910301203,1
Brycen Tremayne,WR,2025,17,2026,7,7,0.0,1.2328240871429443,False,42,0.0,12.846380186080928,1
Brycen Tremayne,WR,2025,17,2026,8,8,0.0,1.2254598140716553,False,49,0.0,12.242387342452997,1
Brycen Tremayne,WR,2025,17,2026,9,9,0.0,1.2279741764068604,False,56,0.0,11.13385262489316,1
Brycen Tremayne,WR,2025,17,2026,10,10,0.0,1.2256561517715454,False,63,0.0,10.496628522872925,1
Brycen Tremayne,WR,2025,17,2026,11,11,0.0,1.256706476211548,False,70,0.0,10.259350872039786,1
Brycen Tremayne,WR,2025,17,2026,12,12,0.0,1.337700128555298,False,77,0.0,9.78453497886657,1
Brycen Tremayne,WR,2025,17,2026,13,13,0.0,1.4061092138290403,False,84,0.0,9.053097701072684,1
Brycen Tremayne,WR,2025,17,2026,14,14,0.0,1.4737768173217771,False,91,0.0,7.086956143379205,1
Brycen Tremayne,WR,2025,17,2026,15,15,0.0,1.550508737564087,False,98,0.0,5.155002641677815,1
Brycen Tremayne,WR,2025,17,2026,16,16,0.0,1.6150037050247192,False,105,0.0,2.5628282546997,1
Brycen Tremayne,WR,2025,17,2026,17,17,0.0,1.6759159564971924,False,112,0.0,-0.6217419385910037,1
Bucky Irving,RB,2025,17,2026,1,1,0.0,11.134904861450195,False,0,0.0362894058227531,25.85066480636595,1
Bucky Irving,RB,2025,17,2026,2,2,0.0,11.108158111572266,False,7,0.0,25.269470596313468,1
Bucky Irving,RB,2025,17,2026,3,3,0.0,10.87452793121338,False,14,0.0,24.403757190704336,1
Bucky Irving,RB,2025,17,2026,4,4,0.0,10.635767936706545,False,21,0.0,24.18732042312621,1
Bucky Irving,RB,2025,17,2026,5,5,0.0,10.431469917297363,False,28,0.0,23.37446253299713,1
Bucky Irving,RB,2025,17,2026,6,6,0.0,10.03634548187256,False,35,0.0,22.25303745269775,1
Bucky Irving,RB,2025,17,2026,7,7,0.0,9.640822410583496,False,42,0.0,21.25437850952148,1
Bucky Irving,RB,2025,17,2026,8,8,0.0,9.273356437683104,False,49,0.0,20.290283966064447,1
Bucky Irving,RB,2025,17,2026,9,9,0.0,8.808419227600098,False,56,0.0,18.7142976760864,1
Bucky Irving,RB,2025,17,2026,10,10,0.0,8.38597583770752,False,63,0.0,17.6569482088089,1
Bucky Irving,RB,2025,17,2026,11,11,0.0,8.029525756835938,False,70,0.0,17.032170152664175,1
Bucky Irving,RB,2025,17,2026,12,12,0.0,7.6958746910095215,False,77,0.0,16.142709541320794,1
Bucky Irving,RB,2025,17,2026,13,13,0.0,7.466466426849365,False,84,0.0,15.113454914093008,1
Bucky Irving,RB,2025,17,2026,14,14,0.0,7.352649211883545,False,91,0.0,12.965828537940972,1
Bucky Irving,RB,2025,17,2026,15,15,0.0,7.264053821563721,False,98,0.0,10.868547725677448,1
Bucky Irving,RB,2025,17,2026,16,16,0.0,7.219683647155762,False,105,0.0,8.167508196830742,1
Bucky Irving,RB,2025,17,2026,17,17,0.0,7.167741298675537,False,112,0.0,4.870083403587341,1
C.J. Williams,WR,2025,17,2026,1,1,0.0,2.2530412673950195,False,0,0.0,16.968801212310773,1
C.J. Williams,WR,2025,17,2026,2,2,0.0,2.156381845474243,False,7,0.0,16.317694330215446,1
C.J. Williams,WR,2025,17,2026,3,3,0.0,2.123753070831299,False,14,0.0,15.652982330322256,1
C.J. Williams,WR,2025,17,2026,4,4,0.0,2.105853796005249,False,21,0.0,15.657406282424914,1
C.J. Williams,WR,2025,17,2026,5,5,0.0,2.0339813232421875,False,28,0.0,14.976973938941953,1
C.J. Williams,WR,2025,17,2026,6,6,0.0,2.0065948963165283,False,35,0.0,14.22328686714172,1
C.J. Williams,WR,2025,17,2026,7,7,0.0,1.9384301900863647,False,42,0.0,13.551986289024349,1
C.J. Williams,WR,2025,17,2026,8,8,0.0,1.9092683792114256,False,49,0.0,12.926195907592769,1
C.J. Williams,WR,2025,17,2026,9,9,0.0,1.8985499143600464,False,56,0.0,11.804428362846346,1
C.J. Williams,WR,2025,17,2026,10,10,0.0,1.903347730636597,False,63,0.0,11.174320101737976,1
C.J. Williams,WR,2025,17,2026,11,11,0.0,1.9580703973770144,False,70,0.0,10.960714793205252,1
C.J. Williams,WR,2025,17,2026,12,12,0.0,2.063573122024536,False,77,0.0,10.510407972335807,1
C.J. Williams,WR,2025,17,2026,13,13,0.0,2.1508219242095947,False,84,0.0,9.797810411453238,1
C.J. Williams,WR,2025,17,2026,14,14,0.0,2.2302708625793457,False,91,0.0,7.843450188636774,1
C.J. Williams,WR,2025,17,2026,15,15,0.0,2.3033881187438965,False,98,0.0,5.907882022857625,1
C.J. Williams,WR,2025,17,2026,16,16,0.0,2.3660950660705566,False,105,0.0,3.313919615745537,1
C.J. Williams,WR,2025,17,2026,17,17,0.0,2.4311444759368896,False,112,0.0,0.1334865808486935,1
CJ Daniels,WR,2025,17,2026,1,1,0.0,2.2530314922332764,False,0,0.0,16.96879143714903,1
CJ Daniels,WR,2025,17,2026,2,2,0.0,2.156577587127685,False,7,0.0,16.317890071868888,1
CJ Daniels,WR,2025,17,2026,3,3,0.0,2.124264478683472,False,14,0.0,15.65349373817443,1
CJ Daniels,WR,2025,17,2026,4,4,0.0,2.106691837310791,False,21,0.0,15.658244323730456,1
CJ Daniels,WR,2025,17,2026,5,5,0.0,2.0351386070251465,False,28,0.0,14.978131222724912,1
CJ Daniels,WR,2025,17,2026,6,6,0.0,2.00816011428833,False,35,0.0,14.224852085113522,1
CJ Daniels,WR,2025,17,2026,7,7,0.0,1.94040048122406,False,42,0.0,13.553956580162044,1
CJ Daniels,WR,2025,17,2026,8,8,0.0,1.9116356372833248,False,49,0.0,12.928563165664666,1
CJ Daniels,WR,2025,17,2026,9,9,0.0,1.901339411735535,False,56,0.0,11.807217860221837,1
CJ Daniels,WR,2025,17,2026,10,10,0.0,1.9065550565719604,False,63,0.0,11.17752742767334,1
CJ Daniels,WR,2025,17,2026,11,11,0.0,1.96173107624054,False,70,0.0,10.964375472068776,1
CJ Daniels,WR,2025,17,2026,12,12,0.0,2.067587375640869,False,77,0.0,10.514422225952142,1
CJ Daniels,WR,2025,17,2026,13,13,0.0,2.155163526535034,False,84,0.0,9.802152013778676,1
CJ Daniels,WR,2025,17,2026,14,14,0.0,2.234833240509033,False,91,0.0,7.848012566566461,1
CJ Daniels,WR,2025,17,2026,15,15,0.0,2.307976007461548,False,98,0.0,5.912469911575276,1
CJ Daniels,WR,2025,17,2026,16,16,0.0,2.370575428009033,False,105,0.0,3.318399977684014,1
CJ Daniels,WR,2025,17,2026,17,17,0.0,2.435368776321411,False,112,0.0,0.137710881233215,1
Caleb Douglas,WR,2025,17,2026,1,1,0.0,2.2526957988739014,False,0,0.0,16.968455743789654,1
Caleb Douglas,WR,2025,17,2026,2,2,0.0,2.1561977863311768,False,7,0.0,16.31751027107238,1
Caleb Douglas,WR,2025,17,2026,3,3,0.0,2.1237809658050537,False,14,0.0,15.653010225296011,1
Caleb Douglas,WR,2025,17,2026,4,4,0.0,2.1061043739318848,False,21,0.0,15.65765686035155,1
Caleb Douglas,WR,2025,17,2026,5,5,0.0,2.034444570541382,False,28,0.0,14.977437186241149,1
Caleb Douglas,WR,2025,17,2026,6,6,0.0,2.007331371307373,False,35,0.0,14.224023342132565,1
Caleb Douglas,WR,2025,17,2026,7,7,0.0,1.9394376277923584,False,42,0.0,13.552993726730342,1
Caleb Douglas,WR,2025,17,2026,8,8,0.0,1.9105463027954104,False,49,0.0,12.927473831176751,1
Caleb Douglas,WR,2025,17,2026,9,9,0.0,1.9001134634017944,False,56,0.0,11.805991911888094,1
Caleb Douglas,WR,2025,17,2026,10,10,0.0,1.9051837921142576,False,63,0.0,11.176156163215635,1
Caleb Douglas,WR,2025,17,2026,11,11,0.0,1.960194110870361,False,70,0.0,10.9628385066986,1
Caleb Douglas,WR,2025,17,2026,12,12,0.0,2.0659213066101074,False,77,0.0,10.51275615692138,1
Caleb Douglas,WR,2025,17,2026,13,13,0.0,2.153379440307617,False,84,0.0,9.80036792755126,1
Caleb Douglas,WR,2025,17,2026,14,14,0.0,2.232972383499145,False,91,0.0,7.846151709556573,1
Caleb Douglas,WR,2025,17,2026,15,15,0.0,2.3061139583587646,False,98,0.0,5.910607862472493,1
Caleb Douglas,WR,2025,17,2026,16,16,0.0,2.3687570095062256,False,105,0.0,3.3165815591812065,1
Caleb Douglas,WR,2025,17,2026,17,17,0.0,2.433642625808716,False,112,0.0,0.1359847307205197,1
Calvin Ridley,WR,2025,17,2026,1,1,0.0,6.221790313720703,False,0,0.0,20.937550258636456,1
Calvin Ridley,WR,2025,17,2026,2,2,0.0,6.4513840675354,False,7,0.0,20.612696552276603,1
Calvin Ridley,WR,2025,17,2026,3,3,0.0,6.502723217010498,False,14,0.0,20.031952476501456,1
Calvin Ridley,WR,2025,17,2026,4,4,0.0,6.694458484649658,False,21,0.0,20.246010971069325,1
Calvin Ridley,WR,2025,17,2026,5,5,0.0,6.913464069366455,False,28,0.0,19.85645668506622,1
Calvin Ridley,WR,2025,17,2026,6,6,0.0,7.03328275680542,False,35,0.0,19.24997472763061,1
Calvin Ridley,WR,2025,17,2026,7,7,0.0,7.116142749786377,False,42,0.0,18.72969884872436,1
Calvin Ridley,WR,2025,17,2026,8,8,0.0,7.150365829467773,False,49,0.0,18.167293357849115,1
Calvin Ridley,WR,2025,17,2026,9,9,0.0,7.010284900665283,False,56,0.0,16.91616334915158,1
Calvin Ridley,WR,2025,17,2026,10,10,0.0,6.786731243133545,False,63,0.0,16.057703614234924,1
Calvin Ridley,WR,2025,17,2026,11,11,0.0,6.562781810760498,False,70,0.0,15.565426206588736,1
Calvin Ridley,WR,2025,17,2026,12,12,0.0,6.340856075286865,False,77,0.0,14.787690925598138,1
Calvin Ridley,WR,2025,17,2026,13,13,0.0,6.1401472091674805,False,84,0.0,13.787135696411124,1
Calvin Ridley,WR,2025,17,2026,14,14,0.0,6.026587009429932,False,91,0.0,11.63976633548736,1
Calvin Ridley,WR,2025,17,2026,15,15,0.0,5.927248954772949,False,98,0.0,9.531742858886677,1
Calvin Ridley,WR,2025,17,2026,16,16,0.0,5.875769138336182,False,105,0.0,6.8235936880111625,1
Calvin Ridley,WR,2025,17,2026,17,17,0.0,5.82444429397583,False,112,0.0,3.526786398887634,1
Cam Skattebo,RB,2025,17,2026,1,1,0.0,9.873594284057615,False,0,0.0,24.58935422897337,1
Cam Skattebo,RB,2025,17,2026,2,2,0.0,9.857450485229492,False,7,0.0,24.01876296997069,1
Cam Skattebo,RB,2025,17,2026,3,3,0.0,9.890887260437012,False,14,0.0,23.42011651992797,1
Cam Skattebo,RB,2025,17,2026,4,4,0.0,10.218375205993652,False,21,0.0,23.76992769241332,1
Cam Skattebo,RB,2025,17,2026,5,5,0.0,10.597289085388184,False,28,0.0,23.54028170108795,1
Cam Skattebo,RB,2025,17,2026,6,6,0.0,10.846050262451172,False,35,0.0,23.062742233276364,1
Cam Skattebo,RB,2025,17,2026,7,7,0.0,11.12355136871338,False,42,0.0,22.737107467651363,1
Cam Skattebo,RB,2025,17,2026,8,8,0.0,11.404626846313477,False,49,0.0,22.421554374694814,1
Cam Skattebo,RB,2025,17,2026,9,9,0.0,11.43103313446045,False,56,0.0,21.336911582946748,1
Cam Skattebo,RB,2025,17,2026,10,10,0.0,11.248981475830078,False,63,0.0,20.519953846931458,1
Cam Skattebo,RB,2025,17,2026,11,11,0.0,10.967864990234377,False,70,0.0,19.970509386062613,1
Cam Skattebo,RB,2025,17,2026,12,12,0.0,10.640303611755373,False,77,0.0,19.087138462066644,1
Cam Skattebo,RB,2025,17,2026,13,13,0.0,10.35037899017334,False,84,0.0,17.997367477416983,1
Cam Skattebo,RB,2025,17,2026,14,14,0.0,10.15078353881836,False,91,0.0,15.763962864875786,1
Cam Skattebo,RB,2025,17,2026,15,15,0.0,9.982824325561523,False,98,0.0,13.587318229675253,1
Cam Skattebo,RB,2025,17,2026,16,16,0.0,9.855032920837402,False,105,0.0,10.802857470512382,1
Cam Skattebo,RB,2025,17,2026,17,17,0.0,9.701177597045898,False,112,0.0,7.403519701957702,1
Camden Brown,WR,2025,17,2026,1,1,0.0,2.2520148754119877,False,0,0.0,16.96777482032774,1
Camden Brown,WR,2025,17,2026,2,2,0.0,2.155566453933716,False,7,0.0,16.31687893867492,1
Camden Brown,WR,2025,17,2026,3,3,0.0,2.123239755630493,False,14,0.0,15.65246901512145,1
Camden Brown,WR,2025,17,2026,4,4,0.0,2.105665445327759,False,21,0.0,15.657217931747423,1
Camden Brown,WR,2025,17,2026,5,5,0.0,2.034128904342652,False,28,0.0,14.977121520042417,1
Camden Brown,WR,2025,17,2026,6,6,0.0,2.007172107696533,False,35,0.0,14.223864078521723,1
Camden Brown,WR,2025,17,2026,7,7,0.0,1.939427375793457,False,42,0.0,13.55298347473144,1
Camden Brown,WR,2025,17,2026,8,8,0.0,1.9106613397598269,False,49,0.0,12.927588868141168,1
Camden Brown,WR,2025,17,2026,9,9,0.0,1.9003536701202397,False,56,0.0,11.80623211860654,1
Camden Brown,WR,2025,17,2026,10,10,0.0,1.9055392742156985,False,63,0.0,11.176511645317078,1
Camden Brown,WR,2025,17,2026,11,11,0.0,1.9606759548187256,False,70,0.0,10.963320350646963,1
Camden Brown,WR,2025,17,2026,12,12,0.0,2.0664913654327397,False,77,0.0,10.513326215744012,1
Camden Brown,WR,2025,17,2026,13,13,0.0,2.15403151512146,False,84,0.0,9.801020002365105,1
Camden Brown,WR,2025,17,2026,14,14,0.0,2.2336785793304443,False,91,0.0,7.846857905387872,1
Camden Brown,WR,2025,17,2026,15,15,0.0,2.306824922561645,False,98,0.0,5.911318826675374,1
Camden Brown,WR,2025,17,2026,16,16,0.0,2.3694369792938232,False,105,0.0,3.317261528968804,1
Camden Brown,WR,2025,17,2026,17,17,0.0,2.434251070022583,False,112,0.0,0.1365931749343869,1
Carnell Tate,WR,2025,17,2026,1,1,0.0,2.2523834705352783,False,0,0.0,16.96814341545103,1
Carnell Tate,WR,2025,17,2026,2,2,0.0,2.155768156051636,False,7,0.0,16.317080640792838,1
Carnell Tate,WR,2025,17,2026,3,3,0.0,2.1232259273529053,False,14,0.0,15.652455186843865,1
Carnell Tate,WR,2025,17,2026,4,4,0.0,2.1054317951202397,False,21,0.0,15.656984281539904,1
Carnell Tate,WR,2025,17,2026,5,5,0.0,2.033665180206299,False,28,0.0,14.976657795906064,1
Carnell Tate,WR,2025,17,2026,6,6,0.0,2.0064167976379395,False,35,0.0,14.223108768463131,1
Carnell Tate,WR,2025,17,2026,7,7,0.0,1.9383902549743648,False,42,0.0,13.55194635391235,1
Carnell Tate,WR,2025,17,2026,8,8,0.0,1.9093648195266724,False,49,0.0,12.926292347908014,1
Carnell Tate,WR,2025,17,2026,9,9,0.0,1.89878511428833,False,56,0.0,11.80466356277463,1
Carnell Tate,WR,2025,17,2026,10,10,0.0,1.90370512008667,False,63,0.0,11.17467749118805,1
Carnell Tate,WR,2025,17,2026,11,11,0.0,1.9585506916046145,False,70,0.0,10.961195087432852,1
Carnell Tate,WR,2025,17,2026,12,12,0.0,2.0641467571258545,False,77,0.0,10.510981607437127,1
Carnell Tate,WR,2025,17,2026,13,13,0.0,2.1514816284179688,False,84,0.0,9.798470115661612,1
Carnell Tate,WR,2025,17,2026,14,14,0.0,2.230989694595337,False,91,0.0,7.844169020652765,1
Carnell Tate,WR,2025,17,2026,15,15,0.0,2.304119348526001,False,98,0.0,5.9086132526397295,1
Carnell Tate,WR,2025,17,2026,16,16,0.0,2.3667986392974854,False,105,0.0,3.314623188972466,1
Carnell Tate,WR,2025,17,2026,17,17,0.0,2.4317758083343506,False,112,0.0,0.1341179132461545,1
CeeDee Lamb,WR,2025,17,2026,1,1,0.0,15.28083038330078,False,0,4.182214927673339,29.99659032821653,1
CeeDee Lamb,WR,2025,17,2026,2,2,0.0,15.26929759979248,False,7,1.6020033836364735,29.430610084533683,1
CeeDee Lamb,WR,2025,17,2026,3,3,0.0,15.359049797058104,False,14,1.2314644813537594,28.888279056549063,1
CeeDee Lamb,WR,2025,17,2026,4,4,0.0,15.6713285446167,False,21,1.383574295043946,29.22288103103637,1
CeeDee Lamb,WR,2025,17,2026,5,5,0.0,16.237882614135742,False,28,1.7994323730468746,29.180875229835507,1
CeeDee Lamb,WR,2025,17,2026,6,6,0.0,16.91096305847168,False,35,2.377561855316161,29.12765502929687,1
CeeDee Lamb,WR,2025,17,2026,7,7,0.0,17.398088455200195,False,42,2.79243574142456,29.01164455413818,1
CeeDee Lamb,WR,2025,17,2026,8,8,0.0,17.671226501464844,False,49,3.0157782554626458,28.688154029846185,1
CeeDee Lamb,WR,2025,17,2026,9,9,0.0,17.814884185791016,False,56,3.113067150115969,27.720762634277317,1
CeeDee Lamb,WR,2025,17,2026,10,10,0.0,17.92544174194336,False,63,3.16071481704712,27.19641411304474,1
CeeDee Lamb,WR,2025,17,2026,11,11,0.0,17.99256706237793,False,70,3.181293392181397,26.995211458206168,1
CeeDee Lamb,WR,2025,17,2026,12,12,0.0,17.94559669494629,False,77,3.1027916908264164,26.39243154525756,1
CeeDee Lamb,WR,2025,17,2026,13,13,0.0,17.89549446105957,False,84,3.042896938323974,25.542482948303213,1
CeeDee Lamb,WR,2025,17,2026,14,14,0.0,17.823408126831055,False,91,2.9401152610778816,23.43658745288848,1
CeeDee Lamb,WR,2025,17,2026,15,15,0.0,17.733182907104492,False,98,2.8541916847229007,21.33767681121822,1
CeeDee Lamb,WR,2025,17,2026,16,16,0.0,17.650068283081055,False,105,2.73737678527832,18.597892832756035,1
CeeDee Lamb,WR,2025,17,2026,17,17,0.0,17.459678649902344,False,112,2.547860908508301,15.162020754814147,1
Chase Brown,RB,2025,17,2026,1,1,0.0,15.557175636291504,False,0,4.458560180664062,30.272935581207257,1
Chase Brown,RB,2025,17,2026,2,2,0.0,15.349708557128906,False,7,1.682414340972899,29.51102104187011,1
Chase Brown,RB,2025,17,2026,3,3,0.0,15.273487091064451,False,14,1.145901775360107,28.80271635055541,1
Chase Brown,RB,2025,17,2026,4,4,0.0,15.21649932861328,False,21,0.928745079040528,28.768051815032948,1
Chase Brown,RB,2025,17,2026,5,5,0.0,15.27549171447754,False,28,0.8370414733886715,28.218484330177304,1
Chase Brown,RB,2025,17,2026,6,6,0.0,15.326254844665527,False,35,0.7928536415100087,27.54294681549072,1
Chase Brown,RB,2025,17,2026,7,7,0.0,15.364596366882324,False,42,0.7589436531066891,26.97815246582031,1
Chase Brown,RB,2025,17,2026,8,8,0.0,15.397787094116213,False,49,0.742338848114013,26.414714622497552,1
Chase Brown,RB,2025,17,2026,9,9,0.0,15.38247299194336,False,56,0.6806559562683123,25.288351440429658,1
Chase Brown,RB,2025,17,2026,10,10,0.0,15.375494956970217,False,63,0.6107680320739757,24.646467328071594,1
Chase Brown,RB,2025,17,2026,11,11,0.0,15.363896369934082,False,70,0.5526226997375492,24.36654076576232,1
Chase Brown,RB,2025,17,2026,12,12,0.0,15.322772026062012,False,77,0.479967021942139,23.769606876373285,1
Chase Brown,RB,2025,17,2026,13,13,0.0,15.250273704528809,False,84,0.3976761817932122,22.89726219177245,1
Chase Brown,RB,2025,17,2026,14,14,0.0,15.114965438842772,False,91,0.2316725730896003,20.7281447649002,1
Chase Brown,RB,2025,17,2026,15,15,0.0,14.945231437683104,False,98,0.066240215301514,18.549725341796837,1
Chase Brown,RB,2025,17,2026,16,16,0.0,14.77609157562256,False,105,0.0,15.72391612529754,1
Chase Brown,RB,2025,17,2026,17,17,0.0,14.589269638061523,False,112,0.0,12.291611742973329,1
Chimere Dike,WR,2025,17,2026,1,1,0.0,7.0437188148498535,False,0,0.0,21.759478759765607,1
Chimere Dike,WR,2025,17,2026,2,2,0.0,6.931595802307129,False,7,0.0,21.09290828704833,1
Chimere Dike,WR,2025,17,2026,3,3,0.0,6.660872936248779,False,14,0.0,20.190102195739737,1
Chimere Dike,WR,2025,17,2026,4,4,0.0,6.520934581756592,False,21,0.0,20.072487068176255,1
Chimere Dike,WR,2025,17,2026,5,5,0.0,6.470425128936768,False,28,0.0,19.413417744636533,1
Chimere Dike,WR,2025,17,2026,6,6,0.0,6.319981098175049,False,35,0.0,18.53667306900024,1
Chimere Dike,WR,2025,17,2026,7,7,0.0,6.13599157333374,False,42,0.0,17.749547672271724,1
Chimere Dike,WR,2025,17,2026,8,8,0.0,5.894027233123779,False,49,0.0,16.91095476150512,1
Chimere Dike,WR,2025,17,2026,9,9,0.0,5.548136234283447,False,56,0.0,15.454014682769747,1
Chimere Dike,WR,2025,17,2026,10,10,0.0,5.200149059295654,False,63,0.0,14.471121430397034,1
Chimere Dike,WR,2025,17,2026,11,11,0.0,4.908833026885986,False,70,0.0,13.911477422714224,1
Chimere Dike,WR,2025,17,2026,12,12,0.0,4.65634298324585,False,77,0.0,13.103177833557124,1
Chimere Dike,WR,2025,17,2026,13,13,0.0,4.455441474914551,False,84,0.0,12.102429962158194,1
Chimere Dike,WR,2025,17,2026,14,14,0.0,4.364135265350342,False,91,0.0,9.977314591407769,1
Chimere Dike,WR,2025,17,2026,15,15,0.0,4.312366008758545,False,98,0.0,7.916859912872273,1
Chimere Dike,WR,2025,17,2026,16,16,0.0,4.31955099105835,False,105,0.0,5.2673755407333305,1
Chimere Dike,WR,2025,17,2026,17,17,0.0,4.37384033203125,False,112,0.0,2.076182436943054,1
Chris Bell,WR,2025,17,2026,1,1,0.0,2.2526957988739014,False,0,0.0,16.968455743789654,1
Chris Bell,WR,2025,17,2026,2,2,0.0,2.1561977863311768,False,7,0.0,16.31751027107238,1
Chris Bell,WR,2025,17,2026,3,3,0.0,2.1237809658050537,False,14,0.0,15.653010225296011,1
Chris Bell,WR,2025,17,2026,4,4,0.0,2.1061043739318848,False,21,0.0,15.65765686035155,1
Chris Bell,WR,2025,17,2026,5,5,0.0,2.034444570541382,False,28,0.0,14.977437186241149,1
Chris Bell,WR,2025,17,2026,6,6,0.0,2.007331371307373,False,35,0.0,14.224023342132565,1
Chris Bell,WR,2025,17,2026,7,7,0.0,1.9394376277923584,False,42,0.0,13.552993726730342,1
Chris Bell,WR,2025,17,2026,8,8,0.0,1.9105463027954104,False,49,0.0,12.927473831176751,1
Chris Bell,WR,2025,17,2026,9,9,0.0,1.9001134634017944,False,56,0.0,11.805991911888094,1
Chris Bell,WR,2025,17,2026,10,10,0.0,1.9051837921142576,False,63,0.0,11.176156163215635,1
Chris Bell,WR,2025,17,2026,11,11,0.0,1.960194110870361,False,70,0.0,10.9628385066986,1
Chris Bell,WR,2025,17,2026,12,12,0.0,2.0659213066101074,False,77,0.0,10.51275615692138,1
Chris Bell,WR,2025,17,2026,13,13,0.0,2.153379440307617,False,84,0.0,9.80036792755126,1
Chris Bell,WR,2025,17,2026,14,14,0.0,2.232972383499145,False,91,0.0,7.846151709556573,1
Chris Bell,WR,2025,17,2026,15,15,0.0,2.3061139583587646,False,98,0.0,5.910607862472493,1
Chris Bell,WR,2025,17,2026,16,16,0.0,2.3687570095062256,False,105,0.0,3.3165815591812065,1
Chris Bell,WR,2025,17,2026,17,17,0.0,2.433642625808716,False,112,0.0,0.1359847307205197,1
Chris Blair,WR,2025,17,2026,1,1,0.0,1.936743974685669,False,0,0.0,16.652503919601422,1
Chris Blair,WR,2025,17,2026,2,2,0.0,1.9653584957122805,False,7,0.0,16.126670980453483,1
Chris Blair,WR,2025,17,2026,3,3,0.0,1.944292902946472,False,14,0.0,15.47352216243743,1
Chris Blair,WR,2025,17,2026,4,4,0.0,1.933884859085083,False,21,0.0,15.485437345504748,1
Chris Blair,WR,2025,17,2026,5,5,0.0,1.8622817993164065,False,28,0.0,14.805274415016171,1
Chris Blair,WR,2025,17,2026,6,6,0.0,1.8115565776824951,False,35,0.0,14.028248548507689,1
Chris Blair,WR,2025,17,2026,7,7,0.0,1.7116166353225708,False,42,0.0,13.325172734260557,1
Chris Blair,WR,2025,17,2026,8,8,0.0,1.6506187915802002,False,49,0.0,12.66754631996154,1
Chris Blair,WR,2025,17,2026,9,9,0.0,1.599359154701233,False,56,0.0,11.505237603187531,1
Chris Blair,WR,2025,17,2026,10,10,0.0,1.5554050207138062,False,63,0.0,10.826377391815186,1
Chris Blair,WR,2025,17,2026,11,11,0.0,1.5509905815124512,False,70,0.0,10.553634977340687,1
Chris Blair,WR,2025,17,2026,12,12,0.0,1.5990869998931885,False,77,0.0,10.04592185020446,1
Chris Blair,WR,2025,17,2026,13,13,0.0,1.6444371938705444,False,84,0.0,9.291425681114188,1
Chris Blair,WR,2025,17,2026,14,14,0.0,1.7006971836090088,False,91,0.0,7.313876509666437,1
Chris Blair,WR,2025,17,2026,15,15,0.0,1.771581530570984,False,98,0.0,5.376075434684712,1
Chris Blair,WR,2025,17,2026,16,16,0.0,1.839656949043274,False,105,0.0,2.787481498718255,1
Chris Blair,WR,2025,17,2026,17,17,0.0,1.9134752750396729,False,112,0.0,-0.3841826200485232,1
Chris Brooks,RB,2025,17,2026,1,1,0.0,1.5805751085281372,False,0,0.0,16.29633505344389,1
Chris Brooks,RB,2025,17,2026,2,2,0.0,1.4930157661437988,False,7,0.0,15.654328250885005,1
Chris Brooks,RB,2025,17,2026,3,3,0.0,1.4388689994812012,False,14,0.0,14.96809825897216,1
Chris Brooks,RB,2025,17,2026,4,4,0.0,1.425278902053833,False,21,0.0,14.976831388473498,1
Chris Brooks,RB,2025,17,2026,5,5,0.0,1.3583617210388184,False,28,0.0,14.301354336738584,1
Chris Brooks,RB,2025,17,2026,6,6,0.0,1.3380659818649292,False,35,0.0,13.55475795269012,1
Chris Brooks,RB,2025,17,2026,7,7,0.0,1.2780699729919434,False,42,0.0,12.891626071929927,1
Chris Brooks,RB,2025,17,2026,8,8,0.0,1.2512565851211548,False,49,0.0,12.268184113502496,1
Chris Brooks,RB,2025,17,2026,9,9,0.0,1.2315936088562012,False,56,0.0,11.1374720573425,1
Chris Brooks,RB,2025,17,2026,10,10,0.0,1.2118520736694336,False,63,0.0,10.482824444770811,1
Chris Brooks,RB,2025,17,2026,11,11,0.0,1.2289903163909912,False,70,0.0,10.231634712219227,1
Chris Brooks,RB,2025,17,2026,12,12,0.0,1.2946511507034302,False,77,0.0,9.741486001014705,1
Chris Brooks,RB,2025,17,2026,13,13,0.0,1.3513790369033811,False,84,0.0,8.998367524147024,1
Chris Brooks,RB,2025,17,2026,14,14,0.0,1.4103047847747805,False,91,0.0,7.023484110832208,1
Chris Brooks,RB,2025,17,2026,15,15,0.0,1.481806755065918,False,98,0.0,5.086300659179647,1
Chris Brooks,RB,2025,17,2026,16,16,0.0,1.547316074371338,False,105,0.0,2.4951406240463188,1
Chris Brooks,RB,2025,17,2026,17,17,0.0,1.619627833366394,False,112,0.0,-0.678030061721802,1
Chris Godwin Jr.,WR,2025,17,2026,1,1,0.0,6.839276313781738,False,0,0.0,21.55503625869749,1
Chris Godwin Jr.,WR,2025,17,2026,2,2,0.0,7.091163158416748,False,7,0.0,21.25247564315795,1
Chris Godwin Jr.,WR,2025,17,2026,3,3,0.0,7.191189289093018,False,14,0.0,20.72041854858397,1
Chris Godwin Jr.,WR,2025,17,2026,4,4,0.0,7.441465377807617,False,21,0.0,20.993017864227284,1
Chris Godwin Jr.,WR,2025,17,2026,5,5,0.0,7.666134834289551,False,28,0.0,20.60912744998932,1
Chris Godwin Jr.,WR,2025,17,2026,6,6,0.0,7.808757305145264,False,35,0.0,20.025449275970452,1
Chris Godwin Jr.,WR,2025,17,2026,7,7,0.0,7.955649852752685,False,42,0.0,19.56920595169067,1
Chris Godwin Jr.,WR,2025,17,2026,8,8,0.0,8.111299514770508,False,49,0.0,19.12822704315185,1
Chris Godwin Jr.,WR,2025,17,2026,9,9,0.0,8.191634178161621,False,56,0.0,18.09751262664792,1
Chris Godwin Jr.,WR,2025,17,2026,10,10,0.0,8.24653148651123,False,63,0.0,17.51750385761261,1
Chris Godwin Jr.,WR,2025,17,2026,11,11,0.0,8.275055885314941,False,70,0.0,17.27770028114318,1
Chris Godwin Jr.,WR,2025,17,2026,12,12,0.0,8.246346473693848,False,77,0.0,16.69318132400512,1
Chris Godwin Jr.,WR,2025,17,2026,13,13,0.0,8.16577434539795,False,84,0.0,15.812762832641592,1
Chris Godwin Jr.,WR,2025,17,2026,14,14,0.0,8.107879638671875,False,91,0.0,13.721058964729302,1
Chris Godwin Jr.,WR,2025,17,2026,15,15,0.0,8.013764381408691,False,98,0.0,11.61825828552242,1
Chris Godwin Jr.,WR,2025,17,2026,16,16,0.0,7.941903114318848,False,105,0.0,8.889727663993828,1
Chris Godwin Jr.,WR,2025,17,2026,17,17,0.0,7.843188762664795,False,112,0.0,5.545530867576598,1
Chris Olave,WR,2025,17,2026,1,1,0.0,10.430359840393066,False,0,0.0,25.14611978530882,1
Chris Olave,WR,2025,17,2026,2,2,0.0,10.380500793457031,False,7,0.0,24.541813278198237,1
Chris Olave,WR,2025,17,2026,3,3,0.0,10.457955360412598,False,14,0.0,23.987184619903555,1
Chris Olave,WR,2025,17,2026,4,4,0.0,10.6732759475708,False,21,0.0,24.224828433990467,1
Chris Olave,WR,2025,17,2026,5,5,0.0,10.827442169189451,False,28,0.0,23.77043478488922,1
Chris Olave,WR,2025,17,2026,6,6,0.0,10.946298599243164,False,35,0.0,23.16299057006836,1
Chris Olave,WR,2025,17,2026,7,7,0.0,11.274561882019045,False,42,0.0,22.888117980957027,1
Chris Olave,WR,2025,17,2026,8,8,0.0,11.854187965393066,False,49,0.0,22.871115493774408,1
Chris Olave,WR,2025,17,2026,9,9,0.0,12.400118827819824,False,56,0.0,22.305997276306123,1
Chris Olave,WR,2025,17,2026,10,10,0.0,12.750131607055664,False,63,0.0,22.021103978157043,1
Chris Olave,WR,2025,17,2026,11,11,0.0,12.898270606994627,False,70,0.0,21.900915002822867,1
Chris Olave,WR,2025,17,2026,12,12,0.0,12.936123847961426,False,77,0.0,21.3829586982727,1
Chris Olave,WR,2025,17,2026,13,13,0.0,12.918569564819336,False,84,0.0,20.56555805206298,1
Chris Olave,WR,2025,17,2026,14,14,0.0,12.879263877868652,False,91,0.0,18.49244320392608,1
Chris Olave,WR,2025,17,2026,15,15,0.0,12.82516860961914,False,98,0.0,16.42966251373287,1
Chris Olave,WR,2025,17,2026,16,16,0.0,12.763056755065918,False,105,0.0,13.710881304740898,1
Chris Olave,WR,2025,17,2026,17,17,0.0,12.667224884033203,False,112,0.0,10.369566988945008,1
Chris Rodriguez Jr.,RB,2025,17,2026,1,1,0.0,6.576778888702393,False,0,0.0,21.292538833618146,1
Chris Rodriguez Jr.,RB,2025,17,2026,2,2,0.0,6.447835445404053,False,7,0.0,20.60914793014525,1
Chris Rodriguez Jr.,RB,2025,17,2026,3,3,0.0,6.231263160705566,False,14,0.0,19.760492420196524,1
Chris Rodriguez Jr.,RB,2025,17,2026,4,4,0.0,6.110151290893555,False,21,0.0,19.66170377731322,1
Chris Rodriguez Jr.,RB,2025,17,2026,5,5,0.0,6.0405707359313965,False,28,0.0,18.98356335163116,1
Chris Rodriguez Jr.,RB,2025,17,2026,6,6,0.0,5.845682621002197,False,35,0.0,18.06237459182739,1
Chris Rodriguez Jr.,RB,2025,17,2026,7,7,0.0,5.5599045753479,False,42,0.0,17.173460674285884,1
Chris Rodriguez Jr.,RB,2025,17,2026,8,8,0.0,5.202186584472656,False,49,0.0,16.219114112853998,1
Chris Rodriguez Jr.,RB,2025,17,2026,9,9,0.0,4.7796502113342285,False,56,0.0,14.685528659820529,1
Chris Rodriguez Jr.,RB,2025,17,2026,10,10,0.0,4.437117099761963,False,63,0.0,13.708089470863342,1
Chris Rodriguez Jr.,RB,2025,17,2026,11,11,0.0,4.234560012817383,False,70,0.0,13.23720440864562,1
Chris Rodriguez Jr.,RB,2025,17,2026,12,12,0.0,4.106437683105469,False,77,0.0,12.553272533416742,1
Chris Rodriguez Jr.,RB,2025,17,2026,13,13,0.0,4.0380024909973145,False,84,0.0,11.684990978240958,1
Chris Rodriguez Jr.,RB,2025,17,2026,14,14,0.0,4.037042617797852,False,91,0.0,9.65022194385528,1
Chris Rodriguez Jr.,RB,2025,17,2026,15,15,0.0,4.040383338928223,False,98,0.0,7.644877243041951,1
Chris Rodriguez Jr.,RB,2025,17,2026,16,16,0.0,4.078907489776611,False,105,0.0,5.026732039451592,1
Chris Rodriguez Jr.,RB,2025,17,2026,17,17,0.0,4.128113269805908,False,112,0.0,1.830455374717712,1
Christian McCaffrey,RB,2025,17,2026,1,1,0.0,17.2288818359375,False,0,6.130266380310058,31.944641780853253,1
Christian McCaffrey,RB,2025,17,2026,2,2,0.0,17.449270248413086,False,7,3.781976032257079,31.61058273315429,1
Christian McCaffrey,RB,2025,17,2026,3,3,0.0,17.192781448364258,False,14,3.065196132659912,30.722010707855212,1
Christian McCaffrey,RB,2025,17,2026,4,4,0.0,17.08454704284668,False,21,2.7967927932739265,30.636099529266343,1
Christian McCaffrey,RB,2025,17,2026,5,5,0.0,16.97020149230957,False,28,2.5317512512207028,29.913194108009336,1
Christian McCaffrey,RB,2025,17,2026,6,6,0.0,16.773141860961914,False,35,2.2397406578063954,28.989833831787102,1
Christian McCaffrey,RB,2025,17,2026,7,7,0.0,16.725767135620117,False,42,2.120114421844482,28.3393232345581,1
Christian McCaffrey,RB,2025,17,2026,8,8,0.0,16.75604820251465,False,49,2.1005999565124505,27.77297573089599,1
Christian McCaffrey,RB,2025,17,2026,9,9,0.0,16.75699806213379,False,56,2.055181026458742,26.662876510620087,1
Christian McCaffrey,RB,2025,17,2026,10,10,0.0,16.772747039794922,False,63,2.0080201148986827,26.0437194108963,1
Christian McCaffrey,RB,2025,17,2026,11,11,0.0,16.78919219970703,False,70,1.9779185295104984,25.79183659553527,1
Christian McCaffrey,RB,2025,17,2026,12,12,0.0,16.75926399230957,False,77,1.9164589881896976,25.206098842620843,1
Christian McCaffrey,RB,2025,17,2026,13,13,0.0,16.72268295288086,False,84,1.870085430145263,24.369671440124502,1
Christian McCaffrey,RB,2025,17,2026,14,14,0.0,16.65955924987793,False,91,1.7762663841247566,22.27273857593536,1
Christian McCaffrey,RB,2025,17,2026,15,15,0.0,16.581254959106445,False,98,1.702263736724854,20.185748863220173,1
Christian McCaffrey,RB,2025,17,2026,16,16,0.0,16.498136520385742,False,105,1.5854450225830077,17.445961070060722,1
Christian McCaffrey,RB,2025,17,2026,17,17,0.0,16.30928611755371,False,112,1.397468376159669,14.011628222465514,1
Christian Watson,WR,2025,17,2026,1,1,0.0,10.23823356628418,False,0,0.0,24.953993511199933,1
Christian Watson,WR,2025,17,2026,2,2,0.0,10.18398380279541,False,7,0.0,24.345296287536613,1
Christian Watson,WR,2025,17,2026,3,3,0.0,10.074685096740724,False,14,0.0,23.60391435623168,1
Christian Watson,WR,2025,17,2026,4,4,0.0,10.101729393005373,False,21,0.0,23.65328187942504,1
Christian Watson,WR,2025,17,2026,5,5,0.0,10.135590553283691,False,28,0.0,23.078583168983457,1
Christian Watson,WR,2025,17,2026,6,6,0.0,9.919234275817873,False,35,0.0,22.135926246643063,1
Christian Watson,WR,2025,17,2026,7,7,0.0,9.67832088470459,False,42,0.0,21.29187698364257,1
Christian Watson,WR,2025,17,2026,8,8,0.0,9.466076850891112,False,49,0.0,20.48300437927245,1
Christian Watson,WR,2025,17,2026,9,9,0.0,9.112370491027832,False,56,0.0,19.01824893951413,1
Christian Watson,WR,2025,17,2026,10,10,0.0,8.720126152038574,False,63,0.0,17.991098523139954,1
Christian Watson,WR,2025,17,2026,11,11,0.0,8.352575302124023,False,70,0.0,17.35521969795226,1
Christian Watson,WR,2025,17,2026,12,12,0.0,7.994400501251221,False,77,0.0,16.441235351562494,1
Christian Watson,WR,2025,17,2026,13,13,0.0,7.738433837890625,False,84,0.0,15.385422325134268,1
Christian Watson,WR,2025,17,2026,14,14,0.0,7.610259532928467,False,91,0.0,13.223438858985894,1
Christian Watson,WR,2025,17,2026,15,15,0.0,7.515072345733643,False,98,0.0,11.11956624984737,1
Christian Watson,WR,2025,17,2026,16,16,0.0,7.475203990936279,False,105,0.0,8.42302854061126,1
Christian Watson,WR,2025,17,2026,17,17,0.0,7.440890312194824,False,112,0.0,5.143232417106628,1
Chuba Hubbard,RB,2025,17,2026,1,1,0.0,9.76876163482666,False,0,0.0,24.484521579742413,1
Chuba Hubbard,RB,2025,17,2026,2,2,0.0,9.620152473449709,False,7,0.0,23.78146495819091,1
Chuba Hubbard,RB,2025,17,2026,3,3,0.0,9.556441307067873,False,14,0.0,23.08567056655883,1
Chuba Hubbard,RB,2025,17,2026,4,4,0.0,9.68146514892578,False,21,0.0,23.233017635345448,1
Chuba Hubbard,RB,2025,17,2026,5,5,0.0,9.782509803771973,False,28,0.0,22.725502419471734,1
Chuba Hubbard,RB,2025,17,2026,6,6,0.0,9.731091499328612,False,35,0.0,21.947783470153805,1
Chuba Hubbard,RB,2025,17,2026,7,7,0.0,9.743657112121582,False,42,0.0,21.35721321105957,1
Chuba Hubbard,RB,2025,17,2026,8,8,0.0,9.894484519958496,False,49,0.0,20.91141204833984,1
Chuba Hubbard,RB,2025,17,2026,9,9,0.0,9.980971336364746,False,56,0.0,19.886849784851044,1
Chuba Hubbard,RB,2025,17,2026,10,10,0.0,9.966779708862305,False,63,0.0,19.237752079963684,1
Chuba Hubbard,RB,2025,17,2026,11,11,0.0,9.890645027160645,False,70,0.0,18.89328942298888,1
Chuba Hubbard,RB,2025,17,2026,12,12,0.0,9.783116340637209,False,77,0.0,18.22995119094848,1
Chuba Hubbard,RB,2025,17,2026,13,13,0.0,9.646771430969238,False,84,0.0,17.29375991821288,1
Chuba Hubbard,RB,2025,17,2026,14,14,0.0,9.554677963256836,False,91,0.0,15.167857289314265,1
Chuba Hubbard,RB,2025,17,2026,15,15,0.0,9.465579986572266,False,98,0.0,13.070073890685991,1
Chuba Hubbard,RB,2025,17,2026,16,16,0.0,9.396839141845703,False,105,0.0,10.344663691520685,1
Chuba Hubbard,RB,2025,17,2026,17,17,0.0,9.32723331451416,False,112,0.0,7.029575419425964,1
Colbie Young,WR,2025,17,2026,1,1,0.0,2.25278902053833,False,0,0.0,16.968548965454083,1
Colbie Young,WR,2025,17,2026,2,2,0.0,2.15635347366333,False,7,0.0,16.317665958404532,1
Colbie Young,WR,2025,17,2026,3,3,0.0,2.124052047729492,False,14,0.0,15.65328130722045,1
Colbie Young,WR,2025,17,2026,4,4,0.0,2.1064932346343994,False,21,0.0,15.658045721054064,1
Colbie Young,WR,2025,17,2026,5,5,0.0,2.0349550247192383,False,28,0.0,14.977947640419004,1
Colbie Young,WR,2025,17,2026,6,6,0.0,2.007996797561645,False,35,0.0,14.224688768386835,1
Colbie Young,WR,2025,17,2026,7,7,0.0,1.940255641937256,False,42,0.0,13.55381174087524,1
Colbie Young,WR,2025,17,2026,8,8,0.0,1.911508321762085,False,49,0.0,12.928435850143426,1
Colbie Young,WR,2025,17,2026,9,9,0.0,1.901228189468384,False,56,0.0,11.807106637954684,1
Colbie Young,WR,2025,17,2026,10,10,0.0,1.9064539670944212,False,63,0.0,11.1774263381958,1
Colbie Young,WR,2025,17,2026,11,11,0.0,1.96163809299469,False,70,0.0,10.964282488822928,1
Colbie Young,WR,2025,17,2026,12,12,0.0,2.0674989223480225,False,77,0.0,10.514333772659295,1
Colbie Young,WR,2025,17,2026,13,13,0.0,2.1550800800323486,False,84,0.0,9.802068567275992,1
Colbie Young,WR,2025,17,2026,14,14,0.0,2.2347543239593506,False,91,0.0,7.847933650016778,1
Colbie Young,WR,2025,17,2026,15,15,0.0,2.307900905609131,False,98,0.0,5.912394809722859,1
Colbie Young,WR,2025,17,2026,16,16,0.0,2.3705008029937744,False,105,0.0,3.3183253526687557,1
Colbie Young,WR,2025,17,2026,17,17,0.0,2.4352896213531494,False,112,0.0,0.1376317262649533,1
Connor Heyward,RB,2025,17,2026,1,1,0.0,2.248530626296997,False,0,0.0,16.96429057121275,1
Connor Heyward,RB,2025,17,2026,2,2,0.0,2.151818990707397,False,7,0.0,16.3131314754486,1
Connor Heyward,RB,2025,17,2026,3,3,0.0,2.1190662384033203,False,14,0.0,15.648295497894278,1
Connor Heyward,RB,2025,17,2026,4,4,0.0,2.101124048233032,False,21,0.0,15.652676534652697,1
Connor Heyward,RB,2025,17,2026,5,5,0.0,2.0293753147125244,False,28,0.0,14.97236793041229,1
Connor Heyward,RB,2025,17,2026,6,6,0.0,2.0021839141845703,False,35,0.0,14.218875885009762,1
Connor Heyward,RB,2025,17,2026,7,7,0.0,1.934064269065857,False,42,0.0,13.54762036800384,1
Connor Heyward,RB,2025,17,2026,8,8,0.0,1.9047017097473145,False,49,0.0,12.921629238128656,1
Connor Heyward,RB,2025,17,2026,9,9,0.0,1.8937933444976809,False,56,0.0,11.79967179298398,1
Connor Heyward,RB,2025,17,2026,10,10,0.0,1.8984473943710327,False,63,0.0,11.169419765472412,1
Connor Heyward,RB,2025,17,2026,11,11,0.0,1.9531009197235107,False,70,0.0,10.955745315551749,1
Connor Heyward,RB,2025,17,2026,12,12,0.0,2.058628559112549,False,77,0.0,10.505463409423822,1
Connor Heyward,RB,2025,17,2026,13,13,0.0,2.146004676818848,False,84,0.0,9.79299316406249,1
Connor Heyward,RB,2025,17,2026,14,14,0.0,2.2256197929382324,False,91,0.0,7.83879911899566,1
Connor Heyward,RB,2025,17,2026,15,15,0.0,2.2989118099212646,False,98,0.0,5.903405714034993,1
Connor Heyward,RB,2025,17,2026,16,16,0.0,2.3616974353790283,False,105,0.0,3.309521985054009,1
Connor Heyward,RB,2025,17,2026,17,17,0.0,2.4267842769622803,False,112,0.0,0.1291263818740842,1
Cooper Kupp,WR,2025,17,2026,1,1,0.0,4.362523078918457,False,0,0.0,19.07828302383421,1
Cooper Kupp,WR,2025,17,2026,2,2,0.0,4.180496692657471,False,7,0.0,18.341809177398677,1
Cooper Kupp,WR,2025,17,2026,3,3,0.0,3.999933242797852,False,14,0.0,17.52916250228881,1
Cooper Kupp,WR,2025,17,2026,4,4,0.0,3.853015899658203,False,21,0.0,17.40456838607787,1
Cooper Kupp,WR,2025,17,2026,5,5,0.0,3.680178642272949,False,28,0.0,16.623171257972714,1
Cooper Kupp,WR,2025,17,2026,6,6,0.0,3.5206949710845947,False,35,0.0,15.737386941909786,1
Cooper Kupp,WR,2025,17,2026,7,7,0.0,3.3879594802856445,False,42,0.0,15.001515579223629,1
Cooper Kupp,WR,2025,17,2026,8,8,0.0,3.289722681045532,False,49,0.0,14.306650209426872,1
Cooper Kupp,WR,2025,17,2026,9,9,0.0,3.187795877456665,False,56,0.0,13.093674325942963,1
Cooper Kupp,WR,2025,17,2026,10,10,0.0,3.129483938217163,False,63,0.0,12.400456309318542,1
Cooper Kupp,WR,2025,17,2026,11,11,0.0,3.158776044845581,False,70,0.0,12.16142044067382,1
Cooper Kupp,WR,2025,17,2026,12,12,0.0,3.2545435428619385,False,77,0.0,11.701378393173211,1
Cooper Kupp,WR,2025,17,2026,13,13,0.0,3.306238174438477,False,84,0.0,10.95322666168212,1
Cooper Kupp,WR,2025,17,2026,14,14,0.0,3.35178542137146,False,91,0.0,8.964964747428887,1
Cooper Kupp,WR,2025,17,2026,15,15,0.0,3.367724657058716,False,98,0.0,6.972218561172444,1
Cooper Kupp,WR,2025,17,2026,16,16,0.0,3.372093439102173,False,105,0.0,4.319917988777154,1
Cooper Kupp,WR,2025,17,2026,17,17,0.0,3.371300458908081,False,112,0.0,1.073642563819885,1
Corey Kiner,RB,2025,17,2026,1,1,0.0,3.066547155380249,False,0,0.0,17.782307100296002,1
Corey Kiner,RB,2025,17,2026,2,2,0.0,3.1670479774475098,False,7,0.0,17.328360462188712,1
Corey Kiner,RB,2025,17,2026,3,3,0.0,3.1881215572357178,False,14,0.0,16.717350816726675,1
Corey Kiner,RB,2025,17,2026,4,4,0.0,3.225508213043213,False,21,0.0,16.77706069946288,1
Corey Kiner,RB,2025,17,2026,5,5,0.0,3.2467305660247803,False,28,0.0,16.189723181724545,1
Corey Kiner,RB,2025,17,2026,6,6,0.0,3.253066301345825,False,35,0.0,15.469758272171015,1
Corey Kiner,RB,2025,17,2026,7,7,0.0,3.196681499481201,False,42,0.0,14.810237598419183,1
Corey Kiner,RB,2025,17,2026,8,8,0.0,3.119455575942993,False,49,0.0,14.136383104324334,1
Corey Kiner,RB,2025,17,2026,9,9,0.0,3.001117467880249,False,56,0.0,12.906995916366547,1
Corey Kiner,RB,2025,17,2026,10,10,0.0,2.907421112060547,False,63,0.0,12.178393483161926,1
Corey Kiner,RB,2025,17,2026,11,11,0.0,2.877633571624756,False,70,0.0,11.880277967452994,1
Corey Kiner,RB,2025,17,2026,12,12,0.0,2.8823273181915283,False,77,0.0,11.3291621685028,1
Corey Kiner,RB,2025,17,2026,13,13,0.0,2.888949155807495,False,84,0.0,10.535937643051138,1
Corey Kiner,RB,2025,17,2026,14,14,0.0,2.9154582023620605,False,91,0.0,8.528637528419488,1
Corey Kiner,RB,2025,17,2026,15,15,0.0,2.9476354122161865,False,98,0.0,6.552129316329915,1
Corey Kiner,RB,2025,17,2026,16,16,0.0,2.996685266494751,False,105,0.0,3.944509816169732,1
Corey Kiner,RB,2025,17,2026,17,17,0.0,3.054210901260376,False,112,0.0,0.7565530061721799,1
Courtland Sutton,WR,2025,17,2026,1,1,0.0,14.037801742553713,False,0,2.939186286926269,28.753561687469464,1
Courtland Sutton,WR,2025,17,2026,2,2,0.0,13.82842254638672,False,7,0.1611283302307118,27.98973503112792,1
Courtland Sutton,WR,2025,17,2026,3,3,0.0,13.633649826049805,False,14,0.0,27.16287908554076,1
Courtland Sutton,WR,2025,17,2026,4,4,0.0,13.504584312438965,False,21,0.0,27.05613679885863,1
Courtland Sutton,WR,2025,17,2026,5,5,0.0,13.386425971984863,False,28,0.0,26.32941858768463,1
Courtland Sutton,WR,2025,17,2026,6,6,0.0,13.125935554504396,False,35,0.0,25.342627525329583,1
Courtland Sutton,WR,2025,17,2026,7,7,0.0,12.916973114013672,False,42,0.0,24.530529212951656,1
Courtland Sutton,WR,2025,17,2026,8,8,0.0,12.748472213745115,False,49,0.0,23.76539974212646,1
Courtland Sutton,WR,2025,17,2026,9,9,0.0,12.49975872039795,False,56,0.0,22.405637168884248,1
Courtland Sutton,WR,2025,17,2026,10,10,0.0,12.246148109436035,False,63,0.0,21.51712048053741,1
Courtland Sutton,WR,2025,17,2026,11,11,0.0,12.00523281097412,False,70,0.0,21.00787720680236,1
Courtland Sutton,WR,2025,17,2026,12,12,0.0,11.76521110534668,False,77,0.0,20.212045955657956,1
Courtland Sutton,WR,2025,17,2026,13,13,0.0,11.543845176696776,False,84,0.0,19.19083366394042,1
Courtland Sutton,WR,2025,17,2026,14,14,0.0,11.366147994995115,False,91,0.0,16.979327321052544,1
Courtland Sutton,WR,2025,17,2026,15,15,0.0,11.206063270568848,False,98,0.0,14.810557174682575,1
Courtland Sutton,WR,2025,17,2026,16,16,0.0,11.068832397460938,False,105,0.0,12.016656947135916,1
Courtland Sutton,WR,2025,17,2026,17,17,0.0,10.93299674987793,False,112,0.0,8.635338854789733,1
Cyrus Allen,WR,2025,17,2026,1,1,0.0,2.253998279571533,False,0,0.0,16.969758224487286,1
Cyrus Allen,WR,2025,17,2026,2,2,0.0,2.157599925994873,False,7,0.0,16.318912410736075,1
Cyrus Allen,WR,2025,17,2026,3,3,0.0,2.12538743019104,False,14,0.0,15.654616689681998,1
Cyrus Allen,WR,2025,17,2026,4,4,0.0,2.107903242111206,False,21,0.0,15.65945572853087,1
Cyrus Allen,WR,2025,17,2026,5,5,0.0,2.0364248752593994,False,28,0.0,14.979417490959165,1
Cyrus Allen,WR,2025,17,2026,6,6,0.0,2.009539842605591,False,35,0.0,14.226231813430784,1
Cyrus Allen,WR,2025,17,2026,7,7,0.0,1.9418811798095703,False,42,0.0,13.555437278747554,1
Cyrus Allen,WR,2025,17,2026,8,8,0.0,1.913226127624512,False,49,0.0,12.930153656005851,1
Cyrus Allen,WR,2025,17,2026,9,9,0.0,1.9030547142028809,False,56,0.0,11.80893316268918,1
Cyrus Allen,WR,2025,17,2026,10,10,0.0,1.90841281414032,False,63,0.0,11.1793851852417,1
Cyrus Allen,WR,2025,17,2026,11,11,0.0,1.9637539386749268,False,70,0.0,10.966398334503165,1
Cyrus Allen,WR,2025,17,2026,12,12,0.0,2.069744825363159,False,77,0.0,10.516579675674432,1
Cyrus Allen,WR,2025,17,2026,13,13,0.0,2.1574418544769287,False,84,0.0,9.804430341720572,1
Cyrus Allen,WR,2025,17,2026,14,14,0.0,2.2371902465820312,False,91,0.0,7.850369572639459,1
Cyrus Allen,WR,2025,17,2026,15,15,0.0,2.310330629348755,False,98,0.0,5.914824533462483,1
Cyrus Allen,WR,2025,17,2026,16,16,0.0,2.3728864192962646,False,105,0.0,3.320710968971245,1
Cyrus Allen,WR,2025,17,2026,17,17,0.0,2.4375884532928467,False,112,0.0,0.1399305582046506,1
D'Andre Swift,RB,2025,17,2026,1,1,0.0,15.466641426086426,False,0,4.368025970458984,30.18240137100218,1
D'Andre Swift,RB,2025,17,2026,2,2,0.0,15.351211547851562,False,7,1.6839173316955556,29.512524032592765,1
D'Andre Swift,RB,2025,17,2026,3,3,0.0,15.178285598754885,False,14,1.0507002830505368,28.70751485824584,1
D'Andre Swift,RB,2025,17,2026,4,4,0.0,14.982644081115724,False,21,0.6948898315429695,28.53419656753539,1
D'Andre Swift,RB,2025,17,2026,5,5,0.0,14.703478813171388,False,28,0.2650285720825192,27.646471428871152,1
D'Andre Swift,RB,2025,17,2026,6,6,0.0,14.13319206237793,False,35,0.0,26.34988403320312,1
D'Andre Swift,RB,2025,17,2026,7,7,0.0,13.47615909576416,False,42,0.0,25.089715194702144,1
D'Andre Swift,RB,2025,17,2026,8,8,0.0,12.970465660095217,False,49,0.0,23.98739318847656,1
D'Andre Swift,RB,2025,17,2026,9,9,0.0,12.542353630065918,False,56,0.0,22.448232078552216,1
D'Andre Swift,RB,2025,17,2026,10,10,0.0,12.18448543548584,False,63,0.0,21.45545780658722,1
D'Andre Swift,RB,2025,17,2026,11,11,0.0,11.85259246826172,False,70,0.0,20.85523686408996,1
D'Andre Swift,RB,2025,17,2026,12,12,0.0,11.545380592346191,False,77,0.0,19.992215442657464,1
D'Andre Swift,RB,2025,17,2026,13,13,0.0,11.312363624572754,False,84,0.0,18.9593521118164,1
D'Andre Swift,RB,2025,17,2026,14,14,0.0,11.148098945617676,False,91,0.0,16.761278271675103,1
D'Andre Swift,RB,2025,17,2026,15,15,0.0,10.994580268859863,False,98,0.0,14.599074172973593,1
D'Andre Swift,RB,2025,17,2026,16,16,0.0,10.84446620941162,False,105,0.0,11.7922907590866,1
D'Andre Swift,RB,2025,17,2026,17,17,0.0,10.683012962341309,False,112,0.0,8.385355067253112,1
DJ Giddens,RB,2025,17,2026,1,1,0.0,2.9039173126220703,False,0,0.0,17.619677257537823,1
DJ Giddens,RB,2025,17,2026,2,2,0.0,3.0140514373779297,False,7,0.0,17.175363922119132,1
DJ Giddens,RB,2025,17,2026,3,3,0.0,3.0112245082855225,False,14,0.0,16.54045376777648,1
DJ Giddens,RB,2025,17,2026,4,4,0.0,2.9918487071990967,False,21,0.0,16.543401193618763,1
DJ Giddens,RB,2025,17,2026,5,5,0.0,2.91994047164917,False,28,0.0,15.862933087348935,1
DJ Giddens,RB,2025,17,2026,6,6,0.0,2.8100552558898926,False,35,0.0,15.026747226715084,1
DJ Giddens,RB,2025,17,2026,7,7,0.0,2.622233629226685,False,42,0.0,14.235789728164669,1
DJ Giddens,RB,2025,17,2026,8,8,0.0,2.4499900341033936,False,49,0.0,13.466917562484737,1
DJ Giddens,RB,2025,17,2026,9,9,0.0,2.2751619815826416,False,56,0.0,12.181040430068942,1
DJ Giddens,RB,2025,17,2026,10,10,0.0,2.1408090591430664,False,63,0.0,11.411781430244446,1
DJ Giddens,RB,2025,17,2026,11,11,0.0,2.067018508911133,False,70,0.0,11.06966290473937,1
DJ Giddens,RB,2025,17,2026,12,12,0.0,2.0559310913085938,False,77,0.0,10.502765941619868,1
DJ Giddens,RB,2025,17,2026,13,13,0.0,2.0652825832366943,False,84,0.0,9.712271070480336,1
DJ Giddens,RB,2025,17,2026,14,14,0.0,2.100038290023804,False,91,0.0,7.713217616081232,1
DJ Giddens,RB,2025,17,2026,15,15,0.0,2.160444498062134,False,98,0.0,5.764938402175862,1
DJ Giddens,RB,2025,17,2026,16,16,0.0,2.2317068576812744,False,105,0.0,3.1795314073562557,1
DJ Giddens,RB,2025,17,2026,17,17,0.0,2.323181390762329,False,112,0.0,0.025523495674133,1
DJ Herman,RB,2025,17,2026,1,1,0.0,2.249034881591797,False,0,0.0,16.96479482650755,1
DJ Herman,RB,2025,17,2026,2,2,0.0,2.1524641513824463,False,7,0.0,16.31377663612365,1
DJ Herman,RB,2025,17,2026,3,3,0.0,2.1198625564575195,False,14,0.0,15.649091815948475,1
DJ Herman,RB,2025,17,2026,4,4,0.0,2.102058887481689,False,21,0.0,15.653611373901354,1
DJ Herman,RB,2025,17,2026,5,5,0.0,2.030442237854004,False,28,0.0,14.97343485355377,1
DJ Herman,RB,2025,17,2026,6,6,0.0,2.003414869308472,False,35,0.0,14.220106840133663,1
DJ Herman,RB,2025,17,2026,7,7,0.0,1.935452461242676,False,42,0.0,13.54900856018066,1
DJ Herman,RB,2025,17,2026,8,8,0.0,1.9062440395355225,False,49,0.0,12.923171567916864,1
DJ Herman,RB,2025,17,2026,9,9,0.0,1.8955022096633911,False,56,0.0,11.801380658149691,1
DJ Herman,RB,2025,17,2026,10,10,0.0,1.9003307819366453,False,63,0.0,11.171303153038023,1
DJ Herman,RB,2025,17,2026,11,11,0.0,1.9551787376403809,False,70,0.0,10.95782313346862,1
DJ Herman,RB,2025,17,2026,12,12,0.0,2.0608608722686768,False,77,0.0,10.50769572257995,1
DJ Herman,RB,2025,17,2026,13,13,0.0,2.148388147354126,False,84,0.0,9.795376634597767,1
DJ Herman,RB,2025,17,2026,14,14,0.0,2.228110074996948,False,91,0.0,7.841289401054376,1
DJ Herman,RB,2025,17,2026,15,15,0.0,2.3014190196990967,False,98,0.0,5.905912923812825,1
DJ Herman,RB,2025,17,2026,16,16,0.0,2.3641629219055176,False,105,0.0,3.3119874715804984,1
DJ Herman,RB,2025,17,2026,17,17,0.0,2.429139852523804,False,112,0.0,0.1314819574356076,1
DJ Moore,WR,2025,17,2026,1,1,0.0,11.836115837097168,False,0,0.7375003814697259,26.55187578201292,1
DJ Moore,WR,2025,17,2026,2,2,0.0,11.88066291809082,False,7,0.0,26.041975402832023,1
DJ Moore,WR,2025,17,2026,3,3,0.0,11.629070281982422,False,14,0.0,25.15829954147338,1
DJ Moore,WR,2025,17,2026,4,4,0.0,11.36156940460205,False,21,0.0,24.91312189102172,1
DJ Moore,WR,2025,17,2026,5,5,0.0,11.139097213745115,False,28,0.0,24.08208982944488,1
DJ Moore,WR,2025,17,2026,6,6,0.0,10.66453456878662,False,35,0.0,22.881226539611813,1
DJ Moore,WR,2025,17,2026,7,7,0.0,10.076510429382324,False,42,0.0,21.69006652832031,1
DJ Moore,WR,2025,17,2026,8,8,0.0,9.513014793395996,False,49,0.0,20.529942321777337,1
DJ Moore,WR,2025,17,2026,9,9,0.0,8.922568321228027,False,56,0.0,18.82844676971433,1
DJ Moore,WR,2025,17,2026,10,10,0.0,8.435418128967285,False,63,0.0,17.706390500068665,1
DJ Moore,WR,2025,17,2026,11,11,0.0,8.049324035644531,False,70,0.0,17.05196843147277,1
DJ Moore,WR,2025,17,2026,12,12,0.0,7.7094340324401855,False,77,0.0,16.15626888275146,1
DJ Moore,WR,2025,17,2026,13,13,0.0,7.487297058105469,False,84,0.0,15.134285545349112,1
DJ Moore,WR,2025,17,2026,14,14,0.0,7.387908935546875,False,91,0.0,13.001088261604302,1
DJ Moore,WR,2025,17,2026,15,15,0.0,7.323357105255127,False,98,0.0,10.927851009368856,1
DJ Moore,WR,2025,17,2026,16,16,0.0,7.305822849273682,False,105,0.0,8.253647398948662,1
DJ Moore,WR,2025,17,2026,17,17,0.0,7.289403438568115,False,112,0.0,4.991745543479919,1
DK Metcalf,WR,2025,17,2026,1,1,0.0,14.57582950592041,False,0,3.477214050292968,29.291589450836163,1
DK Metcalf,WR,2025,17,2026,2,2,0.0,14.426924705505373,False,7,0.7596304893493642,28.588237190246574,1
DK Metcalf,WR,2025,17,2026,3,3,0.0,14.228264808654783,False,14,0.1006794929504391,27.757494068145743,1
DK Metcalf,WR,2025,17,2026,4,4,0.0,14.07445240020752,False,21,0.0,27.626004886627182,1
DK Metcalf,WR,2025,17,2026,5,5,0.0,13.91672420501709,False,28,0.0,26.85971682071685,1
DK Metcalf,WR,2025,17,2026,6,6,0.0,13.543787956237791,False,35,0.0,25.760479927062985,1
DK Metcalf,WR,2025,17,2026,7,7,0.0,13.18409824371338,False,42,0.0,24.797654342651363,1
DK Metcalf,WR,2025,17,2026,8,8,0.0,12.856623649597168,False,49,0.0,23.87355117797851,1
DK Metcalf,WR,2025,17,2026,9,9,0.0,12.506121635437012,False,56,0.0,22.41200008392331,1
DK Metcalf,WR,2025,17,2026,10,10,0.0,12.21217918395996,False,63,0.0,21.48315155506134,1
DK Metcalf,WR,2025,17,2026,11,11,0.0,11.92918300628662,False,70,0.0,20.93182740211486,1
DK Metcalf,WR,2025,17,2026,12,12,0.0,11.63252067565918,False,77,0.0,20.079355525970453,1
DK Metcalf,WR,2025,17,2026,13,13,0.0,11.368452072143556,False,84,0.0,19.0154405593872,1
DK Metcalf,WR,2025,17,2026,14,14,0.0,11.16137409210205,False,91,0.0,16.774553418159478,1
DK Metcalf,WR,2025,17,2026,15,15,0.0,10.983540534973145,False,98,0.0,14.588034439086872,1
DK Metcalf,WR,2025,17,2026,16,16,0.0,10.83517360687256,False,105,0.0,11.78299815654754,1
DK Metcalf,WR,2025,17,2026,17,17,0.0,10.686593055725098,False,112,0.0,8.388935160636901,1
Dareke Young,WR,2025,17,2026,1,1,0.0,1.6997126340866089,False,0,0.0,16.415472579002362,1
Dareke Young,WR,2025,17,2026,2,2,0.0,1.717176914215088,False,7,0.0,15.878489398956292,1
Dareke Young,WR,2025,17,2026,3,3,0.0,1.7220005989074707,False,14,0.0,15.251229858398428,1
Dareke Young,WR,2025,17,2026,4,4,0.0,1.7489986419677734,False,21,0.0,15.300551128387438,1
Dareke Young,WR,2025,17,2026,5,5,0.0,1.709152102470398,False,28,0.0,14.652144718170163,1
Dareke Young,WR,2025,17,2026,6,6,0.0,1.721131443977356,False,35,0.0,13.937823414802548,1
Dareke Young,WR,2025,17,2026,7,7,0.0,1.6910356283187866,False,42,0.0,13.30459172725677,1
Dareke Young,WR,2025,17,2026,8,8,0.0,1.692796230316162,False,49,0.0,12.709723758697503,1
Dareke Young,WR,2025,17,2026,9,9,0.0,1.6923627853393557,False,56,0.0,11.598241233825656,1
Dareke Young,WR,2025,17,2026,10,10,0.0,1.6875885725021362,False,63,0.0,10.958560943603516,1
Dareke Young,WR,2025,17,2026,11,11,0.0,1.7224220037460327,False,70,0.0,10.72506639957427,1
Dareke Young,WR,2025,17,2026,12,12,0.0,1.8040131330490112,False,77,0.0,10.250847983360284,1
Dareke Young,WR,2025,17,2026,13,13,0.0,1.874614119529724,False,84,0.0,9.521602606773367,1
Dareke Young,WR,2025,17,2026,14,14,0.0,1.9454888105392456,False,91,0.0,7.5586681365966735,1
Dareke Young,WR,2025,17,2026,15,15,0.0,2.023460865020752,False,98,0.0,5.6279547691344805,1
Dareke Young,WR,2025,17,2026,16,16,0.0,2.093219995498657,False,105,0.0,3.041044545173638,1
Dareke Young,WR,2025,17,2026,17,17,0.0,2.1579525470733643,False,112,0.0,-0.1397053480148318,1
Darius Cooper,WR,2025,17,2026,1,1,0.0,2.039766311645508,False,0,0.0,16.75552625656126,1
Darius Cooper,WR,2025,17,2026,2,2,0.0,2.029548168182373,False,7,0.0,16.190860652923575,1
Darius Cooper,WR,2025,17,2026,3,3,0.0,1.995039105415344,False,14,0.0,15.524268364906302,1
Darius Cooper,WR,2025,17,2026,4,4,0.0,1.979147791862488,False,21,0.0,15.530700278282152,1
Darius Cooper,WR,2025,17,2026,5,5,0.0,1.912445068359375,False,28,0.0,14.85543768405914,1
Darius Cooper,WR,2025,17,2026,6,6,0.0,1.868363618850708,False,35,0.0,14.0850555896759,1
Darius Cooper,WR,2025,17,2026,7,7,0.0,1.768951177597046,False,42,0.0,13.38250727653503,1
Darius Cooper,WR,2025,17,2026,8,8,0.0,1.703028917312622,False,49,0.0,12.719956445693963,1
Darius Cooper,WR,2025,17,2026,9,9,0.0,1.6467865705490112,False,56,0.0,11.552665019035311,1
Darius Cooper,WR,2025,17,2026,10,10,0.0,1.6013405323028564,False,63,0.0,10.872312903404236,1
Darius Cooper,WR,2025,17,2026,11,11,0.0,1.5974096059799194,False,70,0.0,10.600054001808155,1
Darius Cooper,WR,2025,17,2026,12,12,0.0,1.6416964530944824,False,77,0.0,10.088531303405755,1
Darius Cooper,WR,2025,17,2026,13,13,0.0,1.6827352046966553,False,84,0.0,9.329723691940298,1
Darius Cooper,WR,2025,17,2026,14,14,0.0,1.7345068454742432,False,91,0.0,7.347686171531671,1
Darius Cooper,WR,2025,17,2026,15,15,0.0,1.8013347387313845,False,98,0.0,5.405828642845113,1
Darius Cooper,WR,2025,17,2026,16,16,0.0,1.8683511018753047,False,105,0.0,2.816175651550286,1
Darius Cooper,WR,2025,17,2026,17,17,0.0,1.9462653398513796,False,112,0.0,-0.3513925552368167,1
Darius Slayton,WR,2025,17,2026,1,1,0.0,9.65151023864746,False,0,0.0,24.36727018356321,1
Darius Slayton,WR,2025,17,2026,2,2,0.0,9.678086280822754,False,7,0.0,23.83939876556396,1
Darius Slayton,WR,2025,17,2026,3,3,0.0,9.686467170715332,False,14,0.0,23.21569643020629,1
Darius Slayton,WR,2025,17,2026,4,4,0.0,9.887858390808104,False,21,0.0,23.43941087722777,1
Darius Slayton,WR,2025,17,2026,5,5,0.0,10.098512649536133,False,28,0.0,23.041505265235894,1
Darius Slayton,WR,2025,17,2026,6,6,0.0,10.11571216583252,False,35,0.0,22.33240413665771,1
Darius Slayton,WR,2025,17,2026,7,7,0.0,10.11959171295166,False,42,0.0,21.733147811889644,1
Darius Slayton,WR,2025,17,2026,8,8,0.0,10.17665195465088,False,49,0.0,21.19357948303222,1
Darius Slayton,WR,2025,17,2026,9,9,0.0,10.080074310302734,False,56,0.0,19.985952758789036,1
Darius Slayton,WR,2025,17,2026,10,10,0.0,9.86428928375244,False,63,0.0,19.13526165485382,1
Darius Slayton,WR,2025,17,2026,11,11,0.0,9.602356910705566,False,70,0.0,18.605001306533804,1
Darius Slayton,WR,2025,17,2026,12,12,0.0,9.332002639770508,False,77,0.0,17.77883749008178,1
Darius Slayton,WR,2025,17,2026,13,13,0.0,9.085326194763184,False,84,0.0,16.732314682006827,1
Darius Slayton,WR,2025,17,2026,14,14,0.0,8.932854652404785,False,91,0.0,14.546033978462212,1
Darius Slayton,WR,2025,17,2026,15,15,0.0,8.8186616897583,False,98,0.0,12.423155593872028,1
Darius Slayton,WR,2025,17,2026,16,16,0.0,8.741833686828613,False,105,0.0,9.689658236503591,1
Darius Slayton,WR,2025,17,2026,17,17,0.0,8.673999786376953,False,112,0.0,6.376341891288757,1
Darnell Mooney,WR,2025,17,2026,1,1,0.0,4.3104023933410645,False,0,0.0,19.026162338256817,1
Darnell Mooney,WR,2025,17,2026,2,2,0.0,4.102807521820068,False,7,0.0,18.26412000656127,1
Darnell Mooney,WR,2025,17,2026,3,3,0.0,3.939390182495117,False,14,0.0,17.468619441986075,1
Darnell Mooney,WR,2025,17,2026,4,4,0.0,3.796281337738037,False,21,0.0,17.347833824157703,1
Darnell Mooney,WR,2025,17,2026,5,5,0.0,3.645488023757935,False,28,0.0,16.5884806394577,1
Darnell Mooney,WR,2025,17,2026,6,6,0.0,3.5499963760375977,False,35,0.0,15.76668834686279,1
Darnell Mooney,WR,2025,17,2026,7,7,0.0,3.4900052547454834,False,42,0.0,15.103561353683467,1
Darnell Mooney,WR,2025,17,2026,8,8,0.0,3.4557955265045166,False,49,0.0,14.472723054885858,1
Darnell Mooney,WR,2025,17,2026,9,9,0.0,3.407923936843872,False,56,0.0,13.313802385330172,1
Darnell Mooney,WR,2025,17,2026,10,10,0.0,3.4060380458831787,False,63,0.0,12.677010416984558,1
Darnell Mooney,WR,2025,17,2026,11,11,0.0,3.5055556297302246,False,70,0.0,12.508200025558462,1
Darnell Mooney,WR,2025,17,2026,12,12,0.0,3.6794278621673584,False,77,0.0,12.126262712478631,1
Darnell Mooney,WR,2025,17,2026,13,13,0.0,3.811301469802856,False,84,0.0,11.4582899570465,1
Darnell Mooney,WR,2025,17,2026,14,14,0.0,3.917878866195679,False,91,0.0,9.531058192253106,1
Darnell Mooney,WR,2025,17,2026,15,15,0.0,3.961488485336304,False,98,0.0,7.565982389450032,1
Darnell Mooney,WR,2025,17,2026,16,16,0.0,3.973374843597412,False,105,0.0,4.921199393272393,1
Darnell Mooney,WR,2025,17,2026,17,17,0.0,3.986844539642334,False,112,0.0,1.689186644554138,1
Davante Adams,WR,2025,17,2026,1,1,0.0,16.300487518310547,False,0,5.201872062683105,31.0162474632263,1
Davante Adams,WR,2025,17,2026,2,2,0.0,16.257783889770508,False,7,2.590489673614501,30.41909637451171,1
Davante Adams,WR,2025,17,2026,3,3,0.0,16.077817916870117,False,14,1.9502326011657711,29.607047176361075,1
Davante Adams,WR,2025,17,2026,4,4,0.0,15.929776191711426,False,21,1.6420219421386726,29.48132867813109,1
Davante Adams,WR,2025,17,2026,5,5,0.0,15.666552543640137,False,28,1.2281023025512692,28.609545159339905,1
Davante Adams,WR,2025,17,2026,6,6,0.0,15.25751495361328,False,35,0.7241137504577626,27.474206924438477,1
Davante Adams,WR,2025,17,2026,7,7,0.0,14.963021278381348,False,42,0.3573685646057125,26.57657737731933,1
Davante Adams,WR,2025,17,2026,8,8,0.0,14.750338554382324,False,49,0.0948903083801262,25.767266082763665,1
Davante Adams,WR,2025,17,2026,9,9,0.0,14.482946395874023,False,56,0.0,24.38882484436032,1
Davante Adams,WR,2025,17,2026,10,10,0.0,14.285663604736328,False,63,0.0,23.556635975837708,1
Davante Adams,WR,2025,17,2026,11,11,0.0,14.157967567443848,False,70,0.0,23.160611963272085,1
Davante Adams,WR,2025,17,2026,12,12,0.0,14.04262638092041,False,77,0.0,22.489461231231683,1
Davante Adams,WR,2025,17,2026,13,13,0.0,13.957265853881836,False,84,0.0,21.60425434112548,1
Davante Adams,WR,2025,17,2026,14,14,0.0,13.86695671081543,False,91,0.0,19.480136036872857,1
Davante Adams,WR,2025,17,2026,15,15,0.0,13.78003215789795,False,98,0.0,17.384526062011677,1
Davante Adams,WR,2025,17,2026,16,16,0.0,13.678422927856444,False,105,0.0,14.626247477531424,1
Davante Adams,WR,2025,17,2026,17,17,0.0,13.535981178283691,False,112,0.0,11.238323283195497,1
David Montgomery,RB,2025,17,2026,1,1,0.0,8.832440376281738,False,0,0.0,23.54820032119749,1
David Montgomery,RB,2025,17,2026,2,2,0.0,8.716607093811035,False,7,0.0,22.87791957855224,1
David Montgomery,RB,2025,17,2026,3,3,0.0,8.485220909118652,False,14,0.0,22.01445016860961,1
David Montgomery,RB,2025,17,2026,4,4,0.0,8.405106544494629,False,21,0.0,21.95665903091429,1
David Montgomery,RB,2025,17,2026,5,5,0.0,8.393172264099121,False,28,0.0,21.336164879798886,1
David Montgomery,RB,2025,17,2026,6,6,0.0,8.170907020568848,False,35,0.0,20.38759899139404,1
David Montgomery,RB,2025,17,2026,7,7,0.0,7.93625020980835,False,42,0.0,19.549806308746334,1
David Montgomery,RB,2025,17,2026,8,8,0.0,7.720469951629639,False,49,0.0,18.73739748001098,1
David Montgomery,RB,2025,17,2026,9,9,0.0,7.39280891418457,False,56,0.0,17.29868736267087,1
David Montgomery,RB,2025,17,2026,10,10,0.0,7.014083385467529,False,63,0.0,16.28505575656891,1
David Montgomery,RB,2025,17,2026,11,11,0.0,6.63976526260376,False,70,0.0,15.642409658431998,1
David Montgomery,RB,2025,17,2026,12,12,0.0,6.2705912590026855,False,77,0.0,14.717426109313958,1
David Montgomery,RB,2025,17,2026,13,13,0.0,5.966982364654541,False,84,0.0,13.613970851898184,1
David Montgomery,RB,2025,17,2026,14,14,0.0,5.794301509857178,False,91,0.0,11.407480835914605,1
David Montgomery,RB,2025,17,2026,15,15,0.0,5.671121597290039,False,98,0.0,9.275615501403768,1
David Montgomery,RB,2025,17,2026,16,16,0.0,5.6187920570373535,False,105,0.0,6.566616606712334,1
David Montgomery,RB,2025,17,2026,17,17,0.0,5.599738597869873,False,112,0.0,3.302080702781677,1
De'Von Achane,RB,2025,17,2026,1,1,0.0,18.355981826782227,False,0,7.257366371154784,33.07174177169798,1
De'Von Achane,RB,2025,17,2026,2,2,0.0,19.56879425048828,False,7,5.901500034332274,33.730106735229484,1
De'Von Achane,RB,2025,17,2026,3,3,0.0,19.430967330932617,False,14,5.303382015228271,32.96019659042358,1
De'Von Achane,RB,2025,17,2026,4,4,0.0,19.215951919555664,False,21,4.928197669982911,32.76750440597533,1
De'Von Achane,RB,2025,17,2026,5,5,0.0,19.015851974487305,False,28,4.577401733398437,31.95884459018707,1
De'Von Achane,RB,2025,17,2026,6,6,0.0,18.68317604064941,False,35,4.149774837493895,30.89986801147461,1
De'Von Achane,RB,2025,17,2026,7,7,0.0,18.393266677856445,False,42,3.78761396408081,30.00682277679443,1
De'Von Achane,RB,2025,17,2026,8,8,0.0,18.251707077026367,False,49,3.596258831024169,29.26863460540771,1
De'Von Achane,RB,2025,17,2026,9,9,0.0,18.141584396362305,False,56,3.4397673606872576,28.047462844848603,1
De'Von Achane,RB,2025,17,2026,10,10,0.0,18.069435119628903,False,63,3.304708194732667,27.34040749073029,1
De'Von Achane,RB,2025,17,2026,11,11,0.0,17.99871826171875,False,70,3.187444591522217,27.001362657546988,1
De'Von Achane,RB,2025,17,2026,12,12,0.0,17.863752365112305,False,77,3.020947360992432,26.310587215423578,1
De'Von Achane,RB,2025,17,2026,13,13,0.0,17.757402420043945,False,84,2.904804897308349,25.40439090728759,1
De'Von Achane,RB,2025,17,2026,14,14,0.0,17.648221969604492,False,91,2.764929103851319,23.26140129566192,1
De'Von Achane,RB,2025,17,2026,15,15,0.0,17.526201248168945,False,98,2.647210025787354,21.130695152282676,1
De'Von Achane,RB,2025,17,2026,16,16,0.0,17.413694381713867,False,105,2.5010028839111325,18.361518931388847,1
De'Von Achane,RB,2025,17,2026,17,17,0.0,17.1719913482666,False,112,2.2601736068725597,14.874333453178403,1
De'Zhaun Stribling,WR,2025,17,2026,1,1,0.0,2.252837419509888,False,0,0.0,16.96859736442564,1
De'Zhaun Stribling,WR,2025,17,2026,2,2,0.0,2.156398057937622,False,7,0.0,16.317710542678824,1
De'Zhaun Stribling,WR,2025,17,2026,3,3,0.0,2.124098062515259,False,14,0.0,15.653327322006216,1
De'Zhaun Stribling,WR,2025,17,2026,4,4,0.0,2.106541395187378,False,21,0.0,15.658093881607044,1
De'Zhaun Stribling,WR,2025,17,2026,5,5,0.0,2.035006284713745,False,28,0.0,14.97799890041351,1
De'Zhaun Stribling,WR,2025,17,2026,6,6,0.0,2.008049964904785,False,35,0.0,14.224741935729975,1
De'Zhaun Stribling,WR,2025,17,2026,7,7,0.0,1.9403108358383176,False,42,0.0,13.553866934776302,1
De'Zhaun Stribling,WR,2025,17,2026,8,8,0.0,1.9115641117095947,False,49,0.0,12.928491640090936,1
De'Zhaun Stribling,WR,2025,17,2026,9,9,0.0,1.901284456253052,False,56,0.0,11.807162904739352,1
De'Zhaun Stribling,WR,2025,17,2026,10,10,0.0,1.9065124988555908,False,63,0.0,11.17748486995697,1
De'Zhaun Stribling,WR,2025,17,2026,11,11,0.0,1.961699366569519,False,70,0.0,10.964343762397757,1
De'Zhaun Stribling,WR,2025,17,2026,12,12,0.0,2.067560911178589,False,77,0.0,10.514395761489862,1
De'Zhaun Stribling,WR,2025,17,2026,13,13,0.0,2.155142068862915,False,84,0.0,9.802130556106558,1
De'Zhaun Stribling,WR,2025,17,2026,14,14,0.0,2.2348146438598637,False,91,0.0,7.847993969917291,1
De'Zhaun Stribling,WR,2025,17,2026,15,15,0.0,2.307957887649536,False,98,0.0,5.912451791763265,1
De'Zhaun Stribling,WR,2025,17,2026,16,16,0.0,2.370554685592652,False,105,0.0,3.318379235267632,1
De'Zhaun Stribling,WR,2025,17,2026,17,17,0.0,2.435341119766236,False,112,0.0,0.1376832246780392,1
DeMario Douglas,WR,2025,17,2026,1,1,0.0,4.224177837371826,False,0,0.0,18.93993778228758,1
DeMario Douglas,WR,2025,17,2026,2,2,0.0,4.111862182617188,False,7,0.0,18.27317466735839,1
DeMario Douglas,WR,2025,17,2026,3,3,0.0,4.139124870300293,False,14,0.0,17.66835412979125,1
DeMario Douglas,WR,2025,17,2026,4,4,0.0,4.228460788726807,False,21,0.0,17.780013275146473,1
DeMario Douglas,WR,2025,17,2026,5,5,0.0,4.272552013397217,False,28,0.0,17.215544629096982,1
DeMario Douglas,WR,2025,17,2026,6,6,0.0,4.379915714263916,False,35,0.0,16.596607685089108,1
DeMario Douglas,WR,2025,17,2026,7,7,0.0,4.582109928131104,False,42,0.0,16.195666027069088,1
DeMario Douglas,WR,2025,17,2026,8,8,0.0,4.936151027679443,False,49,0.0,15.953078556060785,1
DeMario Douglas,WR,2025,17,2026,9,9,0.0,5.332589149475098,False,56,0.0,15.238467597961398,1
DeMario Douglas,WR,2025,17,2026,10,10,0.0,5.782840728759766,False,63,0.0,15.053813099861143,1
DeMario Douglas,WR,2025,17,2026,11,11,0.0,6.304350852966309,False,70,0.0,15.306995248794546,1
DeMario Douglas,WR,2025,17,2026,12,12,0.0,6.814559459686279,False,77,0.0,15.261394309997552,1
DeMario Douglas,WR,2025,17,2026,13,13,0.0,7.176536083221436,False,84,0.0,14.82352457046508,1
DeMario Douglas,WR,2025,17,2026,14,14,0.0,7.380467414855957,False,91,0.0,12.993646740913384,1
DeMario Douglas,WR,2025,17,2026,15,15,0.0,7.432510375976562,False,98,0.0,11.03700428009029,1
DeMario Douglas,WR,2025,17,2026,16,16,0.0,7.353225231170654,False,105,0.0,8.301049780845634,1
DeMario Douglas,WR,2025,17,2026,17,17,0.0,7.191522121429443,False,112,0.0,4.893864226341247,1
DeVonta Smith,WR,2025,17,2026,1,1,0.0,14.654667854309082,False,0,3.55605239868164,29.370427799224835,1
DeVonta Smith,WR,2025,17,2026,2,2,0.0,14.590115547180176,False,7,0.9228213310241687,28.751428031921375,1
DeVonta Smith,WR,2025,17,2026,3,3,0.0,14.644696235656738,False,14,0.5171109199523922,28.173925495147696,1
DeVonta Smith,WR,2025,17,2026,4,4,0.0,14.790440559387209,False,21,0.5026863098144538,28.341993045806877,1
DeVonta Smith,WR,2025,17,2026,5,5,0.0,15.082557678222656,False,28,0.6441074371337887,28.02555029392242,1
DeVonta Smith,WR,2025,17,2026,6,6,0.0,15.501620292663574,False,35,0.9682190895080556,27.71831226348877,1
DeVonta Smith,WR,2025,17,2026,7,7,0.0,15.831923484802246,False,42,1.226270771026611,27.44547958374023,1
DeVonta Smith,WR,2025,17,2026,8,8,0.0,16.02970314025879,False,49,1.374254894256591,27.04663066864013,1
DeVonta Smith,WR,2025,17,2026,9,9,0.0,16.10932159423828,False,56,1.4075045585632342,26.01520004272458,1
DeVonta Smith,WR,2025,17,2026,10,10,0.0,16.178396224975586,False,63,1.4136693000793468,25.449368596076965,1
DeVonta Smith,WR,2025,17,2026,11,11,0.0,16.240806579589844,False,70,1.429532909393311,25.24345097541808,1
DeVonta Smith,WR,2025,17,2026,12,12,0.0,16.250789642333984,False,77,1.4079846382141117,24.697624492645257,1
DeVonta Smith,WR,2025,17,2026,13,13,0.0,16.245777130126953,False,84,1.3931796073913567,23.8927656173706,1
DeVonta Smith,WR,2025,17,2026,14,14,0.0,16.2044734954834,False,91,1.321180629730225,21.817652821540825,1
DeVonta Smith,WR,2025,17,2026,15,15,0.0,16.136804580688477,False,98,1.2578133583068851,19.741298484802204,1
DeVonta Smith,WR,2025,17,2026,16,16,0.0,16.05783462524414,False,105,1.145143127441406,17.00565917491912,1
DeVonta Smith,WR,2025,17,2026,17,17,0.0,15.895564079284668,False,112,0.9837463378906256,13.597906184196471,1
Deebo Samuel Sr.,WR,2025,17,2026,1,1,0.0,13.239984512329102,False,0,2.1413690567016594,27.95574445724485,1
Deebo Samuel Sr.,WR,2025,17,2026,2,2,0.0,13.19631004333496,False,7,0.0,27.357622528076163,1
Deebo Samuel Sr.,WR,2025,17,2026,3,3,0.0,13.174830436706545,False,14,0.0,26.7040596961975,1
Deebo Samuel Sr.,WR,2025,17,2026,4,4,0.0,13.175289154052734,False,21,0.0,26.7268416404724,1
Deebo Samuel Sr.,WR,2025,17,2026,5,5,0.0,13.28928279876709,False,28,0.0,26.23227541446685,1
Deebo Samuel Sr.,WR,2025,17,2026,6,6,0.0,13.51286792755127,False,35,0.0,25.72955989837646,1
Deebo Samuel Sr.,WR,2025,17,2026,7,7,0.0,13.708510398864746,False,42,0.0,25.32206649780273,1
Deebo Samuel Sr.,WR,2025,17,2026,8,8,0.0,13.83024787902832,False,49,0.0,24.84717540740966,1
Deebo Samuel Sr.,WR,2025,17,2026,9,9,0.0,13.847686767578123,False,56,0.0,23.753565216064423,1
Deebo Samuel Sr.,WR,2025,17,2026,10,10,0.0,13.838117599487305,False,63,0.0,23.109089970588684,1
Deebo Samuel Sr.,WR,2025,17,2026,11,11,0.0,13.789265632629396,False,70,0.0,22.791910028457632,1
Deebo Samuel Sr.,WR,2025,17,2026,12,12,0.0,13.695242881774902,False,77,0.0,22.14207773208617,1
Deebo Samuel Sr.,WR,2025,17,2026,13,13,0.0,13.57624340057373,False,84,0.0,21.223231887817374,1
Deebo Samuel Sr.,WR,2025,17,2026,14,14,0.0,13.481261253356934,False,91,0.0,19.09444057941436,1
Deebo Samuel Sr.,WR,2025,17,2026,15,15,0.0,13.40403652191162,False,98,0.0,17.00853042602535,1
Deebo Samuel Sr.,WR,2025,17,2026,16,16,0.0,13.328879356384276,False,105,0.0,14.276703906059256,1
Deebo Samuel Sr.,WR,2025,17,2026,17,17,0.0,13.251908302307127,False,112,0.0,10.954250407218932,1
Deion Burks,WR,2025,17,2026,1,1,0.0,2.252337694168091,False,0,0.0,16.968097639083844,1
Deion Burks,WR,2025,17,2026,2,2,0.0,2.155898332595825,False,7,0.0,16.317210817337028,1
Deion Burks,WR,2025,17,2026,3,3,0.0,2.1235930919647217,False,14,0.0,15.65282235145568,1
Deion Burks,WR,2025,17,2026,4,4,0.0,2.1060383319854736,False,21,0.0,15.657590818405138,1
Deion Burks,WR,2025,17,2026,5,5,0.0,2.034513235092163,False,28,0.0,14.977505850791928,1
Deion Burks,WR,2025,17,2026,6,6,0.0,2.0075716972351074,False,35,0.0,14.2242636680603,1
Deion Burks,WR,2025,17,2026,7,7,0.0,1.939844846725464,False,42,0.0,13.553400945663448,1
Deion Burks,WR,2025,17,2026,8,8,0.0,1.9111040830612185,False,49,0.0,12.92803161144256,1
Deion Burks,WR,2025,17,2026,9,9,0.0,1.9008256196975708,False,56,0.0,11.80670406818387,1
Deion Burks,WR,2025,17,2026,10,10,0.0,1.9060444831848145,False,63,0.0,11.177016854286194,1
Deion Burks,WR,2025,17,2026,11,11,0.0,1.9612185955047607,False,70,0.0,10.963862991333,1
Deion Burks,WR,2025,17,2026,12,12,0.0,2.0670673847198486,False,77,0.0,10.513902235031122,1
Deion Burks,WR,2025,17,2026,13,13,0.0,2.154638767242432,False,84,0.0,9.801627254486077,1
Deion Burks,WR,2025,17,2026,14,14,0.0,2.234306573867798,False,91,0.0,7.847485899925226,1
Deion Burks,WR,2025,17,2026,15,15,0.0,2.307454824447632,False,98,0.0,5.91194872856136,1
Deion Burks,WR,2025,17,2026,16,16,0.0,2.370057344436645,False,105,0.0,3.3178818941116264,1
Deion Burks,WR,2025,17,2026,17,17,0.0,2.434849977493286,False,112,0.0,0.13719208240509,1
Demarcus Robinson,WR,2025,17,2026,1,1,0.0,2.991562604904175,False,0,0.0,17.707322549819928,1
Demarcus Robinson,WR,2025,17,2026,2,2,0.0,2.76906418800354,False,7,0.0,16.930376672744742,1
Demarcus Robinson,WR,2025,17,2026,3,3,0.0,2.641363382339477,False,14,0.0,16.170592641830435,1
Demarcus Robinson,WR,2025,17,2026,4,4,0.0,2.5512731075286865,False,21,0.0,16.102825593948353,1
Demarcus Robinson,WR,2025,17,2026,5,5,0.0,2.421304702758789,False,28,0.0,15.364297318458554,1
Demarcus Robinson,WR,2025,17,2026,6,6,0.0,2.330681562423706,False,35,0.0,14.547373533248898,1
Demarcus Robinson,WR,2025,17,2026,7,7,0.0,2.23896598815918,False,42,0.0,13.852522087097164,1
Demarcus Robinson,WR,2025,17,2026,8,8,0.0,2.2091381549835205,False,49,0.0,13.226065683364862,1
Demarcus Robinson,WR,2025,17,2026,9,9,0.0,2.195848226547241,False,56,0.0,12.10172667503354,1
Demarcus Robinson,WR,2025,17,2026,10,10,0.0,2.1980984210968018,False,63,0.0,11.46907079219818,1
Demarcus Robinson,WR,2025,17,2026,11,11,0.0,2.2552807331085205,False,70,0.0,11.257925128936758,1
Demarcus Robinson,WR,2025,17,2026,12,12,0.0,2.346610307693481,False,77,0.0,10.793445158004754,1
Demarcus Robinson,WR,2025,17,2026,13,13,0.0,2.401320219039917,False,84,0.0,10.04830870628356,1
Demarcus Robinson,WR,2025,17,2026,14,14,0.0,2.44097113609314,False,91,0.0,8.054150462150567,1
Demarcus Robinson,WR,2025,17,2026,15,15,0.0,2.4668915271759038,False,98,0.0,6.071385431289632,1
Demarcus Robinson,WR,2025,17,2026,16,16,0.0,2.4834024906158447,False,105,0.0,3.4312270402908256,1
Demarcus Robinson,WR,2025,17,2026,17,17,0.0,2.489847421646118,False,112,0.0,0.1921895265579221,1
Demond Claiborne,RB,2025,17,2026,1,1,0.0,2.2497990131378174,False,0,0.0,16.96555895805357,1
Demond Claiborne,RB,2025,17,2026,2,2,0.0,2.1532976627349854,False,7,0.0,16.314610147476188,1
Demond Claiborne,RB,2025,17,2026,3,3,0.0,2.120856761932373,False,14,0.0,15.65008602142333,1
Demond Claiborne,RB,2025,17,2026,4,4,0.0,2.1032097339630127,False,21,0.0,15.654762220382676,1
Demond Claiborne,RB,2025,17,2026,5,5,0.0,2.0317440032958984,False,28,0.0,14.974736618995664,1
Demond Claiborne,RB,2025,17,2026,6,6,0.0,2.0049071311950684,False,35,0.0,14.22159910202026,1
Demond Claiborne,RB,2025,17,2026,7,7,0.0,1.937139749526977,False,42,0.0,13.550695848464962,1
Demond Claiborne,RB,2025,17,2026,8,8,0.0,1.9081228971481323,False,49,0.0,12.925050425529474,1
Demond Claiborne,RB,2025,17,2026,9,9,0.0,1.8975906372070312,False,56,0.0,11.803469085693331,1
Demond Claiborne,RB,2025,17,2026,10,10,0.0,1.9026439189910889,False,63,0.0,11.173616290092468,1
Demond Claiborne,RB,2025,17,2026,11,11,0.0,1.957747459411621,False,70,0.0,10.96039185523986,1
Demond Claiborne,RB,2025,17,2026,12,12,0.0,2.063629388809204,False,77,0.0,10.510464239120475,1
Demond Claiborne,RB,2025,17,2026,13,13,0.0,2.1513357162475586,False,84,0.0,9.798324203491202,1
Demond Claiborne,RB,2025,17,2026,14,14,0.0,2.231172800064087,False,91,0.0,7.844352126121515,1
Demond Claiborne,RB,2025,17,2026,15,15,0.0,2.304478883743286,False,98,0.0,5.908972787857015,1
Demond Claiborne,RB,2025,17,2026,16,16,0.0,2.3671538829803467,False,105,0.0,3.3149784326553275,1
Demond Claiborne,RB,2025,17,2026,17,17,0.0,2.43198823928833,False,112,0.0,0.134330344200134,1
Denzel Boston,WR,2025,17,2026,1,1,0.0,2.253958940505981,False,0,0.0,16.969718885421734,1
Denzel Boston,WR,2025,17,2026,2,2,0.0,2.1574857234954834,False,7,0.0,16.318798208236686,1
Denzel Boston,WR,2025,17,2026,3,3,0.0,2.1251139640808105,False,14,0.0,15.654343223571768,1
Denzel Boston,WR,2025,17,2026,4,4,0.0,2.10746169090271,False,21,0.0,15.659014177322376,1
Denzel Boston,WR,2025,17,2026,5,5,0.0,2.035823106765747,False,28,0.0,14.978815722465512,1
Denzel Boston,WR,2025,17,2026,6,6,0.0,2.008725643157959,False,35,0.0,14.22541761398315,1
Denzel Boston,WR,2025,17,2026,7,7,0.0,1.940848708152771,False,42,0.0,13.554404807090757,1
Denzel Boston,WR,2025,17,2026,8,8,0.0,1.9119768142700195,False,49,0.0,12.92890434265136,1
Denzel Boston,WR,2025,17,2026,9,9,0.0,1.90157151222229,False,56,0.0,11.80744996070859,1
Denzel Boston,WR,2025,17,2026,10,10,0.0,1.906694412231445,False,63,0.0,11.177666783332825,1
Denzel Boston,WR,2025,17,2026,11,11,0.0,1.961776614189148,False,70,0.0,10.964421010017386,1
Denzel Boston,WR,2025,17,2026,12,12,0.0,2.06756329536438,False,77,0.0,10.514398145675653,1
Denzel Boston,WR,2025,17,2026,13,13,0.0,2.1550772190093994,False,84,0.0,9.802065706253044,1
Denzel Boston,WR,2025,17,2026,14,14,0.0,2.234706163406372,False,91,0.0,7.8478854894638,1
Denzel Boston,WR,2025,17,2026,15,15,0.0,2.3078386783599854,False,98,0.0,5.912332582473714,1
Denzel Boston,WR,2025,17,2026,16,16,0.0,2.3704593181610107,False,105,0.0,3.318283867835992,1
Denzel Boston,WR,2025,17,2026,17,17,0.0,2.4353060722351074,False,112,0.0,0.1376481771469113,1
Derius Davis,WR,2025,17,2026,1,1,0.0,3.3216216564178467,False,0,0.0,18.0373816013336,1
Derius Davis,WR,2025,17,2026,2,2,0.0,3.436209917068481,False,7,0.0,17.597522401809684,1
Derius Davis,WR,2025,17,2026,3,3,0.0,3.5116302967071533,False,14,0.0,17.04085955619811,1
Derius Davis,WR,2025,17,2026,4,4,0.0,3.587498903274536,False,21,0.0,17.139051389694202,1
Derius Davis,WR,2025,17,2026,5,5,0.0,3.6130664348602295,False,28,0.0,16.556059050559995,1
Derius Davis,WR,2025,17,2026,6,6,0.0,3.6283860206604,False,35,0.0,15.845077991485592,1
Derius Davis,WR,2025,17,2026,7,7,0.0,3.591362953186035,False,42,0.0,15.20491905212402,1
Derius Davis,WR,2025,17,2026,8,8,0.0,3.559317350387573,False,49,0.0,14.576244878768916,1
Derius Davis,WR,2025,17,2026,9,9,0.0,3.4964630603790283,False,56,0.0,13.402341508865328,1
Derius Davis,WR,2025,17,2026,10,10,0.0,3.4559969902038574,False,63,0.0,12.726969361305237,1
Derius Davis,WR,2025,17,2026,11,11,0.0,3.4894661903381348,False,70,0.0,12.492110586166373,1
Derius Davis,WR,2025,17,2026,12,12,0.0,3.5632641315460205,False,77,0.0,12.010098981857292,1
Derius Davis,WR,2025,17,2026,13,13,0.0,3.618602514266968,False,84,0.0,11.26559100151061,1
Derius Davis,WR,2025,17,2026,14,14,0.0,3.667426347732544,False,91,0.0,9.280605673789973,1
Derius Davis,WR,2025,17,2026,15,15,0.0,3.696889638900757,False,98,0.0,7.301383543014485,1
Derius Davis,WR,2025,17,2026,16,16,0.0,3.725265264511109,False,105,0.0,4.673089814186089,1
Derius Davis,WR,2025,17,2026,17,17,0.0,3.7511587142944336,False,112,0.0,1.4535008192062375,1
Derrick Henry,RB,2025,17,2026,1,1,0.0,15.440936088562012,False,0,4.34232063293457,30.156696033477765,1
Derrick Henry,RB,2025,17,2026,2,2,0.0,15.168957710266112,False,7,1.5016634941101064,29.33027019500732,1
Derrick Henry,RB,2025,17,2026,3,3,0.0,15.00661277770996,False,14,0.8790274620056149,28.53584203720092,1
Derrick Henry,RB,2025,17,2026,4,4,0.0,14.927868843078612,False,21,0.6401145935058601,28.47942132949828,1
Derrick Henry,RB,2025,17,2026,5,5,0.0,14.779580116271973,False,28,0.3411298751831051,27.722572731971734,1
Derrick Henry,RB,2025,17,2026,6,6,0.0,14.374041557312012,False,35,0.0,26.590733528137203,1
Derrick Henry,RB,2025,17,2026,7,7,0.0,14.029513359069824,False,42,0.0,25.64306945800781,1
Derrick Henry,RB,2025,17,2026,8,8,0.0,13.795248031616213,False,49,0.0,24.812175559997552,1
Derrick Henry,RB,2025,17,2026,9,9,0.0,13.53136920928955,False,56,0.0,23.43724765777585,1
Derrick Henry,RB,2025,17,2026,10,10,0.0,13.303135871887209,False,63,0.0,22.574108242988583,1
Derrick Henry,RB,2025,17,2026,11,11,0.0,13.103741645812988,False,70,0.0,22.106386041641223,1
Derrick Henry,RB,2025,17,2026,12,12,0.0,12.913573265075684,False,77,0.0,21.36040811538696,1
Derrick Henry,RB,2025,17,2026,13,13,0.0,12.742870330810549,False,84,0.0,20.38985881805419,1
Derrick Henry,RB,2025,17,2026,14,14,0.0,12.59596061706543,False,91,0.0,18.209139943122857,1
Derrick Henry,RB,2025,17,2026,15,15,0.0,12.462075233459473,False,98,0.0,16.0665691375732,1
Derrick Henry,RB,2025,17,2026,16,16,0.0,12.327527046203612,False,105,0.0,13.275351595878591,1
Derrick Henry,RB,2025,17,2026,17,17,0.0,12.16498851776123,False,112,0.0,9.867330622673034,1
Devaughn Vele,WR,2025,17,2026,1,1,0.0,6.649505138397217,False,0,0.0,21.36526508331297,1
Devaughn Vele,WR,2025,17,2026,2,2,0.0,6.546764850616455,False,7,0.0,20.708077335357657,1
Devaughn Vele,WR,2025,17,2026,3,3,0.0,6.311625957489014,False,14,0.0,19.84085521697997,1
Devaughn Vele,WR,2025,17,2026,4,4,0.0,6.206051349639893,False,21,0.0,19.75760383605956,1
Devaughn Vele,WR,2025,17,2026,5,5,0.0,6.160017967224121,False,28,0.0,19.103010582923886,1
Devaughn Vele,WR,2025,17,2026,6,6,0.0,5.943705081939697,False,35,0.0,18.16039705276489,1
Devaughn Vele,WR,2025,17,2026,7,7,0.0,5.623540878295898,False,42,0.0,17.237096977233882,1
Devaughn Vele,WR,2025,17,2026,8,8,0.0,5.250564098358154,False,49,0.0,16.267491626739496,1
Devaughn Vele,WR,2025,17,2026,9,9,0.0,4.816522121429443,False,56,0.0,14.722400569915743,1
Devaughn Vele,WR,2025,17,2026,10,10,0.0,4.444902420043945,False,63,0.0,13.715874791145325,1
Devaughn Vele,WR,2025,17,2026,11,11,0.0,4.151333808898926,False,70,0.0,13.153978204727164,1
Devaughn Vele,WR,2025,17,2026,12,12,0.0,3.902075052261353,False,77,0.0,12.348909902572624,1
Devaughn Vele,WR,2025,17,2026,13,13,0.0,3.741441011428833,False,84,0.0,11.388429498672476,1
Devaughn Vele,WR,2025,17,2026,14,14,0.0,3.6904664039611816,False,91,0.0,9.303645730018609,1
Devaughn Vele,WR,2025,17,2026,15,15,0.0,3.682075262069702,False,98,0.0,7.286569166183431,1
Devaughn Vele,WR,2025,17,2026,16,16,0.0,3.725387811660767,False,105,0.0,4.673212361335748,1
Devaughn Vele,WR,2025,17,2026,17,17,0.0,3.807238340377808,False,112,0.0,1.5095804452896115,1
Devin Duvernay,WR,2025,17,2026,1,1,0.0,1.393911361694336,False,0,0.0,16.10967130661009,1
Devin Duvernay,WR,2025,17,2026,2,2,0.0,1.3640265464782717,False,7,0.0,15.525339031219476,1
Devin Duvernay,WR,2025,17,2026,3,3,0.0,1.345071792602539,False,14,0.0,14.874301052093497,1
Devin Duvernay,WR,2025,17,2026,4,4,0.0,1.3474085330963137,False,21,0.0,14.898961019515978,1
Devin Duvernay,WR,2025,17,2026,5,5,0.0,1.2848811149597168,False,28,0.0,14.227873730659482,1
Devin Duvernay,WR,2025,17,2026,6,6,0.0,1.277363657951355,False,35,0.0,13.494055628776549,1
Devin Duvernay,WR,2025,17,2026,7,7,0.0,1.2344725131988523,False,42,0.0,12.848028612136837,1
Devin Duvernay,WR,2025,17,2026,8,8,0.0,1.227038860321045,False,49,0.0,12.243966388702386,1
Devin Duvernay,WR,2025,17,2026,9,9,0.0,1.2260736227035522,False,56,0.0,11.131952071189852,1
Devin Duvernay,WR,2025,17,2026,10,10,0.0,1.2205688953399658,False,63,0.0,10.491541266441343,1
Devin Duvernay,WR,2025,17,2026,11,11,0.0,1.2487263679504397,False,70,0.0,10.251370763778676,1
Devin Duvernay,WR,2025,17,2026,12,12,0.0,1.3241167068481443,False,77,0.0,9.770951557159416,1
Devin Duvernay,WR,2025,17,2026,13,13,0.0,1.387426495552063,False,84,0.0,9.034414982795706,1
Devin Duvernay,WR,2025,17,2026,14,14,0.0,1.4515011310577393,False,91,0.0,7.064680457115167,1
Devin Duvernay,WR,2025,17,2026,15,15,0.0,1.5253794193267822,False,98,0.0,5.129873323440511,1
Devin Duvernay,WR,2025,17,2026,16,16,0.0,1.590367317199707,False,105,0.0,2.538191866874688,1
Devin Duvernay,WR,2025,17,2026,17,17,0.0,1.6562104225158691,False,112,0.0,-0.6414474725723269,1
Devin Singletary,RB,2025,17,2026,1,1,0.0,3.910991907119751,False,0,0.0,18.626751852035504,1
Devin Singletary,RB,2025,17,2026,2,2,0.0,3.8263542652130127,False,7,0.0,17.987666749954215,1
Devin Singletary,RB,2025,17,2026,3,3,0.0,3.770838975906372,False,14,0.0,17.30006823539733,1
Devin Singletary,RB,2025,17,2026,4,4,0.0,3.695364475250244,False,21,0.0,17.24691696166991,1
Devin Singletary,RB,2025,17,2026,5,5,0.0,3.573404312133789,False,28,0.0,16.516396927833554,1
Devin Singletary,RB,2025,17,2026,6,6,0.0,3.49531626701355,False,35,0.0,15.712008237838742,1
Devin Singletary,RB,2025,17,2026,7,7,0.0,3.4162373542785645,False,42,0.0,15.029793453216548,1
Devin Singletary,RB,2025,17,2026,8,8,0.0,3.379235982894897,False,49,0.0,14.39616351127624,1
Devin Singletary,RB,2025,17,2026,9,9,0.0,3.346634149551392,False,56,0.0,13.252512598037692,1
Devin Singletary,RB,2025,17,2026,10,10,0.0,3.351117849349976,False,63,0.0,12.622090220451357,1
Devin Singletary,RB,2025,17,2026,11,11,0.0,3.4329874515533447,False,70,0.0,12.435631847381584,1
Devin Singletary,RB,2025,17,2026,12,12,0.0,3.574512243270874,False,77,0.0,12.021347093582149,1
Devin Singletary,RB,2025,17,2026,13,13,0.0,3.692066192626953,False,84,0.0,11.339054679870596,1
Devin Singletary,RB,2025,17,2026,14,14,0.0,3.8029186725616455,False,91,0.0,9.416097998619072,1
Devin Singletary,RB,2025,17,2026,15,15,0.0,3.873166799545288,False,98,0.0,7.477660703659017,1
Devin Singletary,RB,2025,17,2026,16,16,0.0,3.907070875167847,False,105,0.0,4.854895424842828,1
Devin Singletary,RB,2025,17,2026,17,17,0.0,3.9109749794006343,False,112,0.0,1.6133170843124387,1
Devontez Walker,WR,2025,17,2026,1,1,0.0,3.161097526550293,False,0,0.0,17.876857471466046,1
Devontez Walker,WR,2025,17,2026,2,2,0.0,3.2996418476104736,False,7,0.0,17.460954332351676,1
Devontez Walker,WR,2025,17,2026,3,3,0.0,3.513648748397827,False,14,0.0,17.042878007888785,1
Devontez Walker,WR,2025,17,2026,4,4,0.0,3.788243532180786,False,21,0.0,17.339796018600452,1
Devontez Walker,WR,2025,17,2026,5,5,0.0,3.966212034225464,False,28,0.0,16.90920464992523,1
Devontez Walker,WR,2025,17,2026,6,6,0.0,4.161713123321533,False,35,0.0,16.378405094146725,1
Devontez Walker,WR,2025,17,2026,7,7,0.0,4.307107448577881,False,42,0.0,15.920663547515865,1
Devontez Walker,WR,2025,17,2026,8,8,0.0,4.470643043518066,False,49,0.0,15.487570571899408,1
Devontez Walker,WR,2025,17,2026,9,9,0.0,4.589789390563965,False,56,0.0,14.495667839050263,1
Devontez Walker,WR,2025,17,2026,10,10,0.0,4.725960731506348,False,63,0.0,13.996933102607729,1
Devontez Walker,WR,2025,17,2026,11,11,0.0,4.938680171966553,False,70,0.0,13.94132456779479,1
Devontez Walker,WR,2025,17,2026,12,12,0.0,5.160472869873047,False,77,0.0,13.60730772018432,1
Devontez Walker,WR,2025,17,2026,13,13,0.0,5.304664134979248,False,84,0.0,12.951652622222891,1
Devontez Walker,WR,2025,17,2026,14,14,0.0,5.383601665496826,False,91,0.0,10.996780991554251,1
Devontez Walker,WR,2025,17,2026,15,15,0.0,5.400802135467529,False,98,0.0,9.005296039581257,1
Devontez Walker,WR,2025,17,2026,16,16,0.0,5.363790512084961,False,105,0.0,6.311615061759942,1
Devontez Walker,WR,2025,17,2026,17,17,0.0,5.283861637115479,False,112,0.0,2.9862037420272824,1
Dohnte Meyers,WR,2025,17,2026,1,1,0.0,2.25278902053833,False,0,0.0,16.968548965454083,1
Dohnte Meyers,WR,2025,17,2026,2,2,0.0,2.15635347366333,False,7,0.0,16.317665958404532,1
Dohnte Meyers,WR,2025,17,2026,3,3,0.0,2.124052047729492,False,14,0.0,15.65328130722045,1
Dohnte Meyers,WR,2025,17,2026,4,4,0.0,2.1064932346343994,False,21,0.0,15.658045721054064,1
Dohnte Meyers,WR,2025,17,2026,5,5,0.0,2.0349550247192383,False,28,0.0,14.977947640419004,1
Dohnte Meyers,WR,2025,17,2026,6,6,0.0,2.007996797561645,False,35,0.0,14.224688768386835,1
Dohnte Meyers,WR,2025,17,2026,7,7,0.0,1.940255641937256,False,42,0.0,13.55381174087524,1
Dohnte Meyers,WR,2025,17,2026,8,8,0.0,1.911508321762085,False,49,0.0,12.928435850143426,1
Dohnte Meyers,WR,2025,17,2026,9,9,0.0,1.901228189468384,False,56,0.0,11.807106637954684,1
Dohnte Meyers,WR,2025,17,2026,10,10,0.0,1.9064539670944212,False,63,0.0,11.1774263381958,1
Dohnte Meyers,WR,2025,17,2026,11,11,0.0,1.96163809299469,False,70,0.0,10.964282488822928,1
Dohnte Meyers,WR,2025,17,2026,12,12,0.0,2.0674989223480225,False,77,0.0,10.514333772659295,1
Dohnte Meyers,WR,2025,17,2026,13,13,0.0,2.1550800800323486,False,84,0.0,9.802068567275992,1
Dohnte Meyers,WR,2025,17,2026,14,14,0.0,2.2347543239593506,False,91,0.0,7.847933650016778,1
Dohnte Meyers,WR,2025,17,2026,15,15,0.0,2.307900905609131,False,98,0.0,5.912394809722859,1
Dohnte Meyers,WR,2025,17,2026,16,16,0.0,2.3705008029937744,False,105,0.0,3.3183253526687557,1
Dohnte Meyers,WR,2025,17,2026,17,17,0.0,2.4352896213531494,False,112,0.0,0.1376317262649533,1
Dontayvion Wicks,WR,2025,17,2026,1,1,0.0,8.419316291809082,False,0,0.0,23.135076236724835,1
Dontayvion Wicks,WR,2025,17,2026,2,2,0.0,8.232382774353027,False,7,0.0,22.39369525909423,1
Dontayvion Wicks,WR,2025,17,2026,3,3,0.0,7.870693683624268,False,14,0.0,21.399922943115225,1
Dontayvion Wicks,WR,2025,17,2026,4,4,0.0,7.581535816192627,False,21,0.0,21.133088302612293,1
Dontayvion Wicks,WR,2025,17,2026,5,5,0.0,7.354872703552246,False,28,0.0,20.29786531925201,1
Dontayvion Wicks,WR,2025,17,2026,6,6,0.0,6.919467449188232,False,35,0.0,19.136159420013424,1
Dontayvion Wicks,WR,2025,17,2026,7,7,0.0,6.44269609451294,False,42,0.0,18.056252193450923,1
Dontayvion Wicks,WR,2025,17,2026,8,8,0.0,5.998013973236084,False,49,0.0,17.014941501617425,1
Dontayvion Wicks,WR,2025,17,2026,9,9,0.0,5.507075309753418,False,56,0.0,15.412953758239718,1
Dontayvion Wicks,WR,2025,17,2026,10,10,0.0,5.052265644073486,False,63,0.0,14.323238015174866,1
Dontayvion Wicks,WR,2025,17,2026,11,11,0.0,4.67737340927124,False,70,0.0,13.680017805099478,1
Dontayvion Wicks,WR,2025,17,2026,12,12,0.0,4.386489391326904,False,77,0.0,12.833324241638175,1
Dontayvion Wicks,WR,2025,17,2026,13,13,0.0,4.210258483886719,False,84,0.0,11.857246971130362,1
Dontayvion Wicks,WR,2025,17,2026,14,14,0.0,4.162906169891357,False,91,0.0,9.776085495948784,1
Dontayvion Wicks,WR,2025,17,2026,15,15,0.0,4.166163921356201,False,98,0.0,7.77065782546993,1
Dontayvion Wicks,WR,2025,17,2026,16,16,0.0,4.219575881958008,False,105,0.0,5.167400431632989,1
Dontayvion Wicks,WR,2025,17,2026,17,17,0.0,4.310593128204346,False,112,0.0,2.0129352331161496,1
Drake London,WR,2025,17,2026,1,1,0.0,11.598725318908691,False,0,0.5001098632812493,26.314485263824444,1
Drake London,WR,2025,17,2026,2,2,0.0,11.866701126098633,False,7,0.0,26.028013610839835,1
Drake London,WR,2025,17,2026,3,3,0.0,12.080720901489258,False,14,0.0,25.609950160980212,1
Drake London,WR,2025,17,2026,4,4,0.0,12.442818641662598,False,21,0.0,25.994371128082264,1
Drake London,WR,2025,17,2026,5,5,0.0,12.911352157592772,False,28,0.0,25.85434477329254,1
Drake London,WR,2025,17,2026,6,6,0.0,13.42617416381836,False,35,0.0,25.64286613464355,1
Drake London,WR,2025,17,2026,7,7,0.0,14.142447471618652,False,42,0.0,25.75600357055664,1
Drake London,WR,2025,17,2026,8,8,0.0,15.054593086242676,False,49,0.3991448402404778,26.071520614624017,1
Drake London,WR,2025,17,2026,9,9,0.0,15.816624641418455,False,56,1.11480760574341,25.722503089904755,1
Drake London,WR,2025,17,2026,10,10,0.0,16.277362823486328,False,63,1.512635898590089,25.548335194587708,1
Drake London,WR,2025,17,2026,11,11,0.0,16.588855743408203,False,70,1.7775820732116705,25.59150013923644,1
Drake London,WR,2025,17,2026,12,12,0.0,16.757265090942383,False,77,1.91446008682251,25.204099941253656,1
Drake London,WR,2025,17,2026,13,13,0.0,16.801984786987305,False,84,1.9493872642517085,24.448973274230948,1
Drake London,WR,2025,17,2026,14,14,0.0,16.780424118041992,False,91,1.897131252288819,22.39360344409942,1
Drake London,WR,2025,17,2026,15,15,0.0,16.7114200592041,False,98,1.83242883682251,20.31591396331783,1
Drake London,WR,2025,17,2026,16,16,0.0,16.621931076049805,False,105,1.70923957824707,17.569755625724785,1
Drake London,WR,2025,17,2026,17,17,0.0,16.464590072631836,False,112,1.5527723312377937,14.16693217754364,1
Dyami Brown,WR,2025,17,2026,1,1,0.0,7.2417311668396,False,0,0.0,21.957491111755356,1
Dyami Brown,WR,2025,17,2026,2,2,0.0,7.352303981781006,False,7,0.0,21.51361646652221,1
Dyami Brown,WR,2025,17,2026,3,3,0.0,7.300547122955322,False,14,0.0,20.82977638244628,1
Dyami Brown,WR,2025,17,2026,4,4,0.0,7.403649806976318,False,21,0.0,20.955202293395985,1
Dyami Brown,WR,2025,17,2026,5,5,0.0,7.474753856658935,False,28,0.0,20.4177464723587,1
Dyami Brown,WR,2025,17,2026,6,6,0.0,7.343336582183838,False,35,0.0,19.56002855300903,1
Dyami Brown,WR,2025,17,2026,7,7,0.0,7.171897411346436,False,42,0.0,18.78545351028442,1
Dyami Brown,WR,2025,17,2026,8,8,0.0,6.979125499725342,False,49,0.0,17.996053028106683,1
Dyami Brown,WR,2025,17,2026,9,9,0.0,6.640505790710449,False,56,0.0,16.546384239196748,1
Dyami Brown,WR,2025,17,2026,10,10,0.0,6.2222819328308105,False,63,0.0,15.49325430393219,1
Dyami Brown,WR,2025,17,2026,11,11,0.0,5.786856174468994,False,70,0.0,14.789500570297232,1
Dyami Brown,WR,2025,17,2026,12,12,0.0,5.399680614471436,False,77,0.0,13.846515464782708,1
Dyami Brown,WR,2025,17,2026,13,13,0.0,5.126368999481201,False,84,0.0,12.773357486724844,1
Dyami Brown,WR,2025,17,2026,14,14,0.0,5.010707855224609,False,91,0.0,10.623887181282036,1
Dyami Brown,WR,2025,17,2026,15,15,0.0,4.966443061828613,False,98,0.0,8.570936965942341,1
Dyami Brown,WR,2025,17,2026,16,16,0.0,4.977269649505615,False,105,0.0,5.925094199180596,1
Dyami Brown,WR,2025,17,2026,17,17,0.0,5.01245641708374,False,112,0.0,2.714798521995544,1
Dylan Laube,RB,2025,17,2026,1,1,0.0,3.149821281433105,False,0,0.0,17.86558122634886,1
Dylan Laube,RB,2025,17,2026,2,2,0.0,3.3118250370025635,False,7,0.0,17.473137521743766,1
Dylan Laube,RB,2025,17,2026,3,3,0.0,3.361235857009888,False,14,0.0,16.890465116500845,1
Dylan Laube,RB,2025,17,2026,4,4,0.0,3.3999035358428955,False,21,0.0,16.951456022262562,1
Dylan Laube,RB,2025,17,2026,5,5,0.0,3.39042329788208,False,28,0.0,16.333415913581845,1
Dylan Laube,RB,2025,17,2026,6,6,0.0,3.349757194519043,False,35,0.0,15.566449165344237,1
Dylan Laube,RB,2025,17,2026,7,7,0.0,3.2375853061676025,False,42,0.0,14.851141405105588,1
Dylan Laube,RB,2025,17,2026,8,8,0.0,3.1165754795074463,False,49,0.0,14.133503007888788,1
Dylan Laube,RB,2025,17,2026,9,9,0.0,2.9644272327423096,False,56,0.0,12.87030568122861,1
Dylan Laube,RB,2025,17,2026,10,10,0.0,2.8403661251068115,False,63,0.0,12.111338496208193,1
Dylan Laube,RB,2025,17,2026,11,11,0.0,2.7832720279693604,False,70,0.0,11.785916423797598,1
Dylan Laube,RB,2025,17,2026,12,12,0.0,2.779747486114502,False,77,0.0,11.226582336425777,1
Dylan Laube,RB,2025,17,2026,13,13,0.0,2.78783655166626,False,84,0.0,10.434825038909905,1
Dylan Laube,RB,2025,17,2026,14,14,0.0,2.8203494548797607,False,91,0.0,8.433528780937188,1
Dylan Laube,RB,2025,17,2026,15,15,0.0,2.867793083190918,False,98,0.0,6.472286987304647,1
Dylan Laube,RB,2025,17,2026,16,16,0.0,2.930089235305786,False,105,0.0,3.877913784980767,1
Dylan Laube,RB,2025,17,2026,17,17,0.0,3.0034749507904053,False,112,0.0,0.7058170557022092,1
Dylan Sampson,RB,2025,17,2026,1,1,0.0,7.459798336029053,False,0,0.0,22.17555828094481,1
Dylan Sampson,RB,2025,17,2026,2,2,0.0,7.307491302490234,False,7,0.0,21.46880378723144,1
Dylan Sampson,RB,2025,17,2026,3,3,0.0,6.976353168487549,False,14,0.0,20.505582427978503,1
Dylan Sampson,RB,2025,17,2026,4,4,0.0,6.803596496582031,False,21,0.0,20.355148983001698,1
Dylan Sampson,RB,2025,17,2026,5,5,0.0,6.718009471893311,False,28,0.0,19.66100208759308,1
Dylan Sampson,RB,2025,17,2026,6,6,0.0,6.506545543670654,False,35,0.0,18.72323751449585,1
Dylan Sampson,RB,2025,17,2026,7,7,0.0,6.325561046600342,False,42,0.0,17.939117145538326,1
Dylan Sampson,RB,2025,17,2026,8,8,0.0,6.14376974105835,False,49,0.0,17.16069726943969,1
Dylan Sampson,RB,2025,17,2026,9,9,0.0,5.853292942047119,False,56,0.0,15.75917139053342,1
Dylan Sampson,RB,2025,17,2026,10,10,0.0,5.543858528137207,False,63,0.0,14.814830899238586,1
Dylan Sampson,RB,2025,17,2026,11,11,0.0,5.256807327270508,False,70,0.0,14.259451723098746,1
Dylan Sampson,RB,2025,17,2026,12,12,0.0,4.989950180053711,False,77,0.0,13.436785030364984,1
Dylan Sampson,RB,2025,17,2026,13,13,0.0,4.785969734191895,False,84,0.0,12.432958221435538,1
Dylan Sampson,RB,2025,17,2026,14,14,0.0,4.706798553466797,False,91,0.0,10.319977879524224,1
Dylan Sampson,RB,2025,17,2026,15,15,0.0,4.66864538192749,False,98,0.0,8.273139286041218,1
Dylan Sampson,RB,2025,17,2026,16,16,0.0,4.680761814117432,False,105,0.0,5.6285863637924125,1
Dylan Sampson,RB,2025,17,2026,17,17,0.0,4.71812105178833,False,112,0.0,2.420463156700134,1
Efton Chism III,WR,2025,17,2026,1,1,0.0,2.092055082321167,False,0,0.0,16.80781502723692,1
Efton Chism III,WR,2025,17,2026,2,2,0.0,2.065759897232056,False,7,0.0,16.227072381973258,1
Efton Chism III,WR,2025,17,2026,3,3,0.0,2.0676958560943604,False,14,0.0,15.596925115585318,1
Efton Chism III,WR,2025,17,2026,4,4,0.0,2.105078935623169,False,21,0.0,15.656631422042834,1
Efton Chism III,WR,2025,17,2026,5,5,0.0,2.1017303466796875,False,28,0.0,15.044722962379453,1
Efton Chism III,WR,2025,17,2026,6,6,0.0,2.1540722846984863,False,35,0.0,14.370764255523678,1
Efton Chism III,WR,2025,17,2026,7,7,0.0,2.1547648906707764,False,42,0.0,13.76832098960876,1
Efton Chism III,WR,2025,17,2026,8,8,0.0,2.187294244766236,False,49,0.0,13.204221773147577,1
Efton Chism III,WR,2025,17,2026,9,9,0.0,2.2122645378112797,False,56,0.0,12.11814298629758,1
Efton Chism III,WR,2025,17,2026,10,10,0.0,2.232972860336304,False,63,0.0,11.503945231437685,1
Efton Chism III,WR,2025,17,2026,11,11,0.0,2.2973873615264893,False,70,0.0,11.300031757354729,1
Efton Chism III,WR,2025,17,2026,12,12,0.0,2.3853371143341064,False,77,0.0,10.83217196464538,1
Efton Chism III,WR,2025,17,2026,13,13,0.0,2.454885005950928,False,84,0.0,10.10187349319457,1
Efton Chism III,WR,2025,17,2026,14,14,0.0,2.512948036193848,False,91,0.0,8.126127362251275,1
Efton Chism III,WR,2025,17,2026,15,15,0.0,2.566230058670044,False,98,0.0,6.170723962783772,1
Efton Chism III,WR,2025,17,2026,16,16,0.0,2.61597228050232,False,105,0.0,3.5637968301773,1
Efton Chism III,WR,2025,17,2026,17,17,0.0,2.668195962905884,False,112,0.0,0.3705380678176877,1
Eli Heidenreich,RB,2025,17,2026,1,1,0.0,2.249340772628784,False,0,0.0,16.965100717544537,1
Eli Heidenreich,RB,2025,17,2026,2,2,0.0,2.1527907848358154,False,7,0.0,16.314103269577018,1
Eli Heidenreich,RB,2025,17,2026,3,3,0.0,2.12024998664856,False,14,0.0,15.649479246139515,1
Eli Heidenreich,RB,2025,17,2026,4,4,0.0,2.1025073528289795,False,21,0.0,15.654059839248644,1
Eli Heidenreich,RB,2025,17,2026,5,5,0.0,2.0309507846832275,False,28,0.0,14.973943400382993,1
Eli Heidenreich,RB,2025,17,2026,6,6,0.0,2.003998279571533,False,35,0.0,14.220690250396723,1
Eli Heidenreich,RB,2025,17,2026,7,7,0.0,1.936111688613892,False,42,0.0,13.549667787551876,1
Eli Heidenreich,RB,2025,17,2026,8,8,0.0,1.9069780111312864,False,49,0.0,12.923905539512628,1
Eli Heidenreich,RB,2025,17,2026,9,9,0.0,1.896317481994629,False,56,0.0,11.802195930480927,1
Eli Heidenreich,RB,2025,17,2026,10,10,0.0,1.9012327194213867,False,63,0.0,11.172205090522766,1
Eli Heidenreich,RB,2025,17,2026,11,11,0.0,1.9561790227890012,False,70,0.0,10.95882341861724,1
Eli Heidenreich,RB,2025,17,2026,12,12,0.0,2.0619380474090576,False,77,0.0,10.50877289772033,1
Eli Heidenreich,RB,2025,17,2026,13,13,0.0,2.1495354175567627,False,84,0.0,9.796523904800406,1
Eli Heidenreich,RB,2025,17,2026,14,14,0.0,2.2293031215667725,False,91,0.0,7.8424824476242,1
Eli Heidenreich,RB,2025,17,2026,15,15,0.0,2.3026115894317627,False,98,0.0,5.907105493545491,1
Eli Heidenreich,RB,2025,17,2026,16,16,0.0,2.3653290271759038,False,105,0.0,3.313153576850884,1
Eli Heidenreich,RB,2025,17,2026,17,17,0.0,2.430250644683838,False,112,0.0,0.1325927495956418,1
Elic Ayomanor,WR,2025,17,2026,1,1,0.0,9.115124702453612,False,0,0.0,23.830884647369366,1
Elic Ayomanor,WR,2025,17,2026,2,2,0.0,9.142462730407717,False,7,0.0,23.30377521514892,1
Elic Ayomanor,WR,2025,17,2026,3,3,0.0,9.10204029083252,False,14,0.0,22.63126955032348,1
Elic Ayomanor,WR,2025,17,2026,4,4,0.0,9.30359935760498,False,21,0.0,22.855151844024647,1
Elic Ayomanor,WR,2025,17,2026,5,5,0.0,9.555033683776855,False,28,0.0,22.49802629947662,1
Elic Ayomanor,WR,2025,17,2026,6,6,0.0,9.64439296722412,False,35,0.0,21.861084938049316,1
Elic Ayomanor,WR,2025,17,2026,7,7,0.0,9.71957302093506,False,42,0.0,21.333129119873043,1
Elic Ayomanor,WR,2025,17,2026,8,8,0.0,9.823662757873535,False,49,0.0,20.84059028625488,1
Elic Ayomanor,WR,2025,17,2026,9,9,0.0,9.766788482666016,False,56,0.0,19.672666931152317,1
Elic Ayomanor,WR,2025,17,2026,10,10,0.0,9.607850074768066,False,63,0.0,18.87882244586945,1
Elic Ayomanor,WR,2025,17,2026,11,11,0.0,9.399089813232422,False,70,0.0,18.40173420906066,1
Elic Ayomanor,WR,2025,17,2026,12,12,0.0,9.188084602355955,False,77,0.0,17.63491945266723,1
Elic Ayomanor,WR,2025,17,2026,13,13,0.0,8.9793062210083,False,84,0.0,16.626294708251944,1
Elic Ayomanor,WR,2025,17,2026,14,14,0.0,8.850029945373535,False,91,0.0,14.463209271430962,1
Elic Ayomanor,WR,2025,17,2026,15,15,0.0,8.739373207092285,False,98,0.0,12.343867111206013,1
Elic Ayomanor,WR,2025,17,2026,16,16,0.0,8.654023170471191,False,105,0.0,9.601847720146171,1
Elic Ayomanor,WR,2025,17,2026,17,17,0.0,8.571125030517578,False,112,0.0,6.273467135429382,1
Elijah Moore,WR,2025,17,2026,1,1,0.0,2.339239835739136,False,0,0.0,17.05499978065489,1
Elijah Moore,WR,2025,17,2026,2,2,0.0,2.2691824436187744,False,7,0.0,16.430494928359977,1
Elijah Moore,WR,2025,17,2026,3,3,0.0,2.214460849761963,False,14,0.0,15.74369010925292,1
Elijah Moore,WR,2025,17,2026,4,4,0.0,2.2022502422332764,False,21,0.0,15.75380272865294,1
Elijah Moore,WR,2025,17,2026,5,5,0.0,2.1428375244140625,False,28,0.0,15.085830140113828,1
Elijah Moore,WR,2025,17,2026,6,6,0.0,2.1225955486297607,False,35,0.0,14.339287519454953,1
Elijah Moore,WR,2025,17,2026,7,7,0.0,2.059792995452881,False,42,0.0,13.673349094390865,1
Elijah Moore,WR,2025,17,2026,8,8,0.0,2.028084516525269,False,49,0.0,13.04501204490661,1
Elijah Moore,WR,2025,17,2026,9,9,0.0,1.9963972568511963,False,56,0.0,11.902275705337496,1
Elijah Moore,WR,2025,17,2026,10,10,0.0,1.9722661972045896,False,63,0.0,11.24323856830597,1
Elijah Moore,WR,2025,17,2026,11,11,0.0,1.9910855293273928,False,70,0.0,10.99372992515563,1
Elijah Moore,WR,2025,17,2026,12,12,0.0,2.0473849773406982,False,77,0.0,10.494219827651971,1
Elijah Moore,WR,2025,17,2026,13,13,0.0,2.090549945831299,False,84,0.0,9.737538433074942,1
Elijah Moore,WR,2025,17,2026,14,14,0.0,2.131177425384521,False,91,0.0,7.744356751441949,1
Elijah Moore,WR,2025,17,2026,15,15,0.0,2.1774652004241943,False,98,0.0,5.781959104537923,1
Elijah Moore,WR,2025,17,2026,16,16,0.0,2.223867654800415,False,105,0.0,3.171692204475396,1
Elijah Moore,WR,2025,17,2026,17,17,0.0,2.267852067947388,False,112,0.0,-0.0298058271408083,1
Elijah Sarratt,WR,2025,17,2026,1,1,0.0,2.2526748180389404,False,0,0.0,16.968434762954693,1
Elijah Sarratt,WR,2025,17,2026,2,2,0.0,2.156192779541016,False,7,0.0,16.317505264282218,1
Elijah Sarratt,WR,2025,17,2026,3,3,0.0,2.1238157749176025,False,14,0.0,15.65304503440856,1
Elijah Sarratt,WR,2025,17,2026,4,4,0.0,2.106182098388672,False,21,0.0,15.657734584808336,1
Elijah Sarratt,WR,2025,17,2026,5,5,0.0,2.034564733505249,False,28,0.0,14.977557349205014,1
Elijah Sarratt,WR,2025,17,2026,6,6,0.0,2.0075056552886963,False,35,0.0,14.224197626113888,1
Elijah Sarratt,WR,2025,17,2026,7,7,0.0,1.9396657943725584,False,42,0.0,13.553221893310544,1
Elijah Sarratt,WR,2025,17,2026,8,8,0.0,1.9108264446258545,False,49,0.0,12.927753973007196,1
Elijah Sarratt,WR,2025,17,2026,9,9,0.0,1.9004486799240112,False,56,0.0,11.806327128410311,1
Elijah Sarratt,WR,2025,17,2026,10,10,0.0,1.9055742025375368,False,63,0.0,11.176546573638916,1
Elijah Sarratt,WR,2025,17,2026,11,11,0.0,1.960644483566284,False,70,0.0,10.963288879394522,1
Elijah Sarratt,WR,2025,17,2026,12,12,0.0,2.0664172172546387,False,77,0.0,10.513252067565912,1
Elijah Sarratt,WR,2025,17,2026,13,13,0.0,2.1539146900177,False,84,0.0,9.800903177261343,1
Elijah Sarratt,WR,2025,17,2026,14,14,0.0,2.233532428741455,False,91,0.0,7.846711754798883,1
Elijah Sarratt,WR,2025,17,2026,15,15,0.0,2.306673765182495,False,98,0.0,5.911167669296224,1
Elijah Sarratt,WR,2025,17,2026,16,16,0.0,2.369300603866577,False,105,0.0,3.317125153541558,1
Elijah Sarratt,WR,2025,17,2026,17,17,0.0,2.434152364730835,False,112,0.0,0.1364944696426389,1
Emanuel Wilson,RB,2025,17,2026,1,1,0.0,4.935110569000244,False,0,0.0,19.650870513916,1
Emanuel Wilson,RB,2025,17,2026,2,2,0.0,4.91892671585083,False,7,0.0,19.080239200592032,1
Emanuel Wilson,RB,2025,17,2026,3,3,0.0,5.047354221343994,False,14,0.0,18.57658348083495,1
Emanuel Wilson,RB,2025,17,2026,4,4,0.0,5.201230525970459,False,21,0.0,18.752783012390125,1
Emanuel Wilson,RB,2025,17,2026,5,5,0.0,5.266496181488037,False,28,0.0,18.2094887971878,1
Emanuel Wilson,RB,2025,17,2026,6,6,0.0,5.36689567565918,False,35,0.0,17.58358764648437,1
Emanuel Wilson,RB,2025,17,2026,7,7,0.0,5.536074638366699,False,42,0.0,17.149630737304683,1
Emanuel Wilson,RB,2025,17,2026,8,8,0.0,5.831300258636475,False,49,0.0,16.848227787017816,1
Emanuel Wilson,RB,2025,17,2026,9,9,0.0,6.177208423614502,False,56,0.0,16.0830868721008,1
Emanuel Wilson,RB,2025,17,2026,10,10,0.0,6.595500469207764,False,63,0.0,15.866472840309145,1
Emanuel Wilson,RB,2025,17,2026,11,11,0.0,7.0903801918029785,False,70,0.0,16.093024587631216,1
Emanuel Wilson,RB,2025,17,2026,12,12,0.0,7.607675075531006,False,77,0.0,16.05450992584228,1
Emanuel Wilson,RB,2025,17,2026,13,13,0.0,8.050467491149902,False,84,0.0,15.697455978393544,1
Emanuel Wilson,RB,2025,17,2026,14,14,0.0,8.37255573272705,False,91,0.0,13.985735058784478,1
Emanuel Wilson,RB,2025,17,2026,15,15,0.0,8.536434173583984,False,98,0.0,12.140928077697712,1
Emanuel Wilson,RB,2025,17,2026,16,16,0.0,8.535039901733398,False,105,0.0,9.482864451408378,1
Emanuel Wilson,RB,2025,17,2026,17,17,0.0,8.410564422607422,False,112,0.0,6.112906527519225,1
Emari Demercado,RB,2025,17,2026,1,1,0.0,3.457688570022583,False,0,0.0,18.173448514938336,1
Emari Demercado,RB,2025,17,2026,2,2,0.0,3.400996446609497,False,7,0.0,17.5623089313507,1
Emari Demercado,RB,2025,17,2026,3,3,0.0,3.384187936782837,False,14,0.0,16.913417196273794,1
Emari Demercado,RB,2025,17,2026,4,4,0.0,3.3790619373321533,False,21,0.0,16.93061442375182,1
Emari Demercado,RB,2025,17,2026,5,5,0.0,3.3575809001922607,False,28,0.0,16.300573515892026,1
Emari Demercado,RB,2025,17,2026,6,6,0.0,3.3364953994750977,False,35,0.0,15.55318737030029,1
Emari Demercado,RB,2025,17,2026,7,7,0.0,3.3046579360961914,False,42,0.0,14.918214035034175,1
Emari Demercado,RB,2025,17,2026,8,8,0.0,3.2784228324890137,False,49,0.0,14.295350360870357,1
Emari Demercado,RB,2025,17,2026,9,9,0.0,3.220550775527954,False,56,0.0,13.126429224014254,1
Emari Demercado,RB,2025,17,2026,10,10,0.0,3.187068223953247,False,63,0.0,12.458040595054626,1
Emari Demercado,RB,2025,17,2026,11,11,0.0,3.226485252380371,False,70,0.0,12.229129648208607,1
Emari Demercado,RB,2025,17,2026,12,12,0.0,3.2989096641540527,False,77,0.0,11.745744514465326,1
Emari Demercado,RB,2025,17,2026,13,13,0.0,3.3574059009552,False,84,0.0,11.004394388198843,1
Emari Demercado,RB,2025,17,2026,14,14,0.0,3.416476011276245,False,91,0.0,9.029655337333672,1
Emari Demercado,RB,2025,17,2026,15,15,0.0,3.447345495223999,False,98,0.0,7.051839399337728,1
Emari Demercado,RB,2025,17,2026,16,16,0.0,3.4797511100769043,False,105,0.0,4.427575659751885,1
Emari Demercado,RB,2025,17,2026,17,17,0.0,3.508019208908081,False,112,0.0,1.210361313819885,1
Emeka Egbuka,WR,2025,17,2026,1,1,0.0,15.94524097442627,False,0,4.846625518798827,30.661000919342023,1
Emeka Egbuka,WR,2025,17,2026,2,2,0.0,15.83054256439209,False,7,2.163248348236083,29.99185504913329,1
Emeka Egbuka,WR,2025,17,2026,3,3,0.0,15.651103973388672,False,14,1.5235186576843258,29.18033323287963,1
Emeka Egbuka,WR,2025,17,2026,4,4,0.0,15.611987113952637,False,21,1.3242328643798835,29.163539600372303,1
Emeka Egbuka,WR,2025,17,2026,5,5,0.0,15.59945297241211,False,28,1.1610027313232418,28.542445588111875,1
Emeka Egbuka,WR,2025,17,2026,6,6,0.0,15.411293029785156,False,35,0.8778918266296376,27.627985000610348,1
Emeka Egbuka,WR,2025,17,2026,7,7,0.0,15.262255668640137,False,42,0.6566029548645016,26.87581176757812,1
Emeka Egbuka,WR,2025,17,2026,8,8,0.0,15.18906307220459,False,49,0.5336148262023919,26.20599060058593,1
Emeka Egbuka,WR,2025,17,2026,9,9,0.0,15.09853458404541,False,56,0.3967175483703631,25.00441303253171,1
Emeka Egbuka,WR,2025,17,2026,10,10,0.0,14.988696098327637,False,63,0.2239691734313975,24.259668469429016,1
Emeka Egbuka,WR,2025,17,2026,11,11,0.0,14.790179252624512,False,70,0.0,23.79282364845275,1
Emeka Egbuka,WR,2025,17,2026,12,12,0.0,14.55737018585205,False,77,0.0,23.004205036163324,1
Emeka Egbuka,WR,2025,17,2026,13,13,0.0,14.414926528930664,False,84,0.0,22.061915016174307,1
Emeka Egbuka,WR,2025,17,2026,14,14,0.0,14.315088272094728,False,91,0.0,19.928267598152157,1
Emeka Egbuka,WR,2025,17,2026,15,15,0.0,14.229998588562012,False,98,0.0,17.83449249267574,1
Emeka Egbuka,WR,2025,17,2026,16,16,0.0,14.140671730041504,False,105,0.0,15.088496279716484,1
Emeka Egbuka,WR,2025,17,2026,17,17,0.0,14.01400661468506,False,112,0.0,11.716348719596862,1
Emmett Johnson,RB,2025,17,2026,1,1,0.0,2.250264883041382,False,0,0.0,16.966024827957135,1
Emmett Johnson,RB,2025,17,2026,2,2,0.0,2.1537890434265137,False,7,0.0,16.315101528167716,1
Emmett Johnson,RB,2025,17,2026,3,3,0.0,2.1213812828063965,False,14,0.0,15.650610542297354,1
Emmett Johnson,RB,2025,17,2026,4,4,0.0,2.1037604808807373,False,21,0.0,15.655312967300402,1
Emmett Johnson,RB,2025,17,2026,5,5,0.0,2.032318592071533,False,28,0.0,14.975311207771298,1
Emmett Johnson,RB,2025,17,2026,6,6,0.0,2.005511999130249,False,35,0.0,14.22220396995544,1
Emmett Johnson,RB,2025,17,2026,7,7,0.0,1.937777400016785,False,42,0.0,13.551333498954769,1
Emmett Johnson,RB,2025,17,2026,8,8,0.0,1.908794403076172,False,49,0.0,12.925721931457511,1
Emmett Johnson,RB,2025,17,2026,9,9,0.0,1.8983029127120967,False,56,0.0,11.804181361198395,1
Emmett Johnson,RB,2025,17,2026,10,10,0.0,1.903406262397766,False,63,0.0,11.174378633499146,1
Emmett Johnson,RB,2025,17,2026,11,11,0.0,1.958570957183838,False,70,0.0,10.961215353012076,1
Emmett Johnson,RB,2025,17,2026,12,12,0.0,2.0645053386688232,False,77,0.0,10.511340188980096,1
Emmett Johnson,RB,2025,17,2026,13,13,0.0,2.152261257171631,False,84,0.0,9.799249744415274,1
Emmett Johnson,RB,2025,17,2026,14,14,0.0,2.232133150100708,False,91,0.0,7.845312476158136,1
Emmett Johnson,RB,2025,17,2026,15,15,0.0,2.30544114112854,False,98,0.0,5.9099350452422685,1
Emmett Johnson,RB,2025,17,2026,16,16,0.0,2.3681015968322754,False,105,0.0,3.3159261465072563,1
Emmett Johnson,RB,2025,17,2026,17,17,0.0,2.4329020977020264,False,112,0.0,0.1352442026138303,1
Garrett Wilson,WR,2025,17,2026,1,1,0.0,8.307976722717285,False,0,0.0,23.02373666763304,1
Garrett Wilson,WR,2025,17,2026,2,2,0.0,8.425779342651367,False,7,0.0,22.58709182739257,1
Garrett Wilson,WR,2025,17,2026,3,3,0.0,8.490946769714355,False,14,0.0,22.020176029205317,1
Garrett Wilson,WR,2025,17,2026,4,4,0.0,8.824280738830566,False,21,0.0,22.375833225250236,1
Garrett Wilson,WR,2025,17,2026,5,5,0.0,9.1145658493042,False,28,0.0,22.057558465003964,1
Garrett Wilson,WR,2025,17,2026,6,6,0.0,9.320473670959473,False,35,0.0,21.537165641784664,1
Garrett Wilson,WR,2025,17,2026,7,7,0.0,9.618544578552246,False,42,0.0,21.23210067749023,1
Garrett Wilson,WR,2025,17,2026,8,8,0.0,9.861859321594238,False,49,0.0,20.87878684997558,1
Garrett Wilson,WR,2025,17,2026,9,9,0.0,9.822416305541992,False,56,0.0,19.72829475402829,1
Garrett Wilson,WR,2025,17,2026,10,10,0.0,9.636322975158691,False,63,0.0,18.90729534626007,1
Garrett Wilson,WR,2025,17,2026,11,11,0.0,9.404070854187012,False,70,0.0,18.40671525001525,1
Garrett Wilson,WR,2025,17,2026,12,12,0.0,9.172033309936523,False,77,0.0,17.618868160247796,1
Garrett Wilson,WR,2025,17,2026,13,13,0.0,8.934847831726074,False,84,0.0,16.581836318969717,1
Garrett Wilson,WR,2025,17,2026,14,14,0.0,8.776342391967773,False,91,0.0,14.3895217180252,1
Garrett Wilson,WR,2025,17,2026,15,15,0.0,8.645947456359863,False,98,0.0,12.250441360473593,1
Garrett Wilson,WR,2025,17,2026,16,16,0.0,8.554280281066895,False,105,0.0,9.502104830741876,1
Garrett Wilson,WR,2025,17,2026,17,17,0.0,8.45483112335205,False,112,0.0,6.157173228263854,1
George Holani,RB,2025,17,2026,1,1,0.0,1.405821442604065,False,0,0.0,16.121581387519818,1
George Holani,RB,2025,17,2026,2,2,0.0,1.354331135749817,False,7,0.0,15.51564362049102,1
George Holani,RB,2025,17,2026,3,3,0.0,1.3416630029678345,False,14,0.0,14.870892262458792,1
George Holani,RB,2025,17,2026,4,4,0.0,1.3587267398834229,False,21,0.0,14.910279226303087,1
George Holani,RB,2025,17,2026,5,5,0.0,1.3069911003112793,False,28,0.0,14.249983716011045,1
George Holani,RB,2025,17,2026,6,6,0.0,1.3083009719848633,False,35,0.0,13.524992942810057,1
George Holani,RB,2025,17,2026,7,7,0.0,1.2660470008850098,False,42,0.0,12.879603099822994,1
George Holani,RB,2025,17,2026,8,8,0.0,1.262017011642456,False,49,0.0,12.278944540023796,1
George Holani,RB,2025,17,2026,9,9,0.0,1.2672947645187378,False,56,0.0,11.173173213005038,1
George Holani,RB,2025,17,2026,10,10,0.0,1.2680155038833618,False,63,0.0,10.53898787498474,1
George Holani,RB,2025,17,2026,11,11,0.0,1.3017308712005615,False,70,0.0,10.3043752670288,1
George Holani,RB,2025,17,2026,12,12,0.0,1.38052237033844,False,77,0.0,9.827357220649713,1
George Holani,RB,2025,17,2026,13,13,0.0,1.445618748664856,False,84,0.0,9.0926072359085,1
George Holani,RB,2025,17,2026,14,14,0.0,1.509160041809082,False,91,0.0,7.12233936786651,1
George Holani,RB,2025,17,2026,15,15,0.0,1.583114743232727,False,98,0.0,5.187608647346456,1
George Holani,RB,2025,17,2026,16,16,0.0,1.6466162204742432,False,105,0.0,2.594440770149224,1
George Holani,RB,2025,17,2026,17,17,0.0,1.7112592458724976,False,112,0.0,-0.5863986492156985,1
George Pickens,WR,2025,17,2026,1,1,0.0,13.001301765441896,False,0,1.9026863098144524,27.717061710357648,1
George Pickens,WR,2025,17,2026,2,2,0.0,13.201634407043455,False,7,0.0,27.36294689178466,1
George Pickens,WR,2025,17,2026,3,3,0.0,13.386678695678713,False,14,0.0,26.91590795516967,1
George Pickens,WR,2025,17,2026,4,4,0.0,13.69693088531494,False,21,0.0,27.248483371734608,1
George Pickens,WR,2025,17,2026,5,5,0.0,14.15140438079834,False,28,0.0,27.094396996498105,1
George Pickens,WR,2025,17,2026,6,6,0.0,14.69437026977539,False,35,0.1609690666198719,26.911062240600582,1
George Pickens,WR,2025,17,2026,7,7,0.0,15.500754356384276,False,42,0.8951016426086422,27.11431045532226,1
George Pickens,WR,2025,17,2026,8,8,0.0,16.26641273498535,False,49,1.6109644889831536,27.283340263366693,1
George Pickens,WR,2025,17,2026,9,9,0.0,16.766069412231445,False,56,2.0642523765563983,26.671947860717744,1
George Pickens,WR,2025,17,2026,10,10,0.0,16.948781967163086,False,63,2.1840550422668468,26.219754338264465,1
George Pickens,WR,2025,17,2026,11,11,0.0,16.99217414855957,False,70,2.180900478363037,25.994818544387808,1
George Pickens,WR,2025,17,2026,12,12,0.0,16.95351219177246,False,77,2.110707187652588,25.40034704208373,1
George Pickens,WR,2025,17,2026,13,13,0.0,16.919065475463867,False,84,2.0664679527282708,24.56605396270751,1
George Pickens,WR,2025,17,2026,14,14,0.0,16.86066246032715,False,91,1.9773695945739755,22.473841786384572,1
George Pickens,WR,2025,17,2026,15,15,0.0,16.785852432250977,False,98,1.906861209869385,20.390346336364704,1
George Pickens,WR,2025,17,2026,16,16,0.0,16.708547592163086,False,105,1.7958560943603512,17.656372141838066,1
George Pickens,WR,2025,17,2026,17,17,0.0,16.54750633239746,False,112,1.635688591003419,14.249848437309264,1
Germie Bernard,WR,2025,17,2026,1,1,0.0,2.253054618835449,False,0,0.0,16.968814563751202,1
Germie Bernard,WR,2025,17,2026,2,2,0.0,2.156580209732056,False,7,0.0,16.317892694473258,1
Germie Bernard,WR,2025,17,2026,3,3,0.0,2.124229669570923,False,14,0.0,15.65345892906188,1
Germie Bernard,WR,2025,17,2026,4,4,0.0,2.106618404388428,False,21,0.0,15.658170890808092,1
Germie Bernard,WR,2025,17,2026,5,5,0.0,2.0350217819213867,False,28,0.0,14.978014397621152,1
Germie Bernard,WR,2025,17,2026,6,6,0.0,2.0079870223999023,False,35,0.0,14.224678993225094,1
Germie Bernard,WR,2025,17,2026,7,7,0.0,1.9401732683181765,False,42,0.0,13.55372936725616,1
Germie Bernard,WR,2025,17,2026,8,8,0.0,1.9113619327545168,False,49,0.0,12.928289461135858,1
Germie Bernard,WR,2025,17,2026,9,9,0.0,1.9010156393051147,False,56,0.0,11.806894087791417,1
Germie Bernard,WR,2025,17,2026,10,10,0.0,1.9061795473098757,False,63,0.0,11.177151918411257,1
Germie Bernard,WR,2025,17,2026,11,11,0.0,1.9612956047058103,False,70,0.0,10.963940000534048,1
Germie Bernard,WR,2025,17,2026,12,12,0.0,2.067105531692505,False,77,0.0,10.513940382003778,1
Germie Bernard,WR,2025,17,2026,13,13,0.0,2.1546390056610107,False,84,0.0,9.801627492904654,1
Germie Bernard,WR,2025,17,2026,14,14,0.0,2.234280586242676,False,91,0.0,7.847459912300104,1
Germie Bernard,WR,2025,17,2026,15,15,0.0,2.3074214458465576,False,98,0.0,5.911915349960286,1
Germie Bernard,WR,2025,17,2026,16,16,0.0,2.3700368404388428,False,105,0.0,3.317861390113824,1
Germie Bernard,WR,2025,17,2026,17,17,0.0,2.4348630905151367,False,112,0.0,0.1372051954269406,1
Hunter Luepke,RB,2025,17,2026,1,1,0.0,4.15964937210083,False,0,0.0,18.875409317016583,1
Hunter Luepke,RB,2025,17,2026,2,2,0.0,4.257959842681885,False,7,0.0,18.419272327423087,1
Hunter Luepke,RB,2025,17,2026,3,3,0.0,4.381542205810547,False,14,0.0,17.910771465301504,1
Hunter Luepke,RB,2025,17,2026,4,4,0.0,4.543045520782471,False,21,0.0,18.094598007202137,1
Hunter Luepke,RB,2025,17,2026,5,5,0.0,4.702244758605957,False,28,0.0,17.645237374305722,1
Hunter Luepke,RB,2025,17,2026,6,6,0.0,4.8480401039123535,False,35,0.0,17.064732074737545,1
Hunter Luepke,RB,2025,17,2026,7,7,0.0,4.962408542633057,False,42,0.0,16.57596464157104,1
Hunter Luepke,RB,2025,17,2026,8,8,0.0,5.045556545257568,False,49,0.0,16.06248407363891,1
Hunter Luepke,RB,2025,17,2026,9,9,0.0,5.049911022186279,False,56,0.0,14.95578947067258,1
Hunter Luepke,RB,2025,17,2026,10,10,0.0,5.075648784637451,False,63,0.0,14.34662115573883,1
Hunter Luepke,RB,2025,17,2026,11,11,0.0,5.185056209564209,False,70,0.0,14.187700605392449,1
Hunter Luepke,RB,2025,17,2026,12,12,0.0,5.308680057525635,False,77,0.0,13.755514907836908,1
Hunter Luepke,RB,2025,17,2026,13,13,0.0,5.37287187576294,False,84,0.0,13.019860363006584,1
Hunter Luepke,RB,2025,17,2026,14,14,0.0,5.399813175201416,False,91,0.0,11.012992501258845,1
Hunter Luepke,RB,2025,17,2026,15,15,0.0,5.349740028381348,False,98,0.0,8.954233932495075,1
Hunter Luepke,RB,2025,17,2026,16,16,0.0,5.278775691986084,False,105,0.0,6.226600241661065,1
Hunter Luepke,RB,2025,17,2026,17,17,0.0,5.174551010131836,False,112,0.0,2.87689311504364,1
Isaac TeSlaa,WR,2025,17,2026,1,1,0.0,7.586228847503662,False,0,0.0,22.30198879241941,1
Isaac TeSlaa,WR,2025,17,2026,2,2,0.0,7.717137813568115,False,7,0.0,21.87845029830932,1
Isaac TeSlaa,WR,2025,17,2026,3,3,0.0,7.614202499389648,False,14,0.0,21.14343175888061,1
Isaac TeSlaa,WR,2025,17,2026,4,4,0.0,7.628313064575195,False,21,0.0,21.17986555099486,1
Isaac TeSlaa,WR,2025,17,2026,5,5,0.0,7.649415016174316,False,28,0.0,20.59240763187408,1
Isaac TeSlaa,WR,2025,17,2026,6,6,0.0,7.504458904266357,False,35,0.0,19.72115087509155,1
Isaac TeSlaa,WR,2025,17,2026,7,7,0.0,7.340802192687988,False,42,0.0,18.95435829162597,1
Isaac TeSlaa,WR,2025,17,2026,8,8,0.0,7.183494091033936,False,49,0.0,18.20042161941528,1
Isaac TeSlaa,WR,2025,17,2026,9,9,0.0,6.941542148590088,False,56,0.0,16.847420597076386,1
Isaac TeSlaa,WR,2025,17,2026,10,10,0.0,6.694383144378662,False,63,0.0,15.965355515480042,1
Isaac TeSlaa,WR,2025,17,2026,11,11,0.0,6.473812580108643,False,70,0.0,15.47645697593688,1
Isaac TeSlaa,WR,2025,17,2026,12,12,0.0,6.25507926940918,False,77,0.0,14.701914119720453,1
Isaac TeSlaa,WR,2025,17,2026,13,13,0.0,6.105830669403076,False,84,0.0,13.75281915664672,1
Isaac TeSlaa,WR,2025,17,2026,14,14,0.0,6.05658483505249,False,91,0.0,11.669764161109915,1
Isaac TeSlaa,WR,2025,17,2026,15,15,0.0,6.028446674346924,False,98,0.0,9.632940578460651,1
Isaac TeSlaa,WR,2025,17,2026,16,16,0.0,6.046087741851807,False,105,0.0,6.993912291526788,1
Isaac TeSlaa,WR,2025,17,2026,17,17,0.0,6.06565523147583,False,112,0.0,3.767997336387634,1
Isaiah Bond,WR,2025,17,2026,1,1,0.0,3.87373948097229,False,0,0.0,18.589499425888043,1
Isaiah Bond,WR,2025,17,2026,2,2,0.0,3.7729413509368896,False,7,0.0,17.934253835678092,1
Isaiah Bond,WR,2025,17,2026,3,3,0.0,3.684609651565552,False,14,0.0,17.21383891105651,1
Isaiah Bond,WR,2025,17,2026,4,4,0.0,3.610018730163574,False,21,0.0,17.16157121658324,1
Isaiah Bond,WR,2025,17,2026,5,5,0.0,3.504856824874878,False,28,0.0,16.447849440574643,1
Isaiah Bond,WR,2025,17,2026,6,6,0.0,3.3661019802093506,False,35,0.0,15.582793951034542,1
Isaiah Bond,WR,2025,17,2026,7,7,0.0,3.2039122581481934,False,42,0.0,14.817468357086176,1
Isaiah Bond,WR,2025,17,2026,8,8,0.0,3.0629312992095947,False,49,0.0,14.079858827590936,1
Isaiah Bond,WR,2025,17,2026,9,9,0.0,2.916687488555908,False,56,0.0,12.822565937042208,1
Isaiah Bond,WR,2025,17,2026,10,10,0.0,2.8094449043273926,False,63,0.0,12.080417275428772,1
Isaiah Bond,WR,2025,17,2026,11,11,0.0,2.7703583240509038,False,70,0.0,11.77300271987914,1
Isaiah Bond,WR,2025,17,2026,12,12,0.0,2.7887072563171387,False,77,0.0,11.235542106628412,1
Isaiah Bond,WR,2025,17,2026,13,13,0.0,2.784707307815552,False,84,0.0,10.431695795059197,1
Isaiah Bond,WR,2025,17,2026,14,14,0.0,2.7976765632629395,False,91,0.0,8.410855889320366,1
Isaiah Bond,WR,2025,17,2026,15,15,0.0,2.819082498550415,False,98,0.0,6.423576402664144,1
Isaiah Bond,WR,2025,17,2026,16,16,0.0,2.8490822315216064,False,105,0.0,3.7969067811965873,1
Isaiah Bond,WR,2025,17,2026,17,17,0.0,2.891454696655273,False,112,0.0,0.5937968015670774,1
Isaiah Davis,RB,2025,17,2026,1,1,0.0,4.18734884262085,False,0,0.0,18.903108787536603,1
Isaiah Davis,RB,2025,17,2026,2,2,0.0,4.13170051574707,False,7,0.0,18.293013000488276,1
Isaiah Davis,RB,2025,17,2026,3,3,0.0,3.944627046585083,False,14,0.0,17.47385630607604,1
Isaiah Davis,RB,2025,17,2026,4,4,0.0,3.7250683307647705,False,21,0.0,17.276620817184437,1
Isaiah Davis,RB,2025,17,2026,5,5,0.0,3.5030758380889893,False,28,0.0,16.446068453788754,1
Isaiah Davis,RB,2025,17,2026,6,6,0.0,3.254868745803833,False,35,0.0,15.471560716629025,1
Isaiah Davis,RB,2025,17,2026,7,7,0.0,3.025631666183472,False,42,0.0,14.639187765121456,1
Isaiah Davis,RB,2025,17,2026,8,8,0.0,2.854935884475708,False,49,0.0,13.87186341285705,1
Isaiah Davis,RB,2025,17,2026,9,9,0.0,2.6875593662261963,False,56,0.0,12.593437814712496,1
Isaiah Davis,RB,2025,17,2026,10,10,0.0,2.559084415435791,False,63,0.0,11.83005678653717,1
Isaiah Davis,RB,2025,17,2026,11,11,0.0,2.47945237159729,False,70,0.0,11.482096767425528,1
Isaiah Davis,RB,2025,17,2026,12,12,0.0,2.4493420124053955,False,77,0.0,10.896176862716668,1
Isaiah Davis,RB,2025,17,2026,13,13,0.0,2.435333490371704,False,84,0.0,10.082321977615347,1
Isaiah Davis,RB,2025,17,2026,14,14,0.0,2.4646809101104736,False,91,0.0,8.0778602361679,1
Isaiah Davis,RB,2025,17,2026,15,15,0.0,2.5157272815704346,False,98,0.0,6.120221185684163,1
Isaiah Davis,RB,2025,17,2026,16,16,0.0,2.5915088653564453,False,105,0.0,3.539333415031426,1
Isaiah Davis,RB,2025,17,2026,17,17,0.0,2.6927859783172607,False,112,0.0,0.3951280832290647,1
Isaiah Williams,WR,2025,17,2026,1,1,0.0,4.853957653045654,False,0,0.0,19.569717597961407,1
Isaiah Williams,WR,2025,17,2026,2,2,0.0,5.058372020721436,False,7,0.0,19.21968450546264,1
Isaiah Williams,WR,2025,17,2026,3,3,0.0,5.015051364898682,False,14,0.0,18.54428062438964,1
Isaiah Williams,WR,2025,17,2026,4,4,0.0,4.978145599365234,False,21,0.0,18.5296980857849,1
Isaiah Williams,WR,2025,17,2026,5,5,0.0,4.923079490661621,False,28,0.0,17.866072106361386,1
Isaiah Williams,WR,2025,17,2026,6,6,0.0,4.754303455352783,False,35,0.0,16.970995426177975,1
Isaiah Williams,WR,2025,17,2026,7,7,0.0,4.517062187194824,False,42,0.0,16.13061828613281,1
Isaiah Williams,WR,2025,17,2026,8,8,0.0,4.283175468444824,False,49,0.0,15.300102996826164,1
Isaiah Williams,WR,2025,17,2026,9,9,0.0,4.026730537414551,False,56,0.0,13.93260898590085,1
Isaiah Williams,WR,2025,17,2026,10,10,0.0,3.824817419052124,False,63,0.0,13.095789790153503,1
Isaiah Williams,WR,2025,17,2026,11,11,0.0,3.687917470932007,False,70,0.0,12.690561866760245,1
Isaiah Williams,WR,2025,17,2026,12,12,0.0,3.581775188446045,False,77,0.0,12.028610038757318,1
Isaiah Williams,WR,2025,17,2026,13,13,0.0,3.5060651302337646,False,84,0.0,11.153053617477408,1
Isaiah Williams,WR,2025,17,2026,14,14,0.0,3.494330883026123,False,91,0.0,9.10751020908355,1
Isaiah Williams,WR,2025,17,2026,15,15,0.0,3.5062475204467773,False,98,0.0,7.110741424560506,1
Isaiah Williams,WR,2025,17,2026,16,16,0.0,3.5537972450256348,False,105,0.0,4.501621794700616,1
Isaiah Williams,WR,2025,17,2026,17,17,0.0,3.6266376972198486,False,112,0.0,1.3289798021316526,1
J. Michael Sturdivant,WR,2025,17,2026,1,1,0.0,2.2530200481414795,False,0,0.0,16.968779993057233,1
J. Michael Sturdivant,WR,2025,17,2026,2,2,0.0,2.1566202640533447,False,7,0.0,16.317932748794547,1
J. Michael Sturdivant,WR,2025,17,2026,3,3,0.0,2.1243488788604736,False,14,0.0,15.653578138351431,1
J. Michael Sturdivant,WR,2025,17,2026,4,4,0.0,2.1068148612976074,False,21,0.0,15.658367347717272,1
J. Michael Sturdivant,WR,2025,17,2026,5,5,0.0,2.0352914333343506,False,28,0.0,14.978284049034116,1
J. Michael Sturdivant,WR,2025,17,2026,6,6,0.0,2.0083494186401367,False,35,0.0,14.225041389465328,1
J. Michael Sturdivant,WR,2025,17,2026,7,7,0.0,1.940626859664917,False,42,0.0,13.5541829586029,1
J. Michael Sturdivant,WR,2025,17,2026,8,8,0.0,1.911906719207764,False,49,0.0,12.928834247589103,1
J. Michael Sturdivant,WR,2025,17,2026,9,9,0.0,1.90165650844574,False,56,0.0,11.80753495693204,1
J. Michael Sturdivant,WR,2025,17,2026,10,10,0.0,1.9069132804870603,False,63,0.0,11.17788565158844,1
J. Michael Sturdivant,WR,2025,17,2026,11,11,0.0,1.9621284008026123,False,70,0.0,10.96477279663085,1
J. Michael Sturdivant,WR,2025,17,2026,12,12,0.0,2.0680155754089355,False,77,0.0,10.514850425720208,1
J. Michael Sturdivant,WR,2025,17,2026,13,13,0.0,2.15562105178833,False,84,0.0,9.802609539031971,1
J. Michael Sturdivant,WR,2025,17,2026,14,14,0.0,2.235312223434448,False,91,0.0,7.848491549491876,1
J. Michael Sturdivant,WR,2025,17,2026,15,15,0.0,2.3084607124328613,False,98,0.0,5.91295461654659,1
J. Michael Sturdivant,WR,2025,17,2026,16,16,0.0,2.371053457260132,False,105,0.0,3.3188780069351127,1
J. Michael Sturdivant,WR,2025,17,2026,17,17,0.0,2.4358232021331787,False,112,0.0,0.1381653070449826,1
J.K. Dobbins,RB,2025,17,2026,1,1,0.0,4.396863460540772,False,0,0.0,19.112623405456524,1
J.K. Dobbins,RB,2025,17,2026,2,2,0.0,4.353662014007568,False,7,0.0,18.51497449874877,1
J.K. Dobbins,RB,2025,17,2026,3,3,0.0,4.271522521972656,False,14,0.0,17.800751781463614,1
J.K. Dobbins,RB,2025,17,2026,4,4,0.0,4.176636219024658,False,21,0.0,17.728188705444325,1
J.K. Dobbins,RB,2025,17,2026,5,5,0.0,4.063442707061768,False,28,0.0,17.006435322761533,1
J.K. Dobbins,RB,2025,17,2026,6,6,0.0,3.924725294113159,False,35,0.0,16.14141726493835,1
J.K. Dobbins,RB,2025,17,2026,7,7,0.0,3.779999017715454,False,42,0.0,15.393555116653438,1
J.K. Dobbins,RB,2025,17,2026,8,8,0.0,3.647503137588501,False,49,0.0,14.664430665969842,1
J.K. Dobbins,RB,2025,17,2026,9,9,0.0,3.494374990463257,False,56,0.0,13.400253438949555,1
J.K. Dobbins,RB,2025,17,2026,10,10,0.0,3.386350154876709,False,63,0.0,12.657322525978088,1
J.K. Dobbins,RB,2025,17,2026,11,11,0.0,3.3662631511688232,False,70,0.0,12.36890754699706,1
J.K. Dobbins,RB,2025,17,2026,12,12,0.0,3.4080111980438232,False,77,0.0,11.854846048355096,1
J.K. Dobbins,RB,2025,17,2026,13,13,0.0,3.440932512283325,False,84,0.0,11.087920999526968,1
J.K. Dobbins,RB,2025,17,2026,14,14,0.0,3.4912235736846924,False,91,0.0,9.10440289974212,1
J.K. Dobbins,RB,2025,17,2026,15,15,0.0,3.52455735206604,False,98,0.0,7.1290512561797685,1
J.K. Dobbins,RB,2025,17,2026,16,16,0.0,3.562791109085083,False,105,0.0,4.510615658760064,1
J.K. Dobbins,RB,2025,17,2026,17,17,0.0,3.605211973190308,False,112,0.0,1.3075540781021115,1
Ja'Kobi Lane,WR,2025,17,2026,1,1,0.0,2.2526748180389404,False,0,0.0,16.968434762954693,1
Ja'Kobi Lane,WR,2025,17,2026,2,2,0.0,2.156192779541016,False,7,0.0,16.317505264282218,1
Ja'Kobi Lane,WR,2025,17,2026,3,3,0.0,2.1238157749176025,False,14,0.0,15.65304503440856,1
Ja'Kobi Lane,WR,2025,17,2026,4,4,0.0,2.106182098388672,False,21,0.0,15.657734584808336,1
Ja'Kobi Lane,WR,2025,17,2026,5,5,0.0,2.034564733505249,False,28,0.0,14.977557349205014,1
Ja'Kobi Lane,WR,2025,17,2026,6,6,0.0,2.0075056552886963,False,35,0.0,14.224197626113888,1
Ja'Kobi Lane,WR,2025,17,2026,7,7,0.0,1.9396657943725584,False,42,0.0,13.553221893310544,1
Ja'Kobi Lane,WR,2025,17,2026,8,8,0.0,1.9108264446258545,False,49,0.0,12.927753973007196,1
Ja'Kobi Lane,WR,2025,17,2026,9,9,0.0,1.9004486799240112,False,56,0.0,11.806327128410311,1
Ja'Kobi Lane,WR,2025,17,2026,10,10,0.0,1.9055742025375368,False,63,0.0,11.176546573638916,1
Ja'Kobi Lane,WR,2025,17,2026,11,11,0.0,1.960644483566284,False,70,0.0,10.963288879394522,1
Ja'Kobi Lane,WR,2025,17,2026,12,12,0.0,2.0664172172546387,False,77,0.0,10.513252067565912,1
Ja'Kobi Lane,WR,2025,17,2026,13,13,0.0,2.1539146900177,False,84,0.0,9.800903177261343,1
Ja'Kobi Lane,WR,2025,17,2026,14,14,0.0,2.233532428741455,False,91,0.0,7.846711754798883,1
Ja'Kobi Lane,WR,2025,17,2026,15,15,0.0,2.306673765182495,False,98,0.0,5.911167669296224,1
Ja'Kobi Lane,WR,2025,17,2026,16,16,0.0,2.369300603866577,False,105,0.0,3.317125153541558,1
Ja'Kobi Lane,WR,2025,17,2026,17,17,0.0,2.434152364730835,False,112,0.0,0.1364944696426389,1
Ja'Marr Chase,WR,2025,17,2026,1,1,0.0,17.2945499420166,False,0,6.19593448638916,32.010309886932355,1
Ja'Marr Chase,WR,2025,17,2026,2,2,0.0,17.579978942871094,False,7,3.912684726715087,31.741291427612296,1
Ja'Marr Chase,WR,2025,17,2026,3,3,0.0,17.350566864013672,False,14,3.222981548309326,30.87979612350463,1
Ja'Marr Chase,WR,2025,17,2026,4,4,0.0,17.20713996887207,False,21,2.919385719299317,30.758692455291737,1
Ja'Marr Chase,WR,2025,17,2026,5,5,0.0,16.974853515625,False,28,2.5364032745361325,29.917846131324765,1
Ja'Marr Chase,WR,2025,17,2026,6,6,0.0,16.626522064208984,False,35,2.0931208610534657,28.843214035034176,1
Ja'Marr Chase,WR,2025,17,2026,7,7,0.0,16.412153244018555,False,42,1.80650053024292,28.02570934295654,1
Ja'Marr Chase,WR,2025,17,2026,8,8,0.0,16.306638717651367,False,49,1.6511904716491692,27.32356624603271,1
Ja'Marr Chase,WR,2025,17,2026,9,9,0.0,16.20815658569336,False,56,1.5063395500183123,26.114035034179658,1
Ja'Marr Chase,WR,2025,17,2026,10,10,0.0,16.13624382019043,False,63,1.3715168952941903,25.40721619129181,1
Ja'Marr Chase,WR,2025,17,2026,11,11,0.0,16.034278869628906,False,70,1.2230051994323734,25.036923265457144,1
Ja'Marr Chase,WR,2025,17,2026,12,12,0.0,15.824873924255373,False,77,0.9820689201354984,24.271708774566644,1
Ja'Marr Chase,WR,2025,17,2026,13,13,0.0,15.572940826416016,False,84,0.7203433036804192,23.21992931365966,1
Ja'Marr Chase,WR,2025,17,2026,14,14,0.0,15.358012199401855,False,91,0.4747193336486823,20.97119152545928,1
Ja'Marr Chase,WR,2025,17,2026,15,15,0.0,15.21309757232666,False,98,0.3341063499450687,18.817591476440388,1
Ja'Marr Chase,WR,2025,17,2026,16,16,0.0,15.098814010620115,False,105,0.1861225128173824,16.046638560295097,1
Ja'Marr Chase,WR,2025,17,2026,17,17,0.0,14.915704727172852,False,112,0.0038869857788093,12.618046832084657,1
Jack Bech,WR,2025,17,2026,1,1,0.0,3.6651999950408936,False,0,0.0,18.380959939956647,1
Jack Bech,WR,2025,17,2026,2,2,0.0,3.818871259689331,False,7,0.0,17.980183744430533,1
Jack Bech,WR,2025,17,2026,3,3,0.0,4.032535076141357,False,14,0.0,17.561764335632315,1
Jack Bech,WR,2025,17,2026,4,4,0.0,4.286725521087647,False,21,0.0,17.838278007507313,1
Jack Bech,WR,2025,17,2026,5,5,0.0,4.478155612945557,False,28,0.0,17.421148228645322,1
Jack Bech,WR,2025,17,2026,6,6,0.0,4.692671775817871,False,35,0.0,16.909363746643063,1
Jack Bech,WR,2025,17,2026,7,7,0.0,4.9095458984375,False,42,0.0,16.523101997375484,1
Jack Bech,WR,2025,17,2026,8,8,0.0,5.161093711853027,False,49,0.0,16.17802124023437,1
Jack Bech,WR,2025,17,2026,9,9,0.0,5.368775844573975,False,56,0.0,15.274654293060276,1
Jack Bech,WR,2025,17,2026,10,10,0.0,5.59158992767334,False,63,0.0,14.86256229877472,1
Jack Bech,WR,2025,17,2026,11,11,0.0,5.897087574005127,False,70,0.0,14.899731969833365,1
Jack Bech,WR,2025,17,2026,12,12,0.0,6.2206573486328125,False,77,0.0,14.667492198944084,1
Jack Bech,WR,2025,17,2026,13,13,0.0,6.447851657867432,False,84,0.0,14.094840145111077,1
Jack Bech,WR,2025,17,2026,14,14,0.0,6.577253341674805,False,91,0.0,12.190432667732232,1
Jack Bech,WR,2025,17,2026,15,15,0.0,6.562061309814453,False,98,0.0,10.16655521392818,1
Jack Bech,WR,2025,17,2026,16,16,0.0,6.4532318115234375,False,105,0.0,7.401056361198418,1
Jack Bech,WR,2025,17,2026,17,17,0.0,6.267898082733154,False,112,0.0,3.9702401876449582,1
Jacob Cowing,WR,2025,17,2026,1,1,0.0,2.450212955474853,False,0,0.0,17.165972900390607,1
Jacob Cowing,WR,2025,17,2026,2,2,0.0,2.426103353500366,False,7,0.0,16.58741583824157,1
Jacob Cowing,WR,2025,17,2026,3,3,0.0,2.430614471435547,False,14,0.0,15.959843730926504,1
Jacob Cowing,WR,2025,17,2026,4,4,0.0,2.467734098434448,False,21,0.0,16.019286584854115,1
Jacob Cowing,WR,2025,17,2026,5,5,0.0,2.4612090587615967,False,28,0.0,15.404201674461362,1
Jacob Cowing,WR,2025,17,2026,6,6,0.0,2.511316061019897,False,35,0.0,14.72800803184509,1
Jacob Cowing,WR,2025,17,2026,7,7,0.0,2.522325277328491,False,42,0.0,14.135881376266475,1
Jacob Cowing,WR,2025,17,2026,8,8,0.0,2.569300413131714,False,49,0.0,13.586227941513055,1
Jacob Cowing,WR,2025,17,2026,9,9,0.0,2.604207754135132,False,56,0.0,12.510086202621432,1
Jacob Cowing,WR,2025,17,2026,10,10,0.0,2.6373183727264404,False,63,0.0,11.90829074382782,1
Jacob Cowing,WR,2025,17,2026,11,11,0.0,2.7210516929626465,False,70,0.0,11.723696088790884,1
Jacob Cowing,WR,2025,17,2026,12,12,0.0,2.8362925052642822,False,77,0.0,11.283127355575555,1
Jacob Cowing,WR,2025,17,2026,13,13,0.0,2.9322080612182617,False,84,0.0,10.579196548461905,1
Jacob Cowing,WR,2025,17,2026,14,14,0.0,3.009695053100586,False,91,0.0,8.622874379158013,1
Jacob Cowing,WR,2025,17,2026,15,15,0.0,3.067360639572144,False,98,0.0,6.671854543685872,1
Jacob Cowing,WR,2025,17,2026,16,16,0.0,3.1112892627716064,False,105,0.0,4.059113812446587,1
Jacob Cowing,WR,2025,17,2026,17,17,0.0,3.144216537475586,False,112,0.0,0.8465586423873899,1
Jacob Saylors,RB,2025,17,2026,1,1,0.0,1.869034767150879,False,0,0.0,16.584794712066632,1
Jacob Saylors,RB,2025,17,2026,2,2,0.0,1.873293399810791,False,7,0.0,16.034605884551993,1
Jacob Saylors,RB,2025,17,2026,3,3,0.0,1.8267878293991089,False,14,0.0,15.356017088890066,1
Jacob Saylors,RB,2025,17,2026,4,4,0.0,1.7974776029586792,False,21,0.0,15.349030089378344,1
Jacob Saylors,RB,2025,17,2026,5,5,0.0,1.7173751592636108,False,28,0.0,14.660367774963376,1
Jacob Saylors,RB,2025,17,2026,6,6,0.0,1.6530539989471436,False,35,0.0,13.869745969772335,1
Jacob Saylors,RB,2025,17,2026,7,7,0.0,1.539907693862915,False,42,0.0,13.1534637928009,1
Jacob Saylors,RB,2025,17,2026,8,8,0.0,1.463831067085266,False,49,0.0,12.480758595466607,1
Jacob Saylors,RB,2025,17,2026,9,9,0.0,1.399554967880249,False,56,0.0,11.305433416366547,1
Jacob Saylors,RB,2025,17,2026,10,10,0.0,1.3457424640655518,False,63,0.0,10.616714835166931,1
Jacob Saylors,RB,2025,17,2026,11,11,0.0,1.330730438232422,False,70,0.0,10.33337483406066,1
Jacob Saylors,RB,2025,17,2026,12,12,0.0,1.3667480945587158,False,77,0.0,9.813582944869989,1
Jacob Saylors,RB,2025,17,2026,13,13,0.0,1.401257038116455,False,84,0.0,9.048245525360098,1
Jacob Saylors,RB,2025,17,2026,14,14,0.0,1.44765305519104,False,91,0.0,7.060832381248468,1
Jacob Saylors,RB,2025,17,2026,15,15,0.0,1.5104355812072754,False,98,0.0,5.114929485321004,1
Jacob Saylors,RB,2025,17,2026,16,16,0.0,1.5726380348205566,False,105,0.0,2.520462584495537,1
Jacob Saylors,RB,2025,17,2026,17,17,0.0,1.6453684568405151,False,112,0.0,-0.6522894382476809,1
Jacory Croskey-Merritt,RB,2025,17,2026,1,1,0.0,6.518409729003906,False,0,0.0,21.23416967391966,1
Jacory Croskey-Merritt,RB,2025,17,2026,2,2,0.0,6.395090579986572,False,7,0.0,20.55640306472777,1
Jacory Croskey-Merritt,RB,2025,17,2026,3,3,0.0,6.307990550994873,False,14,0.0,19.83721981048583,1
Jacory Croskey-Merritt,RB,2025,17,2026,4,4,0.0,6.308527946472168,False,21,0.0,19.860080432891834,1
Jacory Croskey-Merritt,RB,2025,17,2026,5,5,0.0,6.3810625076293945,False,28,0.0,19.32405512332916,1
Jacory Croskey-Merritt,RB,2025,17,2026,6,6,0.0,6.484532833099365,False,35,0.0,18.70122480392456,1
Jacory Croskey-Merritt,RB,2025,17,2026,7,7,0.0,6.65390157699585,False,42,0.0,18.267457675933837,1
Jacory Croskey-Merritt,RB,2025,17,2026,8,8,0.0,6.862039089202881,False,49,0.0,17.878966617584222,1
Jacory Croskey-Merritt,RB,2025,17,2026,9,9,0.0,7.013984203338623,False,56,0.0,16.91986265182492,1
Jacory Croskey-Merritt,RB,2025,17,2026,10,10,0.0,7.225498199462891,False,63,0.0,16.49647057056427,1
Jacory Croskey-Merritt,RB,2025,17,2026,11,11,0.0,7.543888568878174,False,70,0.0,16.54653296470641,1
Jacory Croskey-Merritt,RB,2025,17,2026,12,12,0.0,7.781582832336426,False,77,0.0,16.2284176826477,1
Jacory Croskey-Merritt,RB,2025,17,2026,13,13,0.0,7.788010120391846,False,84,0.0,15.434998607635489,1
Jacory Croskey-Merritt,RB,2025,17,2026,14,14,0.0,7.701787948608398,False,91,0.0,13.314967274665824,1
Jacory Croskey-Merritt,RB,2025,17,2026,15,15,0.0,7.555650234222412,False,98,0.0,11.16014413833614,1
Jacory Croskey-Merritt,RB,2025,17,2026,16,16,0.0,7.427816390991211,False,105,0.0,8.375640940666191,1
Jacory Croskey-Merritt,RB,2025,17,2026,17,17,0.0,7.318507671356201,False,112,0.0,5.020849776268005,1
Jadarian Price,RB,2025,17,2026,1,1,0.0,2.248495817184448,False,0,0.0,16.9642557621002,1
Jadarian Price,RB,2025,17,2026,2,2,0.0,2.151851892471313,False,7,0.0,16.313164377212516,1
Jadarian Price,RB,2025,17,2026,3,3,0.0,2.11915135383606,False,14,0.0,15.648380613327015,1
Jadarian Price,RB,2025,17,2026,4,4,0.0,2.101259231567383,False,21,0.0,15.652811717987047,1
Jadarian Price,RB,2025,17,2026,5,5,0.0,2.0295631885528564,False,28,0.0,14.972555804252622,1
Jadarian Price,RB,2025,17,2026,6,6,0.0,2.0024375915527344,False,35,0.0,14.219129562377926,1
Jadarian Price,RB,2025,17,2026,7,7,0.0,1.9343739748001096,False,42,0.0,13.547930073738094,1
Jadarian Price,RB,2025,17,2026,8,8,0.0,1.905058741569519,False,49,0.0,12.92198626995086,1
Jadarian Price,RB,2025,17,2026,9,9,0.0,1.894200563430786,False,56,0.0,11.800079011917086,1
Jadarian Price,RB,2025,17,2026,10,10,0.0,1.89890456199646,False,63,0.0,11.16987693309784,1
Jadarian Price,RB,2025,17,2026,11,11,0.0,1.9536144733428955,False,70,0.0,10.956258869171132,1
Jadarian Price,RB,2025,17,2026,12,12,0.0,2.0591883659362797,False,77,0.0,10.506023216247552,1
Jadarian Price,RB,2025,17,2026,13,13,0.0,2.1466174125671387,False,84,0.0,9.793605899810782,1
Jadarian Price,RB,2025,17,2026,14,14,0.0,2.2262747287750244,False,91,0.0,7.839454054832452,1
Jadarian Price,RB,2025,17,2026,15,15,0.0,2.2995824813842773,False,98,0.0,5.904076385498006,1
Jadarian Price,RB,2025,17,2026,16,16,0.0,2.3623602390289307,False,105,0.0,3.3101847887039115,1
Jadarian Price,RB,2025,17,2026,17,17,0.0,2.427412748336792,False,112,0.0,0.1297548532485959,1
Jahan Dotson,WR,2025,17,2026,1,1,0.0,2.3659677505493164,False,0,0.0,17.08172769546507,1
Jahan Dotson,WR,2025,17,2026,2,2,0.0,2.356044054031372,False,7,0.0,16.517356538772574,1
Jahan Dotson,WR,2025,17,2026,3,3,0.0,2.3124754428863525,False,14,0.0,15.84170470237731,1
Jahan Dotson,WR,2025,17,2026,4,4,0.0,2.2788240909576416,False,21,0.0,15.830376577377306,1
Jahan Dotson,WR,2025,17,2026,5,5,0.0,2.209141969680786,False,28,0.0,15.152134585380551,1
Jahan Dotson,WR,2025,17,2026,6,6,0.0,2.1462182998657227,False,35,0.0,14.362910270690914,1
Jahan Dotson,WR,2025,17,2026,7,7,0.0,2.027508020401001,False,42,0.0,13.641064119338983,1
Jahan Dotson,WR,2025,17,2026,8,8,0.0,1.9268932342529297,False,49,0.0,12.943820762634273,1
Jahan Dotson,WR,2025,17,2026,9,9,0.0,1.8223227262496948,False,56,0.0,11.728201174735997,1
Jahan Dotson,WR,2025,17,2026,10,10,0.0,1.737065315246582,False,63,0.0,11.00803768634796,1
Jahan Dotson,WR,2025,17,2026,11,11,0.0,1.701134443283081,False,70,0.0,10.70377883911132,1
Jahan Dotson,WR,2025,17,2026,12,12,0.0,1.716678023338318,False,77,0.0,10.16351287364959,1
Jahan Dotson,WR,2025,17,2026,13,13,0.0,1.7361841201782229,False,84,0.0,9.383172607421866,1
Jahan Dotson,WR,2025,17,2026,14,14,0.0,1.7744914293289185,False,91,0.0,7.387670755386346,1
Jahan Dotson,WR,2025,17,2026,15,15,0.0,1.8317804336547847,False,98,0.0,5.436274337768514,1
Jahan Dotson,WR,2025,17,2026,16,16,0.0,1.897223949432373,False,105,0.0,2.845048499107354,1
Jahan Dotson,WR,2025,17,2026,17,17,0.0,1.9820685386657717,False,112,0.0,-0.3155893564224246,1
Jahdae Walker,WR,2025,17,2026,1,1,0.0,1.970930576324463,False,0,0.0,16.686690521240216,1
Jahdae Walker,WR,2025,17,2026,2,2,0.0,1.953585624694824,False,7,0.0,16.114898109436027,1
Jahdae Walker,WR,2025,17,2026,3,3,0.0,1.9577702283859253,False,14,0.0,15.486999487876885,1
Jahdae Walker,WR,2025,17,2026,4,4,0.0,1.9742625951766968,False,21,0.0,15.52581508159636,1
Jahdae Walker,WR,2025,17,2026,5,5,0.0,1.921730756759644,False,28,0.0,14.864723372459409,1
Jahdae Walker,WR,2025,17,2026,6,6,0.0,1.9349132776260376,False,35,0.0,14.15160524845123,1
Jahdae Walker,WR,2025,17,2026,7,7,0.0,1.9202632904052732,False,42,0.0,13.533819389343256,1
Jahdae Walker,WR,2025,17,2026,8,8,0.0,1.9507465362548828,False,49,0.0,12.967674064636224,1
Jahdae Walker,WR,2025,17,2026,9,9,0.0,1.9809941053390503,False,56,0.0,11.88687255382535,1
Jahdae Walker,WR,2025,17,2026,10,10,0.0,2.007064819335937,False,63,0.0,11.278037190437315,1
Jahdae Walker,WR,2025,17,2026,11,11,0.0,2.0730950832366943,False,70,0.0,11.075739479064932,1
Jahdae Walker,WR,2025,17,2026,12,12,0.0,2.175772428512573,False,77,0.0,10.622607278823846,1
Jahdae Walker,WR,2025,17,2026,13,13,0.0,2.2556047439575195,False,84,0.0,9.902593231201164,1
Jahdae Walker,WR,2025,17,2026,14,14,0.0,2.325115442276001,False,91,0.0,7.938294768333429,1
Jahdae Walker,WR,2025,17,2026,15,15,0.0,2.389787435531616,False,98,0.0,5.994281339645345,1
Jahdae Walker,WR,2025,17,2026,16,16,0.0,2.4428634643554688,False,105,0.0,3.3906880140304496,1
Jahdae Walker,WR,2025,17,2026,17,17,0.0,2.4833357334136963,False,112,0.0,0.1856778383255002,1
Jahmyr Gibbs,RB,2025,17,2026,1,1,0.0,18.038427352905277,False,0,6.939811897277831,32.75418729782103,1
Jahmyr Gibbs,RB,2025,17,2026,2,2,0.0,18.8933048248291,False,7,5.226010608673095,33.054617309570304,1
Jahmyr Gibbs,RB,2025,17,2026,3,3,0.0,18.71003150939941,False,14,4.582446193695068,32.239260768890375,1
Jahmyr Gibbs,RB,2025,17,2026,4,4,0.0,18.498971939086918,False,21,4.211217689514161,32.05052442550658,1
Jahmyr Gibbs,RB,2025,17,2026,5,5,0.0,18.27423667907715,False,28,3.835786437988281,31.217229294776917,1
Jahmyr Gibbs,RB,2025,17,2026,6,6,0.0,17.918508529663086,False,35,3.3851073265075677,30.13520050048828,1
Jahmyr Gibbs,RB,2025,17,2026,7,7,0.0,17.65089225769043,False,42,3.0452395439147946,29.264448356628414,1
Jahmyr Gibbs,RB,2025,17,2026,8,8,0.0,17.527070999145508,False,49,2.87162275314331,28.54399852752685,1
Jahmyr Gibbs,RB,2025,17,2026,9,9,0.0,17.399526596069336,False,56,2.697709560394289,27.305405044555638,1
Jahmyr Gibbs,RB,2025,17,2026,10,10,0.0,17.3074893951416,False,63,2.5427624702453624,26.57846176624298,1
Jahmyr Gibbs,RB,2025,17,2026,11,11,0.0,17.2374324798584,False,70,2.4261588096618656,26.24007687568664,1
Jahmyr Gibbs,RB,2025,17,2026,12,12,0.0,17.123741149902344,False,77,2.280936145782471,25.570576000213617,1
Jahmyr Gibbs,RB,2025,17,2026,13,13,0.0,17.025667190551758,False,84,2.1730696678161614,24.6726556777954,1
Jahmyr Gibbs,RB,2025,17,2026,14,14,0.0,16.897417068481445,False,91,2.014124202728272,22.510596394538872,1
Jahmyr Gibbs,RB,2025,17,2026,15,15,0.0,16.74062728881836,False,98,1.861636066436768,20.345121192932087,1
Jahmyr Gibbs,RB,2025,17,2026,16,16,0.0,16.571123123168945,False,105,1.6584316253662106,17.518947672843925,1
Jahmyr Gibbs,RB,2025,17,2026,17,17,0.0,16.275217056274414,False,112,1.3633993148803718,13.977559161186218,1
Jakobi Meyers,WR,2025,17,2026,1,1,0.0,10.84558391571045,False,0,0.0,25.5613438606262,1
Jakobi Meyers,WR,2025,17,2026,2,2,0.0,10.777874946594238,False,7,0.0,24.93918743133544,1
Jakobi Meyers,WR,2025,17,2026,3,3,0.0,10.53994846343994,False,14,0.0,24.0691777229309,1
Jakobi Meyers,WR,2025,17,2026,4,4,0.0,10.36205005645752,False,21,0.0,23.913602542877182,1
Jakobi Meyers,WR,2025,17,2026,5,5,0.0,10.17677116394043,False,28,0.0,23.119763779640195,1
Jakobi Meyers,WR,2025,17,2026,6,6,0.0,9.786409378051758,False,35,0.0,22.00310134887695,1
Jakobi Meyers,WR,2025,17,2026,7,7,0.0,9.470563888549805,False,42,0.0,21.08411998748779,1
Jakobi Meyers,WR,2025,17,2026,8,8,0.0,9.181500434875488,False,49,0.0,20.19842796325683,1
Jakobi Meyers,WR,2025,17,2026,9,9,0.0,8.760966300964355,False,56,0.0,18.666844749450654,1
Jakobi Meyers,WR,2025,17,2026,10,10,0.0,8.350613594055176,False,63,0.0,17.621585965156555,1
Jakobi Meyers,WR,2025,17,2026,11,11,0.0,7.995996952056885,False,70,0.0,16.998641347885123,1
Jakobi Meyers,WR,2025,17,2026,12,12,0.0,7.681434631347656,False,77,0.0,16.12826948165893,1
Jakobi Meyers,WR,2025,17,2026,13,13,0.0,7.464292526245117,False,84,0.0,15.11128101348876,1
Jakobi Meyers,WR,2025,17,2026,14,14,0.0,7.368246078491211,False,91,0.0,12.981425404548638,1
Jakobi Meyers,WR,2025,17,2026,15,15,0.0,7.299675464630127,False,98,0.0,10.904169368743856,1
Jakobi Meyers,WR,2025,17,2026,16,16,0.0,7.272481918334961,False,105,0.0,8.220306468009941,1
Jakobi Meyers,WR,2025,17,2026,17,17,0.0,7.247027397155762,False,112,0.0,4.949369502067565,1
Jalen Brooks,WR,2025,17,2026,1,1,0.0,2.344501256942749,False,0,0.0,17.060261201858502,1
Jalen Brooks,WR,2025,17,2026,2,2,0.0,2.3009324073791504,False,7,0.0,16.462244892120353,1
Jalen Brooks,WR,2025,17,2026,3,3,0.0,2.290358304977417,False,14,0.0,15.819587564468376,1
Jalen Brooks,WR,2025,17,2026,4,4,0.0,2.319610834121704,False,21,0.0,15.871163320541369,1
Jalen Brooks,WR,2025,17,2026,5,5,0.0,2.311171293258667,False,28,0.0,15.254163908958432,1
Jalen Brooks,WR,2025,17,2026,6,6,0.0,2.360948085784912,False,35,0.0,14.577640056610104,1
Jalen Brooks,WR,2025,17,2026,7,7,0.0,2.3705551624298096,False,42,0.0,13.984111261367794,1
Jalen Brooks,WR,2025,17,2026,8,8,0.0,2.410036563873291,False,49,0.0,13.426964092254632,1
Jalen Brooks,WR,2025,17,2026,9,9,0.0,2.4355947971343994,False,56,0.0,12.3414732456207,1
Jalen Brooks,WR,2025,17,2026,10,10,0.0,2.459311962127685,False,63,0.0,11.730284333229063,1
Jalen Brooks,WR,2025,17,2026,11,11,0.0,2.5343754291534424,False,70,0.0,11.53701982498168,1
Jalen Brooks,WR,2025,17,2026,12,12,0.0,2.644276857376098,False,77,0.0,11.091111707687372,1
Jalen Brooks,WR,2025,17,2026,13,13,0.0,2.735875129699707,False,84,0.0,10.38286361694335,1
Jalen Brooks,WR,2025,17,2026,14,14,0.0,2.810547113418579,False,91,0.0,8.423726439476006,1
Jalen Brooks,WR,2025,17,2026,15,15,0.0,2.8711416721343994,False,98,0.0,6.475635576248128,1
Jalen Brooks,WR,2025,17,2026,16,16,0.0,2.9217424392700195,False,105,0.0,3.869566988945,1
Jalen Brooks,WR,2025,17,2026,17,17,0.0,2.9644243717193604,False,112,0.0,0.6667664766311643,1
Jalen Coker,WR,2025,17,2026,1,1,0.0,7.217941761016846,False,0,0.0,21.9337017059326,1
Jalen Coker,WR,2025,17,2026,2,2,0.0,7.042530536651611,False,7,0.0,21.203843021392814,1
Jalen Coker,WR,2025,17,2026,3,3,0.0,6.951367378234863,False,14,0.0,20.48059663772582,1
Jalen Coker,WR,2025,17,2026,4,4,0.0,7.033024311065674,False,21,0.0,20.58457679748534,1
Jalen Coker,WR,2025,17,2026,5,5,0.0,7.11599588394165,False,28,0.0,20.058988499641416,1
Jalen Coker,WR,2025,17,2026,6,6,0.0,7.223853588104248,False,35,0.0,19.44054555892944,1
Jalen Coker,WR,2025,17,2026,7,7,0.0,7.430506706237793,False,42,0.0,19.044062805175777,1
Jalen Coker,WR,2025,17,2026,8,8,0.0,7.767672061920166,False,49,0.0,18.784599590301507,1
Jalen Coker,WR,2025,17,2026,9,9,0.0,8.090509414672852,False,56,0.0,17.99638786315915,1
Jalen Coker,WR,2025,17,2026,10,10,0.0,8.413779258728027,False,63,0.0,17.684751629829407,1
Jalen Coker,WR,2025,17,2026,11,11,0.0,8.774474143981934,False,70,0.0,17.77711853981017,1
Jalen Coker,WR,2025,17,2026,12,12,0.0,9.14877223968506,False,77,0.0,17.59560708999633,1
Jalen Coker,WR,2025,17,2026,13,13,0.0,9.447962760925291,False,84,0.0,17.094951248168936,1
Jalen Coker,WR,2025,17,2026,14,14,0.0,9.646714210510254,False,91,0.0,15.25989353656768,1
Jalen Coker,WR,2025,17,2026,15,15,0.0,9.692214012145996,False,98,0.0,13.296707916259724,1
Jalen Coker,WR,2025,17,2026,16,16,0.0,9.621475219726562,False,105,0.0,10.569299769401542,1
Jalen Coker,WR,2025,17,2026,17,17,0.0,9.476241111755373,False,112,0.0,7.178583216667175,1
Jalen McMillan,WR,2025,17,2026,1,1,0.0,9.387635231018066,False,0,0.0,24.10339517593382,1
Jalen McMillan,WR,2025,17,2026,2,2,0.0,9.378158569335938,False,7,0.0,23.53947105407714,1
Jalen McMillan,WR,2025,17,2026,3,3,0.0,9.32882595062256,False,14,0.0,22.85805521011352,1
Jalen McMillan,WR,2025,17,2026,4,4,0.0,9.448653221130373,False,21,0.0,23.00020570755004,1
Jalen McMillan,WR,2025,17,2026,5,5,0.0,9.488373756408691,False,28,0.0,22.431366372108457,1
Jalen McMillan,WR,2025,17,2026,6,6,0.0,9.17013168334961,False,35,0.0,21.3868236541748,1
Jalen McMillan,WR,2025,17,2026,7,7,0.0,8.725445747375488,False,42,0.0,20.339001846313472,1
Jalen McMillan,WR,2025,17,2026,8,8,0.0,8.284173965454102,False,49,0.0,19.301101493835443,1
Jalen McMillan,WR,2025,17,2026,9,9,0.0,7.751953601837158,False,56,0.0,17.657832050323456,1
Jalen McMillan,WR,2025,17,2026,10,10,0.0,7.3022141456604,False,63,0.0,16.57318651676178,1
Jalen McMillan,WR,2025,17,2026,11,11,0.0,6.9539289474487305,False,70,0.0,15.956573343276968,1
Jalen McMillan,WR,2025,17,2026,12,12,0.0,6.622840404510498,False,77,0.0,15.069675254821773,1
Jalen McMillan,WR,2025,17,2026,13,13,0.0,6.38649320602417,False,84,0.0,14.033481693267811,1
Jalen McMillan,WR,2025,17,2026,14,14,0.0,6.236248970031738,False,91,0.0,11.849428296089163,1
Jalen McMillan,WR,2025,17,2026,15,15,0.0,6.090432167053223,False,98,0.0,9.69492607116695,1
Jalen McMillan,WR,2025,17,2026,16,16,0.0,6.012792110443115,False,105,0.0,6.960616660118096,1
Jalen McMillan,WR,2025,17,2026,17,17,0.0,5.955288410186768,False,112,0.0,3.657630515098572,1
Jalen Nailor,WR,2025,17,2026,1,1,0.0,4.7247185707092285,False,0,0.0,19.44047851562498,1
Jalen Nailor,WR,2025,17,2026,2,2,0.0,4.630446910858154,False,7,0.0,18.79175939559936,1
Jalen Nailor,WR,2025,17,2026,3,3,0.0,4.544284343719482,False,14,0.0,18.07351360321044,1
Jalen Nailor,WR,2025,17,2026,4,4,0.0,4.514857769012451,False,21,0.0,18.06641025543212,1
Jalen Nailor,WR,2025,17,2026,5,5,0.0,4.487383842468262,False,28,0.0,17.430376458168027,1
Jalen Nailor,WR,2025,17,2026,6,6,0.0,4.443996429443359,False,35,0.0,16.66068840026855,1
Jalen Nailor,WR,2025,17,2026,7,7,0.0,4.385270595550537,False,42,0.0,15.99882669448852,1
Jalen Nailor,WR,2025,17,2026,8,8,0.0,4.33229398727417,False,49,0.0,15.349221515655511,1
Jalen Nailor,WR,2025,17,2026,9,9,0.0,4.225508689880371,False,56,0.0,14.131387138366671,1
Jalen Nailor,WR,2025,17,2026,10,10,0.0,4.127665996551514,False,63,0.0,13.398638367652891,1
Jalen Nailor,WR,2025,17,2026,11,11,0.0,4.095526695251465,False,70,0.0,13.098171091079704,1
Jalen Nailor,WR,2025,17,2026,12,12,0.0,4.101342678070068,False,77,0.0,12.54817752838134,1
Jalen Nailor,WR,2025,17,2026,13,13,0.0,4.0795063972473145,False,84,0.0,11.726494884490958,1
Jalen Nailor,WR,2025,17,2026,14,14,0.0,4.060447692871094,False,91,0.0,9.67362701892852,1
Jalen Nailor,WR,2025,17,2026,15,15,0.0,4.027357578277588,False,98,0.0,7.631851482391316,1
Jalen Nailor,WR,2025,17,2026,16,16,0.0,4.003622055053711,False,105,0.0,4.951446604728692,1
Jalen Nailor,WR,2025,17,2026,17,17,0.0,3.9893836975097656,False,112,0.0,1.6917258024215696,1
Jalen Royals,WR,2025,17,2026,1,1,0.0,1.5226800441741943,False,0,0.0,16.238439989089947,1
Jalen Royals,WR,2025,17,2026,2,2,0.0,1.4976625442504885,False,7,0.0,15.658975028991692,1
Jalen Royals,WR,2025,17,2026,3,3,0.0,1.4875519275665283,False,14,0.0,15.016781187057486,1
Jalen Royals,WR,2025,17,2026,4,4,0.0,1.502817153930664,False,21,0.0,15.054369640350329,1
Jalen Royals,WR,2025,17,2026,5,5,0.0,1.4524672031402588,False,28,0.0,14.395459818840024,1
Jalen Royals,WR,2025,17,2026,6,6,0.0,1.4520232677459717,False,35,0.0,13.668715238571163,1
Jalen Royals,WR,2025,17,2026,7,7,0.0,1.4093914031982422,False,42,0.0,13.022947502136226,1
Jalen Royals,WR,2025,17,2026,8,8,0.0,1.4039925336837769,False,49,0.0,12.420920062065118,1
Jalen Royals,WR,2025,17,2026,9,9,0.0,1.4030017852783203,False,56,0.0,11.30888023376462,1
Jalen Royals,WR,2025,17,2026,10,10,0.0,1.3973963260650637,False,63,0.0,10.668368697166445,1
Jalen Royals,WR,2025,17,2026,11,11,0.0,1.4267491102218628,False,70,0.0,10.4293935060501,1
Jalen Royals,WR,2025,17,2026,12,12,0.0,1.4998778104782104,False,77,0.0,9.946712660789483,1
Jalen Royals,WR,2025,17,2026,13,13,0.0,1.5620075464248655,False,84,0.0,9.208996033668509,1
Jalen Royals,WR,2025,17,2026,14,14,0.0,1.6256802082061768,False,91,0.0,7.238859534263605,1
Jalen Royals,WR,2025,17,2026,15,15,0.0,1.70064377784729,False,98,0.0,5.3051376819610185,1
Jalen Royals,WR,2025,17,2026,16,16,0.0,1.7680927515029907,False,105,0.0,2.715917301177972,1
Jalen Royals,WR,2025,17,2026,17,17,0.0,1.8380457162857056,False,112,0.0,-0.4596121788024905,1
Jalen Tolbert,WR,2025,17,2026,1,1,0.0,2.8187379837036133,False,0,0.0,17.534497928619366,1
Jalen Tolbert,WR,2025,17,2026,2,2,0.0,2.7480814456939697,False,7,0.0,16.909393930435172,1
Jalen Tolbert,WR,2025,17,2026,3,3,0.0,2.7127058506011963,False,14,0.0,16.241935110092154,1
Jalen Tolbert,WR,2025,17,2026,4,4,0.0,2.706394910812378,False,21,0.0,16.257947397232044,1
Jalen Tolbert,WR,2025,17,2026,5,5,0.0,2.6645028591156006,False,28,0.0,15.607495474815366,1
Jalen Tolbert,WR,2025,17,2026,6,6,0.0,2.6722636222839355,False,35,0.0,14.888955593109127,1
Jalen Tolbert,WR,2025,17,2026,7,7,0.0,2.658118486404419,False,42,0.0,14.271674585342405,1
Jalen Tolbert,WR,2025,17,2026,8,8,0.0,2.68120551109314,False,49,0.0,13.69813303947448,1
Jalen Tolbert,WR,2025,17,2026,9,9,0.0,2.693382024765014,False,56,0.0,12.599260473251316,1
Jalen Tolbert,WR,2025,17,2026,10,10,0.0,2.713057279586792,False,63,0.0,11.984029650688171,1
Jalen Tolbert,WR,2025,17,2026,11,11,0.0,2.78967809677124,False,70,0.0,11.792322492599478,1
Jalen Tolbert,WR,2025,17,2026,12,12,0.0,2.901608467102051,False,77,0.0,11.348443317413324,1
Jalen Tolbert,WR,2025,17,2026,13,13,0.0,2.990243673324585,False,84,0.0,10.637232160568228,1
Jalen Tolbert,WR,2025,17,2026,14,14,0.0,3.0598490238189697,False,91,0.0,8.673028349876397,1
Jalen Tolbert,WR,2025,17,2026,15,15,0.0,3.1090166568756104,False,98,0.0,6.713510560989339,1
Jalen Tolbert,WR,2025,17,2026,16,16,0.0,3.150067090988159,False,105,0.0,4.09789164066314,1
Jalen Tolbert,WR,2025,17,2026,17,17,0.0,3.1866962909698486,False,112,0.0,0.8890383958816526,1
James Cook,RB,2025,17,2026,1,1,0.0,14.870027542114258,False,0,3.771412086486816,29.58578748703001,1
James Cook,RB,2025,17,2026,2,2,0.0,14.800554275512695,False,7,1.1332600593566884,28.961866760253898,1
James Cook,RB,2025,17,2026,3,3,0.0,14.670713424682615,False,14,0.5431281089782711,28.19994268417357,1
James Cook,RB,2025,17,2026,4,4,0.0,14.52819538116455,False,21,0.2404411315917975,28.079747867584217,1
James Cook,RB,2025,17,2026,5,5,0.0,14.315838813781738,False,28,0.0,27.258831429481504,1
James Cook,RB,2025,17,2026,6,6,0.0,13.820292472839355,False,35,0.0,26.036984443664547,1
James Cook,RB,2025,17,2026,7,7,0.0,13.319920539855955,False,42,0.0,24.93347663879394,1
James Cook,RB,2025,17,2026,8,8,0.0,12.896010398864746,False,49,0.0,23.912937927246087,1
James Cook,RB,2025,17,2026,9,9,0.0,12.46375560760498,False,56,0.0,22.36963405609128,1
James Cook,RB,2025,17,2026,10,10,0.0,12.09354305267334,False,63,0.0,21.36451542377472,1
James Cook,RB,2025,17,2026,11,11,0.0,11.74558925628662,False,70,0.0,20.74823365211486,1
James Cook,RB,2025,17,2026,12,12,0.0,11.401442527770996,False,77,0.0,19.84827737808227,1
James Cook,RB,2025,17,2026,13,13,0.0,11.107972145080566,False,84,0.0,18.75496063232421,1
James Cook,RB,2025,17,2026,14,14,0.0,10.864472389221191,False,91,0.0,16.47765171527862,1
James Cook,RB,2025,17,2026,15,15,0.0,10.610169410705566,False,98,0.0,14.214663314819294,1
James Cook,RB,2025,17,2026,16,16,0.0,10.350022315979004,False,105,0.0,11.297846865653984,1
James Cook,RB,2025,17,2026,17,17,0.0,10.048707008361816,False,112,0.0,7.75104911327362,1
Jameson Williams,WR,2025,17,2026,1,1,0.0,12.849616050720217,False,0,1.7510005950927727,27.565375995635968,1
Jameson Williams,WR,2025,17,2026,2,2,0.0,12.81787395477295,False,7,0.0,26.97918643951415,1
Jameson Williams,WR,2025,17,2026,3,3,0.0,12.862714767456056,False,14,0.0,26.39194402694701,1
Jameson Williams,WR,2025,17,2026,4,4,0.0,12.91925811767578,False,21,0.0,26.470810604095448,1
Jameson Williams,WR,2025,17,2026,5,5,0.0,13.049397468566896,False,28,0.0,25.99239008426666,1
Jameson Williams,WR,2025,17,2026,6,6,0.0,13.32937717437744,False,35,0.0,25.546069145202637,1
Jameson Williams,WR,2025,17,2026,7,7,0.0,13.580896377563477,False,42,0.0,25.19445247650146,1
Jameson Williams,WR,2025,17,2026,8,8,0.0,13.755655288696287,False,49,0.0,24.77258281707763,1
Jameson Williams,WR,2025,17,2026,9,9,0.0,13.800000190734863,False,56,0.0,23.70587863922116,1
Jameson Williams,WR,2025,17,2026,10,10,0.0,13.807459831237791,False,63,0.0,23.07843220233917,1
Jameson Williams,WR,2025,17,2026,11,11,0.0,13.784680366516112,False,70,0.0,22.78732476234435,1
Jameson Williams,WR,2025,17,2026,12,12,0.0,13.736964225769045,False,77,0.0,22.18379907608032,1
Jameson Williams,WR,2025,17,2026,13,13,0.0,13.665450096130373,False,84,0.0,21.31243858337401,1
Jameson Williams,WR,2025,17,2026,14,14,0.0,13.596024513244627,False,91,0.0,19.209203839302056,1
Jameson Williams,WR,2025,17,2026,15,15,0.0,13.530863761901855,False,98,0.0,17.135357666015583,1
Jameson Williams,WR,2025,17,2026,16,16,0.0,13.462843894958496,False,105,0.0,14.410668444633476,1
Jameson Williams,WR,2025,17,2026,17,17,0.0,13.393057823181152,False,112,0.0,11.095399928092956,1
Jared Wayne,WR,2025,17,2026,1,1,0.0,2.57697868347168,False,0,0.0,17.292738628387433,1
Jared Wayne,WR,2025,17,2026,2,2,0.0,2.6555774211883545,False,7,0.0,16.816889905929557,1
Jared Wayne,WR,2025,17,2026,3,3,0.0,2.656959056854248,False,14,0.0,16.186188316345206,1
Jared Wayne,WR,2025,17,2026,4,4,0.0,2.6543753147125244,False,21,0.0,16.20592780113219,1
Jared Wayne,WR,2025,17,2026,5,5,0.0,2.608839750289917,False,28,0.0,15.551832365989682,1
Jared Wayne,WR,2025,17,2026,6,6,0.0,2.5690460205078125,False,35,0.0,14.785737991333004,1
Jared Wayne,WR,2025,17,2026,7,7,0.0,2.470643281936645,False,42,0.0,14.08419938087463,1
Jared Wayne,WR,2025,17,2026,8,8,0.0,2.380971193313598,False,49,0.0,13.39789872169494,1
Jared Wayne,WR,2025,17,2026,9,9,0.0,2.279874563217163,False,56,0.0,12.185753011703463,1
Jared Wayne,WR,2025,17,2026,10,10,0.0,2.198718547821045,False,63,0.0,11.469690918922424,1
Jared Wayne,WR,2025,17,2026,11,11,0.0,2.1742913722991943,False,70,0.0,11.176935768127432,1
Jared Wayne,WR,2025,17,2026,12,12,0.0,2.200934410095215,False,77,0.0,10.647769260406488,1
Jared Wayne,WR,2025,17,2026,13,13,0.0,2.2288081645965576,False,84,0.0,9.8757966518402,1
Jared Wayne,WR,2025,17,2026,14,14,0.0,2.272906541824341,False,91,0.0,7.886085867881769,1
Jared Wayne,WR,2025,17,2026,15,15,0.0,2.328966856002808,False,98,0.0,5.933460760116536,1
Jared Wayne,WR,2025,17,2026,16,16,0.0,2.3915841579437256,False,105,0.0,3.3394087076187065,1
Jared Wayne,WR,2025,17,2026,17,17,0.0,2.46430778503418,False,112,0.0,0.1666498899459836,1
Jauan Jennings,WR,2025,17,2026,1,1,0.0,14.636579513549805,False,0,3.5379640579223626,29.35233945846556,1
Jauan Jennings,WR,2025,17,2026,2,2,0.0,14.555578231811523,False,7,0.8882840156555165,28.71689071655273,1
Jauan Jennings,WR,2025,17,2026,3,3,0.0,14.429986000061035,False,14,0.3024006843566891,27.959215259551996,1
Jauan Jennings,WR,2025,17,2026,4,4,0.0,14.311156272888184,False,21,0.0234020233154303,27.86270875930785,1
Jauan Jennings,WR,2025,17,2026,5,5,0.0,14.306113243103027,False,28,0.0,27.249105858802796,1
Jauan Jennings,WR,2025,17,2026,6,6,0.0,14.284672737121582,False,35,0.0,26.50136470794677,1
Jauan Jennings,WR,2025,17,2026,7,7,0.0,14.259905815124512,False,42,0.0,25.873461914062496,1
Jauan Jennings,WR,2025,17,2026,8,8,0.0,14.246197700500488,False,49,0.0,25.26312522888183,1
Jauan Jennings,WR,2025,17,2026,9,9,0.0,14.149578094482422,False,56,0.0,24.05545654296872,1
Jauan Jennings,WR,2025,17,2026,10,10,0.0,14.00487232208252,False,63,0.0,23.2758446931839,1
Jauan Jennings,WR,2025,17,2026,11,11,0.0,13.86061668395996,False,70,0.0,22.8632610797882,1
Jauan Jennings,WR,2025,17,2026,12,12,0.0,13.74582576751709,False,77,0.0,22.192660617828363,1
Jauan Jennings,WR,2025,17,2026,13,13,0.0,13.669550895690918,False,84,0.0,21.31653938293456,1
Jauan Jennings,WR,2025,17,2026,14,14,0.0,13.599865913391112,False,91,0.0,19.21304523944854,1
Jauan Jennings,WR,2025,17,2026,15,15,0.0,13.525352478027344,False,98,0.0,17.12984638214107,1
Jauan Jennings,WR,2025,17,2026,16,16,0.0,13.434948921203612,False,105,0.0,14.382773470878591,1
Jauan Jennings,WR,2025,17,2026,17,17,0.0,13.308714866638184,False,112,0.0,11.011056971549989,1
Javonte Williams,RB,2025,17,2026,1,1,0.0,14.724283218383787,False,0,3.625667762756347,29.440043163299546,1
Javonte Williams,RB,2025,17,2026,2,2,0.0,14.563568115234377,False,7,0.8962738990783681,28.724880599975577,1
Javonte Williams,RB,2025,17,2026,3,3,0.0,14.369128227233888,False,14,0.2415429115295406,27.898357486724844,1
Javonte Williams,RB,2025,17,2026,4,4,0.0,14.202606201171877,False,21,0.0,27.75415868759154,1
Javonte Williams,RB,2025,17,2026,5,5,0.0,14.014202117919922,False,28,0.0,26.957194733619687,1
Javonte Williams,RB,2025,17,2026,6,6,0.0,13.642534255981444,False,35,0.0,25.85922622680664,1
Javonte Williams,RB,2025,17,2026,7,7,0.0,13.29152011871338,False,42,0.0,24.905076217651363,1
Javonte Williams,RB,2025,17,2026,8,8,0.0,12.935999870300291,False,49,0.0,23.952927398681634,1
Javonte Williams,RB,2025,17,2026,9,9,0.0,12.479646682739258,False,56,0.0,22.38552513122556,1
Javonte Williams,RB,2025,17,2026,10,10,0.0,12.05626392364502,False,63,0.0,21.3272362947464,1
Javonte Williams,RB,2025,17,2026,11,11,0.0,11.69445514678955,False,70,0.0,20.69709954261779,1
Javonte Williams,RB,2025,17,2026,12,12,0.0,11.380814552307127,False,77,0.0,19.8276494026184,1
Javonte Williams,RB,2025,17,2026,13,13,0.0,11.130597114562988,False,84,0.0,18.77758560180663,1
Javonte Williams,RB,2025,17,2026,14,14,0.0,10.930020332336426,False,91,0.0,16.543199658393853,1
Javonte Williams,RB,2025,17,2026,15,15,0.0,10.724997520446776,False,98,0.0,14.329491424560503,1
Javonte Williams,RB,2025,17,2026,16,16,0.0,10.524687767028809,False,105,0.0,11.472512316703789,1
Javonte Williams,RB,2025,17,2026,17,17,0.0,10.283174514770508,False,112,0.0,7.985516619682311,1
Jaxon Smith-Njigba,WR,2025,17,2026,1,1,0.0,18.138702392578125,False,0,7.040086936950683,32.85446233749388,1
Jaxon Smith-Njigba,WR,2025,17,2026,2,2,0.0,19.617401123046875,False,7,5.950106906890868,33.77871360778808,1
Jaxon Smith-Njigba,WR,2025,17,2026,3,3,0.0,19.73664283752441,False,14,5.609057521820068,33.265872097015375,1
Jaxon Smith-Njigba,WR,2025,17,2026,4,4,0.0,19.830570220947266,False,21,5.542815971374512,33.38212270736693,1
Jaxon Smith-Njigba,WR,2025,17,2026,5,5,0.0,19.887351989746094,False,28,5.448901748657226,32.83034460544586,1
Jaxon Smith-Njigba,WR,2025,17,2026,6,6,0.0,19.81161499023437,False,35,5.278213787078856,32.02830696105957,1
Jaxon Smith-Njigba,WR,2025,17,2026,7,7,0.0,19.776674270629883,False,42,5.171021556854248,31.390230369567867,1
Jaxon Smith-Njigba,WR,2025,17,2026,8,8,0.0,19.812162399291992,False,49,5.156714153289794,30.829089927673333,1
Jaxon Smith-Njigba,WR,2025,17,2026,9,9,0.0,19.817960739135746,False,56,5.116143703460695,29.72383918762204,1
Jaxon Smith-Njigba,WR,2025,17,2026,10,10,0.0,19.8149471282959,False,63,5.050220203399659,29.08591949939728,1
Jaxon Smith-Njigba,WR,2025,17,2026,11,11,0.0,19.80682373046875,False,70,4.995550060272217,28.809468126296988,1
Jaxon Smith-Njigba,WR,2025,17,2026,12,12,0.0,19.711275100708008,False,77,4.868470096588135,28.15810995101928,1
Jaxon Smith-Njigba,WR,2025,17,2026,13,13,0.0,19.604143142700195,False,84,4.751545619964599,27.25113162994384,1
Jaxon Smith-Njigba,WR,2025,17,2026,14,14,0.0,19.47941398620605,False,91,4.596121120452882,25.09259331226348,1
Jaxon Smith-Njigba,WR,2025,17,2026,15,15,0.0,19.321273803710938,False,98,4.442282581329346,22.925767707824665,1
Jaxon Smith-Njigba,WR,2025,17,2026,16,16,0.0,19.173460006713867,False,105,4.2607685089111325,20.121284556388847,1
Jaxon Smith-Njigba,WR,2025,17,2026,17,17,0.0,18.87809944152832,False,112,3.966281700134278,16.580441546440124,1
Jayden Reed,WR,2025,17,2026,1,1,0.0,12.408583641052246,False,0,1.309968185424804,27.124343585968,1
Jayden Reed,WR,2025,17,2026,2,2,0.0,12.55330753326416,False,7,0.0,26.714620018005363,1
Jayden Reed,WR,2025,17,2026,3,3,0.0,12.156147956848145,False,14,0.0,25.685377216339106,1
Jayden Reed,WR,2025,17,2026,4,4,0.0,11.56089973449707,False,21,0.0,25.112452220916737,1
Jayden Reed,WR,2025,17,2026,5,5,0.0,10.949701309204102,False,28,0.0,23.892693924903867,1
Jayden Reed,WR,2025,17,2026,6,6,0.0,10.033697128295898,False,35,0.0,22.25038909912109,1
Jayden Reed,WR,2025,17,2026,7,7,0.0,9.091190338134766,False,42,0.0,20.70474643707275,1
Jayden Reed,WR,2025,17,2026,8,8,0.0,8.32291030883789,False,49,0.0,19.339837837219232,1
Jayden Reed,WR,2025,17,2026,9,9,0.0,7.551333904266357,False,56,0.0,17.457212352752656,1
Jayden Reed,WR,2025,17,2026,10,10,0.0,6.850590229034424,False,63,0.0,16.121562600135803,1
Jayden Reed,WR,2025,17,2026,11,11,0.0,6.303879261016846,False,70,0.0,15.306523656845084,1
Jayden Reed,WR,2025,17,2026,12,12,0.0,5.887481212615967,False,77,0.0,14.33431606292724,1
Jayden Reed,WR,2025,17,2026,13,13,0.0,5.645674228668213,False,84,0.0,13.292662715911856,1
Jayden Reed,WR,2025,17,2026,14,14,0.0,5.537034511566162,False,91,0.0,11.150213837623587,1
Jayden Reed,WR,2025,17,2026,15,15,0.0,5.4689040184021,False,98,0.0,9.073397922515827,1
Jayden Reed,WR,2025,17,2026,16,16,0.0,5.462578296661377,False,105,0.0,6.410402846336358,1
Jayden Reed,WR,2025,17,2026,17,17,0.0,5.477792263031006,False,112,0.0,3.18013436794281,1
Jaylen Waddle,WR,2025,17,2026,1,1,0.0,14.208714485168455,False,0,3.110099029541015,28.92447443008421,1
Jaylen Waddle,WR,2025,17,2026,2,2,0.0,14.186963081359863,False,7,0.5196688652038564,28.348275566101066,1
Jaylen Waddle,WR,2025,17,2026,3,3,0.0,14.192893028259276,False,14,0.0653077125549312,27.722122287750235,1
Jaylen Waddle,WR,2025,17,2026,4,4,0.0,14.23084545135498,False,21,0.0,27.782397937774647,1
Jaylen Waddle,WR,2025,17,2026,5,5,0.0,14.39650821685791,False,28,0.0,27.339500832557675,1
Jaylen Waddle,WR,2025,17,2026,6,6,0.0,14.796216011047363,False,35,0.2628148078918446,27.012907981872555,1
Jaylen Waddle,WR,2025,17,2026,7,7,0.0,15.261015892028809,False,42,0.6553631782531735,26.874571990966796,1
Jaylen Waddle,WR,2025,17,2026,8,8,0.0,15.51550006866455,False,49,0.8600518226623528,26.53242759704589,1
Jaylen Waddle,WR,2025,17,2026,9,9,0.0,15.601513862609863,False,56,0.8996968269348162,25.50739231109616,1
Jaylen Waddle,WR,2025,17,2026,10,10,0.0,15.654511451721191,False,63,0.8897845268249522,24.92548382282257,1
Jaylen Waddle,WR,2025,17,2026,11,11,0.0,15.69543743133545,False,70,0.8841637611389164,24.698081827163687,1
Jaylen Waddle,WR,2025,17,2026,12,12,0.0,15.698128700256348,False,77,0.855323696136475,24.14496355056762,1
Jaylen Waddle,WR,2025,17,2026,13,13,0.0,15.691691398620604,False,84,0.839093875885009,23.33867988586425,1
Jaylen Waddle,WR,2025,17,2026,14,14,0.0,15.651005744934082,False,91,0.7677128791809089,21.26418507099151,1
Jaylen Waddle,WR,2025,17,2026,15,15,0.0,15.584044456481934,False,98,0.7050532341003422,19.18853836059566,1
Jaylen Waddle,WR,2025,17,2026,16,16,0.0,15.494306564331056,False,105,0.58161506652832,16.442131114006035,1
Jaylen Waddle,WR,2025,17,2026,17,17,0.0,15.341551780700684,False,112,0.4297340393066413,13.043893885612489,1
Jaylen Warren,RB,2025,17,2026,1,1,0.0,15.019675254821776,False,0,3.9210597991943352,29.73543519973753,1
Jaylen Warren,RB,2025,17,2026,2,2,0.0,14.830212593078612,False,7,1.1629183769226064,28.991525077819816,1
Jaylen Warren,RB,2025,17,2026,3,3,0.0,14.709258079528809,False,14,0.5816727638244625,28.23848733901977,1
Jaylen Warren,RB,2025,17,2026,4,4,0.0,14.675395011901855,False,21,0.3876407623291023,28.22694749832152,1
Jaylen Warren,RB,2025,17,2026,5,5,0.0,14.635858535766602,False,28,0.197408294677734,27.578851151466367,1
Jaylen Warren,RB,2025,17,2026,6,6,0.0,14.415684700012209,False,35,0.0,26.6323766708374,1
Jaylen Warren,RB,2025,17,2026,7,7,0.0,14.275632858276367,False,42,0.0,25.88918895721435,1
Jaylen Warren,RB,2025,17,2026,8,8,0.0,14.21778392791748,False,49,0.0,25.23471145629882,1
Jaylen Warren,RB,2025,17,2026,9,9,0.0,14.13597011566162,False,56,0.0,24.04184856414792,1
Jaylen Warren,RB,2025,17,2026,10,10,0.0,14.033172607421877,False,63,0.0,23.30414497852325,1
Jaylen Warren,RB,2025,17,2026,11,11,0.0,13.85767650604248,False,70,0.0,22.86032090187072,1
Jaylen Warren,RB,2025,17,2026,12,12,0.0,13.6644868850708,False,77,0.0,22.111321735382077,1
Jaylen Warren,RB,2025,17,2026,13,13,0.0,13.52506160736084,False,84,0.0,21.172050094604483,1
Jaylen Warren,RB,2025,17,2026,14,14,0.0,13.429797172546388,False,91,0.0,19.042976498603814,1
Jaylen Warren,RB,2025,17,2026,15,15,0.0,13.350011825561523,False,98,0.0,16.95450572967525,1
Jaylen Warren,RB,2025,17,2026,16,16,0.0,13.262324333190918,False,105,0.0,14.210148882865898,1
Jaylen Warren,RB,2025,17,2026,17,17,0.0,13.158257484436035,False,112,0.0,10.86059958934784,1
Jaylen Wright,RB,2025,17,2026,1,1,0.0,4.655104160308838,False,0,0.0,19.37086410522459,1
Jaylen Wright,RB,2025,17,2026,2,2,0.0,4.871196269989014,False,7,0.0,19.032508754730216,1
Jaylen Wright,RB,2025,17,2026,3,3,0.0,5.071622371673584,False,14,0.0,18.60085163116454,1
Jaylen Wright,RB,2025,17,2026,4,4,0.0,5.32599401473999,False,21,0.0,18.877546501159657,1
Jaylen Wright,RB,2025,17,2026,5,5,0.0,5.519468784332275,False,28,0.0,18.46246140003204,1
Jaylen Wright,RB,2025,17,2026,6,6,0.0,5.725867748260498,False,35,0.0,17.94255971908569,1
Jaylen Wright,RB,2025,17,2026,7,7,0.0,5.93618631362915,False,42,0.0,17.549742412567134,1
Jaylen Wright,RB,2025,17,2026,8,8,0.0,6.192312717437744,False,49,0.0,17.209240245819085,1
Jaylen Wright,RB,2025,17,2026,9,9,0.0,6.392957210540772,False,56,0.0,16.29883565902707,1
Jaylen Wright,RB,2025,17,2026,10,10,0.0,6.583728313446045,False,63,0.0,15.854700684547424,1
Jaylen Wright,RB,2025,17,2026,11,11,0.0,6.837661743164063,False,70,0.0,15.8403061389923,1
Jaylen Wright,RB,2025,17,2026,12,12,0.0,7.123883247375488,False,77,0.0,15.57071809768676,1
Jaylen Wright,RB,2025,17,2026,13,13,0.0,7.364303112030029,False,84,0.0,15.011291599273672,1
Jaylen Wright,RB,2025,17,2026,14,14,0.0,7.519753456115723,False,91,0.0,13.13293278217315,1
Jaylen Wright,RB,2025,17,2026,15,15,0.0,7.536781787872314,False,98,0.0,11.141275691986042,1
Jaylen Wright,RB,2025,17,2026,16,16,0.0,7.445413112640381,False,105,0.0,8.39323766231536,1
Jaylen Wright,RB,2025,17,2026,17,17,0.0,7.270415306091309,False,112,0.0,4.972757411003112,1
Jaylin Lane,WR,2025,17,2026,1,1,0.0,4.210568904876709,False,0,0.0,18.926328849792466,1
Jaylin Lane,WR,2025,17,2026,2,2,0.0,4.477102756500244,False,7,0.0,18.638415241241447,1
Jaylin Lane,WR,2025,17,2026,3,3,0.0,4.702993869781494,False,14,0.0,18.23222312927245,1
Jaylin Lane,WR,2025,17,2026,4,4,0.0,4.923064231872559,False,21,0.0,18.474616718292225,1
Jaylin Lane,WR,2025,17,2026,5,5,0.0,5.03161096572876,False,28,0.0,17.974603581428525,1
Jaylin Lane,WR,2025,17,2026,6,6,0.0,5.112419128417969,False,35,0.0,17.32911109924316,1
Jaylin Lane,WR,2025,17,2026,7,7,0.0,5.163111209869385,False,42,0.0,16.77666730880737,1
Jaylin Lane,WR,2025,17,2026,8,8,0.0,5.234984874725342,False,49,0.0,16.251912403106683,1
Jaylin Lane,WR,2025,17,2026,9,9,0.0,5.245421886444092,False,56,0.0,15.151300334930392,1
Jaylin Lane,WR,2025,17,2026,10,10,0.0,5.263564109802246,False,63,0.0,14.534536480903624,1
Jaylin Lane,WR,2025,17,2026,11,11,0.0,5.326446056365967,False,70,0.0,14.329090452194205,1
Jaylin Lane,WR,2025,17,2026,12,12,0.0,5.389657974243164,False,77,0.0,13.836492824554435,1
Jaylin Lane,WR,2025,17,2026,13,13,0.0,5.3830437660217285,False,84,0.0,13.030032253265372,1
Jaylin Lane,WR,2025,17,2026,14,14,0.0,5.35153865814209,False,91,0.0,10.964717984199517,1
Jaylin Lane,WR,2025,17,2026,15,15,0.0,5.285112857818604,False,98,0.0,8.889606761932331,1
Jaylin Lane,WR,2025,17,2026,16,16,0.0,5.203838348388672,False,105,0.0,6.151662898063653,1
Jaylin Lane,WR,2025,17,2026,17,17,0.0,5.121514797210693,False,112,0.0,2.8238569021224973,1
Jaylin Noel,WR,2025,17,2026,1,1,0.0,6.057312965393066,False,0,0.0,20.77307291030882,1
Jaylin Noel,WR,2025,17,2026,2,2,0.0,6.259377479553223,False,7,0.0,20.420689964294425,1
Jaylin Noel,WR,2025,17,2026,3,3,0.0,6.352903842926025,False,14,0.0,19.882133102416983,1
Jaylin Noel,WR,2025,17,2026,4,4,0.0,6.568438053131104,False,21,0.0,20.11999053955077,1
Jaylin Noel,WR,2025,17,2026,5,5,0.0,6.785584926605225,False,28,0.0,19.72857754230499,1
Jaylin Noel,WR,2025,17,2026,6,6,0.0,6.926345348358154,False,35,0.0,19.143037319183343,1
Jaylin Noel,WR,2025,17,2026,7,7,0.0,7.052290439605713,False,42,0.0,18.665846538543697,1
Jaylin Noel,WR,2025,17,2026,8,8,0.0,7.15659236907959,False,49,0.0,18.17351989746093,1
Jaylin Noel,WR,2025,17,2026,9,9,0.0,7.138037204742432,False,56,0.0,17.04391565322873,1
Jaylin Noel,WR,2025,17,2026,10,10,0.0,7.046939373016357,False,63,0.0,16.317911744117737,1
Jaylin Noel,WR,2025,17,2026,11,11,0.0,6.932102680206299,False,70,0.0,15.934747076034537,1
Jaylin Noel,WR,2025,17,2026,12,12,0.0,6.783947467803955,False,77,0.0,15.230782318115228,1
Jaylin Noel,WR,2025,17,2026,13,13,0.0,6.63165807723999,False,84,0.0,14.278646564483632,1
Jaylin Noel,WR,2025,17,2026,14,14,0.0,6.551556587219238,False,91,0.0,12.164735913276663,1
Jaylin Noel,WR,2025,17,2026,15,15,0.0,6.479195594787598,False,98,0.0,10.083689498901323,1
Jaylin Noel,WR,2025,17,2026,16,16,0.0,6.44939661026001,False,105,0.0,7.397221159934991,1
Jaylin Noel,WR,2025,17,2026,17,17,0.0,6.411821842193604,False,112,0.0,4.114163947105407,1
Jeremiyah Love,RB,2025,17,2026,1,1,0.0,2.248631715774536,False,0,0.0,16.96439166069029,1
Jeremiyah Love,RB,2025,17,2026,2,2,0.0,2.15201187133789,False,7,0.0,16.313324356079093,1
Jeremiyah Love,RB,2025,17,2026,3,3,0.0,2.1193885803222656,False,14,0.0,15.648617839813223,1
Jeremiyah Love,RB,2025,17,2026,4,4,0.0,2.101576566696167,False,21,0.0,15.653129053115832,1
Jeremiyah Love,RB,2025,17,2026,5,5,0.0,2.029958248138428,False,28,0.0,14.972950863838191,1
Jeremiyah Love,RB,2025,17,2026,6,6,0.0,2.0029330253601074,False,35,0.0,14.2196249961853,1
Jeremiyah Love,RB,2025,17,2026,7,7,0.0,1.934973955154419,False,42,0.0,13.548530054092405,1
Jeremiyah Love,RB,2025,17,2026,8,8,0.0,1.9057650566101076,False,49,0.0,12.922692584991449,1
Jeremiyah Love,RB,2025,17,2026,9,9,0.0,1.8950203657150269,False,56,0.0,11.800898814201329,1
Jeremiyah Love,RB,2025,17,2026,10,10,0.0,1.89983868598938,False,63,0.0,11.17081105709076,1
Jeremiyah Love,RB,2025,17,2026,11,11,0.0,1.954673290252685,False,70,0.0,10.957317686080923,1
Jeremiyah Love,RB,2025,17,2026,12,12,0.0,2.0603418350219727,False,77,0.0,10.507176685333246,1
Jeremiyah Love,RB,2025,17,2026,13,13,0.0,2.1478524208068848,False,84,0.0,9.794840908050528,1
Jeremiyah Love,RB,2025,17,2026,14,14,0.0,2.22756028175354,False,91,0.0,7.840739607810968,1
Jeremiyah Love,RB,2025,17,2026,15,15,0.0,2.300865411758423,False,98,0.0,5.905359315872151,1
Jeremiyah Love,RB,2025,17,2026,16,16,0.0,2.363610029220581,False,105,0.0,3.311434578895562,1
Jeremiyah Love,RB,2025,17,2026,17,17,0.0,2.428595304489136,False,112,0.0,0.1309374094009396,1
Jerry Jeudy,WR,2025,17,2026,1,1,0.0,7.708691120147705,False,0,0.0,22.424451065063455,1
Jerry Jeudy,WR,2025,17,2026,2,2,0.0,7.656905651092529,False,7,0.0,21.81821813583373,1
Jerry Jeudy,WR,2025,17,2026,3,3,0.0,7.570177555084228,False,14,0.0,21.099406814575183,1
Jerry Jeudy,WR,2025,17,2026,4,4,0.0,7.642746925354004,False,21,0.0,21.19429941177367,1
Jerry Jeudy,WR,2025,17,2026,5,5,0.0,7.789027214050293,False,28,0.0,20.732019829750055,1
Jerry Jeudy,WR,2025,17,2026,6,6,0.0,7.937731742858887,False,35,0.0,20.15442371368408,1
Jerry Jeudy,WR,2025,17,2026,7,7,0.0,8.188861846923828,False,42,0.0,19.80241794586181,1
Jerry Jeudy,WR,2025,17,2026,8,8,0.0,8.527457237243652,False,49,0.0,19.544384765624997,1
Jerry Jeudy,WR,2025,17,2026,9,9,0.0,8.843157768249512,False,56,0.0,18.74903621673581,1
Jerry Jeudy,WR,2025,17,2026,10,10,0.0,9.214357376098633,False,63,0.0,18.48532974720001,1
Jerry Jeudy,WR,2025,17,2026,11,11,0.0,9.614483833312988,False,70,0.0,18.617128229141223,1
Jerry Jeudy,WR,2025,17,2026,12,12,0.0,9.887627601623535,False,77,0.0,18.334462451934808,1
Jerry Jeudy,WR,2025,17,2026,13,13,0.0,9.888056755065918,False,84,0.0,17.53504524230956,1
Jerry Jeudy,WR,2025,17,2026,14,14,0.0,9.756352424621582,False,91,0.0,15.369531750679007,1
Jerry Jeudy,WR,2025,17,2026,15,15,0.0,9.558466911315918,False,98,0.0,13.162960815429646,1
Jerry Jeudy,WR,2025,17,2026,16,16,0.0,9.35804843902588,False,105,0.0,10.30587298870086,1
Jerry Jeudy,WR,2025,17,2026,17,17,0.0,9.167835235595703,False,112,0.0,6.870177340507507,1
Jimmy Horn Jr.,WR,2025,17,2026,1,1,0.0,3.28247594833374,False,0,0.0,17.998235893249493,1
Jimmy Horn Jr.,WR,2025,17,2026,2,2,0.0,3.370971918106079,False,7,0.0,17.53228440284728,1
Jimmy Horn Jr.,WR,2025,17,2026,3,3,0.0,3.385119676589966,False,14,0.0,16.914348936080923,1
Jimmy Horn Jr.,WR,2025,17,2026,4,4,0.0,3.4009482860565186,False,21,0.0,16.952500772476185,1
Jimmy Horn Jr.,WR,2025,17,2026,5,5,0.0,3.3745453357696533,False,28,0.0,16.31753795146942,1
Jimmy Horn Jr.,WR,2025,17,2026,6,6,0.0,3.3263328075408936,False,35,0.0,15.543024778366084,1
Jimmy Horn Jr.,WR,2025,17,2026,7,7,0.0,3.217319965362549,False,42,0.0,14.830876064300533,1
Jimmy Horn Jr.,WR,2025,17,2026,8,8,0.0,3.106612205505371,False,49,0.0,14.123539733886712,1
Jimmy Horn Jr.,WR,2025,17,2026,9,9,0.0,2.970450162887573,False,56,0.0,12.876328611373872,1
Jimmy Horn Jr.,WR,2025,17,2026,10,10,0.0,2.8672711849212646,False,63,0.0,12.138243556022644,1
Jimmy Horn Jr.,WR,2025,17,2026,11,11,0.0,2.8351666927337646,False,70,0.0,11.837811088562002,1
Jimmy Horn Jr.,WR,2025,17,2026,12,12,0.0,2.854938745498657,False,77,0.0,11.30177359580993,1
Jimmy Horn Jr.,WR,2025,17,2026,13,13,0.0,2.8712737560272217,False,84,0.0,10.518262243270865,1
Jimmy Horn Jr.,WR,2025,17,2026,14,14,0.0,2.9051146507263184,False,91,0.0,8.518293976783745,1
Jimmy Horn Jr.,WR,2025,17,2026,15,15,0.0,2.948796510696411,False,98,0.0,6.55329041481014,1
Jimmy Horn Jr.,WR,2025,17,2026,16,16,0.0,3.0042312145233154,False,105,0.0,3.952055764198296,1
Jimmy Horn Jr.,WR,2025,17,2026,17,17,0.0,3.0716195106506348,False,112,0.0,0.7739616155624387,1
John Metchie III,WR,2025,17,2026,1,1,0.0,8.195693969726562,False,0,0.0,22.91145391464232,1
John Metchie III,WR,2025,17,2026,2,2,0.0,8.182019233703613,False,7,0.0,22.343331718444816,1
John Metchie III,WR,2025,17,2026,3,3,0.0,8.110709190368652,False,14,0.0,21.63993844985961,1
John Metchie III,WR,2025,17,2026,4,4,0.0,8.261648178100586,False,21,0.0,21.81320066452025,1
John Metchie III,WR,2025,17,2026,5,5,0.0,8.51758098602295,False,28,0.0,21.460573601722714,1
John Metchie III,WR,2025,17,2026,6,6,0.0,8.700008392333984,False,35,0.0,20.916700363159176,1
John Metchie III,WR,2025,17,2026,7,7,0.0,8.881900787353516,False,42,0.0,20.4954568862915,1
John Metchie III,WR,2025,17,2026,8,8,0.0,9.10676097869873,False,49,0.0,20.12368850708007,1
John Metchie III,WR,2025,17,2026,9,9,0.0,9.320582389831545,False,56,0.0,19.22646083831784,1
John Metchie III,WR,2025,17,2026,10,10,0.0,9.470906257629396,False,63,0.0,18.74187862873077,1
John Metchie III,WR,2025,17,2026,11,11,0.0,9.469769477844238,False,70,0.0,18.47241387367248,1
John Metchie III,WR,2025,17,2026,12,12,0.0,9.335505485534668,False,77,0.0,17.78234033584594,1
John Metchie III,WR,2025,17,2026,13,13,0.0,9.13137912750244,False,84,0.0,16.778367614746085,1
John Metchie III,WR,2025,17,2026,14,14,0.0,8.977787017822266,False,91,0.0,14.590966343879693,1
John Metchie III,WR,2025,17,2026,15,15,0.0,8.833083152770996,False,98,0.0,12.437577056884724,1
John Metchie III,WR,2025,17,2026,16,16,0.0,8.721114158630371,False,105,0.0,9.668938708305353,1
John Metchie III,WR,2025,17,2026,17,17,0.0,8.615466117858887,False,112,0.0,6.31780822277069,1
Jonah Coleman,RB,2025,17,2026,1,1,0.0,2.250089406967163,False,0,0.0,16.965849351882916,1
Jonah Coleman,RB,2025,17,2026,2,2,0.0,2.1536543369293213,False,7,0.0,16.314966821670524,1
Jonah Coleman,RB,2025,17,2026,3,3,0.0,2.1212666034698486,False,14,0.0,15.650495862960806,1
Jonah Coleman,RB,2025,17,2026,4,4,0.0,2.103665590286255,False,21,0.0,15.65521807670592,1
Jonah Coleman,RB,2025,17,2026,5,5,0.0,2.0322375297546387,False,28,0.0,14.975230145454404,1
Jonah Coleman,RB,2025,17,2026,6,6,0.0,2.0054492950439453,False,35,0.0,14.222141265869135,1
Jonah Coleman,RB,2025,17,2026,7,7,0.0,1.9377316236495967,False,42,0.0,13.55128772258758,1
Jonah Coleman,RB,2025,17,2026,8,8,0.0,1.9087718725204468,False,49,0.0,12.925699400901788,1
Jonah Coleman,RB,2025,17,2026,9,9,0.0,1.8983023166656492,False,56,0.0,11.80418076515195,1
Jonah Coleman,RB,2025,17,2026,10,10,0.0,1.903420329093933,False,63,0.0,11.174392700195312,1
Jonah Coleman,RB,2025,17,2026,11,11,0.0,1.958593845367432,False,70,0.0,10.96123824119567,1
Jonah Coleman,RB,2025,17,2026,12,12,0.0,2.0645337104797363,False,77,0.0,10.51136856079101,1
Jonah Coleman,RB,2025,17,2026,13,13,0.0,2.152297019958496,False,84,0.0,9.79928550720214,1
Jonah Coleman,RB,2025,17,2026,14,14,0.0,2.232175588607788,False,91,0.0,7.845354914665216,1
Jonah Coleman,RB,2025,17,2026,15,15,0.0,2.305490255355835,False,98,0.0,5.909984159469564,1
Jonah Coleman,RB,2025,17,2026,16,16,0.0,2.3681530952453613,False,105,0.0,3.315977644920342,1
Jonah Coleman,RB,2025,17,2026,17,17,0.0,2.4329488277435303,False,112,0.0,0.1352909326553342,1
Jonathan Mingo,WR,2025,17,2026,1,1,0.0,2.478185176849365,False,0,0.0,17.19394512176512,1
Jonathan Mingo,WR,2025,17,2026,2,2,0.0,2.45200514793396,False,7,0.0,16.613317632675162,1
Jonathan Mingo,WR,2025,17,2026,3,3,0.0,2.446666955947876,False,14,0.0,15.975896215438834,1
Jonathan Mingo,WR,2025,17,2026,4,4,0.0,2.481896162033081,False,21,0.0,16.033448648452747,1
Jonathan Mingo,WR,2025,17,2026,5,5,0.0,2.4795520305633545,False,28,0.0,15.42254464626312,1
Jonathan Mingo,WR,2025,17,2026,6,6,0.0,2.5330488681793213,False,35,0.0,14.749740839004511,1
Jonathan Mingo,WR,2025,17,2026,7,7,0.0,2.5471560955047607,False,42,0.0,14.160712194442745,1
Jonathan Mingo,WR,2025,17,2026,8,8,0.0,2.5906221866607666,False,49,0.0,13.607549715042108,1
Jonathan Mingo,WR,2025,17,2026,9,9,0.0,2.6187198162078857,False,56,0.0,12.524598264694186,1
Jonathan Mingo,WR,2025,17,2026,10,10,0.0,2.645447015762329,False,63,0.0,11.916419386863708,1
Jonathan Mingo,WR,2025,17,2026,11,11,0.0,2.725044250488281,False,70,0.0,11.72768864631652,1
Jonathan Mingo,WR,2025,17,2026,12,12,0.0,2.836749315261841,False,77,0.0,11.283584165573114,1
Jonathan Mingo,WR,2025,17,2026,13,13,0.0,2.93022084236145,False,84,0.0,10.577209329605092,1
Jonathan Mingo,WR,2025,17,2026,14,14,0.0,3.005772829055786,False,91,0.0,8.618952155113213,1
Jonathan Mingo,WR,2025,17,2026,15,15,0.0,3.06144642829895,False,98,0.0,6.665940332412679,1
Jonathan Mingo,WR,2025,17,2026,16,16,0.0,3.10505747795105,False,105,0.0,4.052882027626031,1
Jonathan Mingo,WR,2025,17,2026,17,17,0.0,3.136271715164185,False,112,0.0,0.8386138200759885,1
Jonathan Taylor,RB,2025,17,2026,1,1,0.0,15.396953582763672,False,0,4.29833812713623,30.112713527679425,1
Jonathan Taylor,RB,2025,17,2026,2,2,0.0,15.230037689208984,False,7,1.5627434730529774,29.391350173950187,1
Jonathan Taylor,RB,2025,17,2026,3,3,0.0,15.158045768737791,False,14,1.030460453033447,28.68727502822875,1
Jonathan Taylor,RB,2025,17,2026,4,4,0.0,15.046217918395996,False,21,0.7584636688232429,28.597770404815662,1
Jonathan Taylor,RB,2025,17,2026,5,5,0.0,15.052918434143066,False,28,0.6144681930541989,27.99591104984283,1
Jonathan Taylor,RB,2025,17,2026,6,6,0.0,15.18407917022705,False,35,0.6506779670715321,27.400771141052243,1
Jonathan Taylor,RB,2025,17,2026,7,7,0.0,15.30886173248291,False,42,0.703209018707275,26.92241783142089,1
Jonathan Taylor,RB,2025,17,2026,8,8,0.0,15.395791053771973,False,49,0.7403428077697747,26.412718582153317,1
Jonathan Taylor,RB,2025,17,2026,9,9,0.0,15.406211853027344,False,56,0.7043948173522967,25.31209030151364,1
Jonathan Taylor,RB,2025,17,2026,10,10,0.0,15.4092378616333,False,63,0.6445109367370616,24.68021023273468,1
Jonathan Taylor,RB,2025,17,2026,11,11,0.0,15.400256156921388,False,70,0.5889824867248539,24.402900552749625,1
Jonathan Taylor,RB,2025,17,2026,12,12,0.0,15.363011360168455,False,77,0.5202063560485843,23.80984621047973,1
Jonathan Taylor,RB,2025,17,2026,13,13,0.0,15.310444831848145,False,84,0.4578473091125481,22.957433319091788,1
Jonathan Taylor,RB,2025,17,2026,14,14,0.0,15.216560363769531,False,91,0.3332674980163581,20.82973968982696,1
Jonathan Taylor,RB,2025,17,2026,15,15,0.0,15.08804702758789,False,98,0.2090558052062991,18.69254093170162,1
Jonathan Taylor,RB,2025,17,2026,16,16,0.0,14.937636375427246,False,105,0.0249448776245113,15.885460925102226,1
Jonathan Taylor,RB,2025,17,2026,17,17,0.0,14.746861457824709,False,112,0.0,12.44920356273651,1
Jonathon Brooks,RB,2025,17,2026,1,1,0.0,2.2177484035491943,False,0,0.0,16.933508348464947,1
Jonathon Brooks,RB,2025,17,2026,2,2,0.0,2.273315906524658,False,7,0.0,16.43462839126586,1
Jonathon Brooks,RB,2025,17,2026,3,3,0.0,2.321643829345703,False,14,0.0,15.85087308883666,1
Jonathon Brooks,RB,2025,17,2026,4,4,0.0,2.392306327819824,False,21,0.0,15.943858814239489,1
Jonathon Brooks,RB,2025,17,2026,5,5,0.0,2.389987707138061,False,28,0.0,15.332980322837829,1
Jonathon Brooks,RB,2025,17,2026,6,6,0.0,2.4290130138397217,False,35,0.0,14.645704984664912,1
Jonathon Brooks,RB,2025,17,2026,7,7,0.0,2.4119606018066406,False,42,0.0,14.025516700744625,1
Jonathon Brooks,RB,2025,17,2026,8,8,0.0,2.4237234592437744,False,49,0.0,13.440650987625116,1
Jonathon Brooks,RB,2025,17,2026,9,9,0.0,2.422635316848755,False,56,0.0,12.328513765335057,1
Jonathon Brooks,RB,2025,17,2026,10,10,0.0,2.4184720516204834,False,63,0.0,11.689444422721865,1
Jonathon Brooks,RB,2025,17,2026,11,11,0.0,2.4615869522094727,False,70,0.0,11.46423134803771,1
Jonathon Brooks,RB,2025,17,2026,12,12,0.0,2.547546148300171,False,77,0.0,10.994380998611444,1
Jonathon Brooks,RB,2025,17,2026,13,13,0.0,2.6203420162200928,False,84,0.0,10.267330503463736,1
Jonathon Brooks,RB,2025,17,2026,14,14,0.0,2.690197706222534,False,91,0.0,8.303377032279961,1
Jonathon Brooks,RB,2025,17,2026,15,15,0.0,2.762006521224976,False,98,0.0,6.366500425338704,1
Jonathon Brooks,RB,2025,17,2026,16,16,0.0,2.8255136013031006,False,105,0.0,3.7733381509780815,1
Jonathon Brooks,RB,2025,17,2026,17,17,0.0,2.8800208568573,False,112,0.0,0.5823629617691037,1
Jordan Addison,WR,2025,17,2026,1,1,0.0,12.948525428771973,False,0,1.8499099731445303,27.66428537368773,1
Jordan Addison,WR,2025,17,2026,2,2,0.0,12.891680717468262,False,7,0.0,27.052993202209464,1
Jordan Addison,WR,2025,17,2026,3,3,0.0,12.620072364807127,False,14,0.0,26.149301624298086,1
Jordan Addison,WR,2025,17,2026,4,4,0.0,12.279726028442385,False,21,0.0,25.83127851486205,1
Jordan Addison,WR,2025,17,2026,5,5,0.0,11.966054916381836,False,28,0.0,24.9090475320816,1
Jordan Addison,WR,2025,17,2026,6,6,0.0,11.418235778808594,False,35,0.0,23.634927749633786,1
Jordan Addison,WR,2025,17,2026,7,7,0.0,10.74388313293457,False,42,0.0,22.357439231872554,1
Jordan Addison,WR,2025,17,2026,8,8,0.0,10.076170921325684,False,49,0.0,21.093098449707025,1
Jordan Addison,WR,2025,17,2026,9,9,0.0,9.432897567749023,False,56,0.0,19.33877601623532,1
Jordan Addison,WR,2025,17,2026,10,10,0.0,8.943604469299316,False,63,0.0,18.214576840400696,1
Jordan Addison,WR,2025,17,2026,11,11,0.0,8.564108848571777,False,70,0.0,17.566753244400015,1
Jordan Addison,WR,2025,17,2026,12,12,0.0,8.204512596130371,False,77,0.0,16.651347446441644,1
Jordan Addison,WR,2025,17,2026,13,13,0.0,7.915026664733887,False,84,0.0,15.56201515197753,1
Jordan Addison,WR,2025,17,2026,14,14,0.0,7.730417251586914,False,91,0.0,13.34359657764434,1
Jordan Addison,WR,2025,17,2026,15,15,0.0,7.561610698699951,False,98,0.0,11.16610460281368,1
Jordan Addison,WR,2025,17,2026,16,16,0.0,7.44850492477417,False,105,0.0,8.39632947444915,1
Jordan Addison,WR,2025,17,2026,17,17,0.0,7.326281547546387,False,112,0.0,5.02862365245819,1
Jordan James,RB,2025,17,2026,1,1,0.0,3.725708961486816,False,0,0.0,18.44146890640257,1
Jordan James,RB,2025,17,2026,2,2,0.0,3.910387992858887,False,7,0.0,18.07170047760009,1
Jordan James,RB,2025,17,2026,3,3,0.0,3.981653690338135,False,14,0.0,17.510882949829092,1
Jordan James,RB,2025,17,2026,4,4,0.0,4.031819343566895,False,21,0.0,17.58337182998656,1
Jordan James,RB,2025,17,2026,5,5,0.0,4.04954719543457,False,28,0.0,16.992539811134336,1
Jordan James,RB,2025,17,2026,6,6,0.0,4.031330585479736,False,35,0.0,16.248022556304928,1
Jordan James,RB,2025,17,2026,7,7,0.0,3.958052396774292,False,42,0.0,15.571608495712276,1
Jordan James,RB,2025,17,2026,8,8,0.0,3.859298706054688,False,49,0.0,14.876226234436029,1
Jordan James,RB,2025,17,2026,9,9,0.0,3.711757659912109,False,56,0.0,13.61763610839841,1
Jordan James,RB,2025,17,2026,10,10,0.0,3.596625804901123,False,63,0.0,12.867598176002502,1
Jordan James,RB,2025,17,2026,11,11,0.0,3.561065435409546,False,70,0.0,12.563709831237784,1
Jordan James,RB,2025,17,2026,12,12,0.0,3.5704879760742188,False,77,0.0,12.017322826385492,1
Jordan James,RB,2025,17,2026,13,13,0.0,3.580527067184448,False,84,0.0,11.227515554428091,1
Jordan James,RB,2025,17,2026,14,14,0.0,3.606978178024292,False,91,0.0,9.22015750408172,1
Jordan James,RB,2025,17,2026,15,15,0.0,3.621657133102417,False,98,0.0,7.2261510372161455,1
Jordan James,RB,2025,17,2026,16,16,0.0,3.648139715194702,False,105,0.0,4.595964264869683,1
Jordan James,RB,2025,17,2026,17,17,0.0,3.680944204330444,False,112,0.0,1.3832863092422485,1
Jordan Mason,RB,2025,17,2026,1,1,0.0,9.09528636932373,False,0,0.0,23.811046314239483,1
Jordan Mason,RB,2025,17,2026,2,2,0.0,8.874293327331543,False,7,0.0,23.035605812072745,1
Jordan Mason,RB,2025,17,2026,3,3,0.0,8.456562995910645,False,14,0.0,21.9857922554016,1
Jordan Mason,RB,2025,17,2026,4,4,0.0,8.041632652282715,False,21,0.0,21.59318513870238,1
Jordan Mason,RB,2025,17,2026,5,5,0.0,7.701371669769287,False,28,0.0,20.64436428546905,1
Jordan Mason,RB,2025,17,2026,6,6,0.0,7.153380870819092,False,35,0.0,19.370072841644284,1
Jordan Mason,RB,2025,17,2026,7,7,0.0,6.566253185272217,False,42,0.0,18.1798092842102,1
Jordan Mason,RB,2025,17,2026,8,8,0.0,6.001369953155518,False,49,0.0,17.01829748153686,1
Jordan Mason,RB,2025,17,2026,9,9,0.0,5.3866868019104,False,56,0.0,15.2925652503967,1
Jordan Mason,RB,2025,17,2026,10,10,0.0,4.834773540496826,False,63,0.0,14.105745911598206,1
Jordan Mason,RB,2025,17,2026,11,11,0.0,4.396134853363037,False,70,0.0,13.398779249191277,1
Jordan Mason,RB,2025,17,2026,12,12,0.0,4.063843250274658,False,77,0.0,12.510678100585933,1
Jordan Mason,RB,2025,17,2026,13,13,0.0,3.86684250831604,False,84,0.0,11.513830995559683,1
Jordan Mason,RB,2025,17,2026,14,14,0.0,3.804000616073608,False,91,0.0,9.417179942131035,1
Jordan Mason,RB,2025,17,2026,15,15,0.0,3.793056726455689,False,98,0.0,7.397550630569417,1
Jordan Mason,RB,2025,17,2026,16,16,0.0,3.83420729637146,False,105,0.0,4.782031846046441,1
Jordan Mason,RB,2025,17,2026,17,17,0.0,3.9194352626800537,False,112,0.0,1.6217773675918576,1
Jordan Watkins,WR,2025,17,2026,1,1,0.0,3.550051689147949,False,0,0.0,18.265811634063702,1
Jordan Watkins,WR,2025,17,2026,2,2,0.0,3.709062337875366,False,7,0.0,17.87037482261657,1
Jordan Watkins,WR,2025,17,2026,3,3,0.0,3.751787185668945,False,14,0.0,17.281016445159903,1
Jordan Watkins,WR,2025,17,2026,4,4,0.0,3.768625020980835,False,21,0.0,17.3201775074005,1
Jordan Watkins,WR,2025,17,2026,5,5,0.0,3.755416631698608,False,28,0.0,16.698409247398374,1
Jordan Watkins,WR,2025,17,2026,6,6,0.0,3.713370084762573,False,35,0.0,15.930062055587763,1
Jordan Watkins,WR,2025,17,2026,7,7,0.0,3.619333028793335,False,42,0.0,15.23288912773132,1
Jordan Watkins,WR,2025,17,2026,8,8,0.0,3.5039525032043457,False,49,0.0,14.520880031585689,1
Jordan Watkins,WR,2025,17,2026,9,9,0.0,3.3454434871673584,False,56,0.0,13.251321935653658,1
Jordan Watkins,WR,2025,17,2026,10,10,0.0,3.219313144683838,False,63,0.0,12.490285515785216,1
Jordan Watkins,WR,2025,17,2026,11,11,0.0,3.169872999191284,False,70,0.0,12.172517395019522,1
Jordan Watkins,WR,2025,17,2026,12,12,0.0,3.1700384616851807,False,77,0.0,11.616873311996454,1
Jordan Watkins,WR,2025,17,2026,13,13,0.0,3.175942659378052,False,84,0.0,10.822931146621697,1
Jordan Watkins,WR,2025,17,2026,14,14,0.0,3.204380512237549,False,91,0.0,8.817559838294976,1
Jordan Watkins,WR,2025,17,2026,15,15,0.0,3.2309811115264893,False,98,0.0,6.835475015640218,1
Jordan Watkins,WR,2025,17,2026,16,16,0.0,3.272209644317627,False,105,0.0,4.220034193992608,1
Jordan Watkins,WR,2025,17,2026,17,17,0.0,3.3250980377197266,False,112,0.0,1.0274401426315305,1
Jordan Whittington,WR,2025,17,2026,1,1,0.0,4.103951930999756,False,0,0.0,18.81971187591551,1
Jordan Whittington,WR,2025,17,2026,2,2,0.0,4.246998310089111,False,7,0.0,18.408310794830317,1
Jordan Whittington,WR,2025,17,2026,3,3,0.0,4.234429836273193,False,14,0.0,17.76365909576415,1
Jordan Whittington,WR,2025,17,2026,4,4,0.0,4.197465419769287,False,21,0.0,17.749017906188953,1
Jordan Whittington,WR,2025,17,2026,5,5,0.0,4.140202522277832,False,28,0.0,17.083195137977597,1
Jordan Whittington,WR,2025,17,2026,6,6,0.0,4.011789798736572,False,35,0.0,16.228481769561764,1
Jordan Whittington,WR,2025,17,2026,7,7,0.0,3.831063747406006,False,42,0.0,15.44461984634399,1
Jordan Whittington,WR,2025,17,2026,8,8,0.0,3.6364586353302,False,49,0.0,14.65338616371154,1
Jordan Whittington,WR,2025,17,2026,9,9,0.0,3.411232709884644,False,56,0.0,13.317111158370944,1
Jordan Whittington,WR,2025,17,2026,10,10,0.0,3.228737592697144,False,63,0.0,12.499709963798525,1
Jordan Whittington,WR,2025,17,2026,11,11,0.0,3.117290735244751,False,70,0.0,12.119935131072989,1
Jordan Whittington,WR,2025,17,2026,12,12,0.0,3.05139684677124,False,77,0.0,11.498231697082511,1
Jordan Whittington,WR,2025,17,2026,13,13,0.0,3.0162017345428467,False,84,0.0,10.66319022178649,1
Jordan Whittington,WR,2025,17,2026,14,14,0.0,3.032254457473755,False,91,0.0,8.645433783531182,1
Jordan Whittington,WR,2025,17,2026,15,15,0.0,3.0644519329071045,False,98,0.0,6.668945837020833,1
Jordan Whittington,WR,2025,17,2026,16,16,0.0,3.121179819107056,False,105,0.0,4.0690043687820365,1
Jordan Whittington,WR,2025,17,2026,17,17,0.0,3.195830583572388,False,112,0.0,0.8981726884841916,1
Josh Cameron,WR,2025,17,2026,1,1,0.0,2.2530412673950195,False,0,0.0,16.968801212310773,1
Josh Cameron,WR,2025,17,2026,2,2,0.0,2.156381845474243,False,7,0.0,16.317694330215446,1
Josh Cameron,WR,2025,17,2026,3,3,0.0,2.123753070831299,False,14,0.0,15.652982330322256,1
Josh Cameron,WR,2025,17,2026,4,4,0.0,2.105853796005249,False,21,0.0,15.657406282424914,1
Josh Cameron,WR,2025,17,2026,5,5,0.0,2.0339813232421875,False,28,0.0,14.976973938941953,1
Josh Cameron,WR,2025,17,2026,6,6,0.0,2.0065948963165283,False,35,0.0,14.22328686714172,1
Josh Cameron,WR,2025,17,2026,7,7,0.0,1.9384301900863647,False,42,0.0,13.551986289024349,1
Josh Cameron,WR,2025,17,2026,8,8,0.0,1.9092683792114256,False,49,0.0,12.926195907592769,1
Josh Cameron,WR,2025,17,2026,9,9,0.0,1.8985499143600464,False,56,0.0,11.804428362846346,1
Josh Cameron,WR,2025,17,2026,10,10,0.0,1.903347730636597,False,63,0.0,11.174320101737976,1
Josh Cameron,WR,2025,17,2026,11,11,0.0,1.9580703973770144,False,70,0.0,10.960714793205252,1
Josh Cameron,WR,2025,17,2026,12,12,0.0,2.063573122024536,False,77,0.0,10.510407972335807,1
Josh Cameron,WR,2025,17,2026,13,13,0.0,2.1508219242095947,False,84,0.0,9.797810411453238,1
Josh Cameron,WR,2025,17,2026,14,14,0.0,2.2302708625793457,False,91,0.0,7.843450188636774,1
Josh Cameron,WR,2025,17,2026,15,15,0.0,2.3033881187438965,False,98,0.0,5.907882022857625,1
Josh Cameron,WR,2025,17,2026,16,16,0.0,2.3660950660705566,False,105,0.0,3.313919615745537,1
Josh Cameron,WR,2025,17,2026,17,17,0.0,2.4311444759368896,False,112,0.0,0.1334865808486935,1
Josh Downs,WR,2025,17,2026,1,1,0.0,5.587738990783691,False,0,0.0,20.303498935699444,1
Josh Downs,WR,2025,17,2026,2,2,0.0,5.539156436920166,False,7,0.0,19.70046892166137,1
Josh Downs,WR,2025,17,2026,3,3,0.0,5.491122722625732,False,14,0.0,19.02035198211669,1
Josh Downs,WR,2025,17,2026,4,4,0.0,5.444840431213379,False,21,0.0,18.996392917633045,1
Josh Downs,WR,2025,17,2026,5,5,0.0,5.371668815612793,False,28,0.0,18.31466143131256,1
Josh Downs,WR,2025,17,2026,6,6,0.0,5.343363761901856,False,35,0.0,17.560055732727047,1
Josh Downs,WR,2025,17,2026,7,7,0.0,5.347127914428711,False,42,0.0,16.960684013366695,1
Josh Downs,WR,2025,17,2026,8,8,0.0,5.391964435577393,False,49,0.0,16.408891963958734,1
Josh Downs,WR,2025,17,2026,9,9,0.0,5.413042545318604,False,56,0.0,15.318920993804904,1
Josh Downs,WR,2025,17,2026,10,10,0.0,5.475164890289307,False,63,0.0,14.746137261390686,1
Josh Downs,WR,2025,17,2026,11,11,0.0,5.635093688964844,False,70,0.0,14.637738084793082,1
Josh Downs,WR,2025,17,2026,12,12,0.0,5.86083459854126,False,77,0.0,14.307669448852533,1
Josh Downs,WR,2025,17,2026,13,13,0.0,6.05368709564209,False,84,0.0,13.700675582885731,1
Josh Downs,WR,2025,17,2026,14,14,0.0,6.203065872192383,False,91,0.0,11.81624519824981,1
Josh Downs,WR,2025,17,2026,15,15,0.0,6.27114725112915,False,98,0.0,9.875641155242878,1
Josh Downs,WR,2025,17,2026,16,16,0.0,6.272069931030273,False,105,0.0,7.219894480705254,1
Josh Downs,WR,2025,17,2026,17,17,0.0,6.236731052398682,False,112,0.0,3.9390731573104856,1
Josh Palmer,WR,2025,17,2026,1,1,0.0,4.689241886138916,False,0,0.0,19.40500183105467,1
Josh Palmer,WR,2025,17,2026,2,2,0.0,4.736500263214111,False,7,0.0,18.897812747955317,1
Josh Palmer,WR,2025,17,2026,3,3,0.0,4.7457709312438965,False,14,0.0,18.27500019073485,1
Josh Palmer,WR,2025,17,2026,4,4,0.0,4.7950544357299805,False,21,0.0,18.346606922149647,1
Josh Palmer,WR,2025,17,2026,5,5,0.0,4.80808687210083,False,28,0.0,17.751079487800595,1
Josh Palmer,WR,2025,17,2026,6,6,0.0,4.775527477264404,False,35,0.0,16.992219448089596,1
Josh Palmer,WR,2025,17,2026,7,7,0.0,4.71946382522583,False,42,0.0,16.333019924163814,1
Josh Palmer,WR,2025,17,2026,8,8,0.0,4.655625820159912,False,49,0.0,15.672553348541252,1
Josh Palmer,WR,2025,17,2026,9,9,0.0,4.510075092315674,False,56,0.0,14.415953540801974,1
Josh Palmer,WR,2025,17,2026,10,10,0.0,4.363511562347412,False,63,0.0,13.634483933448792,1
Josh Palmer,WR,2025,17,2026,11,11,0.0,4.276417255401611,False,70,0.0,13.27906165122985,1
Josh Palmer,WR,2025,17,2026,12,12,0.0,4.231840133666992,False,77,0.0,12.678674983978263,1
Josh Palmer,WR,2025,17,2026,13,13,0.0,4.158259868621826,False,84,0.0,11.80524835586547,1
Josh Palmer,WR,2025,17,2026,14,14,0.0,4.113300800323486,False,91,0.0,9.726480126380912,1
Josh Palmer,WR,2025,17,2026,15,15,0.0,4.087422847747803,False,98,0.0,7.691916751861531,1
Josh Palmer,WR,2025,17,2026,16,16,0.0,4.080369472503662,False,105,0.0,5.028194022178643,1
Josh Palmer,WR,2025,17,2026,17,17,0.0,4.094999313354492,False,112,0.0,1.797341418266296,1
Julius Chestnut,RB,2025,17,2026,1,1,0.0,3.3890581130981445,False,0,0.0,18.104818058013898,1
Julius Chestnut,RB,2025,17,2026,2,2,0.0,3.6125667095184326,False,7,0.0,17.773879194259635,1
Julius Chestnut,RB,2025,17,2026,3,3,0.0,3.70493745803833,False,14,0.0,17.234166717529288,1
Julius Chestnut,RB,2025,17,2026,4,4,0.0,3.7796380519866943,False,21,0.0,17.33119053840636,1
Julius Chestnut,RB,2025,17,2026,5,5,0.0,3.7745883464813232,False,28,0.0,16.71758096218109,1
Julius Chestnut,RB,2025,17,2026,6,6,0.0,3.7243576049804688,False,35,0.0,15.94104957580566,1
Julius Chestnut,RB,2025,17,2026,7,7,0.0,3.611693382263184,False,42,0.0,15.225249481201168,1
Julius Chestnut,RB,2025,17,2026,8,8,0.0,3.510772943496704,False,49,0.0,14.527700471878044,1
Julius Chestnut,RB,2025,17,2026,9,9,0.0,3.3853871822357178,False,56,0.0,13.291265630722018,1
Julius Chestnut,RB,2025,17,2026,10,10,0.0,3.2896127700805664,False,63,0.0,12.560585141181946,1
Julius Chestnut,RB,2025,17,2026,11,11,0.0,3.263204336166382,False,70,0.0,12.26584873199462,1
Julius Chestnut,RB,2025,17,2026,12,12,0.0,3.283645868301392,False,77,0.0,11.730480718612665,1
Julius Chestnut,RB,2025,17,2026,13,13,0.0,3.299046277999878,False,84,0.0,10.94603476524352,1
Julius Chestnut,RB,2025,17,2026,14,14,0.0,3.33255934715271,False,91,0.0,8.945738673210137,1
Julius Chestnut,RB,2025,17,2026,15,15,0.0,3.373939752578736,False,98,0.0,6.978433656692464,1
Julius Chestnut,RB,2025,17,2026,16,16,0.0,3.423290491104126,False,105,0.0,4.371115040779107,1
Julius Chestnut,RB,2025,17,2026,17,17,0.0,3.4768428802490234,False,112,0.0,1.1791849851608274,1
Justice Hill,RB,2025,17,2026,1,1,0.0,2.875546455383301,False,0,0.0,17.591306400299054,1
Justice Hill,RB,2025,17,2026,2,2,0.0,2.7828431129455566,False,7,0.0,16.94415559768676,1
Justice Hill,RB,2025,17,2026,3,3,0.0,2.834075927734375,False,14,0.0,16.363305187225333,1
Justice Hill,RB,2025,17,2026,4,4,0.0,2.954420804977417,False,21,0.0,16.505973291397083,1
Justice Hill,RB,2025,17,2026,5,5,0.0,3.02213191986084,False,28,0.0,15.965124535560603,1
Justice Hill,RB,2025,17,2026,6,6,0.0,3.133618116378784,False,35,0.0,15.350310087203976,1
Justice Hill,RB,2025,17,2026,7,7,0.0,3.2455711364746094,False,42,0.0,14.859127235412592,1
Justice Hill,RB,2025,17,2026,8,8,0.0,3.4065306186676025,False,49,0.0,14.423458147048944,1
Justice Hill,RB,2025,17,2026,9,9,0.0,3.574878215789795,False,56,0.0,13.480756664276097,1
Justice Hill,RB,2025,17,2026,10,10,0.0,3.771332502365112,False,63,0.0,13.042304873466492,1
Justice Hill,RB,2025,17,2026,11,11,0.0,4.056538105010986,False,70,0.0,13.059182500839224,1
Justice Hill,RB,2025,17,2026,12,12,0.0,4.382688999176025,False,77,0.0,12.829523849487298,1
Justice Hill,RB,2025,17,2026,13,13,0.0,4.617297649383545,False,84,0.0,12.264286136627188,1
Justice Hill,RB,2025,17,2026,14,14,0.0,4.755233287811279,False,91,0.0,10.368412613868706,1
Justice Hill,RB,2025,17,2026,15,15,0.0,4.785792827606201,False,98,0.0,8.390286731719929,1
Justice Hill,RB,2025,17,2026,16,16,0.0,4.731168270111084,False,105,0.0,5.678992819786065,1
Justice Hill,RB,2025,17,2026,17,17,0.0,4.639793872833252,False,112,0.0,2.342135977745056,1
Justin Jefferson,LB,2025,17,2026,1,1,0.0,15.375630378723145,False,0,4.277014923095702,30.091390323638898,1
Justin Jefferson,LB,2025,17,2026,2,2,0.0,15.238204002380373,False,7,1.5709097862243642,29.399516487121574,1
Justin Jefferson,LB,2025,17,2026,3,3,0.0,15.079646110534668,False,14,0.952060794830322,28.608875370025626,1
Justin Jefferson,LB,2025,17,2026,4,4,0.0,14.97645664215088,False,21,0.6887023925781257,28.528009128570545,1
Justin Jefferson,LB,2025,17,2026,5,5,0.0,14.972891807556152,False,28,0.5344415664672848,27.91588442325592,1
Justin Jefferson,LB,2025,17,2026,6,6,0.0,14.95003604888916,False,35,0.4166348457336415,27.166728019714352,1
Justin Jefferson,LB,2025,17,2026,7,7,0.0,14.91404151916504,False,42,0.3083888053894039,26.527597618103023,1
Justin Jefferson,LB,2025,17,2026,8,8,0.0,14.903456687927246,False,49,0.2480084419250481,25.920384216308587,1
Justin Jefferson,LB,2025,17,2026,9,9,0.0,14.855880737304688,False,56,0.1540637016296404,24.761759185790982,1
Justin Jefferson,LB,2025,17,2026,10,10,0.0,14.7938871383667,False,63,0.02916021347046,24.06485950946808,1
Justin Jefferson,LB,2025,17,2026,11,11,0.0,14.654300689697266,False,70,0.0,23.656945085525503,1
Justin Jefferson,LB,2025,17,2026,12,12,0.0,14.436846733093262,False,77,0.0,22.88368158340453,1
Justin Jefferson,LB,2025,17,2026,13,13,0.0,14.275345802307127,False,84,0.0,21.92233428955077,1
Justin Jefferson,LB,2025,17,2026,14,14,0.0,14.164979934692385,False,91,0.0,19.77815926074981,1
Justin Jefferson,LB,2025,17,2026,15,15,0.0,14.079559326171877,False,98,0.0,17.684053230285603,1
Justin Jefferson,LB,2025,17,2026,16,16,0.0,13.99109172821045,False,105,0.0,14.93891627788543,1
Justin Jefferson,LB,2025,17,2026,17,17,0.0,13.870759963989258,False,112,0.0,11.57310206890106,1
KC Concepcion,WR,2025,17,2026,1,1,0.0,2.253958940505981,False,0,0.0,16.969718885421734,1
KC Concepcion,WR,2025,17,2026,2,2,0.0,2.1574857234954834,False,7,0.0,16.318798208236686,1
KC Concepcion,WR,2025,17,2026,3,3,0.0,2.1251139640808105,False,14,0.0,15.654343223571768,1
KC Concepcion,WR,2025,17,2026,4,4,0.0,2.10746169090271,False,21,0.0,15.659014177322376,1
KC Concepcion,WR,2025,17,2026,5,5,0.0,2.035823106765747,False,28,0.0,14.978815722465512,1
KC Concepcion,WR,2025,17,2026,6,6,0.0,2.008725643157959,False,35,0.0,14.22541761398315,1
KC Concepcion,WR,2025,17,2026,7,7,0.0,1.940848708152771,False,42,0.0,13.554404807090757,1
KC Concepcion,WR,2025,17,2026,8,8,0.0,1.9119768142700195,False,49,0.0,12.92890434265136,1
KC Concepcion,WR,2025,17,2026,9,9,0.0,1.90157151222229,False,56,0.0,11.80744996070859,1
KC Concepcion,WR,2025,17,2026,10,10,0.0,1.906694412231445,False,63,0.0,11.177666783332825,1
KC Concepcion,WR,2025,17,2026,11,11,0.0,1.961776614189148,False,70,0.0,10.964421010017386,1
KC Concepcion,WR,2025,17,2026,12,12,0.0,2.06756329536438,False,77,0.0,10.514398145675653,1
KC Concepcion,WR,2025,17,2026,13,13,0.0,2.1550772190093994,False,84,0.0,9.802065706253044,1
KC Concepcion,WR,2025,17,2026,14,14,0.0,2.234706163406372,False,91,0.0,7.8478854894638,1
KC Concepcion,WR,2025,17,2026,15,15,0.0,2.3078386783599854,False,98,0.0,5.912332582473714,1
KC Concepcion,WR,2025,17,2026,16,16,0.0,2.3704593181610107,False,105,0.0,3.318283867835992,1
KC Concepcion,WR,2025,17,2026,17,17,0.0,2.4353060722351074,False,112,0.0,0.1376481771469113,1
KaVontae Turpin,WR,2025,17,2026,1,1,0.0,3.118459463119507,False,0,0.0,17.83421940803526,1
KaVontae Turpin,WR,2025,17,2026,2,2,0.0,3.016887903213501,False,7,0.0,17.178200387954703,1
KaVontae Turpin,WR,2025,17,2026,3,3,0.0,3.0969598293304443,False,14,0.0,16.626189088821402,1
KaVontae Turpin,WR,2025,17,2026,4,4,0.0,3.254572629928589,False,21,0.0,16.806125116348255,1
KaVontae Turpin,WR,2025,17,2026,5,5,0.0,3.366077184677124,False,28,0.0,16.30906980037689,1
KaVontae Turpin,WR,2025,17,2026,6,6,0.0,3.533032178878784,False,35,0.0,15.749724149703976,1
KaVontae Turpin,WR,2025,17,2026,7,7,0.0,3.690560340881348,False,42,0.0,15.304116439819332,1
KaVontae Turpin,WR,2025,17,2026,8,8,0.0,3.9095804691314697,False,49,0.0,14.926507997512813,1
KaVontae Turpin,WR,2025,17,2026,9,9,0.0,4.129158973693848,False,56,0.0,14.035037422180148,1
KaVontae Turpin,WR,2025,17,2026,10,10,0.0,4.362792491912842,False,63,0.0,13.63376486301422,1
KaVontae Turpin,WR,2025,17,2026,11,11,0.0,4.652822017669678,False,70,0.0,13.655466413497916,1
KaVontae Turpin,WR,2025,17,2026,12,12,0.0,4.975301265716553,False,77,0.0,13.422136116027826,1
KaVontae Turpin,WR,2025,17,2026,13,13,0.0,5.260131359100342,False,84,0.0,12.907119846343983,1
KaVontae Turpin,WR,2025,17,2026,14,14,0.0,5.478489398956299,False,91,0.0,11.091668725013726,1
KaVontae Turpin,WR,2025,17,2026,15,15,0.0,5.584219932556152,False,98,0.0,9.18871383666988,1
KaVontae Turpin,WR,2025,17,2026,16,16,0.0,5.56650972366333,False,105,0.0,6.514334273338311,1
KaVontae Turpin,WR,2025,17,2026,17,17,0.0,5.4493727684021,False,112,0.0,3.1517148733139035,1
Kaden Wetjen,WR,2025,17,2026,1,1,0.0,2.253054618835449,False,0,0.0,16.968814563751202,1
Kaden Wetjen,WR,2025,17,2026,2,2,0.0,2.156580209732056,False,7,0.0,16.317892694473258,1
Kaden Wetjen,WR,2025,17,2026,3,3,0.0,2.124229669570923,False,14,0.0,15.65345892906188,1
Kaden Wetjen,WR,2025,17,2026,4,4,0.0,2.106618404388428,False,21,0.0,15.658170890808092,1
Kaden Wetjen,WR,2025,17,2026,5,5,0.0,2.0350217819213867,False,28,0.0,14.978014397621152,1
Kaden Wetjen,WR,2025,17,2026,6,6,0.0,2.0079870223999023,False,35,0.0,14.224678993225094,1
Kaden Wetjen,WR,2025,17,2026,7,7,0.0,1.9401732683181765,False,42,0.0,13.55372936725616,1
Kaden Wetjen,WR,2025,17,2026,8,8,0.0,1.9113619327545168,False,49,0.0,12.928289461135858,1
Kaden Wetjen,WR,2025,17,2026,9,9,0.0,1.9010156393051147,False,56,0.0,11.806894087791417,1
Kaden Wetjen,WR,2025,17,2026,10,10,0.0,1.9061795473098757,False,63,0.0,11.177151918411257,1
Kaden Wetjen,WR,2025,17,2026,11,11,0.0,1.9612956047058103,False,70,0.0,10.963940000534048,1
Kaden Wetjen,WR,2025,17,2026,12,12,0.0,2.067105531692505,False,77,0.0,10.513940382003778,1
Kaden Wetjen,WR,2025,17,2026,13,13,0.0,2.1546390056610107,False,84,0.0,9.801627492904654,1
Kaden Wetjen,WR,2025,17,2026,14,14,0.0,2.234280586242676,False,91,0.0,7.847459912300104,1
Kaden Wetjen,WR,2025,17,2026,15,15,0.0,2.3074214458465576,False,98,0.0,5.911915349960286,1
Kaden Wetjen,WR,2025,17,2026,16,16,0.0,2.3700368404388428,False,105,0.0,3.317861390113824,1
Kaden Wetjen,WR,2025,17,2026,17,17,0.0,2.4348630905151367,False,112,0.0,0.1372051954269406,1
Kaelon Black,RB,2025,17,2026,1,1,0.0,2.24914813041687,False,0,0.0,16.964908075332623,1
Kaelon Black,RB,2025,17,2026,2,2,0.0,2.1526312828063965,False,7,0.0,16.3139437675476,1
Kaelon Black,RB,2025,17,2026,3,3,0.0,2.120140552520752,False,14,0.0,15.64936981201171,1
Kaelon Black,RB,2025,17,2026,4,4,0.0,2.102451801300049,False,21,0.0,15.654004287719712,1
Kaelon Black,RB,2025,17,2026,5,5,0.0,2.0309553146362305,False,28,0.0,14.973947930335996,1
Kaelon Black,RB,2025,17,2026,6,6,0.0,2.004079580307007,False,35,0.0,14.2207715511322,1
Kaelon Black,RB,2025,17,2026,7,7,0.0,1.936266660690308,False,42,0.0,13.549822759628292,1
Kaelon Black,RB,2025,17,2026,8,8,0.0,1.907196402549744,False,49,0.0,12.924123930931083,1
Kaelon Black,RB,2025,17,2026,9,9,0.0,1.8966014385223389,False,56,0.0,11.80247988700864,1
Kaelon Black,RB,2025,17,2026,10,10,0.0,1.9015803337097168,False,63,0.0,11.172552704811096,1
Kaelon Black,RB,2025,17,2026,11,11,0.0,1.9565966129302976,False,70,0.0,10.959241008758536,1
Kaelon Black,RB,2025,17,2026,12,12,0.0,2.0624070167541504,False,77,0.0,10.509241867065423,1
Kaelon Black,RB,2025,17,2026,13,13,0.0,2.1500508785247803,False,84,0.0,9.797039365768423,1
Kaelon Black,RB,2025,17,2026,14,14,0.0,2.229848861694336,False,91,0.0,7.843028187751764,1
Kaelon Black,RB,2025,17,2026,15,15,0.0,2.30315899848938,False,98,0.0,5.907652902603108,1
Kaelon Black,RB,2025,17,2026,16,16,0.0,2.365858316421509,False,105,0.0,3.3136828660964897,1
Kaelon Black,RB,2025,17,2026,17,17,0.0,2.430739641189575,False,112,0.0,0.1330817461013791,1
Kaleb Johnson,RB,2025,17,2026,1,1,0.0,3.088762760162353,False,0,0.0,17.804522705078107,1
Kaleb Johnson,RB,2025,17,2026,2,2,0.0,3.186978578567505,False,7,0.0,17.348291063308707,1
Kaleb Johnson,RB,2025,17,2026,3,3,0.0,3.219421863555908,False,14,0.0,16.748651123046866,1
Kaleb Johnson,RB,2025,17,2026,4,4,0.0,3.23811411857605,False,21,0.0,16.789666604995716,1
Kaleb Johnson,RB,2025,17,2026,5,5,0.0,3.2129015922546387,False,28,0.0,16.155894207954404,1
Kaleb Johnson,RB,2025,17,2026,6,6,0.0,3.184213638305664,False,35,0.0,15.400905609130856,1
Kaleb Johnson,RB,2025,17,2026,7,7,0.0,3.101027011871338,False,42,0.0,14.714583110809322,1
Kaleb Johnson,RB,2025,17,2026,8,8,0.0,3.0284078121185303,False,49,0.0,14.045335340499872,1
Kaleb Johnson,RB,2025,17,2026,9,9,0.0,2.93854022026062,False,56,0.0,12.84441866874692,1
Kaleb Johnson,RB,2025,17,2026,10,10,0.0,2.871797800064087,False,63,0.0,12.142770171165466,1
Kaleb Johnson,RB,2025,17,2026,11,11,0.0,2.865882158279419,False,70,0.0,11.868526554107657,1
Kaleb Johnson,RB,2025,17,2026,12,12,0.0,2.900009632110596,False,77,0.0,11.346844482421869,1
Kaleb Johnson,RB,2025,17,2026,13,13,0.0,2.931408405303955,False,84,0.0,10.578396892547598,1
Kaleb Johnson,RB,2025,17,2026,14,14,0.0,2.97326922416687,False,91,0.0,8.586448550224297,1
Kaleb Johnson,RB,2025,17,2026,15,15,0.0,3.013868570327759,False,98,0.0,6.618362474441487,1
Kaleb Johnson,RB,2025,17,2026,16,16,0.0,3.0617637634277344,False,105,0.0,4.009588313102715,1
Kaleb Johnson,RB,2025,17,2026,17,17,0.0,3.1133475303649902,False,112,0.0,0.8156896352767942,1
Kalif Raymond,WR,2025,17,2026,1,1,0.0,6.262519836425781,False,0,0.0,20.97827978134153,1
Kalif Raymond,WR,2025,17,2026,2,2,0.0,6.260401725769043,False,7,0.0,20.421714210510245,1
Kalif Raymond,WR,2025,17,2026,3,3,0.0,6.0524725914001465,False,14,0.0,19.581701850891104,1
Kalif Raymond,WR,2025,17,2026,4,4,0.0,5.857446193695068,False,21,0.0,19.40899868011473,1
Kalif Raymond,WR,2025,17,2026,5,5,0.0,5.688156604766846,False,28,0.0,18.63114922046661,1
Kalif Raymond,WR,2025,17,2026,6,6,0.0,5.372948169708252,False,35,0.0,17.589640140533444,1
Kalif Raymond,WR,2025,17,2026,7,7,0.0,4.985770225524902,False,42,0.0,16.599326324462886,1
Kalif Raymond,WR,2025,17,2026,8,8,0.0,4.570916652679443,False,49,0.0,15.587844181060785,1
Kalif Raymond,WR,2025,17,2026,9,9,0.0,4.107442855834961,False,56,0.0,14.01332130432126,1
Kalif Raymond,WR,2025,17,2026,10,10,0.0,3.748549461364746,False,63,0.0,13.019521832466124,1
Kalif Raymond,WR,2025,17,2026,11,11,0.0,3.5055739879608154,False,70,0.0,12.508218383789051,1
Kalif Raymond,WR,2025,17,2026,12,12,0.0,3.325679302215576,False,77,0.0,11.772514152526847,1
Kalif Raymond,WR,2025,17,2026,13,13,0.0,3.217548131942749,False,84,0.0,10.864536619186392,1
Kalif Raymond,WR,2025,17,2026,14,14,0.0,3.1968839168548584,False,91,0.0,8.810063242912285,1
Kalif Raymond,WR,2025,17,2026,15,15,0.0,3.208912134170532,False,98,0.0,6.813406038284261,1
Kalif Raymond,WR,2025,17,2026,16,16,0.0,3.2694575786590576,False,105,0.0,4.217282128334039,1
Kalif Raymond,WR,2025,17,2026,17,17,0.0,3.376891851425171,False,112,0.0,1.0792339563369748,1
Kameron Johnson,WR,2025,17,2026,1,1,0.0,2.365971803665161,False,0,0.0,17.081731748580914,1
Kameron Johnson,WR,2025,17,2026,2,2,0.0,2.3793861865997314,False,7,0.0,16.540698671340934,1
Kameron Johnson,WR,2025,17,2026,3,3,0.0,2.367050647735596,False,14,0.0,15.896279907226551,1
Kameron Johnson,WR,2025,17,2026,4,4,0.0,2.3648769855499268,False,21,0.0,15.916429471969591,1
Kameron Johnson,WR,2025,17,2026,5,5,0.0,2.311864137649536,False,28,0.0,15.2548567533493,1
Kameron Johnson,WR,2025,17,2026,6,6,0.0,2.282151937484741,False,35,0.0,14.498843908309931,1
Kameron Johnson,WR,2025,17,2026,7,7,0.0,2.198036432266236,False,42,0.0,13.81159253120422,1
Kameron Johnson,WR,2025,17,2026,8,8,0.0,2.1463377475738525,False,49,0.0,13.163265275955194,1
Kameron Johnson,WR,2025,17,2026,9,9,0.0,2.098884105682373,False,56,0.0,12.004762554168671,1
Kameron Johnson,WR,2025,17,2026,10,10,0.0,2.063549518585205,False,63,0.0,11.334521889686584,1
Kameron Johnson,WR,2025,17,2026,11,11,0.0,2.075814962387085,False,70,0.0,11.078459358215325,1
Kameron Johnson,WR,2025,17,2026,12,12,0.0,2.132720708847046,False,77,0.0,10.57955555915832,1
Kameron Johnson,WR,2025,17,2026,13,13,0.0,2.182777166366577,False,84,0.0,9.82976565361022,1
Kameron Johnson,WR,2025,17,2026,14,14,0.0,2.238977670669556,False,91,0.0,7.852156996726983,1
Kameron Johnson,WR,2025,17,2026,15,15,0.0,2.3028833866119385,False,98,0.0,5.907377290725667,1
Kameron Johnson,WR,2025,17,2026,16,16,0.0,2.3674566745758057,False,105,0.0,3.3152812242507865,1
Kameron Johnson,WR,2025,17,2026,17,17,0.0,2.439717531204224,False,112,0.0,0.1420596361160275,1
Kayshon Boutte,WR,2025,17,2026,1,1,0.0,5.794175624847412,False,0,0.0,20.509935569763165,1
Kayshon Boutte,WR,2025,17,2026,2,2,0.0,5.731077671051025,False,7,0.0,19.892390155792228,1
Kayshon Boutte,WR,2025,17,2026,3,3,0.0,5.712561130523682,False,14,0.0,19.24179039001464,1
Kayshon Boutte,WR,2025,17,2026,4,4,0.0,5.781261920928955,False,21,0.0,19.33281440734862,1
Kayshon Boutte,WR,2025,17,2026,5,5,0.0,5.854544639587402,False,28,0.0,18.797537255287168,1
Kayshon Boutte,WR,2025,17,2026,6,6,0.0,5.97842264175415,False,35,0.0,18.195114612579346,1
Kayshon Boutte,WR,2025,17,2026,7,7,0.0,6.178528308868408,False,42,0.0,17.792084407806392,1
Kayshon Boutte,WR,2025,17,2026,8,8,0.0,6.469029903411865,False,49,0.0,17.485957431793206,1
Kayshon Boutte,WR,2025,17,2026,9,9,0.0,6.7432637214660645,False,56,0.0,16.649142169952363,1
Kayshon Boutte,WR,2025,17,2026,10,10,0.0,7.045510768890381,False,63,0.0,16.31648313999176,1
Kayshon Boutte,WR,2025,17,2026,11,11,0.0,7.431000232696533,False,70,0.0,16.43364462852477,1
Kayshon Boutte,WR,2025,17,2026,12,12,0.0,7.818643569946289,False,77,0.0,16.265478420257562,1
Kayshon Boutte,WR,2025,17,2026,13,13,0.0,8.04841423034668,False,84,0.0,15.695402717590325,1
Kayshon Boutte,WR,2025,17,2026,14,14,0.0,8.131209373474121,False,91,0.0,13.744388699531548,1
Kayshon Boutte,WR,2025,17,2026,15,15,0.0,8.07443904876709,False,98,0.0,11.678932952880816,1
Kayshon Boutte,WR,2025,17,2026,16,16,0.0,7.937992572784424,False,105,0.0,8.885817122459404,1
Kayshon Boutte,WR,2025,17,2026,17,17,0.0,7.767991542816162,False,112,0.0,5.470333647727966,1
Kaytron Allen,RB,2025,17,2026,1,1,0.0,2.2502105236053467,False,0,0.0,16.9659704685211,1
Kaytron Allen,RB,2025,17,2026,2,2,0.0,2.153705596923828,False,7,0.0,16.31501808166503,1
Kaytron Allen,RB,2025,17,2026,3,3,0.0,2.121229410171509,False,14,0.0,15.650458669662466,1
Kaytron Allen,RB,2025,17,2026,4,4,0.0,2.103537082672119,False,21,0.0,15.655089569091784,1
Kaytron Allen,RB,2025,17,2026,5,5,0.0,2.032025098800659,False,28,0.0,14.975017714500424,1
Kaytron Allen,RB,2025,17,2026,6,6,0.0,2.005125045776367,False,35,0.0,14.22181701660156,1
Kaytron Allen,RB,2025,17,2026,7,7,0.0,1.9372931718826292,False,42,0.0,13.550849270820612,1
Kaytron Allen,RB,2025,17,2026,8,8,0.0,1.9082151651382449,False,49,0.0,12.925142693519586,1
Kaytron Allen,RB,2025,17,2026,9,9,0.0,1.897620677947998,False,56,0.0,11.803499126434298,1
Kaytron Allen,RB,2025,17,2026,10,10,0.0,1.9026198387146,False,63,0.0,11.17359220981598,1
Kaytron Allen,RB,2025,17,2026,11,11,0.0,1.9576685428619385,False,70,0.0,10.960312938690176,1
Kaytron Allen,RB,2025,17,2026,12,12,0.0,2.063511610031128,False,77,0.0,10.5103464603424,1
Kaytron Allen,RB,2025,17,2026,13,13,0.0,2.151187896728516,False,84,0.0,9.79817638397216,1
Kaytron Allen,RB,2025,17,2026,14,14,0.0,2.2310078144073486,False,91,0.0,7.844187140464776,1
Kaytron Allen,RB,2025,17,2026,15,15,0.0,2.3043148517608643,False,98,0.0,5.908808755874593,1
Kaytron Allen,RB,2025,17,2026,16,16,0.0,2.3670051097869877,False,105,0.0,3.314829659461968,1
Kaytron Allen,RB,2025,17,2026,17,17,0.0,2.4318697452545166,False,112,0.0,0.1342118501663205,1
Ke'Shawn Williams,WR,2025,17,2026,1,1,0.0,2.637514352798462,False,0,0.0,17.353274297714215,1
Ke'Shawn Williams,WR,2025,17,2026,2,2,0.0,2.694701194763184,False,7,0.0,16.856013679504386,1
Ke'Shawn Williams,WR,2025,17,2026,3,3,0.0,2.6742589473724365,False,14,0.0,16.203488206863394,1
Ke'Shawn Williams,WR,2025,17,2026,4,4,0.0,2.6504647731781006,False,21,0.0,16.202017259597767,1
Ke'Shawn Williams,WR,2025,17,2026,5,5,0.0,2.598489761352539,False,28,0.0,15.541482377052304,1
Ke'Shawn Williams,WR,2025,17,2026,6,6,0.0,2.542355298995972,False,35,0.0,14.759047269821163,1
Ke'Shawn Williams,WR,2025,17,2026,7,7,0.0,2.4312453269958496,False,42,0.0,14.044801425933834,1
Ke'Shawn Williams,WR,2025,17,2026,8,8,0.0,2.327972412109375,False,49,0.0,13.344899940490716,1
Ke'Shawn Williams,WR,2025,17,2026,9,9,0.0,2.214601755142212,False,56,0.0,12.120480203628512,1
Ke'Shawn Williams,WR,2025,17,2026,10,10,0.0,2.1250522136688232,False,63,0.0,11.396024584770204,1
Ke'Shawn Williams,WR,2025,17,2026,11,11,0.0,2.0913407802581787,False,70,0.0,11.093985176086417,1
Ke'Shawn Williams,WR,2025,17,2026,12,12,0.0,2.1051008701324463,False,77,0.0,10.55193572044372,1
Ke'Shawn Williams,WR,2025,17,2026,13,13,0.0,2.1234374046325684,False,84,0.0,9.770425891876211,1
Ke'Shawn Williams,WR,2025,17,2026,14,14,0.0,2.161210536956787,False,91,0.0,7.774389863014215,1
Ke'Shawn Williams,WR,2025,17,2026,15,15,0.0,2.211901426315308,False,98,0.0,5.816395330429036,1
Ke'Shawn Williams,WR,2025,17,2026,16,16,0.0,2.2730424404144287,False,105,0.0,3.2208669900894096,1
Ke'Shawn Williams,WR,2025,17,2026,17,17,0.0,2.347499132156372,False,112,0.0,0.049841237068176,1
KeAndre Lambert-Smith,WR,2025,17,2026,1,1,0.0,4.508841037750244,False,0,0.0,19.224600982666,1
KeAndre Lambert-Smith,WR,2025,17,2026,2,2,0.0,4.588274002075195,False,7,0.0,18.7495864868164,1
KeAndre Lambert-Smith,WR,2025,17,2026,3,3,0.0,4.519416332244873,False,14,0.0,18.04864559173583,1
KeAndre Lambert-Smith,WR,2025,17,2026,4,4,0.0,4.485986232757568,False,21,0.0,18.037538719177235,1
KeAndre Lambert-Smith,WR,2025,17,2026,5,5,0.0,4.477155208587647,False,28,0.0,17.42014782428741,1
KeAndre Lambert-Smith,WR,2025,17,2026,6,6,0.0,4.40892505645752,False,35,0.0,16.62561702728271,1
KeAndre Lambert-Smith,WR,2025,17,2026,7,7,0.0,4.275014400482178,False,42,0.0,15.888570499420162,1
KeAndre Lambert-Smith,WR,2025,17,2026,8,8,0.0,4.084978103637695,False,49,0.0,15.101905632019037,1
KeAndre Lambert-Smith,WR,2025,17,2026,9,9,0.0,3.8312366008758554,False,56,0.0,13.737115049362156,1
KeAndre Lambert-Smith,WR,2025,17,2026,10,10,0.0,3.628467559814453,False,63,0.0,12.899439930915833,1
KeAndre Lambert-Smith,WR,2025,17,2026,11,11,0.0,3.5063979625701904,False,70,0.0,12.509042358398428,1
KeAndre Lambert-Smith,WR,2025,17,2026,12,12,0.0,3.4150726795196533,False,77,0.0,11.861907529830926,1
KeAndre Lambert-Smith,WR,2025,17,2026,13,13,0.0,3.3533473014831543,False,84,0.0,11.000335788726796,1
KeAndre Lambert-Smith,WR,2025,17,2026,14,14,0.0,3.351236343383789,False,91,0.0,8.964415669441216,1
KeAndre Lambert-Smith,WR,2025,17,2026,15,15,0.0,3.368061065673828,False,98,0.0,6.972554969787557,1
KeAndre Lambert-Smith,WR,2025,17,2026,16,16,0.0,3.419412851333618,False,105,0.0,4.367237401008599,1
KeAndre Lambert-Smith,WR,2025,17,2026,17,17,0.0,3.493138551712036,False,112,0.0,1.19548065662384,1
Keaton Mitchell,RB,2025,17,2026,1,1,0.0,9.126261711120604,False,0,0.0,23.84202165603636,1
Keaton Mitchell,RB,2025,17,2026,2,2,0.0,9.100445747375488,False,7,0.0,23.26175823211669,1
Keaton Mitchell,RB,2025,17,2026,3,3,0.0,9.021910667419434,False,14,0.0,22.55113992691039,1
Keaton Mitchell,RB,2025,17,2026,4,4,0.0,9.194896697998049,False,21,0.0,22.746449184417717,1
Keaton Mitchell,RB,2025,17,2026,5,5,0.0,9.403013229370115,False,28,0.0,22.34600584506988,1
Keaton Mitchell,RB,2025,17,2026,6,6,0.0,9.431153297424316,False,35,0.0,21.647845268249508,1
Keaton Mitchell,RB,2025,17,2026,7,7,0.0,9.39313793182373,False,42,0.0,21.006694030761714,1
Keaton Mitchell,RB,2025,17,2026,8,8,0.0,9.231406211853027,False,49,0.0,20.24833374023437,1
Keaton Mitchell,RB,2025,17,2026,9,9,0.0,8.858342170715332,False,56,0.0,18.76422061920163,1
Keaton Mitchell,RB,2025,17,2026,10,10,0.0,8.441658973693848,False,63,0.0,17.712631344795227,1
Keaton Mitchell,RB,2025,17,2026,11,11,0.0,8.0584077835083,False,70,0.0,17.06105217933654,1
Keaton Mitchell,RB,2025,17,2026,12,12,0.0,7.707022190093994,False,77,0.0,16.153857040405267,1
Keaton Mitchell,RB,2025,17,2026,13,13,0.0,7.438817501068115,False,84,0.0,15.085805988311758,1
Keaton Mitchell,RB,2025,17,2026,14,14,0.0,7.293613910675049,False,91,0.0,12.906793236732476,1
Keaton Mitchell,RB,2025,17,2026,15,15,0.0,7.187058448791504,False,98,0.0,10.791552352905232,1
Keaton Mitchell,RB,2025,17,2026,16,16,0.0,7.1326584815979,False,105,0.0,8.08048303127288,1
Keaton Mitchell,RB,2025,17,2026,17,17,0.0,7.06430196762085,False,112,0.0,4.766644072532653,1
Keenan Allen,WR,2025,17,2026,1,1,0.0,15.288382530212402,False,0,4.18976707458496,30.004142475128155,1
Keenan Allen,WR,2025,17,2026,2,2,0.0,15.117762565612791,False,7,1.450468349456786,29.279075050353995,1
Keenan Allen,WR,2025,17,2026,3,3,0.0,14.945354461669922,False,14,0.8177691459655758,28.47458372116088,1
Keenan Allen,WR,2025,17,2026,4,4,0.0,14.84714126586914,False,21,0.5593870162963874,28.398693752288807,1
Keenan Allen,WR,2025,17,2026,5,5,0.0,14.786590576171877,False,28,0.3481403350830074,27.72958319187164,1
Keenan Allen,WR,2025,17,2026,6,6,0.0,14.595084190368652,False,35,0.0616829872131337,26.811776161193844,1
Keenan Allen,WR,2025,17,2026,7,7,0.0,14.438365936279297,False,42,0.0,26.05192203521728,1
Keenan Allen,WR,2025,17,2026,8,8,0.0,14.346702575683594,False,49,0.0,25.36363010406493,1
Keenan Allen,WR,2025,17,2026,9,9,0.0,14.178194999694824,False,56,0.0,24.084073448181123,1
Keenan Allen,WR,2025,17,2026,10,10,0.0,13.964648246765137,False,63,0.0,23.23562061786652,1
Keenan Allen,WR,2025,17,2026,11,11,0.0,13.785836219787598,False,70,0.0,22.788480615615835,1
Keenan Allen,WR,2025,17,2026,12,12,0.0,13.65101146697998,False,77,0.0,22.097846317291253,1
Keenan Allen,WR,2025,17,2026,13,13,0.0,13.56455421447754,False,84,0.0,21.211542701721186,1
Keenan Allen,WR,2025,17,2026,14,14,0.0,13.485708236694336,False,91,0.0,19.098887562751763,1
Keenan Allen,WR,2025,17,2026,15,15,0.0,13.404111862182615,False,98,0.0,17.008605766296345,1
Keenan Allen,WR,2025,17,2026,16,16,0.0,13.31208610534668,False,105,0.0,14.25991065502166,1
Keenan Allen,WR,2025,17,2026,17,17,0.0,13.186957359313965,False,112,0.0,10.889299464225768,1
Kendre Miller,RB,2025,17,2026,1,1,0.0,3.015258550643921,False,0,0.0,17.731018495559674,1
Kendre Miller,RB,2025,17,2026,2,2,0.0,3.1517481803894043,False,7,0.0,17.313060665130607,1
Kendre Miller,RB,2025,17,2026,3,3,0.0,3.193066120147705,False,14,0.0,16.722295379638663,1
Kendre Miller,RB,2025,17,2026,4,4,0.0,3.214756727218628,False,21,0.0,16.766309213638294,1
Kendre Miller,RB,2025,17,2026,5,5,0.0,3.181713819503784,False,28,0.0,16.12470643520355,1
Kendre Miller,RB,2025,17,2026,6,6,0.0,3.1164791584014893,False,35,0.0,15.33317112922668,1
Kendre Miller,RB,2025,17,2026,7,7,0.0,2.997905969619751,False,42,0.0,14.611462068557737,1
Kendre Miller,RB,2025,17,2026,8,8,0.0,2.89197039604187,False,49,0.0,13.908897924423211,1
Kendre Miller,RB,2025,17,2026,9,9,0.0,2.771734952926636,False,56,0.0,12.677613401412936,1
Kendre Miller,RB,2025,17,2026,10,10,0.0,2.6804330348968506,False,63,0.0,11.95140540599823,1
Kendre Miller,RB,2025,17,2026,11,11,0.0,2.650579929351806,False,70,0.0,11.653224325180044,1
Kendre Miller,RB,2025,17,2026,12,12,0.0,2.673509359359741,False,77,0.0,11.120344209671014,1
Kendre Miller,RB,2025,17,2026,13,13,0.0,2.6983184814453125,False,84,0.0,10.345306968688956,1
Kendre Miller,RB,2025,17,2026,14,14,0.0,2.7437517642974854,False,91,0.0,8.356931090354912,1
Kendre Miller,RB,2025,17,2026,15,15,0.0,2.8017640113830566,False,98,0.0,6.406257915496785,1
Kendre Miller,RB,2025,17,2026,16,16,0.0,2.869924068450928,False,105,0.0,3.8177486181259086,1
Kendre Miller,RB,2025,17,2026,17,17,0.0,2.941239595413208,False,112,0.0,0.6435817003250119,1
Kendrick Bourne,WR,2025,17,2026,1,1,0.0,2.5074212551116943,False,0,0.0,17.223181200027447,1
Kendrick Bourne,WR,2025,17,2026,2,2,0.0,2.2548370361328125,False,7,0.0,16.416149520874015,1
Kendrick Bourne,WR,2025,17,2026,3,3,0.0,2.145540714263916,False,14,0.0,15.674769973754874,1
Kendrick Bourne,WR,2025,17,2026,4,4,0.0,2.1001644134521484,False,21,0.0,15.651716899871811,1
Kendrick Bourne,WR,2025,17,2026,5,5,0.0,2.0698866844177246,False,28,0.0,15.01287930011749,1
Kendrick Bourne,WR,2025,17,2026,6,6,0.0,2.0811893939971924,False,35,0.0,14.297881364822384,1
Kendrick Bourne,WR,2025,17,2026,7,7,0.0,2.0849781036376958,False,42,0.0,13.69853420257568,1
Kendrick Bourne,WR,2025,17,2026,8,8,0.0,2.10953688621521,False,49,0.0,13.126464414596551,1
Kendrick Bourne,WR,2025,17,2026,9,9,0.0,2.1231820583343506,False,56,0.0,12.02906050682065,1
Kendrick Bourne,WR,2025,17,2026,10,10,0.0,2.138559341430664,False,63,0.0,11.409531712532043,1
Kendrick Bourne,WR,2025,17,2026,11,11,0.0,2.1867470741271973,False,70,0.0,11.189391469955437,1
Kendrick Bourne,WR,2025,17,2026,12,12,0.0,2.2128984928131104,False,77,0.0,10.659733343124383,1
Kendrick Bourne,WR,2025,17,2026,13,13,0.0,2.1874616146087646,False,84,0.0,9.834450101852408,1
Kendrick Bourne,WR,2025,17,2026,14,14,0.0,2.159749746322632,False,91,0.0,7.77292907238006,1
Kendrick Bourne,WR,2025,17,2026,15,15,0.0,2.12058424949646,False,98,0.0,5.7250781536101885,1
Kendrick Bourne,WR,2025,17,2026,16,16,0.0,2.0803234577178955,False,105,0.0,3.0281480073928764,1
Kendrick Bourne,WR,2025,17,2026,17,17,0.0,2.012924194335937,False,112,0.0,-0.2847337007522585,1
Kene Nwangwu,RB,2025,17,2026,1,1,0.0,1.1511989831924438,False,0,0.0,15.866958928108197,1
Kene Nwangwu,RB,2025,17,2026,2,2,0.0,1.1114368438720703,False,7,0.0,15.272749328613274,1
Kene Nwangwu,RB,2025,17,2026,3,3,0.0,1.118735909461975,False,14,0.0,14.647965168952933,1
Kene Nwangwu,RB,2025,17,2026,4,4,0.0,1.1393349170684814,False,21,0.0,14.690887403488146,1
Kene Nwangwu,RB,2025,17,2026,5,5,0.0,1.0829089879989624,False,28,0.0,14.025901603698728,1
Kene Nwangwu,RB,2025,17,2026,6,6,0.0,1.082236647605896,False,35,0.0,13.298928618431088,1
Kene Nwangwu,RB,2025,17,2026,7,7,0.0,1.0471917390823364,False,42,0.0,12.66074783802032,1
Kene Nwangwu,RB,2025,17,2026,8,8,0.0,1.0504497289657593,False,49,0.0,12.0673772573471,1
Kene Nwangwu,RB,2025,17,2026,9,9,0.0,1.063490867614746,False,56,0.0,10.969369316101046,1
Kene Nwangwu,RB,2025,17,2026,10,10,0.0,1.0680121183395386,False,63,0.0,10.338984489440918,1
Kene Nwangwu,RB,2025,17,2026,11,11,0.0,1.1028045415878296,False,70,0.0,10.105448937416067,1
Kene Nwangwu,RB,2025,17,2026,12,12,0.0,1.1836941242218018,False,77,0.0,9.630528974533076,1
Kene Nwangwu,RB,2025,17,2026,13,13,0.0,1.2464808225631714,False,84,0.0,8.893469309806814,1
Kene Nwangwu,RB,2025,17,2026,14,14,0.0,1.305392503738403,False,91,0.0,6.918571829795831,1
Kene Nwangwu,RB,2025,17,2026,15,15,0.0,1.371049165725708,False,98,0.0,4.9755430698394365,1
Kene Nwangwu,RB,2025,17,2026,16,16,0.0,1.419067144393921,False,105,0.0,2.3668916940689018,1
Kene Nwangwu,RB,2025,17,2026,17,17,0.0,1.4587523937225342,False,112,0.0,-0.8389055013656619,1
Kenneth Walker III,RB,2025,17,2026,1,1,0.0,8.490920066833496,False,0,0.0,23.20668001174925,1
Kenneth Walker III,RB,2025,17,2026,2,2,0.0,8.509367942810059,False,7,0.0,22.67068042755126,1
Kenneth Walker III,RB,2025,17,2026,3,3,0.0,8.705109596252441,False,14,0.0,22.2343388557434,1
Kenneth Walker III,RB,2025,17,2026,4,4,0.0,9.074769020080566,False,21,0.0,22.626321506500236,1
Kenneth Walker III,RB,2025,17,2026,5,5,0.0,9.434796333312988,False,28,0.0,22.377788949012757,1
Kenneth Walker III,RB,2025,17,2026,6,6,0.0,9.779623985290527,False,35,0.0,21.99631595611572,1
Kenneth Walker III,RB,2025,17,2026,7,7,0.0,10.138107299804688,False,42,0.0,21.75166339874267,1
Kenneth Walker III,RB,2025,17,2026,8,8,0.0,10.57894515991211,False,49,0.0,21.59587268829345,1
Kenneth Walker III,RB,2025,17,2026,9,9,0.0,11.080665588378906,False,56,0.0,20.986544036865205,1
Kenneth Walker III,RB,2025,17,2026,10,10,0.0,11.59533405303955,False,63,0.0,20.86630642414093,1
Kenneth Walker III,RB,2025,17,2026,11,11,0.0,11.980337142944336,False,70,0.0,20.982981538772574,1
Kenneth Walker III,RB,2025,17,2026,12,12,0.0,12.248564720153809,False,77,0.0,20.69539957046508,1
Kenneth Walker III,RB,2025,17,2026,13,13,0.0,12.386529922485352,False,84,0.0,20.033518409728995,1
Kenneth Walker III,RB,2025,17,2026,14,14,0.0,12.432424545288086,False,91,0.0,18.045603871345516,1
Kenneth Walker III,RB,2025,17,2026,15,15,0.0,12.442421913146973,False,98,0.0,16.0469158172607,1
Kenneth Walker III,RB,2025,17,2026,16,16,0.0,12.3829984664917,False,105,0.0,13.33082301616668,1
Kenneth Walker III,RB,2025,17,2026,17,17,0.0,12.28413200378418,False,112,0.0,9.986474108695983,1
Kenny Gainwell,RB,2025,17,2026,1,1,0.0,14.855944633483888,False,0,3.7573291778564446,29.57170457839964,1
Kenny Gainwell,RB,2025,17,2026,2,2,0.0,14.651734352111816,False,7,0.9844401359558096,28.81304683685302,1
Kenny Gainwell,RB,2025,17,2026,3,3,0.0,14.412209510803224,False,14,0.2846241950988766,27.94143877029418,1
Kenny Gainwell,RB,2025,17,2026,4,4,0.0,14.2545747756958,False,21,0.0,27.806127262115467,1
Kenny Gainwell,RB,2025,17,2026,5,5,0.0,14.046300888061523,False,28,0.0,26.98929350376129,1
Kenny Gainwell,RB,2025,17,2026,6,6,0.0,13.57759952545166,False,35,0.0,25.79429149627685,1
Kenny Gainwell,RB,2025,17,2026,7,7,0.0,13.120712280273438,False,42,0.0,24.73426837921142,1
Kenny Gainwell,RB,2025,17,2026,8,8,0.0,12.717865943908691,False,49,0.0,23.734793472290036,1
Kenny Gainwell,RB,2025,17,2026,9,9,0.0,12.266468048095703,False,56,0.0,22.172346496582,1
Kenny Gainwell,RB,2025,17,2026,10,10,0.0,11.86164379119873,False,63,0.0,21.13261616230011,1
Kenny Gainwell,RB,2025,17,2026,11,11,0.0,11.48989200592041,False,70,0.0,20.492536401748648,1
Kenny Gainwell,RB,2025,17,2026,12,12,0.0,11.137340545654297,False,77,0.0,19.58417539596557,1
Kenny Gainwell,RB,2025,17,2026,13,13,0.0,10.860428810119627,False,84,0.0,18.507417297363272,1
Kenny Gainwell,RB,2025,17,2026,14,14,0.0,10.665976524353027,False,91,0.0,16.279155850410454,1
Kenny Gainwell,RB,2025,17,2026,15,15,0.0,10.514212608337402,False,98,0.0,14.11870651245113,1
Kenny Gainwell,RB,2025,17,2026,16,16,0.0,10.404462814331056,False,105,0.0,11.352287364006036,1
Kenny Gainwell,RB,2025,17,2026,17,17,0.0,10.29300594329834,False,112,0.0,7.995348048210143,1
Keon Coleman,WR,2025,17,2026,1,1,0.0,3.988237619400024,False,0,0.0,18.703997564315777,1
Keon Coleman,WR,2025,17,2026,2,2,0.0,3.978829145431519,False,7,0.0,18.14014163017272,1
Keon Coleman,WR,2025,17,2026,3,3,0.0,4.030155181884766,False,14,0.0,17.559384441375723,1
Keon Coleman,WR,2025,17,2026,4,4,0.0,4.118980407714844,False,21,0.0,17.67053289413451,1
Keon Coleman,WR,2025,17,2026,5,5,0.0,4.142211437225342,False,28,0.0,17.085204052925107,1
Keon Coleman,WR,2025,17,2026,6,6,0.0,4.220289707183838,False,35,0.0,16.43698167800903,1
Keon Coleman,WR,2025,17,2026,7,7,0.0,4.302307605743408,False,42,0.0,15.915863704681392,1
Keon Coleman,WR,2025,17,2026,8,8,0.0,4.409566879272461,False,49,0.0,15.426494407653802,1
Keon Coleman,WR,2025,17,2026,9,9,0.0,4.4719343185424805,False,56,0.0,14.37781276702878,1
Keon Coleman,WR,2025,17,2026,10,10,0.0,4.557413101196289,False,63,0.0,13.828385472297668,1
Keon Coleman,WR,2025,17,2026,11,11,0.0,4.734456539154053,False,70,0.0,13.73710093498229,1
Keon Coleman,WR,2025,17,2026,12,12,0.0,4.951012134552002,False,77,0.0,13.397846984863277,1
Keon Coleman,WR,2025,17,2026,13,13,0.0,5.070923328399658,False,84,0.0,12.7179118156433,1
Keon Coleman,WR,2025,17,2026,14,14,0.0,5.119758605957031,False,91,0.0,10.732937932014458,1
Keon Coleman,WR,2025,17,2026,15,15,0.0,5.099029541015625,False,98,0.0,8.703523445129353,1
Keon Coleman,WR,2025,17,2026,16,16,0.0,5.036163806915283,False,105,0.0,5.983988356590264,1
Keon Coleman,WR,2025,17,2026,17,17,0.0,4.968150615692139,False,112,0.0,2.6704927206039426,1
Kevin Coleman Jr.,WR,2025,17,2026,1,1,0.0,2.2526957988739014,False,0,0.0,16.968455743789654,1
Kevin Coleman Jr.,WR,2025,17,2026,2,2,0.0,2.1561977863311768,False,7,0.0,16.31751027107238,1
Kevin Coleman Jr.,WR,2025,17,2026,3,3,0.0,2.1237809658050537,False,14,0.0,15.653010225296011,1
Kevin Coleman Jr.,WR,2025,17,2026,4,4,0.0,2.1061043739318848,False,21,0.0,15.65765686035155,1
Kevin Coleman Jr.,WR,2025,17,2026,5,5,0.0,2.034444570541382,False,28,0.0,14.977437186241149,1
Kevin Coleman Jr.,WR,2025,17,2026,6,6,0.0,2.007331371307373,False,35,0.0,14.224023342132565,1
Kevin Coleman Jr.,WR,2025,17,2026,7,7,0.0,1.9394376277923584,False,42,0.0,13.552993726730342,1
Kevin Coleman Jr.,WR,2025,17,2026,8,8,0.0,1.9105463027954104,False,49,0.0,12.927473831176751,1
Kevin Coleman Jr.,WR,2025,17,2026,9,9,0.0,1.9001134634017944,False,56,0.0,11.805991911888094,1
Kevin Coleman Jr.,WR,2025,17,2026,10,10,0.0,1.9051837921142576,False,63,0.0,11.176156163215635,1
Kevin Coleman Jr.,WR,2025,17,2026,11,11,0.0,1.960194110870361,False,70,0.0,10.9628385066986,1
Kevin Coleman Jr.,WR,2025,17,2026,12,12,0.0,2.0659213066101074,False,77,0.0,10.51275615692138,1
Kevin Coleman Jr.,WR,2025,17,2026,13,13,0.0,2.153379440307617,False,84,0.0,9.80036792755126,1
Kevin Coleman Jr.,WR,2025,17,2026,14,14,0.0,2.232972383499145,False,91,0.0,7.846151709556573,1
Kevin Coleman Jr.,WR,2025,17,2026,15,15,0.0,2.3061139583587646,False,98,0.0,5.910607862472493,1
Kevin Coleman Jr.,WR,2025,17,2026,16,16,0.0,2.3687570095062256,False,105,0.0,3.3165815591812065,1
Kevin Coleman Jr.,WR,2025,17,2026,17,17,0.0,2.433642625808716,False,112,0.0,0.1359847307205197,1
Khalil Shakir,WR,2025,17,2026,1,1,0.0,7.973573684692383,False,0,0.0,22.689333629608136,1
Khalil Shakir,WR,2025,17,2026,2,2,0.0,7.913358211517334,False,7,0.0,22.074670696258536,1
Khalil Shakir,WR,2025,17,2026,3,3,0.0,8.030080795288086,False,14,0.0,21.559310054779043,1
Khalil Shakir,WR,2025,17,2026,4,4,0.0,8.375683784484863,False,21,0.0,21.92723627090453,1
Khalil Shakir,WR,2025,17,2026,5,5,0.0,8.780999183654785,False,28,0.0,21.72399179935455,1
Khalil Shakir,WR,2025,17,2026,6,6,0.0,9.20797061920166,False,35,0.0,21.42466259002685,1
Khalil Shakir,WR,2025,17,2026,7,7,0.0,9.768824577331545,False,42,0.0,21.382380676269527,1
Khalil Shakir,WR,2025,17,2026,8,8,0.0,10.44553565979004,False,49,0.0,21.46246318817138,1
Khalil Shakir,WR,2025,17,2026,9,9,0.0,11.011029243469238,False,56,0.0,20.916907691955537,1
Khalil Shakir,WR,2025,17,2026,10,10,0.0,11.391307830810549,False,63,0.0,20.662280201911926,1
Khalil Shakir,WR,2025,17,2026,11,11,0.0,11.637686729431152,False,70,0.0,20.64033112525939,1
Khalil Shakir,WR,2025,17,2026,12,12,0.0,11.768396377563477,False,77,0.0,20.21523122787475,1
Khalil Shakir,WR,2025,17,2026,13,13,0.0,11.75376319885254,False,84,0.0,19.400751686096186,1
Khalil Shakir,WR,2025,17,2026,14,14,0.0,11.68449878692627,False,91,0.0,17.297678112983697,1
Khalil Shakir,WR,2025,17,2026,15,15,0.0,11.593422889709473,False,98,0.0,15.1979167938232,1
Khalil Shakir,WR,2025,17,2026,16,16,0.0,11.473787307739258,False,105,0.0,12.421611857414238,1
Khalil Shakir,WR,2025,17,2026,17,17,0.0,11.330151557922363,False,112,0.0,9.032493662834169,1
Kimani Vidal,RB,2025,17,2026,1,1,0.0,11.328997611999512,False,0,0.2303821563720696,26.044757556915265,1
Kimani Vidal,RB,2025,17,2026,2,2,0.0,11.11717414855957,False,7,0.0,25.278486633300773,1
Kimani Vidal,RB,2025,17,2026,3,3,0.0,11.309490203857422,False,14,0.0,24.83871946334838,1
Kimani Vidal,RB,2025,17,2026,4,4,0.0,11.594481468200684,False,21,0.0,25.14603395462035,1
Kimani Vidal,RB,2025,17,2026,5,5,0.0,11.811882972717283,False,28,0.0,24.75487558841705,1
Kimani Vidal,RB,2025,17,2026,6,6,0.0,11.988752365112305,False,35,0.0,24.205444335937496,1
Kimani Vidal,RB,2025,17,2026,7,7,0.0,12.280035972595217,False,42,0.0,23.8935920715332,1
Kimani Vidal,RB,2025,17,2026,8,8,0.0,12.641034126281738,False,49,0.0,23.65796165466308,1
Kimani Vidal,RB,2025,17,2026,9,9,0.0,13.021626472473145,False,56,0.0,22.927504920959443,1
Kimani Vidal,RB,2025,17,2026,10,10,0.0,13.489530563354492,False,63,0.0,22.76050293445587,1
Kimani Vidal,RB,2025,17,2026,11,11,0.0,13.899765014648438,False,70,0.0,22.902409410476675,1
Kimani Vidal,RB,2025,17,2026,12,12,0.0,14.102272987365724,False,77,0.0,22.549107837677,1
Kimani Vidal,RB,2025,17,2026,13,13,0.0,14.136797904968262,False,84,0.0,21.783786392211905,1
Kimani Vidal,RB,2025,17,2026,14,14,0.0,14.094034194946287,False,91,0.0,19.70721352100372,1
Kimani Vidal,RB,2025,17,2026,15,15,0.0,14.02495002746582,False,98,0.0,17.629443931579548,1
Kimani Vidal,RB,2025,17,2026,16,16,0.0,13.946273803710938,False,105,0.0,14.894098353385916,1
Kimani Vidal,RB,2025,17,2026,17,17,0.0,13.827154159545898,False,112,0.0,11.529496264457702,1
Konata Mumpfield,WR,2025,17,2026,1,1,0.0,4.226003170013428,False,0,0.0,18.94176311492918,1
Konata Mumpfield,WR,2025,17,2026,2,2,0.0,4.313491821289063,False,7,0.0,18.474804306030265,1
Konata Mumpfield,WR,2025,17,2026,3,3,0.0,4.238647937774658,False,14,0.0,17.767877197265616,1
Konata Mumpfield,WR,2025,17,2026,4,4,0.0,4.136975765228272,False,21,0.0,17.688528251647938,1
Konata Mumpfield,WR,2025,17,2026,5,5,0.0,4.033041477203369,False,28,0.0,16.976034092903134,1
Konata Mumpfield,WR,2025,17,2026,6,6,0.0,3.872821092605591,False,35,0.0,16.089513063430783,1
Konata Mumpfield,WR,2025,17,2026,7,7,0.0,3.679494619369507,False,42,0.0,15.29305071830749,1
Konata Mumpfield,WR,2025,17,2026,8,8,0.0,3.486812829971313,False,49,0.0,14.503740358352657,1
Konata Mumpfield,WR,2025,17,2026,9,9,0.0,3.2708091735839844,False,56,0.0,13.176687622070284,1
Konata Mumpfield,WR,2025,17,2026,10,10,0.0,3.096881151199341,False,63,0.0,12.36785352230072,1
Konata Mumpfield,WR,2025,17,2026,11,11,0.0,2.993683338165283,False,70,0.0,11.99632773399352,1
Konata Mumpfield,WR,2025,17,2026,12,12,0.0,2.941587209701538,False,77,0.0,11.388422060012813,1
Konata Mumpfield,WR,2025,17,2026,13,13,0.0,2.919538974761963,False,84,0.0,10.566527462005606,1
Konata Mumpfield,WR,2025,17,2026,14,14,0.0,2.946620225906372,False,91,0.0,8.559799551963799,1
Konata Mumpfield,WR,2025,17,2026,15,15,0.0,2.9881017208099365,False,98,0.0,6.592595624923665,1
Konata Mumpfield,WR,2025,17,2026,16,16,0.0,3.050652027130127,False,105,0.0,3.998476576805108,1
Konata Mumpfield,WR,2025,17,2026,17,17,0.0,3.1293604373931885,False,112,0.0,0.8317025423049924,1
Kyle Juszczyk,RB,2025,17,2026,1,1,0.0,2.437973499298096,False,0,0.0,17.15373344421385,1
Kyle Juszczyk,RB,2025,17,2026,2,2,0.0,2.407789945602417,False,7,0.0,16.56910243034362,1
Kyle Juszczyk,RB,2025,17,2026,3,3,0.0,2.4125826358795166,False,14,0.0,15.941811895370474,1
Kyle Juszczyk,RB,2025,17,2026,4,4,0.0,2.451587915420532,False,21,0.0,16.0031404018402,1
Kyle Juszczyk,RB,2025,17,2026,5,5,0.0,2.446866512298584,False,28,0.0,15.38985912799835,1
Kyle Juszczyk,RB,2025,17,2026,6,6,0.0,2.5025484561920166,False,35,0.0,14.719240427017208,1
Kyle Juszczyk,RB,2025,17,2026,7,7,0.0,2.5211873054504395,False,42,0.0,14.134743404388423,1
Kyle Juszczyk,RB,2025,17,2026,8,8,0.0,2.5766637325286865,False,49,0.0,13.593591260910028,1
Kyle Juszczyk,RB,2025,17,2026,9,9,0.0,2.6191089153289795,False,56,0.0,12.52498736381528,1
Kyle Juszczyk,RB,2025,17,2026,10,10,0.0,2.658344984054565,False,63,0.0,11.929317355155945,1
Kyle Juszczyk,RB,2025,17,2026,11,11,0.0,2.748005151748657,False,70,0.0,11.750649547576897,1
Kyle Juszczyk,RB,2025,17,2026,12,12,0.0,2.8687212467193604,False,77,0.0,11.315556097030631,1
Kyle Juszczyk,RB,2025,17,2026,13,13,0.0,2.969401597976685,False,84,0.0,10.616390085220328,1
Kyle Juszczyk,RB,2025,17,2026,14,14,0.0,3.049926519393921,False,91,0.0,8.663105845451348,1
Kyle Juszczyk,RB,2025,17,2026,15,15,0.0,3.108803033828736,False,98,0.0,6.713296937942464,1
Kyle Juszczyk,RB,2025,17,2026,16,16,0.0,3.1521425247192383,False,105,0.0,4.099967074394219,1
Kyle Juszczyk,RB,2025,17,2026,17,17,0.0,3.1828091144561768,False,112,0.0,0.8851512193679807,1
Kyle Monangai,RB,2025,17,2026,1,1,0.0,7.937880992889404,False,0,0.0,22.65364093780516,1
Kyle Monangai,RB,2025,17,2026,2,2,0.0,7.8896870613098145,False,7,0.0,22.050999546051017,1
Kyle Monangai,RB,2025,17,2026,3,3,0.0,7.706824779510498,False,14,0.0,21.236054039001456,1
Kyle Monangai,RB,2025,17,2026,4,4,0.0,7.63308572769165,False,21,0.0,21.18463821411132,1
Kyle Monangai,RB,2025,17,2026,5,5,0.0,7.608773708343506,False,28,0.0,20.55176632404327,1
Kyle Monangai,RB,2025,17,2026,6,6,0.0,7.48468542098999,False,35,0.0,19.701377391815186,1
Kyle Monangai,RB,2025,17,2026,7,7,0.0,7.403258800506592,False,42,0.0,19.016814899444576,1
Kyle Monangai,RB,2025,17,2026,8,8,0.0,7.327335834503174,False,49,0.0,18.344263362884515,1
Kyle Monangai,RB,2025,17,2026,9,9,0.0,7.18845796585083,False,56,0.0,17.09433641433713,1
Kyle Monangai,RB,2025,17,2026,10,10,0.0,7.083334445953369,False,63,0.0,16.35430681705475,1
Kyle Monangai,RB,2025,17,2026,11,11,0.0,7.024150371551514,False,70,0.0,16.02679476737975,1
Kyle Monangai,RB,2025,17,2026,12,12,0.0,6.940863609313965,False,77,0.0,15.387698459625238,1
Kyle Monangai,RB,2025,17,2026,13,13,0.0,6.852796077728272,False,84,0.0,14.499784564971916,1
Kyle Monangai,RB,2025,17,2026,14,14,0.0,6.8297624588012695,False,91,0.0,12.442941784858697,1
Kyle Monangai,RB,2025,17,2026,15,15,0.0,6.812391757965088,False,98,0.0,10.416885662078815,1
Kyle Monangai,RB,2025,17,2026,16,16,0.0,6.82641077041626,False,105,0.0,7.774235320091241,1
Kyle Monangai,RB,2025,17,2026,17,17,0.0,6.834094524383545,False,112,0.0,4.536436629295348,1
Kyle Williams,WR,2025,17,2026,1,1,0.0,6.538004398345947,False,0,0.0,21.2537643432617,1
Kyle Williams,WR,2025,17,2026,2,2,0.0,6.7379536628723145,False,7,0.0,20.89926614761352,1
Kyle Williams,WR,2025,17,2026,3,3,0.0,6.972169399261475,False,14,0.0,20.501398658752432,1
Kyle Williams,WR,2025,17,2026,4,4,0.0,7.369568824768066,False,21,0.0,20.921121311187733,1
Kyle Williams,WR,2025,17,2026,5,5,0.0,7.763009548187256,False,28,0.0,20.70600216388702,1
Kyle Williams,WR,2025,17,2026,6,6,0.0,8.121953964233398,False,35,0.0,20.33864593505859,1
Kyle Williams,WR,2025,17,2026,7,7,0.0,8.530303001403809,False,42,0.0,20.143859100341796,1
Kyle Williams,WR,2025,17,2026,8,8,0.0,8.974154472351074,False,49,0.0,19.991082000732412,1
Kyle Williams,WR,2025,17,2026,9,9,0.0,9.317383766174316,False,56,0.0,19.22326221466061,1
Kyle Williams,WR,2025,17,2026,10,10,0.0,9.56168270111084,False,63,0.0,18.83265507221222,1
Kyle Williams,WR,2025,17,2026,11,11,0.0,9.720219612121582,False,70,0.0,18.72286400794982,1
Kyle Williams,WR,2025,17,2026,12,12,0.0,9.792123794555664,False,77,0.0,18.238958644866937,1
Kyle Williams,WR,2025,17,2026,13,13,0.0,9.73950481414795,False,84,0.0,17.386493301391592,1
Kyle Williams,WR,2025,17,2026,14,14,0.0,9.649931907653809,False,91,0.0,15.263111233711236,1
Kyle Williams,WR,2025,17,2026,15,15,0.0,9.4846773147583,False,98,0.0,13.089171218872028,1
Kyle Williams,WR,2025,17,2026,16,16,0.0,9.30578899383545,False,105,0.0,10.25361354351043,1
Kyle Williams,WR,2025,17,2026,17,17,0.0,9.091717720031738,False,112,0.0,6.794059824943542,1
Kyren Williams,RB,2025,17,2026,1,1,0.0,14.873211860656738,False,0,3.774596405029296,29.58897180557249,1
Kyren Williams,RB,2025,17,2026,2,2,0.0,14.742843627929688,False,7,1.0755494117736806,28.90415611267089,1
Kyren Williams,RB,2025,17,2026,3,3,0.0,14.525362014770508,False,14,0.3977766990661617,28.054591274261465,1
Kyren Williams,RB,2025,17,2026,4,4,0.0,14.323975563049316,False,21,0.0362213134765632,27.875528049468983,1
Kyren Williams,RB,2025,17,2026,5,5,0.0,14.12119960784912,False,28,0.0,27.064192223548886,1
Kyren Williams,RB,2025,17,2026,6,6,0.0,13.724392890930176,False,35,0.0,25.941084861755368,1
Kyren Williams,RB,2025,17,2026,7,7,0.0,13.363598823547363,False,42,0.0,24.977154922485347,1
Kyren Williams,RB,2025,17,2026,8,8,0.0,13.037646293640137,False,49,0.0,24.05457382202148,1
Kyren Williams,RB,2025,17,2026,9,9,0.0,12.631352424621582,False,56,0.0,22.53723087310788,1
Kyren Williams,RB,2025,17,2026,10,10,0.0,12.246357917785645,False,63,0.0,21.517330288887024,1
Kyren Williams,RB,2025,17,2026,11,11,0.0,11.898174285888672,False,70,0.0,20.90081868171691,1
Kyren Williams,RB,2025,17,2026,12,12,0.0,11.578022956848145,False,77,0.0,20.024857807159417,1
Kyren Williams,RB,2025,17,2026,13,13,0.0,11.327606201171877,False,84,0.0,18.97459468841552,1
Kyren Williams,RB,2025,17,2026,14,14,0.0,11.143081665039062,False,91,0.0,16.75626099109649,1
Kyren Williams,RB,2025,17,2026,15,15,0.0,10.985962867736816,False,98,0.0,14.590456771850544,1
Kyren Williams,RB,2025,17,2026,16,16,0.0,10.851869583129885,False,105,0.0,11.799694132804865,1
Kyren Williams,RB,2025,17,2026,17,17,0.0,10.70966339111328,False,112,0.0,8.412005496025085,1
LaJohntay Wester,WR,2025,17,2026,1,1,0.0,2.2604002952575684,False,0,0.0,16.97616024017332,1
LaJohntay Wester,WR,2025,17,2026,2,2,0.0,2.321197748184204,False,7,0.0,16.482510232925407,1
LaJohntay Wester,WR,2025,17,2026,3,3,0.0,2.397114515304565,False,14,0.0,15.926343774795525,1
LaJohntay Wester,WR,2025,17,2026,4,4,0.0,2.4913463592529297,False,21,0.0,16.042898845672596,1
LaJohntay Wester,WR,2025,17,2026,5,5,0.0,2.495422124862671,False,28,0.0,15.438414740562436,1
LaJohntay Wester,WR,2025,17,2026,6,6,0.0,2.5259697437286377,False,35,0.0,14.74266171455383,1
LaJohntay Wester,WR,2025,17,2026,7,7,0.0,2.490851640701294,False,42,0.0,14.104407739639278,1
LaJohntay Wester,WR,2025,17,2026,8,8,0.0,2.48129677772522,False,49,0.0,13.49822430610656,1
LaJohntay Wester,WR,2025,17,2026,9,9,0.0,2.462632894515991,False,56,0.0,12.368511343002291,1
LaJohntay Wester,WR,2025,17,2026,10,10,0.0,2.447068929672241,False,63,0.0,11.71804130077362,1
LaJohntay Wester,WR,2025,17,2026,11,11,0.0,2.4775240421295166,False,70,0.0,11.480168437957754,1
LaJohntay Wester,WR,2025,17,2026,12,12,0.0,2.5451996326446533,False,77,0.0,10.992034482955926,1
LaJohntay Wester,WR,2025,17,2026,13,13,0.0,2.5970418453216557,False,84,0.0,10.244030332565298,1
LaJohntay Wester,WR,2025,17,2026,14,14,0.0,2.6439807415008545,False,91,0.0,8.257160067558281,1
LaJohntay Wester,WR,2025,17,2026,15,15,0.0,2.695884943008423,False,98,0.0,6.300378847122151,1
LaJohntay Wester,WR,2025,17,2026,16,16,0.0,2.7401843070983887,False,105,0.0,3.6880088567733695,1
LaJohntay Wester,WR,2025,17,2026,17,17,0.0,2.775953769683838,False,112,0.0,0.4782958745956418,1
Ladd McConkey,WR,2025,17,2026,1,1,0.0,15.872809410095217,False,0,4.774193954467773,30.588569355010968,1
Ladd McConkey,WR,2025,17,2026,2,2,0.0,15.7311372756958,False,7,2.063843059539794,29.892449760437003,1
Ladd McConkey,WR,2025,17,2026,3,3,0.0,15.541367530822754,False,14,1.4137822151184078,29.07059679031371,1
Ladd McConkey,WR,2025,17,2026,4,4,0.0,15.429384231567385,False,21,1.1416299819946296,28.98093671798705,1
Ladd McConkey,WR,2025,17,2026,5,5,0.0,15.228049278259276,False,28,0.7895990371704098,28.171041893959043,1
Ladd McConkey,WR,2025,17,2026,6,6,0.0,14.862576484680176,False,35,0.3291752815246571,27.079268455505368,1
Ladd McConkey,WR,2025,17,2026,7,7,0.0,14.59013557434082,False,42,0.0,26.203691673278804,1
Ladd McConkey,WR,2025,17,2026,8,8,0.0,14.39997386932373,False,49,0.0,25.41690139770507,1
Ladd McConkey,WR,2025,17,2026,9,9,0.0,14.145793914794922,False,56,0.0,24.05167236328122,1
Ladd McConkey,WR,2025,17,2026,10,10,0.0,13.92282772064209,False,63,0.0,23.19380009174347,1
Ladd McConkey,WR,2025,17,2026,11,11,0.0,13.769129753112791,False,70,0.0,22.77177414894103,1
Ladd McConkey,WR,2025,17,2026,12,12,0.0,13.644640922546388,False,77,0.0,22.09147577285766,1
Ladd McConkey,WR,2025,17,2026,13,13,0.0,13.555282592773438,False,84,0.0,21.20227108001708,1
Ladd McConkey,WR,2025,17,2026,14,14,0.0,13.46930980682373,False,91,0.0,19.08248913288116,1
Ladd McConkey,WR,2025,17,2026,15,15,0.0,13.384902000427246,False,98,0.0,16.989395904540974,1
Ladd McConkey,WR,2025,17,2026,16,16,0.0,13.290005683898926,False,105,0.0,14.237830233573906,1
Ladd McConkey,WR,2025,17,2026,17,17,0.0,13.167466163635254,False,112,0.0,10.869808268547056,1
Laquon Treadwell,WR,2025,17,2026,1,1,0.0,2.0414788722991943,False,0,0.0,16.757238817214947,1
Laquon Treadwell,WR,2025,17,2026,2,2,0.0,2.110222339630127,False,7,0.0,16.27153482437133,1
Laquon Treadwell,WR,2025,17,2026,3,3,0.0,2.12003493309021,False,14,0.0,15.649264192581168,1
Laquon Treadwell,WR,2025,17,2026,4,4,0.0,2.138625144958496,False,21,0.0,15.69017763137816,1
Laquon Treadwell,WR,2025,17,2026,5,5,0.0,2.091754913330078,False,28,0.0,15.034747529029843,1
Laquon Treadwell,WR,2025,17,2026,6,6,0.0,2.0615530014038086,False,35,0.0,14.278244972229,1
Laquon Treadwell,WR,2025,17,2026,7,7,0.0,1.9639893770217896,False,42,0.0,13.577545475959774,1
Laquon Treadwell,WR,2025,17,2026,8,8,0.0,1.8923916816711424,False,49,0.0,12.909319210052484,1
Laquon Treadwell,WR,2025,17,2026,9,9,0.0,1.823306679725647,False,56,0.0,11.729185128211949,1
Laquon Treadwell,WR,2025,17,2026,10,10,0.0,1.7642096281051636,False,63,0.0,11.035181999206545,1
Laquon Treadwell,WR,2025,17,2026,11,11,0.0,1.7486965656280518,False,70,0.0,10.75134096145629,1
Laquon Treadwell,WR,2025,17,2026,12,12,0.0,1.7876468896865845,False,77,0.0,10.234481739997856,1
Laquon Treadwell,WR,2025,17,2026,13,13,0.0,1.830063819885254,False,84,0.0,9.477052307128895,1
Laquon Treadwell,WR,2025,17,2026,14,14,0.0,1.8851958513259888,False,91,0.0,7.498375177383417,1
Laquon Treadwell,WR,2025,17,2026,15,15,0.0,1.9574576616287231,False,98,0.0,5.561951565742452,1
Laquon Treadwell,WR,2025,17,2026,16,16,0.0,2.027601718902588,False,105,0.0,2.9754262685775688,1
Laquon Treadwell,WR,2025,17,2026,17,17,0.0,2.102673292160034,False,112,0.0,-0.1949846029281619,1
LeQuint Allen Jr.,RB,2025,17,2026,1,1,0.0,1.2037193775177002,False,0,0.0,15.919479322433451,1
LeQuint Allen Jr.,RB,2025,17,2026,2,2,0.0,1.1643975973129272,False,7,0.0,15.325710082054131,1
LeQuint Allen Jr.,RB,2025,17,2026,3,3,0.0,1.1355586051940918,False,14,0.0,14.66478786468505,1
LeQuint Allen Jr.,RB,2025,17,2026,4,4,0.0,1.137523174285889,False,21,0.0,14.689075660705551,1
LeQuint Allen Jr.,RB,2025,17,2026,5,5,0.0,1.0757609605789185,False,28,0.0,14.018753576278684,1
LeQuint Allen Jr.,RB,2025,17,2026,6,6,0.0,1.0596781969070437,False,35,0.0,13.276370167732235,1
LeQuint Allen Jr.,RB,2025,17,2026,7,7,0.0,1.002441644668579,False,42,0.0,12.615997743606563,1
LeQuint Allen Jr.,RB,2025,17,2026,8,8,0.0,0.9752020239830016,False,49,0.0,11.992129552364345,1
LeQuint Allen Jr.,RB,2025,17,2026,9,9,0.0,0.9584776759147644,False,56,0.0,10.864356124401064,1
LeQuint Allen Jr.,RB,2025,17,2026,10,10,0.0,0.9394041895866394,False,63,0.0,10.21037656068802,1
LeQuint Allen Jr.,RB,2025,17,2026,11,11,0.0,0.9542149901390076,False,70,0.0,9.956859385967244,1
LeQuint Allen Jr.,RB,2025,17,2026,12,12,0.0,1.0213782787322998,False,77,0.0,9.468213129043573,1
LeQuint Allen Jr.,RB,2025,17,2026,13,13,0.0,1.0766394138336182,False,84,0.0,8.723627901077261,1
LeQuint Allen Jr.,RB,2025,17,2026,14,14,0.0,1.1325749158859253,False,91,0.0,6.745754241943353,1
LeQuint Allen Jr.,RB,2025,17,2026,15,15,0.0,1.1985421180725098,False,98,0.0,4.803036022186238,1
LeQuint Allen Jr.,RB,2025,17,2026,16,16,0.0,1.252690672874451,False,105,0.0,2.2005152225494315,1
LeQuint Allen Jr.,RB,2025,17,2026,17,17,0.0,1.3111040592193604,False,112,0.0,-0.9865538358688356,1
Lil'Jordan Humphrey,WR,2025,17,2026,1,1,0.0,4.250152111053467,False,0,0.0,18.96591205596922,1
Lil'Jordan Humphrey,WR,2025,17,2026,2,2,0.0,4.23711633682251,False,7,0.0,18.398428821563712,1
Lil'Jordan Humphrey,WR,2025,17,2026,3,3,0.0,4.101568222045898,False,14,0.0,17.630797481536856,1
Lil'Jordan Humphrey,WR,2025,17,2026,4,4,0.0,3.947568655014038,False,21,0.0,17.499121141433704,1
Lil'Jordan Humphrey,WR,2025,17,2026,5,5,0.0,3.789852142333984,False,28,0.0,16.73284475803375,1
Lil'Jordan Humphrey,WR,2025,17,2026,6,6,0.0,3.582582235336304,False,35,0.0,15.799274206161495,1
Lil'Jordan Humphrey,WR,2025,17,2026,7,7,0.0,3.3430895805358887,False,42,0.0,14.956645679473873,1
Lil'Jordan Humphrey,WR,2025,17,2026,8,8,0.0,3.1315219402313232,False,49,0.0,14.148449468612665,1
Lil'Jordan Humphrey,WR,2025,17,2026,9,9,0.0,2.923224210739136,False,56,0.0,12.829102659225436,1
Lil'Jordan Humphrey,WR,2025,17,2026,10,10,0.0,2.7698495388031006,False,63,0.0,12.04082190990448,1
Lil'Jordan Humphrey,WR,2025,17,2026,11,11,0.0,2.684388875961304,False,70,0.0,11.687033271789542,1
Lil'Jordan Humphrey,WR,2025,17,2026,12,12,0.0,2.64312744140625,False,77,0.0,11.089962291717525,1
Lil'Jordan Humphrey,WR,2025,17,2026,13,13,0.0,2.6190555095672607,False,84,0.0,10.266043996810904,1
Lil'Jordan Humphrey,WR,2025,17,2026,14,14,0.0,2.633507490158081,False,91,0.0,8.246686816215508,1
Lil'Jordan Humphrey,WR,2025,17,2026,15,15,0.0,2.665212392807007,False,98,0.0,6.269706296920735,1
Lil'Jordan Humphrey,WR,2025,17,2026,16,16,0.0,2.723263502120972,False,105,0.0,3.671088051795953,1
Lil'Jordan Humphrey,WR,2025,17,2026,17,17,0.0,2.8130152225494385,False,112,0.0,0.5153573274612424,1
Luke McCaffrey,WR,2025,17,2026,1,1,0.0,1.5970662832260132,False,0,0.0,16.312826228141766,1
Luke McCaffrey,WR,2025,17,2026,2,2,0.0,1.571003556251526,False,7,0.0,15.73231604099273,1
Luke McCaffrey,WR,2025,17,2026,3,3,0.0,1.5585836172103882,False,14,0.0,15.087812876701346,1
Luke McCaffrey,WR,2025,17,2026,4,4,0.0,1.5649359226226809,False,21,0.0,15.116488409042343,1
Luke McCaffrey,WR,2025,17,2026,5,5,0.0,1.5054326057434082,False,28,0.0,14.448425221443172,1
Luke McCaffrey,WR,2025,17,2026,6,6,0.0,1.4855635166168213,False,35,0.0,13.702255487442011,1
Luke McCaffrey,WR,2025,17,2026,7,7,0.0,1.410989761352539,False,42,0.0,13.024545860290525,1
Luke McCaffrey,WR,2025,17,2026,8,8,0.0,1.369152307510376,False,49,0.0,12.386079835891715,1
Luke McCaffrey,WR,2025,17,2026,9,9,0.0,1.3395531177520752,False,56,0.0,11.245431566238375,1
Luke McCaffrey,WR,2025,17,2026,10,10,0.0,1.3134620189666748,False,63,0.0,10.584434390068054,1
Luke McCaffrey,WR,2025,17,2026,11,11,0.0,1.326094150543213,False,70,0.0,10.32873854637145,1
Luke McCaffrey,WR,2025,17,2026,12,12,0.0,1.3932008743286133,False,77,0.0,9.840035724639886,1
Luke McCaffrey,WR,2025,17,2026,13,13,0.0,1.4502627849578855,False,84,0.0,9.097251272201529,1
Luke McCaffrey,WR,2025,17,2026,14,14,0.0,1.5103416442871094,False,91,0.0,7.123520970344537,1
Luke McCaffrey,WR,2025,17,2026,15,15,0.0,1.5820156335830688,False,98,0.0,5.186509537696797,1
Luke McCaffrey,WR,2025,17,2026,16,16,0.0,1.642176866531372,False,105,0.0,2.590001416206353,1
Luke McCaffrey,WR,2025,17,2026,17,17,0.0,1.7020792961120603,False,112,0.0,-0.5955785989761355,1
Luther Burden III,WR,2025,17,2026,1,1,0.0,8.57140064239502,False,0,0.0,23.287160587310773,1
Luther Burden III,WR,2025,17,2026,2,2,0.0,8.479743003845215,False,7,0.0,22.641055488586417,1
Luther Burden III,WR,2025,17,2026,3,3,0.0,8.272477149963379,False,14,0.0,21.801706409454336,1
Luther Burden III,WR,2025,17,2026,4,4,0.0,8.297478675842285,False,21,0.0,21.84903116226195,1
Luther Burden III,WR,2025,17,2026,5,5,0.0,8.382540702819824,False,28,0.0,21.32553331851959,1
Luther Burden III,WR,2025,17,2026,6,6,0.0,8.299190521240234,False,35,0.0,20.515882492065423,1
Luther Burden III,WR,2025,17,2026,7,7,0.0,8.206721305847168,False,42,0.0,19.820277404785152,1
Luther Burden III,WR,2025,17,2026,8,8,0.0,8.122690200805664,False,49,0.0,19.139617729187005,1
Luther Burden III,WR,2025,17,2026,9,9,0.0,7.906863689422607,False,56,0.0,17.812742137908906,1
Luther Burden III,WR,2025,17,2026,10,10,0.0,7.646939754486084,False,63,0.0,16.917912125587463,1
Luther Burden III,WR,2025,17,2026,11,11,0.0,7.397739410400391,False,70,0.0,16.40038380622863,1
Luther Burden III,WR,2025,17,2026,12,12,0.0,7.152806758880615,False,77,0.0,15.599641609191888,1
Luther Burden III,WR,2025,17,2026,13,13,0.0,6.979386806488037,False,84,0.0,14.62637529373168,1
Luther Burden III,WR,2025,17,2026,14,14,0.0,6.919785022735596,False,91,0.0,12.532964348793024,1
Luther Burden III,WR,2025,17,2026,15,15,0.0,6.891441822052002,False,98,0.0,10.49593572616573,1
Luther Burden III,WR,2025,17,2026,16,16,0.0,6.908229351043701,False,105,0.0,7.856053900718682,1
Luther Burden III,WR,2025,17,2026,17,17,0.0,6.920690059661865,False,112,0.0,4.623032164573669,1
Mack Hollins,WR,2025,17,2026,1,1,0.0,8.686239242553711,False,0,0.0,23.401999187469464,1
Mack Hollins,WR,2025,17,2026,2,2,0.0,8.535454750061035,False,7,0.0,22.69676723480224,1
Mack Hollins,WR,2025,17,2026,3,3,0.0,8.221308708190918,False,14,0.0,21.75053796768188,1
Mack Hollins,WR,2025,17,2026,4,4,0.0,8.049248695373535,False,21,0.0,21.6008011817932,1
Mack Hollins,WR,2025,17,2026,5,5,0.0,7.934964656829834,False,28,0.0,20.8779572725296,1
Mack Hollins,WR,2025,17,2026,6,6,0.0,7.619867324829102,False,35,0.0,19.836559295654293,1
Mack Hollins,WR,2025,17,2026,7,7,0.0,7.304494380950928,False,42,0.0,18.91805047988891,1
Mack Hollins,WR,2025,17,2026,8,8,0.0,7.032063484191895,False,49,0.0,18.04899101257324,1
Mack Hollins,WR,2025,17,2026,9,9,0.0,6.679419040679932,False,56,0.0,16.58529748916623,1
Mack Hollins,WR,2025,17,2026,10,10,0.0,6.322241306304932,False,63,0.0,15.593213677406313,1
Mack Hollins,WR,2025,17,2026,11,11,0.0,5.999833583831787,False,70,0.0,15.002477979660023,1
Mack Hollins,WR,2025,17,2026,12,12,0.0,5.69832706451416,False,77,0.0,14.145161914825431,1
Mack Hollins,WR,2025,17,2026,13,13,0.0,5.477395534515381,False,84,0.0,13.124384021759024,1
Mack Hollins,WR,2025,17,2026,14,14,0.0,5.370208263397217,False,91,0.0,10.983387589454644,1
Mack Hollins,WR,2025,17,2026,15,15,0.0,5.296655654907227,False,98,0.0,8.901149559020954,1
Mack Hollins,WR,2025,17,2026,16,16,0.0,5.277259826660156,False,105,0.0,6.225084376335137,1
Mack Hollins,WR,2025,17,2026,17,17,0.0,5.279723167419434,False,112,0.0,2.982065272331237,1
Makai Lemon,WR,2025,17,2026,1,1,0.0,2.2526235580444336,False,0,0.0,16.968383502960187,1
Makai Lemon,WR,2025,17,2026,2,2,0.0,2.156157255172729,False,7,0.0,16.317469739913932,1
Makai Lemon,WR,2025,17,2026,3,3,0.0,2.1238162517547607,False,14,0.0,15.653045511245718,1
Makai Lemon,WR,2025,17,2026,4,4,0.0,2.106222152709961,False,21,0.0,15.657774639129626,1
Makai Lemon,WR,2025,17,2026,5,5,0.0,2.0346477031707764,False,28,0.0,14.977640318870542,1
Makai Lemon,WR,2025,17,2026,6,6,0.0,2.0076444149017334,False,35,0.0,14.224336385726923,1
Makai Lemon,WR,2025,17,2026,7,7,0.0,1.93985915184021,False,42,0.0,13.553415250778194,1
Makai Lemon,WR,2025,17,2026,8,8,0.0,1.9110708236694336,False,49,0.0,12.927998352050777,1
Makai Lemon,WR,2025,17,2026,9,9,0.0,1.9007468223571775,False,56,0.0,11.806625270843478,1
Makai Lemon,WR,2025,17,2026,10,10,0.0,1.9059244394302368,False,63,0.0,11.176896810531616,1
Makai Lemon,WR,2025,17,2026,11,11,0.0,1.9610528945922847,False,70,0.0,10.963697290420525,1
Makai Lemon,WR,2025,17,2026,12,12,0.0,2.066870212554932,False,77,0.0,10.513705062866205,1
Makai Lemon,WR,2025,17,2026,13,13,0.0,2.1544106006622314,False,84,0.0,9.801399087905876,1
Makai Lemon,WR,2025,17,2026,14,14,0.0,2.2340571880340576,False,91,0.0,7.847236514091485,1
Makai Lemon,WR,2025,17,2026,15,15,0.0,2.307202100753784,False,98,0.0,5.911696004867513,1
Makai Lemon,WR,2025,17,2026,16,16,0.0,2.3698155879974365,False,105,0.0,3.3176401376724174,1
Makai Lemon,WR,2025,17,2026,17,17,0.0,2.4346349239349365,False,112,0.0,0.1369770288467404,1
Malachi Corley,WR,2025,17,2026,1,1,0.0,4.9232378005981445,False,0,0.0,19.638997745513898,1
Malachi Corley,WR,2025,17,2026,2,2,0.0,5.137416362762451,False,7,0.0,19.298728847503654,1
Malachi Corley,WR,2025,17,2026,3,3,0.0,5.103271961212158,False,14,0.0,18.63250122070312,1
Malachi Corley,WR,2025,17,2026,4,4,0.0,5.083601474761963,False,21,0.0,18.63515396118163,1
Malachi Corley,WR,2025,17,2026,5,5,0.0,5.047924518585205,False,28,0.0,17.99091713428497,1
Malachi Corley,WR,2025,17,2026,6,6,0.0,4.892261028289795,False,35,0.0,17.108952999114987,1
Malachi Corley,WR,2025,17,2026,7,7,0.0,4.664154529571533,False,42,0.0,16.277710628509517,1
Malachi Corley,WR,2025,17,2026,8,8,0.0,4.424238681793213,False,49,0.0,15.441166210174554,1
Malachi Corley,WR,2025,17,2026,9,9,0.0,4.156256198883057,False,56,0.0,14.062134647369357,1
Malachi Corley,WR,2025,17,2026,10,10,0.0,3.9379782676696777,False,63,0.0,13.208950638771055,1
Malachi Corley,WR,2025,17,2026,11,11,0.0,3.7776148319244394,False,70,0.0,12.780259227752676,1
Malachi Corley,WR,2025,17,2026,12,12,0.0,3.648113250732422,False,77,0.0,12.094948101043697,1
Malachi Corley,WR,2025,17,2026,13,13,0.0,3.557470798492432,False,84,0.0,11.204459285736077,1
Malachi Corley,WR,2025,17,2026,14,14,0.0,3.5403153896331787,False,91,0.0,9.153494715690606,1
Malachi Corley,WR,2025,17,2026,15,15,0.0,3.550953149795532,False,98,0.0,7.155447053909261,1
Malachi Corley,WR,2025,17,2026,16,16,0.0,3.5981075763702397,False,105,0.0,4.54593212604522,1
Malachi Corley,WR,2025,17,2026,17,17,0.0,3.6719794273376474,False,112,0.0,1.3743215322494504,1
Malachi Fields,WR,2025,17,2026,1,1,0.0,2.25273871421814,False,0,0.0,16.968498659133893,1
Malachi Fields,WR,2025,17,2026,2,2,0.0,2.156198024749756,False,7,0.0,16.31751050949096,1
Malachi Fields,WR,2025,17,2026,3,3,0.0,2.123739242553711,False,14,0.0,15.652968502044668,1
Malachi Fields,WR,2025,17,2026,4,4,0.0,2.106020927429199,False,21,0.0,15.657573413848864,1
Malachi Fields,WR,2025,17,2026,5,5,0.0,2.0343234539031982,False,28,0.0,14.977316069602963,1
Malachi Fields,WR,2025,17,2026,6,6,0.0,2.0071611404418945,False,35,0.0,14.223853111267086,1
Malachi Fields,WR,2025,17,2026,7,7,0.0,1.939218521118164,False,42,0.0,13.552774620056148,1
Malachi Fields,WR,2025,17,2026,8,8,0.0,1.9102768898010252,False,49,0.0,12.927204418182368,1
Malachi Fields,WR,2025,17,2026,9,9,0.0,1.899789810180664,False,56,0.0,11.805668258666964,1
Malachi Fields,WR,2025,17,2026,10,10,0.0,1.9048086404800413,False,63,0.0,11.17578101158142,1
Malachi Fields,WR,2025,17,2026,11,11,0.0,1.9597649574279783,False,70,0.0,10.962409353256216,1
Malachi Fields,WR,2025,17,2026,12,12,0.0,2.0654497146606445,False,77,0.0,10.512284564971916,1
Malachi Fields,WR,2025,17,2026,13,13,0.0,2.1528687477111816,False,84,0.0,9.799857234954825,1
Malachi Fields,WR,2025,17,2026,14,14,0.0,2.2324345111846924,False,91,0.0,7.84561383724212,1
Malachi Fields,WR,2025,17,2026,15,15,0.0,2.3055708408355717,False,98,0.0,5.9100647449493,1
Malachi Fields,WR,2025,17,2026,16,16,0.0,2.368225336074829,False,105,0.0,3.31604988574981,1
Malachi Fields,WR,2025,17,2026,17,17,0.0,2.4331414699554443,False,112,0.0,0.1354835748672482,1
Malik Benson,WR,2025,17,2026,1,1,0.0,2.252138376235962,False,0,0.0,16.967898321151715,1
Malik Benson,WR,2025,17,2026,2,2,0.0,2.155491828918457,False,7,0.0,16.31680431365966,1
Malik Benson,WR,2025,17,2026,3,3,0.0,2.1229171752929688,False,14,0.0,15.652146434783926,1
Malik Benson,WR,2025,17,2026,4,4,0.0,2.1050941944122314,False,21,0.0,15.656646680831896,1
Malik Benson,WR,2025,17,2026,5,5,0.0,2.033297300338745,False,28,0.0,14.97628991603851,1
Malik Benson,WR,2025,17,2026,6,6,0.0,2.0060150623321533,False,35,0.0,14.222707033157343,1
Malik Benson,WR,2025,17,2026,7,7,0.0,1.9379584789276123,False,42,0.0,13.551514577865596,1
Malik Benson,WR,2025,17,2026,8,8,0.0,1.90890634059906,False,49,0.0,12.9258338689804,1
Malik Benson,WR,2025,17,2026,9,9,0.0,1.8982986211776731,False,56,0.0,11.804177069663972,1
Malik Benson,WR,2025,17,2026,10,10,0.0,1.9031858444213867,False,63,0.0,11.174158215522766,1
Malik Benson,WR,2025,17,2026,11,11,0.0,1.9579927921295168,False,70,0.0,10.960637187957754,1
Malik Benson,WR,2025,17,2026,12,12,0.0,2.0635576248168945,False,77,0.0,10.510392475128167,1
Malik Benson,WR,2025,17,2026,13,13,0.0,2.1508586406707764,False,84,0.0,9.79784712791442,1
Malik Benson,WR,2025,17,2026,14,14,0.0,2.2303409576416016,False,91,0.0,7.843520283699029,1
Malik Benson,WR,2025,17,2026,15,15,0.0,2.3034656047821045,False,98,0.0,5.907959508895833,1
Malik Benson,WR,2025,17,2026,16,16,0.0,2.3661539554595947,False,105,0.0,3.313978505134576,1
Malik Benson,WR,2025,17,2026,17,17,0.0,2.4311540126800537,False,112,0.0,0.1334961175918576,1
Malik Davis,RB,2025,17,2026,1,1,0.0,4.779496669769287,False,0,0.0,19.49525661468504,1
Malik Davis,RB,2025,17,2026,2,2,0.0,4.9077677726745605,False,7,0.0,19.069080257415763,1
Malik Davis,RB,2025,17,2026,3,3,0.0,4.9738616943359375,False,14,0.0,18.50309095382689,1
Malik Davis,RB,2025,17,2026,4,4,0.0,5.034134387969971,False,21,0.0,18.58568687438964,1
Malik Davis,RB,2025,17,2026,5,5,0.0,5.092994213104248,False,28,0.0,18.035986828804013,1
Malik Davis,RB,2025,17,2026,6,6,0.0,5.119058132171631,False,35,0.0,17.335750102996823,1
Malik Davis,RB,2025,17,2026,7,7,0.0,5.128336429595947,False,42,0.0,16.74189252853393,1
Malik Davis,RB,2025,17,2026,8,8,0.0,5.10103178024292,False,49,0.0,16.11795930862426,1
Malik Davis,RB,2025,17,2026,9,9,0.0,4.997742176055908,False,56,0.0,14.903620624542208,1
Malik Davis,RB,2025,17,2026,10,10,0.0,4.920740604400635,False,63,0.0,14.191712975502014,1
Malik Davis,RB,2025,17,2026,11,11,0.0,4.931441783905029,False,70,0.0,13.934086179733267,1
Malik Davis,RB,2025,17,2026,12,12,0.0,4.977508544921875,False,77,0.0,13.424343395233148,1
Malik Davis,RB,2025,17,2026,13,13,0.0,4.999161243438721,False,84,0.0,12.646149730682364,1
Malik Davis,RB,2025,17,2026,14,14,0.0,5.01887845993042,False,91,0.0,10.632057785987849,1
Malik Davis,RB,2025,17,2026,15,15,0.0,4.985578536987305,False,98,0.0,8.590072441101032,1
Malik Davis,RB,2025,17,2026,16,16,0.0,4.94852876663208,False,105,0.0,5.896353316307061,1
Malik Davis,RB,2025,17,2026,17,17,0.0,4.888947010040283,False,112,0.0,2.591289114952087,1
Malik Nabers,WR,2025,17,2026,1,1,0.0,12.154561042785645,False,0,1.0559455871582024,26.8703209877014,1
Malik Nabers,WR,2025,17,2026,2,2,0.0,12.328330039978027,False,7,0.0,26.48964252471923,1
Malik Nabers,WR,2025,17,2026,3,3,0.0,12.664847373962402,False,14,0.0,26.19407663345336,1
Malik Nabers,WR,2025,17,2026,4,4,0.0,13.259079933166504,False,21,0.0,26.81063241958617,1
Malik Nabers,WR,2025,17,2026,5,5,0.0,14.104724884033203,False,28,0.0,27.04771749973297,1
Malik Nabers,WR,2025,17,2026,6,6,0.0,15.119952201843262,False,35,0.5865509986877431,27.336644172668453,1
Malik Nabers,WR,2025,17,2026,7,7,0.0,16.310243606567383,False,42,1.7045908927917477,27.923799705505367,1
Malik Nabers,WR,2025,17,2026,8,8,0.0,17.278047561645508,False,49,2.62259931564331,28.29497509002685,1
Malik Nabers,WR,2025,17,2026,9,9,0.0,17.856733322143555,False,56,3.154916286468508,27.762611770629853,1
Malik Nabers,WR,2025,17,2026,10,10,0.0,18.15507698059082,False,63,3.390350055694581,27.4260493516922,1
Malik Nabers,WR,2025,17,2026,11,11,0.0,18.27299690246582,False,70,3.4617232322692875,27.275641298294055,1
Malik Nabers,WR,2025,17,2026,12,12,0.0,18.190874099731445,False,77,3.3480690956115726,26.63770895004272,1
Malik Nabers,WR,2025,17,2026,13,13,0.0,18.04813766479492,False,84,3.195540142059325,25.695126152038565,1
Malik Nabers,WR,2025,17,2026,14,14,0.0,17.869970321655273,False,91,2.9866774559021003,23.4831496477127,1
Malik Nabers,WR,2025,17,2026,15,15,0.0,17.646486282348633,False,98,2.7674950599670414,21.25098018646236,1
Malik Nabers,WR,2025,17,2026,16,16,0.0,17.423316955566406,False,105,2.5106254577636715,18.371141505241383,1
Malik Nabers,WR,2025,17,2026,17,17,0.0,17.086509704589844,False,112,2.174691963195801,14.788851809501647,1
Malik Washington,WR,2025,17,2026,1,1,0.0,5.073639869689941,False,0,0.0,19.78939981460569,1
Malik Washington,WR,2025,17,2026,2,2,0.0,5.017021656036377,False,7,0.0,19.17833414077758,1
Malik Washington,WR,2025,17,2026,3,3,0.0,4.930904865264893,False,14,0.0,18.46013412475585,1
Malik Washington,WR,2025,17,2026,4,4,0.0,4.887376308441162,False,21,0.0,18.43892879486083,1
Malik Washington,WR,2025,17,2026,5,5,0.0,4.831131458282471,False,28,0.0,17.774124073982236,1
Malik Washington,WR,2025,17,2026,6,6,0.0,4.802924633026123,False,35,0.0,17.019616603851315,1
Malik Washington,WR,2025,17,2026,7,7,0.0,4.823832988739014,False,42,0.0,16.437389087676998,1
Malik Washington,WR,2025,17,2026,8,8,0.0,4.899834632873535,False,49,0.0,15.916762161254876,1
Malik Washington,WR,2025,17,2026,9,9,0.0,4.959854602813721,False,56,0.0,14.86573305130002,1
Malik Washington,WR,2025,17,2026,10,10,0.0,5.063510894775391,False,63,0.0,14.33448326587677,1
Malik Washington,WR,2025,17,2026,11,11,0.0,5.261046886444092,False,70,0.0,14.26369128227233,1
Malik Washington,WR,2025,17,2026,12,12,0.0,5.502457141876221,False,77,0.0,13.949291992187494,1
Malik Washington,WR,2025,17,2026,13,13,0.0,5.637245655059815,False,84,0.0,13.284234142303458,1
Malik Washington,WR,2025,17,2026,14,14,0.0,5.702242851257324,False,91,0.0,11.315422177314751,1
Malik Washington,WR,2025,17,2026,15,15,0.0,5.681322574615479,False,98,0.0,9.285816478729206,1
Malik Washington,WR,2025,17,2026,16,16,0.0,5.607914447784424,False,105,0.0,6.555738997459405,1
Malik Washington,WR,2025,17,2026,17,17,0.0,5.517602443695068,False,112,0.0,3.2199445486068723,1
MarShawn Lloyd,RB,2025,17,2026,1,1,0.0,1.6402479410171509,False,0,0.0,16.356007885932904,1
MarShawn Lloyd,RB,2025,17,2026,2,2,0.0,1.5876741409301758,False,7,0.0,15.74898662567138,1
MarShawn Lloyd,RB,2025,17,2026,3,3,0.0,1.5555295944213867,False,14,0.0,15.084758853912344,1
MarShawn Lloyd,RB,2025,17,2026,4,4,0.0,1.558382511138916,False,21,0.0,15.10993499755858,1
MarShawn Lloyd,RB,2025,17,2026,5,5,0.0,1.5081076622009275,False,28,0.0,14.451100277900691,1
MarShawn Lloyd,RB,2025,17,2026,6,6,0.0,1.5145056247711182,False,35,0.0,13.73119759559631,1
MarShawn Lloyd,RB,2025,17,2026,7,7,0.0,1.4821882247924805,False,42,0.0,13.095744323730464,1
MarShawn Lloyd,RB,2025,17,2026,8,8,0.0,1.4882732629776,False,49,0.0,12.50520079135894,1
MarShawn Lloyd,RB,2025,17,2026,9,9,0.0,1.4987950325012207,False,56,0.0,11.40467348098752,1
MarShawn Lloyd,RB,2025,17,2026,10,10,0.0,1.5050652027130127,False,63,0.0,10.776037573814392,1
MarShawn Lloyd,RB,2025,17,2026,11,11,0.0,1.5480083227157593,False,70,0.0,10.550652718543995,1
MarShawn Lloyd,RB,2025,17,2026,12,12,0.0,1.628551959991455,False,77,0.0,10.075386810302728,1
MarShawn Lloyd,RB,2025,17,2026,13,13,0.0,1.6931720972061155,False,84,0.0,9.34016058444976,1
MarShawn Lloyd,RB,2025,17,2026,14,14,0.0,1.7547894716262815,False,91,0.0,7.36796879768371,1
MarShawn Lloyd,RB,2025,17,2026,15,15,0.0,1.8236172199249268,False,98,0.0,5.428111124038655,1
MarShawn Lloyd,RB,2025,17,2026,16,16,0.0,1.887470245361328,False,105,0.0,2.835294795036309,1
MarShawn Lloyd,RB,2025,17,2026,17,17,0.0,1.9551154375076292,False,112,0.0,-0.3425424575805667,1
Marquise Brown,WR,2025,17,2026,1,1,0.0,7.670539379119873,False,0,0.0,22.386299324035623,1
Marquise Brown,WR,2025,17,2026,2,2,0.0,7.707550048828125,False,7,0.0,21.868862533569327,1
Marquise Brown,WR,2025,17,2026,3,3,0.0,7.7150139808654785,False,14,0.0,21.24424324035644,1
Marquise Brown,WR,2025,17,2026,4,4,0.0,7.9102959632873535,False,21,0.0,21.46184844970702,1
Marquise Brown,WR,2025,17,2026,5,5,0.0,8.12469482421875,False,28,0.0,21.067687439918515,1
Marquise Brown,WR,2025,17,2026,6,6,0.0,8.233579635620117,False,35,0.0,20.45027160644531,1
Marquise Brown,WR,2025,17,2026,7,7,0.0,8.378973960876465,False,42,0.0,19.99253005981445,1
Marquise Brown,WR,2025,17,2026,8,8,0.0,8.60831356048584,False,49,0.0,19.62524108886718,1
Marquise Brown,WR,2025,17,2026,9,9,0.0,8.789649963378906,False,56,0.0,18.695528411865205,1
Marquise Brown,WR,2025,17,2026,10,10,0.0,8.900251388549805,False,63,0.0,18.171223759651184,1
Marquise Brown,WR,2025,17,2026,11,11,0.0,8.946026802062988,False,70,0.0,17.948671197891226,1
Marquise Brown,WR,2025,17,2026,12,12,0.0,8.935765266418457,False,77,0.0,17.38260011672973,1
Marquise Brown,WR,2025,17,2026,13,13,0.0,8.823596000671387,False,84,0.0,16.47058448791503,1
Marquise Brown,WR,2025,17,2026,14,14,0.0,8.716048240661621,False,91,0.0,14.329227566719048,1
Marquise Brown,WR,2025,17,2026,15,15,0.0,8.59218692779541,False,98,0.0,12.196680831909138,1
Marquise Brown,WR,2025,17,2026,16,16,0.0,8.48571491241455,False,105,0.0,9.43353946208953,1
Marquise Brown,WR,2025,17,2026,17,17,0.0,8.378941535949707,False,112,0.0,6.081283640861511,1
Marvin Harrison Jr.,WR,2025,17,2026,1,1,0.0,8.027825355529785,False,0,0.0,22.743585300445535,1
Marvin Harrison Jr.,WR,2025,17,2026,2,2,0.0,7.932693958282471,False,7,0.0,22.094006443023677,1
Marvin Harrison Jr.,WR,2025,17,2026,3,3,0.0,7.689962863922119,False,14,0.0,21.21919212341308,1
Marvin Harrison Jr.,WR,2025,17,2026,4,4,0.0,7.61462926864624,False,21,0.0,21.166181755065907,1
Marvin Harrison Jr.,WR,2025,17,2026,5,5,0.0,7.612468719482422,False,28,0.0,20.555461335182187,1
Marvin Harrison Jr.,WR,2025,17,2026,6,6,0.0,7.486655712127685,False,35,0.0,19.70334768295288,1
Marvin Harrison Jr.,WR,2025,17,2026,7,7,0.0,7.406439304351807,False,42,0.0,19.01999540328979,1
Marvin Harrison Jr.,WR,2025,17,2026,8,8,0.0,7.301530838012695,False,49,0.0,18.31845836639404,1
Marvin Harrison Jr.,WR,2025,17,2026,9,9,0.0,7.031904697418213,False,56,0.0,16.93778314590451,1
Marvin Harrison Jr.,WR,2025,17,2026,10,10,0.0,6.645812511444092,False,63,0.0,15.916784882545471,1
Marvin Harrison Jr.,WR,2025,17,2026,11,11,0.0,6.191702365875244,False,70,0.0,15.194346761703482,1
Marvin Harrison Jr.,WR,2025,17,2026,12,12,0.0,5.759291648864746,False,77,0.0,14.20612649917602,1
Marvin Harrison Jr.,WR,2025,17,2026,13,13,0.0,5.438210487365723,False,84,0.0,13.085198974609366,1
Marvin Harrison Jr.,WR,2025,17,2026,14,14,0.0,5.286910533905029,False,91,0.0,10.900089859962456,1
Marvin Harrison Jr.,WR,2025,17,2026,15,15,0.0,5.207352161407471,False,98,0.0,8.811846065521198,1
Marvin Harrison Jr.,WR,2025,17,2026,16,16,0.0,5.184706211090088,False,105,0.0,6.132530760765069,1
Marvin Harrison Jr.,WR,2025,17,2026,17,17,0.0,5.178879261016846,False,112,0.0,2.8812213659286496,1
Marvin Mims Jr.,WR,2025,17,2026,1,1,0.0,13.593911170959473,False,0,2.4952957153320305,28.309671115875226,1
Marvin Mims Jr.,WR,2025,17,2026,2,2,0.0,13.697182655334473,False,7,0.0298884391784657,27.858495140075675,1
Marvin Mims Jr.,WR,2025,17,2026,3,3,0.0,13.496048927307127,False,14,0.0,27.025278186798086,1
Marvin Mims Jr.,WR,2025,17,2026,4,4,0.0,13.230578422546388,False,21,0.0,26.782130908966053,1
Marvin Mims Jr.,WR,2025,17,2026,5,5,0.0,12.925406455993652,False,28,0.0,25.868399071693418,1
Marvin Mims Jr.,WR,2025,17,2026,6,6,0.0,12.267937660217283,False,35,0.0,24.48462963104248,1
Marvin Mims Jr.,WR,2025,17,2026,7,7,0.0,11.471123695373535,False,42,0.0,23.08467979431152,1
Marvin Mims Jr.,WR,2025,17,2026,8,8,0.0,10.77360725402832,False,49,0.0,21.79053478240966,1
Marvin Mims Jr.,WR,2025,17,2026,9,9,0.0,10.13133430480957,False,56,0.0,20.03721275329587,1
Marvin Mims Jr.,WR,2025,17,2026,10,10,0.0,9.64816188812256,False,63,0.0,18.919134259223934,1
Marvin Mims Jr.,WR,2025,17,2026,11,11,0.0,9.252337455749512,False,70,0.0,18.25498185157775,1
Marvin Mims Jr.,WR,2025,17,2026,12,12,0.0,8.80135440826416,False,77,0.0,17.248189258575433,1
Marvin Mims Jr.,WR,2025,17,2026,13,13,0.0,8.379565238952637,False,84,0.0,16.02655372619628,1
Marvin Mims Jr.,WR,2025,17,2026,14,14,0.0,8.092263221740723,False,91,0.0,13.70544254779815,1
Marvin Mims Jr.,WR,2025,17,2026,15,15,0.0,7.8834943771362305,False,98,0.0,11.487988281249958,1
Marvin Mims Jr.,WR,2025,17,2026,16,16,0.0,7.774221420288086,False,105,0.0,8.722045969963066,1
Marvin Mims Jr.,WR,2025,17,2026,17,17,0.0,7.690001487731934,False,112,0.0,5.392343592643737,1
Matthew Golden,WR,2025,17,2026,1,1,0.0,5.858720779418945,False,0,0.0,20.5744807243347,1
Matthew Golden,WR,2025,17,2026,2,2,0.0,5.877460956573486,False,7,0.0,20.03877344131469,1
Matthew Golden,WR,2025,17,2026,3,3,0.0,5.797868251800537,False,14,0.0,19.32709751129149,1
Matthew Golden,WR,2025,17,2026,4,4,0.0,5.794517993927002,False,21,0.0,19.34607048034667,1
Matthew Golden,WR,2025,17,2026,5,5,0.0,5.816288948059082,False,28,0.0,18.759281563758847,1
Matthew Golden,WR,2025,17,2026,6,6,0.0,5.7297563552856445,False,35,0.0,17.946448326110836,1
Matthew Golden,WR,2025,17,2026,7,7,0.0,5.603527545928955,False,42,0.0,17.21708364486694,1
Matthew Golden,WR,2025,17,2026,8,8,0.0,5.431272029876709,False,49,0.0,16.44819955825805,1
Matthew Golden,WR,2025,17,2026,9,9,0.0,5.165292263031006,False,56,0.0,15.071170711517306,1
Matthew Golden,WR,2025,17,2026,10,10,0.0,4.914770603179932,False,63,0.0,14.185742974281313,1
Matthew Golden,WR,2025,17,2026,11,11,0.0,4.720807552337647,False,70,0.0,13.723451948165884,1
Matthew Golden,WR,2025,17,2026,12,12,0.0,4.553018093109131,False,77,0.0,12.999852943420404,1
Matthew Golden,WR,2025,17,2026,13,13,0.0,4.413767337799072,False,84,0.0,12.060755825042715,1
Matthew Golden,WR,2025,17,2026,14,14,0.0,4.358007907867432,False,91,0.0,9.97118723392486,1
Matthew Golden,WR,2025,17,2026,15,15,0.0,4.334544658660889,False,98,0.0,7.939038562774617,1
Matthew Golden,WR,2025,17,2026,16,16,0.0,4.346537590026856,False,105,0.0,5.294362139701836,1
Matthew Golden,WR,2025,17,2026,17,17,0.0,4.37965202331543,False,112,0.0,2.0819941282272336,1
Max Bredeson,RB,2025,17,2026,1,1,0.0,2.2497990131378174,False,0,0.0,16.96555895805357,1
Max Bredeson,RB,2025,17,2026,2,2,0.0,2.1532976627349854,False,7,0.0,16.314610147476188,1
Max Bredeson,RB,2025,17,2026,3,3,0.0,2.120856761932373,False,14,0.0,15.65008602142333,1
Max Bredeson,RB,2025,17,2026,4,4,0.0,2.1032097339630127,False,21,0.0,15.654762220382676,1
Max Bredeson,RB,2025,17,2026,5,5,0.0,2.0317440032958984,False,28,0.0,14.974736618995664,1
Max Bredeson,RB,2025,17,2026,6,6,0.0,2.0049071311950684,False,35,0.0,14.22159910202026,1
Max Bredeson,RB,2025,17,2026,7,7,0.0,1.937139749526977,False,42,0.0,13.550695848464962,1
Max Bredeson,RB,2025,17,2026,8,8,0.0,1.9081228971481323,False,49,0.0,12.925050425529474,1
Max Bredeson,RB,2025,17,2026,9,9,0.0,1.8975906372070312,False,56,0.0,11.803469085693331,1
Max Bredeson,RB,2025,17,2026,10,10,0.0,1.9026439189910889,False,63,0.0,11.173616290092468,1
Max Bredeson,RB,2025,17,2026,11,11,0.0,1.957747459411621,False,70,0.0,10.96039185523986,1
Max Bredeson,RB,2025,17,2026,12,12,0.0,2.063629388809204,False,77,0.0,10.510464239120475,1
Max Bredeson,RB,2025,17,2026,13,13,0.0,2.1513357162475586,False,84,0.0,9.798324203491202,1
Max Bredeson,RB,2025,17,2026,14,14,0.0,2.231172800064087,False,91,0.0,7.844352126121515,1
Max Bredeson,RB,2025,17,2026,15,15,0.0,2.304478883743286,False,98,0.0,5.908972787857015,1
Max Bredeson,RB,2025,17,2026,16,16,0.0,2.3671538829803467,False,105,0.0,3.3149784326553275,1
Max Bredeson,RB,2025,17,2026,17,17,0.0,2.43198823928833,False,112,0.0,0.134330344200134,1
Michael Burton,RB,2025,17,2026,1,1,0.0,1.945284724235535,False,0,0.0,16.661044669151288,1
Michael Burton,RB,2025,17,2026,2,2,0.0,1.9510375261306765,False,7,0.0,16.11235001087188,1
Michael Burton,RB,2025,17,2026,3,3,0.0,1.939560890197754,False,14,0.0,15.468790149688711,1
Michael Burton,RB,2025,17,2026,4,4,0.0,1.9557795524597168,False,21,0.0,15.50733203887938,1
Michael Burton,RB,2025,17,2026,5,5,0.0,1.91693377494812,False,28,0.0,14.859926390647884,1
Michael Burton,RB,2025,17,2026,6,6,0.0,1.916464567184448,False,35,0.0,14.13315653800964,1
Michael Burton,RB,2025,17,2026,7,7,0.0,1.864466667175293,False,42,0.0,13.478022766113275,1
Michael Burton,RB,2025,17,2026,8,8,0.0,1.8483905792236328,False,49,0.0,12.865318107604974,1
Michael Burton,RB,2025,17,2026,9,9,0.0,1.8337957859039309,False,56,0.0,11.73967423439023,1
Michael Burton,RB,2025,17,2026,10,10,0.0,1.8189599514007568,False,63,0.0,11.089932322502136,1
Michael Burton,RB,2025,17,2026,11,11,0.0,1.843726634979248,False,70,0.0,10.846371030807486,1
Michael Burton,RB,2025,17,2026,12,12,0.0,1.9073542356491089,False,77,0.0,10.354189085960382,1
Michael Burton,RB,2025,17,2026,13,13,0.0,1.961761236190796,False,84,0.0,9.60874972343444,1
Michael Burton,RB,2025,17,2026,14,14,0.0,2.018688917160034,False,91,0.0,7.631868243217462,1
Michael Burton,RB,2025,17,2026,15,15,0.0,2.084505796432495,False,98,0.0,5.688999700546224,1
Michael Burton,RB,2025,17,2026,16,16,0.0,2.149124383926392,False,105,0.0,3.0969489336013725,1
Michael Burton,RB,2025,17,2026,17,17,0.0,2.217923879623413,False,112,0.0,-0.0797340154647829,1
Michael Pittman,WR,2025,17,2026,1,1,0.0,12.822175979614258,False,0,1.7235605239868157,27.53793592453001,1
Michael Pittman,WR,2025,17,2026,2,2,0.0,12.787919044494627,False,7,0.0,26.94923152923583,1
Michael Pittman,WR,2025,17,2026,3,3,0.0,12.853787422180176,False,14,0.0,26.383016681671133,1
Michael Pittman,WR,2025,17,2026,4,4,0.0,12.94404125213623,False,21,0.0,26.495593738555897,1
Michael Pittman,WR,2025,17,2026,5,5,0.0,13.143340110778809,False,28,0.0,26.08633272647857,1
Michael Pittman,WR,2025,17,2026,6,6,0.0,13.595049858093262,False,35,0.0,25.811741828918453,1
Michael Pittman,WR,2025,17,2026,7,7,0.0,14.098944664001465,False,42,0.0,25.71250076293945,1
Michael Pittman,WR,2025,17,2026,8,8,0.0,14.46597385406494,False,49,0.0,25.482901382446283,1
Michael Pittman,WR,2025,17,2026,9,9,0.0,14.625308990478516,False,56,0.0,24.53118743896481,1
Michael Pittman,WR,2025,17,2026,10,10,0.0,14.715989112854004,False,63,0.0,23.986961483955383,1
Michael Pittman,WR,2025,17,2026,11,11,0.0,14.785962104797363,False,70,0.0,23.7886065006256,1
Michael Pittman,WR,2025,17,2026,12,12,0.0,14.832549095153809,False,77,0.0,23.27938394546508,1
Michael Pittman,WR,2025,17,2026,13,13,0.0,14.831583023071287,False,84,0.0,22.47857151031493,1
Michael Pittman,WR,2025,17,2026,14,14,0.0,14.790703773498535,False,91,0.0,20.40388309955596,1
Michael Pittman,WR,2025,17,2026,15,15,0.0,14.722885131835938,False,98,0.0,18.327379035949665,1
Michael Pittman,WR,2025,17,2026,16,16,0.0,14.641922950744627,False,105,0.0,15.589747500419609,1
Michael Pittman,WR,2025,17,2026,17,17,0.0,14.528979301452637,False,112,0.0,12.23132140636444,1
Michael Wilson,WR,2025,17,2026,1,1,0.0,7.463726043701172,False,0,0.0,22.179485988616925,1
Michael Wilson,WR,2025,17,2026,2,2,0.0,7.4113030433654785,False,7,0.0,21.57261552810668,1
Michael Wilson,WR,2025,17,2026,3,3,0.0,7.380571365356445,False,14,0.0,20.909800624847403,1
Michael Wilson,WR,2025,17,2026,4,4,0.0,7.413190841674805,False,21,0.0,20.96474332809447,1
Michael Wilson,WR,2025,17,2026,5,5,0.0,7.442176342010498,False,28,0.0,20.385168957710263,1
Michael Wilson,WR,2025,17,2026,6,6,0.0,7.5746684074401855,False,35,0.0,19.791360378265377,1
Michael Wilson,WR,2025,17,2026,7,7,0.0,7.909231662750244,False,42,0.0,19.522787761688228,1
Michael Wilson,WR,2025,17,2026,8,8,0.0,8.39235782623291,False,49,0.0,19.40928535461425,1
Michael Wilson,WR,2025,17,2026,9,9,0.0,8.83531665802002,False,56,0.0,18.74119510650632,1
Michael Wilson,WR,2025,17,2026,10,10,0.0,9.272658348083496,False,63,0.0,18.543630719184875,1
Michael Wilson,WR,2025,17,2026,11,11,0.0,9.702561378479004,False,70,0.0,18.70520577430724,1
Michael Wilson,WR,2025,17,2026,12,12,0.0,10.03625774383545,False,77,0.0,18.48309259414672,1
Michael Wilson,WR,2025,17,2026,13,13,0.0,10.19993019104004,False,84,0.0,17.846918678283682,1
Michael Wilson,WR,2025,17,2026,14,14,0.0,10.26119899749756,False,91,0.0,15.874378323554986,1
Michael Wilson,WR,2025,17,2026,15,15,0.0,10.244009971618652,False,98,0.0,13.84850387573238,1
Michael Wilson,WR,2025,17,2026,16,16,0.0,10.159363746643066,False,105,0.0,11.107188296318046,1
Michael Wilson,WR,2025,17,2026,17,17,0.0,10.02157974243164,False,112,0.0,7.723921847343444,1
Mike Evans,WR,2025,17,2026,1,1,0.0,12.678486824035645,False,0,1.5798713684082024,27.3942467689514,1
Mike Evans,WR,2025,17,2026,2,2,0.0,12.835976600646973,False,7,0.0,26.99728908538817,1
Mike Evans,WR,2025,17,2026,3,3,0.0,12.71579933166504,False,14,0.0,26.245028591156,1
Mike Evans,WR,2025,17,2026,4,4,0.0,12.482479095458984,False,21,0.0,26.03403158187865,1
Mike Evans,WR,2025,17,2026,5,5,0.0,12.17012882232666,False,28,0.0,25.113121438026425,1
Mike Evans,WR,2025,17,2026,6,6,0.0,11.566326141357422,False,35,0.0,23.783018112182614,1
Mike Evans,WR,2025,17,2026,7,7,0.0,10.888897895812988,False,42,0.0,22.50245399475097,1
Mike Evans,WR,2025,17,2026,8,8,0.0,10.324198722839355,False,49,0.0,21.341126251220697,1
Mike Evans,WR,2025,17,2026,9,9,0.0,9.759224891662598,False,56,0.0,19.665103340148896,1
Mike Evans,WR,2025,17,2026,10,10,0.0,9.296917915344238,False,63,0.0,18.567890286445618,1
Mike Evans,WR,2025,17,2026,11,11,0.0,8.917699813842773,False,70,0.0,17.92034420967101,1
Mike Evans,WR,2025,17,2026,12,12,0.0,8.558621406555176,False,77,0.0,17.00545625686645,1
Mike Evans,WR,2025,17,2026,13,13,0.0,8.319436073303223,False,84,0.0,15.966424560546866,1
Mike Evans,WR,2025,17,2026,14,14,0.0,8.178328514099121,False,91,0.0,13.791507840156548,1
Mike Evans,WR,2025,17,2026,15,15,0.0,8.042359352111816,False,98,0.0,11.646853256225544,1
Mike Evans,WR,2025,17,2026,16,16,0.0,7.949576377868652,False,105,0.0,8.897400927543632,1
Mike Evans,WR,2025,17,2026,17,17,0.0,7.834524631500244,False,112,0.0,5.536866736412048,1
Mike Washington Jr.,RB,2025,17,2026,1,1,0.0,2.248530626296997,False,0,0.0,16.96429057121275,1
Mike Washington Jr.,RB,2025,17,2026,2,2,0.0,2.151818990707397,False,7,0.0,16.3131314754486,1
Mike Washington Jr.,RB,2025,17,2026,3,3,0.0,2.1190662384033203,False,14,0.0,15.648295497894278,1
Mike Washington Jr.,RB,2025,17,2026,4,4,0.0,2.101124048233032,False,21,0.0,15.652676534652697,1
Mike Washington Jr.,RB,2025,17,2026,5,5,0.0,2.0293753147125244,False,28,0.0,14.97236793041229,1
Mike Washington Jr.,RB,2025,17,2026,6,6,0.0,2.0021839141845703,False,35,0.0,14.218875885009762,1
Mike Washington Jr.,RB,2025,17,2026,7,7,0.0,1.934064269065857,False,42,0.0,13.54762036800384,1
Mike Washington Jr.,RB,2025,17,2026,8,8,0.0,1.9047017097473145,False,49,0.0,12.921629238128656,1
Mike Washington Jr.,RB,2025,17,2026,9,9,0.0,1.8937933444976809,False,56,0.0,11.79967179298398,1
Mike Washington Jr.,RB,2025,17,2026,10,10,0.0,1.8984473943710327,False,63,0.0,11.169419765472412,1
Mike Washington Jr.,RB,2025,17,2026,11,11,0.0,1.9531009197235107,False,70,0.0,10.955745315551749,1
Mike Washington Jr.,RB,2025,17,2026,12,12,0.0,2.058628559112549,False,77,0.0,10.505463409423822,1
Mike Washington Jr.,RB,2025,17,2026,13,13,0.0,2.146004676818848,False,84,0.0,9.79299316406249,1
Mike Washington Jr.,RB,2025,17,2026,14,14,0.0,2.2256197929382324,False,91,0.0,7.83879911899566,1
Mike Washington Jr.,RB,2025,17,2026,15,15,0.0,2.2989118099212646,False,98,0.0,5.903405714034993,1
Mike Washington Jr.,RB,2025,17,2026,16,16,0.0,2.3616974353790283,False,105,0.0,3.309521985054009,1
Mike Washington Jr.,RB,2025,17,2026,17,17,0.0,2.4267842769622803,False,112,0.0,0.1291263818740842,1
Montorie Foster Jr,WR,2025,17,2026,1,1,0.0,2.252166509628296,False,0,0.0,16.96792645454405,1
Montorie Foster Jr,WR,2025,17,2026,2,2,0.0,2.1555938720703125,False,7,0.0,16.316906356811515,1
Montorie Foster Jr,WR,2025,17,2026,3,3,0.0,2.1230781078338623,False,14,0.0,15.65230736732482,1
Montorie Foster Jr,WR,2025,17,2026,4,4,0.0,2.105311155319214,False,21,0.0,15.656863641738878,1
Montorie Foster Jr,WR,2025,17,2026,5,5,0.0,2.033571720123291,False,28,0.0,14.976564335823056,1
Montorie Foster Jr,WR,2025,17,2026,6,6,0.0,2.006359577178955,False,35,0.0,14.223051548004149,1
Montorie Foster Jr,WR,2025,17,2026,7,7,0.0,1.9383643865585327,False,42,0.0,13.551920485496517,1
Montorie Foster Jr,WR,2025,17,2026,8,8,0.0,1.9093658924102783,False,49,0.0,12.92629342079162,1
Montorie Foster Jr,WR,2025,17,2026,9,9,0.0,1.8988152742385864,False,56,0.0,11.804693722724886,1
Montorie Foster Jr,WR,2025,17,2026,10,10,0.0,1.90376079082489,False,63,0.0,11.17473316192627,1
Montorie Foster Jr,WR,2025,17,2026,11,11,0.0,1.9586330652236936,False,70,0.0,10.961277461051932,1
Montorie Foster Jr,WR,2025,17,2026,12,12,0.0,2.06425142288208,False,77,0.0,10.511086273193351,1
Montorie Foster Jr,WR,2025,17,2026,13,13,0.0,2.151611328125,False,84,0.0,9.798599815368645,1
Montorie Foster Jr,WR,2025,17,2026,14,14,0.0,2.231139659881592,False,91,0.0,7.84431898593902,1
Montorie Foster Jr,WR,2025,17,2026,15,15,0.0,2.3042798042297363,False,98,0.0,5.908773708343465,1
Montorie Foster Jr,WR,2025,17,2026,16,16,0.0,2.366956949234009,False,105,0.0,3.3147814989089897,1
Montorie Foster Jr,WR,2025,17,2026,17,17,0.0,2.4319183826446533,False,112,0.0,0.1342604875564572,1
Myles Price,WR,2025,17,2026,1,1,0.0,2.345431089401245,False,0,0.0,17.061191034316998,1
Myles Price,WR,2025,17,2026,2,2,0.0,2.4128901958465576,False,7,0.0,16.57420268058776,1
Myles Price,WR,2025,17,2026,3,3,0.0,2.4249813556671143,False,14,0.0,15.954210615158072,1
Myles Price,WR,2025,17,2026,4,4,0.0,2.4511072635650635,False,21,0.0,16.00265974998473,1
Myles Price,WR,2025,17,2026,5,5,0.0,2.419630765914917,False,28,0.0,15.362623381614682,1
Myles Price,WR,2025,17,2026,6,6,0.0,2.406341791152954,False,35,0.0,14.623033761978146,1
Myles Price,WR,2025,17,2026,7,7,0.0,2.330393075942993,False,42,0.0,13.943949174880975,1
Myles Price,WR,2025,17,2026,8,8,0.0,2.2812795639038086,False,49,0.0,13.29820709228515,1
Myles Price,WR,2025,17,2026,9,9,0.0,2.22842025756836,False,56,0.0,12.13429870605466,1
Myles Price,WR,2025,17,2026,10,10,0.0,2.185493469238281,False,63,0.0,11.45646584033966,1
Myles Price,WR,2025,17,2026,11,11,0.0,2.19073748588562,False,70,0.0,11.193381881713858,1
Myles Price,WR,2025,17,2026,12,12,0.0,2.238667726516724,False,77,0.0,10.685502576827997,1
Myles Price,WR,2025,17,2026,13,13,0.0,2.2822210788726807,False,84,0.0,9.929209566116324,1
Myles Price,WR,2025,17,2026,14,14,0.0,2.3342299461364746,False,91,0.0,7.9474092721939025,1
Myles Price,WR,2025,17,2026,15,15,0.0,2.396965265274048,False,98,0.0,6.001459169387776,1
Myles Price,WR,2025,17,2026,16,16,0.0,2.460267782211304,False,105,0.0,3.408092331886285,1
Myles Price,WR,2025,17,2026,17,17,0.0,2.526575803756714,False,112,0.0,0.2289179086685178,1
Najee Harris,RB,2025,17,2026,1,1,0.0,4.085666656494141,False,0,0.0,18.801426601409894,1
Najee Harris,RB,2025,17,2026,2,2,0.0,4.306745052337647,False,7,0.0,18.46805753707885,1
Najee Harris,RB,2025,17,2026,3,3,0.0,4.436835765838623,False,14,0.0,17.96606502532958,1
Najee Harris,RB,2025,17,2026,4,4,0.0,4.576049327850342,False,21,0.0,18.127601814270008,1
Najee Harris,RB,2025,17,2026,5,5,0.0,4.672962665557861,False,28,0.0,17.615955281257627,1
Najee Harris,RB,2025,17,2026,6,6,0.0,4.714354991912842,False,35,0.0,16.931046962738034,1
Najee Harris,RB,2025,17,2026,7,7,0.0,4.6993489265441895,False,42,0.0,16.312905025482173,1
Najee Harris,RB,2025,17,2026,8,8,0.0,4.663767337799072,False,49,0.0,15.680694866180414,1
Najee Harris,RB,2025,17,2026,9,9,0.0,4.56954288482666,False,56,0.0,14.47542133331296,1
Najee Harris,RB,2025,17,2026,10,10,0.0,4.508473873138428,False,63,0.0,13.779446244239807,1
Najee Harris,RB,2025,17,2026,11,11,0.0,4.522047519683838,False,70,0.0,13.524691915512076,1
Najee Harris,RB,2025,17,2026,12,12,0.0,4.5493245124816895,False,77,0.0,12.996159362792962,1
Najee Harris,RB,2025,17,2026,13,13,0.0,4.546717643737793,False,84,0.0,12.193706130981436,1
Najee Harris,RB,2025,17,2026,14,14,0.0,4.550389766693115,False,91,0.0,10.163569092750542,1
Najee Harris,RB,2025,17,2026,15,15,0.0,4.5371527671813965,False,98,0.0,8.141646671295124,1
Najee Harris,RB,2025,17,2026,16,16,0.0,4.537997722625732,False,105,0.0,5.485822272300713,1
Najee Harris,RB,2025,17,2026,17,17,0.0,4.53610372543335,False,112,0.0,2.238445830345153,1
Nicholas Singleton,RB,2025,17,2026,1,1,0.0,2.248722553253174,False,0,0.0,16.964482498168927,1
Nicholas Singleton,RB,2025,17,2026,2,2,0.0,2.15203857421875,False,7,0.0,16.313351058959952,1
Nicholas Singleton,RB,2025,17,2026,3,3,0.0,2.1193134784698486,False,14,0.0,15.648542737960806,1
Nicholas Singleton,RB,2025,17,2026,4,4,0.0,2.10139536857605,False,21,0.0,15.652947854995714,1
Nicholas Singleton,RB,2025,17,2026,5,5,0.0,2.0296733379364014,False,28,0.0,14.972665953636168,1
Nicholas Singleton,RB,2025,17,2026,6,6,0.0,2.0025124549865723,False,35,0.0,14.219204425811764,1
Nicholas Singleton,RB,2025,17,2026,7,7,0.0,1.934418797492981,False,42,0.0,13.547974896430963,1
Nicholas Singleton,RB,2025,17,2026,8,8,0.0,1.9050776958465576,False,49,0.0,12.9220052242279,1
Nicholas Singleton,RB,2025,17,2026,9,9,0.0,1.8941919803619385,False,56,0.0,11.80007042884824,1
Nicholas Singleton,RB,2025,17,2026,10,10,0.0,1.8988720178604128,False,63,0.0,11.169844388961792,1
Nicholas Singleton,RB,2025,17,2026,11,11,0.0,1.953557372093201,False,70,0.0,10.95620176792144,1
Nicholas Singleton,RB,2025,17,2026,12,12,0.0,2.059110164642334,False,77,0.0,10.505945014953609,1
Nicholas Singleton,RB,2025,17,2026,13,13,0.0,2.1465156078338623,False,84,0.0,9.793504095077504,1
Nicholas Singleton,RB,2025,17,2026,14,14,0.0,2.2261531352996826,False,91,0.0,7.8393324613571105,1
Nicholas Singleton,RB,2025,17,2026,15,15,0.0,2.299450635910034,False,98,0.0,5.903944540023763,1
Nicholas Singleton,RB,2025,17,2026,16,16,0.0,2.362229824066162,False,105,0.0,3.310054373741143,1
Nicholas Singleton,RB,2025,17,2026,17,17,0.0,2.427296638488769,False,112,0.0,0.1296387434005734,1
Nico Collins,WR,2025,17,2026,1,1,0.0,13.471368789672852,False,0,2.372753334045409,28.187128734588605,1
Nico Collins,WR,2025,17,2026,2,2,0.0,13.35395050048828,False,7,0.0,27.515262985229484,1
Nico Collins,WR,2025,17,2026,3,3,0.0,13.17994213104248,False,14,0.0,26.70917139053344,1
Nico Collins,WR,2025,17,2026,4,4,0.0,13.035694122314451,False,21,0.0,26.58724660873412,1
Nico Collins,WR,2025,17,2026,5,5,0.0,12.894262313842772,False,28,0.0,25.83725492954254,1
Nico Collins,WR,2025,17,2026,6,6,0.0,12.772440910339355,False,35,0.0,24.989132881164547,1
Nico Collins,WR,2025,17,2026,7,7,0.0,12.727494239807127,False,42,0.0,24.341050338745116,1
Nico Collins,WR,2025,17,2026,8,8,0.0,12.67979907989502,False,49,0.0,23.69672660827636,1
Nico Collins,WR,2025,17,2026,9,9,0.0,12.519110679626465,False,56,0.0,22.424989128112763,1
Nico Collins,WR,2025,17,2026,10,10,0.0,12.301878929138184,False,63,0.0,21.572851300239563,1
Nico Collins,WR,2025,17,2026,11,11,0.0,12.070055961608888,False,70,0.0,21.072700357437125,1
Nico Collins,WR,2025,17,2026,12,12,0.0,11.846476554870604,False,77,0.0,20.29331140518188,1
Nico Collins,WR,2025,17,2026,13,13,0.0,11.648770332336426,False,84,0.0,19.29575881958007,1
Nico Collins,WR,2025,17,2026,14,14,0.0,11.494725227355955,False,91,0.0,17.107904553413384,1
Nico Collins,WR,2025,17,2026,15,15,0.0,11.352296829223633,False,98,0.0,14.95679073333736,1
Nico Collins,WR,2025,17,2026,16,16,0.0,11.228540420532228,False,105,0.0,12.176364970207208,1
Nico Collins,WR,2025,17,2026,17,17,0.0,11.100909233093262,False,112,0.0,8.803251338005065,1
Nikko Remigio,WR,2025,17,2026,1,1,0.0,1.571669340133667,False,0,0.0,16.28742928504942,1
Nikko Remigio,WR,2025,17,2026,2,2,0.0,1.5481587648391724,False,7,0.0,15.709471249580377,1
Nikko Remigio,WR,2025,17,2026,3,3,0.0,1.5304701328277588,False,14,0.0,15.059699392318716,1
Nikko Remigio,WR,2025,17,2026,4,4,0.0,1.5398060083389282,False,21,0.0,15.091358494758593,1
Nikko Remigio,WR,2025,17,2026,5,5,0.0,1.4865162372589111,False,28,0.0,14.429508852958676,1
Nikko Remigio,WR,2025,17,2026,6,6,0.0,1.4810092449188232,False,35,0.0,13.697701215744017,1
Nikko Remigio,WR,2025,17,2026,7,7,0.0,1.433721899986267,False,42,0.0,13.047277998924253,1
Nikko Remigio,WR,2025,17,2026,8,8,0.0,1.4246621131896973,False,49,0.0,12.44158964157104,1
Nikko Remigio,WR,2025,17,2026,9,9,0.0,1.420111060142517,False,56,0.0,11.325989508628815,1
Nikko Remigio,WR,2025,17,2026,10,10,0.0,1.411961317062378,False,63,0.0,10.682933688163756,1
Nikko Remigio,WR,2025,17,2026,11,11,0.0,1.4389592409133911,False,70,0.0,10.441603636741627,1
Nikko Remigio,WR,2025,17,2026,12,12,0.0,1.509451150894165,False,77,0.0,9.956286001205438,1
Nikko Remigio,WR,2025,17,2026,13,13,0.0,1.5699775218963623,False,84,0.0,9.216966009140004,1
Nikko Remigio,WR,2025,17,2026,14,14,0.0,1.6325664520263672,False,91,0.0,7.245745778083795,1
Nikko Remigio,WR,2025,17,2026,15,15,0.0,1.7070027589797974,False,98,0.0,5.311496663093526,1
Nikko Remigio,WR,2025,17,2026,16,16,0.0,1.7757563591003418,False,105,0.0,2.7235809087753227,1
Nikko Remigio,WR,2025,17,2026,17,17,0.0,1.849942684173584,False,112,0.0,-0.4477152109146121,1
Odell Beckham Jr.,WR,2024,17,2026,1,1,0.0,5.54497766494751,False,0,0.0,20.260737609863263,1
Odell Beckham Jr.,WR,2024,17,2026,2,2,0.0,5.838480472564697,False,7,0.0,19.9997929573059,1
Odell Beckham Jr.,WR,2024,17,2026,3,3,0.0,5.898952007293701,False,14,0.0,19.42818126678466,1
Odell Beckham Jr.,WR,2024,17,2026,4,4,0.0,6.041313648223877,False,21,0.0,19.592866134643543,1
Odell Beckham Jr.,WR,2024,17,2026,5,5,0.0,6.162205696105957,False,28,0.0,19.10519831180572,1
Odell Beckham Jr.,WR,2024,17,2026,6,6,0.0,6.157212734222412,False,35,0.0,18.373904705047604,1
Odell Beckham Jr.,WR,2024,17,2026,7,7,0.0,6.0487446784973145,False,42,0.0,17.6623007774353,1
Odell Beckham Jr.,WR,2024,17,2026,8,8,0.0,5.876325130462647,False,49,0.0,16.893252658843988,1
Odell Beckham Jr.,WR,2024,17,2026,9,9,0.0,5.636429786682129,False,56,0.0,15.542308235168427,1
Odell Beckham Jr.,WR,2024,17,2026,10,10,0.0,5.429385662078857,False,63,0.0,14.700358033180237,1
Odell Beckham Jr.,WR,2024,17,2026,11,11,0.0,5.258545398712158,False,70,0.0,14.261189794540396,1
Odell Beckham Jr.,WR,2024,17,2026,12,12,0.0,5.072070598602295,False,77,0.0,13.518905448913568,1
Odell Beckham Jr.,WR,2024,17,2026,13,13,0.0,4.918783664703369,False,84,0.0,12.565772151947012,1
Odell Beckham Jr.,WR,2024,17,2026,14,14,0.0,4.848410606384277,False,91,0.0,10.461589932441704,1
Odell Beckham Jr.,WR,2024,17,2026,15,15,0.0,4.794700145721436,False,98,0.0,8.399194049835163,1
Odell Beckham Jr.,WR,2024,17,2026,16,16,0.0,4.794458866119385,False,105,0.0,5.742283415794366,1
Odell Beckham Jr.,WR,2024,17,2026,17,17,0.0,4.808853626251221,False,112,0.0,2.5111957311630246,1
Olamide Zaccheaus,WR,2025,17,2026,1,1,0.0,8.680612564086914,False,0,0.0,23.396372509002667,1
Olamide Zaccheaus,WR,2025,17,2026,2,2,0.0,8.608399391174316,False,7,0.0,22.76971187591552,1
Olamide Zaccheaus,WR,2025,17,2026,3,3,0.0,8.443655967712402,False,14,0.0,21.97288522720336,1
Olamide Zaccheaus,WR,2025,17,2026,4,4,0.0,8.453756332397461,False,21,0.0,22.005308818817127,1
Olamide Zaccheaus,WR,2025,17,2026,5,5,0.0,8.503294944763184,False,28,0.0,21.44628756046295,1
Olamide Zaccheaus,WR,2025,17,2026,6,6,0.0,8.363450050354004,False,35,0.0,20.5801420211792,1
Olamide Zaccheaus,WR,2025,17,2026,7,7,0.0,8.19992733001709,False,42,0.0,19.813483428955077,1
Olamide Zaccheaus,WR,2025,17,2026,8,8,0.0,8.047062873840332,False,49,0.0,19.063990402221677,1
Olamide Zaccheaus,WR,2025,17,2026,9,9,0.0,7.828365325927734,False,56,0.0,17.734243774414033,1
Olamide Zaccheaus,WR,2025,17,2026,10,10,0.0,7.589569568634033,False,63,0.0,16.860541939735413,1
Olamide Zaccheaus,WR,2025,17,2026,11,11,0.0,7.345009803771973,False,70,0.0,16.34765419960021,1
Olamide Zaccheaus,WR,2025,17,2026,12,12,0.0,7.091161727905273,False,77,0.0,15.537996578216546,1
Olamide Zaccheaus,WR,2025,17,2026,13,13,0.0,6.890696048736572,False,84,0.0,14.537684535980215,1
Olamide Zaccheaus,WR,2025,17,2026,14,14,0.0,6.796456813812256,False,91,0.0,12.409636139869685,1
Olamide Zaccheaus,WR,2025,17,2026,15,15,0.0,6.738956451416016,False,98,0.0,10.343450355529743,1
Olamide Zaccheaus,WR,2025,17,2026,16,16,0.0,6.722771167755127,False,105,0.0,7.670595717430108,1
Olamide Zaccheaus,WR,2025,17,2026,17,17,0.0,6.7028913497924805,False,112,0.0,4.405233454704284,1
Ollie Gordon II,RB,2025,17,2026,1,1,0.0,6.599164009094238,False,0,0.0,21.31492395400999,1
Ollie Gordon II,RB,2025,17,2026,2,2,0.0,6.82586669921875,False,7,0.0,20.987179183959952,1
Ollie Gordon II,RB,2025,17,2026,3,3,0.0,7.166111469268799,False,14,0.0,20.69534072875976,1
Ollie Gordon II,RB,2025,17,2026,4,4,0.0,7.785508632659912,False,21,0.0,21.33706111907958,1
Ollie Gordon II,RB,2025,17,2026,5,5,0.0,8.46302318572998,False,28,0.0,21.406015801429746,1
Ollie Gordon II,RB,2025,17,2026,6,6,0.0,9.11080837249756,False,35,0.0,21.32750034332275,1
Ollie Gordon II,RB,2025,17,2026,7,7,0.0,9.733294486999512,False,42,0.0,21.346850585937496,1
Ollie Gordon II,RB,2025,17,2026,8,8,0.0,10.223027229309082,False,49,0.0,21.239954757690423,1
Ollie Gordon II,RB,2025,17,2026,9,9,0.0,10.403514862060549,False,56,0.0,20.309393310546845,1
Ollie Gordon II,RB,2025,17,2026,10,10,0.0,10.38936996459961,False,63,0.0,19.66034233570099,1
Ollie Gordon II,RB,2025,17,2026,11,11,0.0,10.284558296203612,False,70,0.0,19.28720269203185,1
Ollie Gordon II,RB,2025,17,2026,12,12,0.0,10.1056489944458,False,77,0.0,18.552483844757077,1
Ollie Gordon II,RB,2025,17,2026,13,13,0.0,9.903496742248535,False,84,0.0,17.55048522949218,1
Ollie Gordon II,RB,2025,17,2026,14,14,0.0,9.75437355041504,False,91,0.0,15.367552876472466,1
Ollie Gordon II,RB,2025,17,2026,15,15,0.0,9.596213340759276,False,98,0.0,13.200707244873003,1
Ollie Gordon II,RB,2025,17,2026,16,16,0.0,9.460481643676758,False,105,0.0,10.408306193351738,1
Ollie Gordon II,RB,2025,17,2026,17,17,0.0,9.273091316223145,False,112,0.0,6.975433421134948,1
Omar Cooper Jr.,WR,2025,17,2026,1,1,0.0,2.252317428588867,False,0,0.0,16.96807737350462,1
Omar Cooper Jr.,WR,2025,17,2026,2,2,0.0,2.155606269836426,False,7,0.0,16.316918754577628,1
Omar Cooper Jr.,WR,2025,17,2026,3,3,0.0,2.1229395866394043,False,14,0.0,15.652168846130362,1
Omar Cooper Jr.,WR,2025,17,2026,4,4,0.0,2.1050195693969727,False,21,0.0,15.656572055816635,1
Omar Cooper Jr.,WR,2025,17,2026,5,5,0.0,2.0331296920776367,False,28,0.0,14.976122307777402,1
Omar Cooper Jr.,WR,2025,17,2026,6,6,0.0,2.0057222843170166,False,35,0.0,14.222414255142208,1
Omar Cooper Jr.,WR,2025,17,2026,7,7,0.0,1.9375410079956052,False,42,0.0,13.55109710693359,1
Omar Cooper Jr.,WR,2025,17,2026,8,8,0.0,1.9083638191223145,False,49,0.0,12.925291347503656,1
Omar Cooper Jr.,WR,2025,17,2026,9,9,0.0,1.8976216316223145,False,56,0.0,11.803500080108616,1
Omar Cooper Jr.,WR,2025,17,2026,10,10,0.0,1.902379274368286,False,63,0.0,11.173351645469666,1
Omar Cooper Jr.,WR,2025,17,2026,11,11,0.0,1.9570473432540891,False,70,0.0,10.959691739082327,1
Omar Cooper Jr.,WR,2025,17,2026,12,12,0.0,2.0625035762786865,False,77,0.0,10.50933842658996,1
Omar Cooper Jr.,WR,2025,17,2026,13,13,0.0,2.149705648422241,False,84,0.0,9.796694135665884,1
Omar Cooper Jr.,WR,2025,17,2026,14,14,0.0,2.229121446609497,False,91,0.0,7.842300772666925,1
Omar Cooper Jr.,WR,2025,17,2026,15,15,0.0,2.302236795425415,False,98,0.0,5.906730699539144,1
Omar Cooper Jr.,WR,2025,17,2026,16,16,0.0,2.3649556636810303,False,105,0.0,3.312780213356011,1
Omar Cooper Jr.,WR,2025,17,2026,17,17,0.0,2.430031538009644,False,112,0.0,0.1323736429214475,1
Omarion Hampton,RB,2025,17,2026,1,1,0.0,13.40377712249756,False,0,2.3051616668701165,28.11953706741331,1
Omarion Hampton,RB,2025,17,2026,2,2,0.0,13.49269199371338,False,7,0.0,27.65400447845458,1
Omarion Hampton,RB,2025,17,2026,3,3,0.0,13.830730438232422,False,14,0.0,27.35995969772338,1
Omarion Hampton,RB,2025,17,2026,4,4,0.0,14.280607223510742,False,21,0.0,27.83215970993041,1
Omarion Hampton,RB,2025,17,2026,5,5,0.0,14.809134483337402,False,28,0.3706842422485348,27.752127099037168,1
Omarion Hampton,RB,2025,17,2026,6,6,0.0,15.510263442993164,False,35,0.9768622398376454,27.72695541381836,1
Omarion Hampton,RB,2025,17,2026,7,7,0.0,16.365264892578125,False,42,1.75961217880249,27.97882099151611,1
Omarion Hampton,RB,2025,17,2026,8,8,0.0,17.07335090637207,False,49,2.4179026603698723,28.09027843475341,1
Omarion Hampton,RB,2025,17,2026,9,9,0.0,17.495508193969727,False,56,2.7936911582946795,27.401386642456025,1
Omarion Hampton,RB,2025,17,2026,10,10,0.0,17.70811653137207,False,63,2.943389606475831,26.97908890247345,1
Omarion Hampton,RB,2025,17,2026,11,11,0.0,17.76662826538086,False,70,2.9553545951843265,26.769272661209097,1
Omarion Hampton,RB,2025,17,2026,12,12,0.0,17.662195205688477,False,77,2.819390201568604,26.10903005599975,1
Omarion Hampton,RB,2025,17,2026,13,13,0.0,17.5505313873291,False,84,2.697933864593505,25.197519874572745,1
Omarion Hampton,RB,2025,17,2026,14,14,0.0,17.42401123046875,False,91,2.540718364715577,23.037190556526177,1
Omarion Hampton,RB,2025,17,2026,15,15,0.0,17.295562744140625,False,98,2.4165715217590336,20.900056648254356,1
Omarion Hampton,RB,2025,17,2026,16,16,0.0,17.176164627075195,False,105,2.2634731292724606,18.12398917675017,1
Omarion Hampton,RB,2025,17,2026,17,17,0.0,16.96036148071289,False,112,2.0485437393188484,14.662703585624694,1
Parker Washington,WR,2025,17,2026,1,1,0.0,4.647546291351318,False,0,0.0,19.36330623626707,1
Parker Washington,WR,2025,17,2026,2,2,0.0,4.464107990264893,False,7,0.0,18.62542047500609,1
Parker Washington,WR,2025,17,2026,3,3,0.0,4.341001033782959,False,14,0.0,17.870230293273917,1
Parker Washington,WR,2025,17,2026,4,4,0.0,4.26410436630249,False,21,0.0,17.815656852722157,1
Parker Washington,WR,2025,17,2026,5,5,0.0,4.161803722381592,False,28,0.0,17.104796338081357,1
Parker Washington,WR,2025,17,2026,6,6,0.0,4.111135482788086,False,35,0.0,16.327827453613278,1
Parker Washington,WR,2025,17,2026,7,7,0.0,4.105531215667725,False,42,0.0,15.719087314605709,1
Parker Washington,WR,2025,17,2026,8,8,0.0,4.170769214630127,False,49,0.0,15.187696743011468,1
Parker Washington,WR,2025,17,2026,9,9,0.0,4.248629570007324,False,56,0.0,14.154508018493624,1
Parker Washington,WR,2025,17,2026,10,10,0.0,4.356976509094238,False,63,0.0,13.627948880195618,1
Parker Washington,WR,2025,17,2026,11,11,0.0,4.530623912811279,False,70,0.0,13.533268308639515,1
Parker Washington,WR,2025,17,2026,12,12,0.0,4.750097751617432,False,77,0.0,13.196932601928705,1
Parker Washington,WR,2025,17,2026,13,13,0.0,4.920924663543701,False,84,0.0,12.567913150787344,1
Parker Washington,WR,2025,17,2026,14,14,0.0,5.055090427398682,False,91,0.0,10.668269753456109,1
Parker Washington,WR,2025,17,2026,15,15,0.0,5.116317272186279,False,98,0.0,8.720811176300007,1
Parker Washington,WR,2025,17,2026,16,16,0.0,5.108304023742676,False,105,0.0,6.056128573417657,1
Parker Washington,WR,2025,17,2026,17,17,0.0,5.059566974639893,False,112,0.0,2.7619090795516965,1
Pat Bryant,WR,2025,17,2026,1,1,0.0,8.272521018981934,False,0,0.0,22.988280963897687,1
Pat Bryant,WR,2025,17,2026,2,2,0.0,7.989262104034424,False,7,0.0,22.150574588775623,1
Pat Bryant,WR,2025,17,2026,3,3,0.0,7.5704216957092285,False,14,0.0,21.099650955200183,1
Pat Bryant,WR,2025,17,2026,4,4,0.0,7.218119144439697,False,21,0.0,20.769671630859364,1
Pat Bryant,WR,2025,17,2026,5,5,0.0,6.938745021820068,False,28,0.0,19.881737637519837,1
Pat Bryant,WR,2025,17,2026,6,6,0.0,6.441519260406494,False,35,0.0,18.65821123123169,1
Pat Bryant,WR,2025,17,2026,7,7,0.0,5.890564441680908,False,42,0.0,17.504120540618892,1
Pat Bryant,WR,2025,17,2026,8,8,0.0,5.3717570304870605,False,49,0.0,16.388684558868402,1
Pat Bryant,WR,2025,17,2026,9,9,0.0,4.828444957733154,False,56,0.0,14.734323406219454,1
Pat Bryant,WR,2025,17,2026,10,10,0.0,4.364931583404541,False,63,0.0,13.63590395450592,1
Pat Bryant,WR,2025,17,2026,11,11,0.0,4.013879776000977,False,70,0.0,13.016524171829214,1
Pat Bryant,WR,2025,17,2026,12,12,0.0,3.7467715740203857,False,77,0.0,12.19360642433166,1
Pat Bryant,WR,2025,17,2026,13,13,0.0,3.589906930923462,False,84,0.0,11.236895418167103,1
Pat Bryant,WR,2025,17,2026,14,14,0.0,3.5493454933166504,False,91,0.0,9.162524819374076,1
Pat Bryant,WR,2025,17,2026,15,15,0.0,3.55566668510437,False,98,0.0,7.160160589218099,1
Pat Bryant,WR,2025,17,2026,16,16,0.0,3.609891414642334,False,105,0.0,4.557715964317315,1
Pat Bryant,WR,2025,17,2026,17,17,0.0,3.7085371017456055,False,112,0.0,1.4108792066574094,1
Patrick Ricard,RB,2025,17,2026,1,1,0.0,2.4276554584503174,False,0,0.0,17.14341540336607,1
Patrick Ricard,RB,2025,17,2026,2,2,0.0,2.498853921890259,False,7,0.0,16.66016640663146,1
Patrick Ricard,RB,2025,17,2026,3,3,0.0,2.585520505905152,False,14,0.0,16.11474976539611,1
Patrick Ricard,RB,2025,17,2026,4,4,0.0,2.6959502696990967,False,21,0.0,16.247502756118763,1
Patrick Ricard,RB,2025,17,2026,5,5,0.0,2.71579384803772,False,28,0.0,15.658786463737483,1
Patrick Ricard,RB,2025,17,2026,6,6,0.0,2.762002944946289,False,35,0.0,14.97869491577148,1
Patrick Ricard,RB,2025,17,2026,7,7,0.0,2.750084161758423,False,42,0.0,14.363640260696409,1
Patrick Ricard,RB,2025,17,2026,8,8,0.0,2.7674691677093506,False,49,0.0,13.784396696090692,1
Patrick Ricard,RB,2025,17,2026,9,9,0.0,2.771605491638184,False,56,0.0,12.677483940124484,1
Patrick Ricard,RB,2025,17,2026,10,10,0.0,2.7780070304870605,False,63,0.0,12.04897940158844,1
Patrick Ricard,RB,2025,17,2026,11,11,0.0,2.8349897861480717,False,70,0.0,11.83763418197631,1
Patrick Ricard,RB,2025,17,2026,12,12,0.0,2.9248995780944824,False,77,0.0,11.371734428405755,1
Patrick Ricard,RB,2025,17,2026,13,13,0.0,2.991844892501831,False,84,0.0,10.638833379745474,1
Patrick Ricard,RB,2025,17,2026,14,14,0.0,3.046660184860229,False,91,0.0,8.659839510917656,1
Patrick Ricard,RB,2025,17,2026,15,15,0.0,3.096108913421631,False,98,0.0,6.700602817535359,1
Patrick Ricard,RB,2025,17,2026,16,16,0.0,3.1333649158477783,False,105,0.0,4.081189465522759,1
Patrick Ricard,RB,2025,17,2026,17,17,0.0,3.15618109703064,False,112,0.0,0.8585232019424436,1
Puka Nacua,WR,2025,17,2026,1,1,0.0,17.639406204223633,False,0,6.540790748596191,32.355166149139386,1
Puka Nacua,WR,2025,17,2026,2,2,0.0,18.694351196289062,False,7,5.027056980133056,32.855663681030265,1
Puka Nacua,WR,2025,17,2026,3,3,0.0,18.806493759155277,False,14,4.678908443450927,32.335723018646235,1
Puka Nacua,WR,2025,17,2026,4,4,0.0,19.03258514404297,False,21,4.744830894470216,32.584137630462635,1
Puka Nacua,WR,2025,17,2026,5,5,0.0,19.413049697875977,False,28,4.974599456787109,32.35604231357574,1
Puka Nacua,WR,2025,17,2026,6,6,0.0,19.693418502807617,False,35,5.1600172996520985,31.91011047363281,1
Puka Nacua,WR,2025,17,2026,7,7,0.0,19.86258316040039,False,42,5.256930446624756,31.47613925933837,1
Puka Nacua,WR,2025,17,2026,8,8,0.0,20.002552032470703,False,49,5.347103786468505,31.019479560852044,1
Puka Nacua,WR,2025,17,2026,9,9,0.0,20.08091354370117,False,56,5.379096508026125,29.98679199218747,1
Puka Nacua,WR,2025,17,2026,10,10,0.0,20.12026023864746,False,63,5.355533313751222,29.39123260974884,1
Puka Nacua,WR,2025,17,2026,11,11,0.0,20.135229110717773,False,70,5.323955440521241,29.13787350654601,1
Puka Nacua,WR,2025,17,2026,12,12,0.0,20.04766082763672,False,77,5.204855823516846,28.49449567794799,1
Puka Nacua,WR,2025,17,2026,13,13,0.0,19.92695617675781,False,84,5.074358654022216,27.573944664001456,1
Puka Nacua,WR,2025,17,2026,14,14,0.0,19.776206970214844,False,91,4.892914104461671,25.38938629627227,1
Puka Nacua,WR,2025,17,2026,15,15,0.0,19.585315704345703,False,98,4.706324481964112,23.18980960845943,1
Puka Nacua,WR,2025,17,2026,16,16,0.0,19.41065788269043,False,105,4.497966384887695,20.35848243236541,1
Puka Nacua,WR,2025,17,2026,17,17,0.0,19.09858512878418,False,112,4.186767387390137,16.800927233695983,1
Quentin Johnston,WR,2025,17,2026,1,1,0.0,9.840903282165527,False,0,0.0,24.55666322708128,1
Quentin Johnston,WR,2025,17,2026,2,2,0.0,9.77238941192627,False,7,0.0,23.933701896667472,1
Quentin Johnston,WR,2025,17,2026,3,3,0.0,9.570706367492676,False,14,0.0,23.099935626983637,1
Quentin Johnston,WR,2025,17,2026,4,4,0.0,9.399728775024414,False,21,0.0,22.95128126144408,1
Quentin Johnston,WR,2025,17,2026,5,5,0.0,9.208662033081056,False,28,0.0,22.15165464878082,1
Quentin Johnston,WR,2025,17,2026,6,6,0.0,8.754423141479492,False,35,0.0,20.971115112304684,1
Quentin Johnston,WR,2025,17,2026,7,7,0.0,8.308371543884277,False,42,0.0,19.92192764282226,1
Quentin Johnston,WR,2025,17,2026,8,8,0.0,7.920274257659912,False,49,0.0,18.937201786041253,1
Quentin Johnston,WR,2025,17,2026,9,9,0.0,7.424036502838135,False,56,0.0,17.329914951324433,1
Quentin Johnston,WR,2025,17,2026,10,10,0.0,6.9052605628967285,False,63,0.0,16.176232933998108,1
Quentin Johnston,WR,2025,17,2026,11,11,0.0,6.420997142791748,False,70,0.0,15.423641538619986,1
Quentin Johnston,WR,2025,17,2026,12,12,0.0,5.952009677886963,False,77,0.0,14.398844528198236,1
Quentin Johnston,WR,2025,17,2026,13,13,0.0,5.600768566131592,False,84,0.0,13.247757053375237,1
Quentin Johnston,WR,2025,17,2026,14,14,0.0,5.417751312255859,False,91,0.0,11.030930638313286,1
Quentin Johnston,WR,2025,17,2026,15,15,0.0,5.305490016937256,False,98,0.0,8.909983921050983,1
Quentin Johnston,WR,2025,17,2026,16,16,0.0,5.275235652923584,False,105,0.0,6.223060202598565,1
Quentin Johnston,WR,2025,17,2026,17,17,0.0,5.285703182220459,False,112,0.0,2.988045287132263,1
Quinshon Judkins,RB,2025,17,2026,1,1,0.0,12.045910835266112,False,0,0.9472953796386712,26.761670780181863,1
Quinshon Judkins,RB,2025,17,2026,2,2,0.0,12.012751579284668,False,7,0.0,26.17406406402587,1
Quinshon Judkins,RB,2025,17,2026,3,3,0.0,11.775900840759276,False,14,0.0,25.305130100250235,1
Quinshon Judkins,RB,2025,17,2026,4,4,0.0,11.498194694519045,False,21,0.0,25.04974718093871,1
Quinshon Judkins,RB,2025,17,2026,5,5,0.0,11.206092834472656,False,28,0.0,24.14908545017242,1
Quinshon Judkins,RB,2025,17,2026,6,6,0.0,10.692649841308594,False,35,0.0,22.909341812133786,1
Quinshon Judkins,RB,2025,17,2026,7,7,0.0,10.241984367370604,False,42,0.0,21.85554046630859,1
Quinshon Judkins,RB,2025,17,2026,8,8,0.0,9.843708038330078,False,49,0.0,20.86063556671142,1
Quinshon Judkins,RB,2025,17,2026,9,9,0.0,9.31216812133789,False,56,0.0,19.21804656982419,1
Quinshon Judkins,RB,2025,17,2026,10,10,0.0,8.798547744750977,False,63,0.0,18.06952011585236,1
Quinshon Judkins,RB,2025,17,2026,11,11,0.0,8.374929428100586,False,70,0.0,17.377573823928824,1
Quinshon Judkins,RB,2025,17,2026,12,12,0.0,8.01352310180664,False,77,0.0,16.460357952117914,1
Quinshon Judkins,RB,2025,17,2026,13,13,0.0,7.757072925567627,False,84,0.0,15.40406141281127,1
Quinshon Judkins,RB,2025,17,2026,14,14,0.0,7.610802173614502,False,91,0.0,13.223981499671927,1
Quinshon Judkins,RB,2025,17,2026,15,15,0.0,7.481067657470703,False,98,0.0,11.08556156158443,1
Quinshon Judkins,RB,2025,17,2026,16,16,0.0,7.397552967071533,False,105,0.0,8.345377516746513,1
Quinshon Judkins,RB,2025,17,2026,17,17,0.0,7.301940441131592,False,112,0.0,5.004282546043395,1
RJ Harvey,RB,2025,17,2026,1,1,0.0,6.341933727264404,False,0,0.0,21.05769367218016,1
RJ Harvey,RB,2025,17,2026,2,2,0.0,6.342251300811768,False,7,0.0,20.50356378555297,1
RJ Harvey,RB,2025,17,2026,3,3,0.0,6.281356334686279,False,14,0.0,19.81058559417724,1
RJ Harvey,RB,2025,17,2026,4,4,0.0,6.257832050323486,False,21,0.0,19.809384536743156,1
RJ Harvey,RB,2025,17,2026,5,5,0.0,6.212488651275635,False,28,0.0,19.1554812669754,1
RJ Harvey,RB,2025,17,2026,6,6,0.0,6.159783363342285,False,35,0.0,18.37647533416748,1
RJ Harvey,RB,2025,17,2026,7,7,0.0,6.143547534942627,False,42,0.0,17.75710363388061,1
RJ Harvey,RB,2025,17,2026,8,8,0.0,6.173292636871338,False,49,0.0,17.19022016525268,1
RJ Harvey,RB,2025,17,2026,9,9,0.0,6.190874576568604,False,56,0.0,16.096753025054902,1
RJ Harvey,RB,2025,17,2026,10,10,0.0,6.276976585388184,False,63,0.0,15.547948956489565,1
RJ Harvey,RB,2025,17,2026,11,11,0.0,6.481281757354736,False,70,0.0,15.483926153182974,1
RJ Harvey,RB,2025,17,2026,12,12,0.0,6.71671199798584,False,77,0.0,15.163546848297113,1
RJ Harvey,RB,2025,17,2026,13,13,0.0,6.862844944000244,False,84,0.0,14.509833431243887,1
RJ Harvey,RB,2025,17,2026,14,14,0.0,6.957616329193115,False,91,0.0,12.570795655250542,1
RJ Harvey,RB,2025,17,2026,15,15,0.0,6.981003284454346,False,98,0.0,10.585497188568072,1
RJ Harvey,RB,2025,17,2026,16,16,0.0,6.967994213104248,False,105,0.0,7.915818762779229,1
RJ Harvey,RB,2025,17,2026,17,17,0.0,6.916704654693604,False,112,0.0,4.619046759605407,1
Rachaad White,RB,2025,17,2026,1,1,0.0,12.856099128723145,False,0,1.7574836730957024,27.571859073638898,1
Rachaad White,RB,2025,17,2026,2,2,0.0,12.940592765808104,False,7,0.0,27.101905250549308,1
Rachaad White,RB,2025,17,2026,3,3,0.0,12.61444091796875,False,14,0.0,26.143670177459708,1
Rachaad White,RB,2025,17,2026,4,4,0.0,12.160326957702637,False,21,0.0,25.711879444122303,1
Rachaad White,RB,2025,17,2026,5,5,0.0,11.723891258239746,False,28,0.0,24.66688387393951,1
Rachaad White,RB,2025,17,2026,6,6,0.0,11.015691757202148,False,35,0.0,23.23238372802734,1
Rachaad White,RB,2025,17,2026,7,7,0.0,10.213826179504396,False,42,0.0,21.82738227844238,1
Rachaad White,RB,2025,17,2026,8,8,0.0,9.49389362335205,False,49,0.0,20.510821151733392,1
Rachaad White,RB,2025,17,2026,9,9,0.0,8.729914665222168,False,56,0.0,18.635793113708463,1
Rachaad White,RB,2025,17,2026,10,10,0.0,7.952768802642822,False,63,0.0,17.2237411737442,1
Rachaad White,RB,2025,17,2026,11,11,0.0,7.258251190185547,False,70,0.0,16.260895586013785,1
Rachaad White,RB,2025,17,2026,12,12,0.0,6.708484172821045,False,77,0.0,15.155319023132318,1
Rachaad White,RB,2025,17,2026,13,13,0.0,6.372965335845947,False,84,0.0,14.01995382308959,1
Rachaad White,RB,2025,17,2026,14,14,0.0,6.21569299697876,False,91,0.0,11.828872323036189,1
Rachaad White,RB,2025,17,2026,15,15,0.0,6.119964599609375,False,98,0.0,9.724458503723104,1
Rachaad White,RB,2025,17,2026,16,16,0.0,6.096216201782227,False,105,0.0,7.044040751457207,1
Rachaad White,RB,2025,17,2026,17,17,0.0,6.086513042449951,False,112,0.0,3.788855147361755,1
Raheim Sanders,RB,2025,17,2026,1,1,0.0,9.77920150756836,False,0,0.0,24.494961452484112,1
Raheim Sanders,RB,2025,17,2026,2,2,0.0,10.018677711486816,False,7,0.0,24.17999019622802,1
Raheim Sanders,RB,2025,17,2026,3,3,0.0,10.219496726989746,False,14,0.0,23.748725986480704,1
Raheim Sanders,RB,2025,17,2026,4,4,0.0,10.406733512878418,False,21,0.0,23.958285999298084,1
Raheim Sanders,RB,2025,17,2026,5,5,0.0,10.358195304870604,False,28,0.0,23.30118792057037,1
Raheim Sanders,RB,2025,17,2026,6,6,0.0,9.951373100280762,False,35,0.0,22.168065071105957,1
Raheim Sanders,RB,2025,17,2026,7,7,0.0,9.416278839111328,False,42,0.0,21.029834938049312,1
Raheim Sanders,RB,2025,17,2026,8,8,0.0,8.880026817321777,False,49,0.0,19.89695434570312,1
Raheim Sanders,RB,2025,17,2026,9,9,0.0,8.245797157287598,False,56,0.0,18.151675605773896,1
Raheim Sanders,RB,2025,17,2026,10,10,0.0,7.703353404998779,False,63,0.0,16.97432577610016,1
Raheim Sanders,RB,2025,17,2026,11,11,0.0,7.271556377410889,False,70,0.0,16.274200773239127,1
Raheim Sanders,RB,2025,17,2026,12,12,0.0,6.844806671142578,False,77,0.0,15.291641521453853,1
Raheim Sanders,RB,2025,17,2026,13,13,0.0,6.512538909912109,False,84,0.0,14.159527397155752,1
Raheim Sanders,RB,2025,17,2026,14,14,0.0,6.304018497467041,False,91,0.0,11.917197823524468,1
Raheim Sanders,RB,2025,17,2026,15,15,0.0,6.142683982849121,False,98,0.0,9.747177886962849,1
Raheim Sanders,RB,2025,17,2026,16,16,0.0,6.079474449157715,False,105,0.0,7.027298998832696,1
Raheim Sanders,RB,2025,17,2026,17,17,0.0,6.050747871398926,False,112,0.0,3.7530899763107297,1
Rashee Rice,WR,2025,17,2026,1,1,0.0,7.383947849273682,False,0,0.0,22.099707794189435,1
Rashee Rice,WR,2025,17,2026,2,2,0.0,7.416197299957275,False,7,0.0,21.57750978469848,1
Rashee Rice,WR,2025,17,2026,3,3,0.0,7.627093315124512,False,14,0.0,21.15632257461547,1
Rashee Rice,WR,2025,17,2026,4,4,0.0,7.925191879272461,False,21,0.0,21.476744365692127,1
Rashee Rice,WR,2025,17,2026,5,5,0.0,8.218171119689941,False,28,0.0,21.161163735389707,1
Rashee Rice,WR,2025,17,2026,6,6,0.0,8.672476768493652,False,35,0.0,20.889168739318844,1
Rashee Rice,WR,2025,17,2026,7,7,0.0,9.255813598632812,False,42,0.0,20.8693696975708,1
Rashee Rice,WR,2025,17,2026,8,8,0.0,9.881831169128418,False,49,0.0,20.89875869750976,1
Rashee Rice,WR,2025,17,2026,9,9,0.0,10.41704273223877,False,56,0.0,20.322921180725068,1
Rashee Rice,WR,2025,17,2026,10,10,0.0,10.95012378692627,False,63,0.0,20.22109615802765,1
Rashee Rice,WR,2025,17,2026,11,11,0.0,11.501066207885742,False,70,0.0,20.50371060371398,1
Rashee Rice,WR,2025,17,2026,12,12,0.0,11.945045471191406,False,77,0.0,20.39188032150268,1
Rashee Rice,WR,2025,17,2026,13,13,0.0,12.165980339050291,False,84,0.0,19.812968826293936,1
Rashee Rice,WR,2025,17,2026,14,14,0.0,12.222613334655762,False,91,0.0,17.83579266071319,1
Rashee Rice,WR,2025,17,2026,15,15,0.0,12.20455265045166,False,98,0.0,15.809046554565388,1
Rashee Rice,WR,2025,17,2026,16,16,0.0,12.113289833068848,False,105,0.0,13.061114382743828,1
Rashee Rice,WR,2025,17,2026,17,17,0.0,11.961670875549316,False,112,0.0,9.66401298046112,1
Rasheen Ali,RB,2025,17,2026,1,1,0.0,2.6737964153289795,False,0,0.0,17.389556360244733,1
Rasheen Ali,RB,2025,17,2026,2,2,0.0,2.723210096359253,False,7,0.0,16.884522581100455,1
Rasheen Ali,RB,2025,17,2026,3,3,0.0,2.7517926692962646,False,14,0.0,16.281021928787222,1
Rasheen Ali,RB,2025,17,2026,4,4,0.0,2.794095993041992,False,21,0.0,16.34564847946166,1
Rasheen Ali,RB,2025,17,2026,5,5,0.0,2.774704694747925,False,28,0.0,15.71769731044769,1
Rasheen Ali,RB,2025,17,2026,6,6,0.0,2.780038833618164,False,35,0.0,14.996730804443356,1
Rasheen Ali,RB,2025,17,2026,7,7,0.0,2.729403257369995,False,42,0.0,14.34295935630798,1
Rasheen Ali,RB,2025,17,2026,8,8,0.0,2.7090351581573486,False,49,0.0,13.72596268653869,1
Rasheen Ali,RB,2025,17,2026,9,9,0.0,2.681695938110352,False,56,0.0,12.587574386596652,1
Rasheen Ali,RB,2025,17,2026,10,10,0.0,2.667287826538086,False,63,0.0,11.938260197639464,1
Rasheen Ali,RB,2025,17,2026,11,11,0.0,2.707064151763916,False,70,0.0,11.709708547592154,1
Rasheen Ali,RB,2025,17,2026,12,12,0.0,2.781678915023804,False,77,0.0,11.228513765335077,1
Rasheen Ali,RB,2025,17,2026,13,13,0.0,2.835347890853882,False,84,0.0,10.482336378097523,1
Rasheen Ali,RB,2025,17,2026,14,14,0.0,2.880034685134888,False,91,0.0,8.493214011192315,1
Rasheen Ali,RB,2025,17,2026,15,15,0.0,2.9210572242736816,False,98,0.0,6.52555112838741,1
Rasheen Ali,RB,2025,17,2026,16,16,0.0,2.9589431285858154,False,105,0.0,3.906767678260796,1
Rasheen Ali,RB,2025,17,2026,17,17,0.0,2.999415636062622,False,112,0.0,0.701757740974426,1
Rashid Shaheed,WR,2025,17,2026,1,1,0.0,8.229294776916504,False,0,0.0,22.945054721832257,1
Rashid Shaheed,WR,2025,17,2026,2,2,0.0,8.055675506591797,False,7,0.0,22.216987991333,1
Rashid Shaheed,WR,2025,17,2026,3,3,0.0,7.730581760406494,False,14,0.0,21.25981101989745,1
Rashid Shaheed,WR,2025,17,2026,4,4,0.0,7.5816969871521,False,21,0.0,21.13324947357177,1
Rashid Shaheed,WR,2025,17,2026,5,5,0.0,7.5012593269348145,False,28,0.0,20.44425194263458,1
Rashid Shaheed,WR,2025,17,2026,6,6,0.0,7.18551778793335,False,35,0.0,19.40220975875854,1
Rashid Shaheed,WR,2025,17,2026,7,7,0.0,6.80574893951416,False,42,0.0,18.419305038452144,1
Rashid Shaheed,WR,2025,17,2026,8,8,0.0,6.416889190673828,False,49,0.0,17.43381671905517,1
Rashid Shaheed,WR,2025,17,2026,9,9,0.0,5.957251071929932,False,56,0.0,15.863129520416232,1
Rashid Shaheed,WR,2025,17,2026,10,10,0.0,5.541362285614014,False,63,0.0,14.812334656715391,1
Rashid Shaheed,WR,2025,17,2026,11,11,0.0,5.182637691497803,False,70,0.0,14.18528208732604,1
Rashid Shaheed,WR,2025,17,2026,12,12,0.0,4.866777896881104,False,77,0.0,13.313612747192376,1
Rashid Shaheed,WR,2025,17,2026,13,13,0.0,4.661378383636475,False,84,0.0,12.308366870880118,1
Rashid Shaheed,WR,2025,17,2026,14,14,0.0,4.579905986785889,False,91,0.0,10.193085312843316,1
Rashid Shaheed,WR,2025,17,2026,15,15,0.0,4.541156768798828,False,98,0.0,8.145650672912556,1
Rashid Shaheed,WR,2025,17,2026,16,16,0.0,4.557034015655518,False,105,0.0,5.504858565330498,1
Rashid Shaheed,WR,2025,17,2026,17,17,0.0,4.600474834442139,False,112,0.0,2.3028169393539426,1
Rashod Bateman,WR,2025,17,2026,1,1,0.0,3.651532888412476,False,0,0.0,18.36729283332823,1
Rashod Bateman,WR,2025,17,2026,2,2,0.0,3.627589464187622,False,7,0.0,17.788901948928824,1
Rashod Bateman,WR,2025,17,2026,3,3,0.0,3.667704820632935,False,14,0.0,17.196934080123892,1
Rashod Bateman,WR,2025,17,2026,4,4,0.0,3.73384690284729,False,21,0.0,17.285399389266956,1
Rashod Bateman,WR,2025,17,2026,5,5,0.0,3.716892957687378,False,28,0.0,16.659885573387143,1
Rashod Bateman,WR,2025,17,2026,6,6,0.0,3.712676525115967,False,35,0.0,15.92936849594116,1
Rashod Bateman,WR,2025,17,2026,7,7,0.0,3.692093133926392,False,42,0.0,15.305649232864376,1
Rashod Bateman,WR,2025,17,2026,8,8,0.0,3.727611780166626,False,49,0.0,14.744539308547967,1
Rashod Bateman,WR,2025,17,2026,9,9,0.0,3.745874166488648,False,56,0.0,13.651752614974948,1
Rashod Bateman,WR,2025,17,2026,10,10,0.0,3.768737554550171,False,63,0.0,13.03970992565155,1
Rashod Bateman,WR,2025,17,2026,11,11,0.0,3.856881856918335,False,70,0.0,12.859526252746573,1
Rashod Bateman,WR,2025,17,2026,12,12,0.0,3.99415135383606,False,77,0.0,12.440986204147332,1
Rashod Bateman,WR,2025,17,2026,13,13,0.0,4.083691596984863,False,84,0.0,11.730680084228506,1
Rashod Bateman,WR,2025,17,2026,14,14,0.0,4.135806560516357,False,91,0.0,9.748985886573784,1
Rashod Bateman,WR,2025,17,2026,15,15,0.0,4.157930374145508,False,98,0.0,7.762424278259236,1
Rashod Bateman,WR,2025,17,2026,16,16,0.0,4.154479503631592,False,105,0.0,5.102304053306573,1
Rashod Bateman,WR,2025,17,2026,17,17,0.0,4.154740810394287,False,112,0.0,1.857082915306091,1
Ray Davis,RB,2025,17,2026,1,1,0.0,2.1390321254730225,False,0,0.0,16.854792070388775,1
Ray Davis,RB,2025,17,2026,2,2,0.0,1.986363172531128,False,7,0.0,16.14767565727233,1
Ray Davis,RB,2025,17,2026,3,3,0.0,1.9199810028076167,False,14,0.0,15.449210262298577,1
Ray Davis,RB,2025,17,2026,4,4,0.0,1.905054807662964,False,21,0.0,15.456607294082628,1
Ray Davis,RB,2025,17,2026,5,5,0.0,1.848414778709412,False,28,0.0,14.791407394409177,1
Ray Davis,RB,2025,17,2026,6,6,0.0,1.855804443359375,False,35,0.0,14.072496414184569,1
Ray Davis,RB,2025,17,2026,7,7,0.0,1.826722860336304,False,42,0.0,13.440278959274288,1
Ray Davis,RB,2025,17,2026,8,8,0.0,1.8346954584121704,False,49,0.0,12.851622986793512,1
Ray Davis,RB,2025,17,2026,9,9,0.0,1.8478443622589111,False,56,0.0,11.753722810745211,1
Ray Davis,RB,2025,17,2026,10,10,0.0,1.8670284748077397,False,63,0.0,11.13800084590912,1
Ray Davis,RB,2025,17,2026,11,11,0.0,1.92908239364624,False,70,0.0,10.931726789474478,1
Ray Davis,RB,2025,17,2026,12,12,0.0,2.021915912628174,False,77,0.0,10.468750762939449,1
Ray Davis,RB,2025,17,2026,13,13,0.0,2.090642213821411,False,84,0.0,9.737630701065054,1
Ray Davis,RB,2025,17,2026,14,14,0.0,2.144101619720459,False,91,0.0,7.757280945777887,1
Ray Davis,RB,2025,17,2026,15,15,0.0,2.1941921710968018,False,98,0.0,5.79868607521053,1
Ray Davis,RB,2025,17,2026,16,16,0.0,2.238163709640503,False,105,0.0,3.185988259315484,1
Ray Davis,RB,2025,17,2026,17,17,0.0,2.28887677192688,False,112,0.0,-0.0087811231613161,1
Reggie Gilliam,RB,2025,17,2026,1,1,0.0,1.7289743423461914,False,0,0.0,16.444734287261944,1
Reggie Gilliam,RB,2025,17,2026,2,2,0.0,1.7029073238372805,False,7,0.0,15.864219808578484,1
Reggie Gilliam,RB,2025,17,2026,3,3,0.0,1.7116422653198242,False,14,0.0,15.240871524810782,1
Reggie Gilliam,RB,2025,17,2026,4,4,0.0,1.7562386989593506,False,21,0.0,15.307791185379015,1
Reggie Gilliam,RB,2025,17,2026,5,5,0.0,1.7383663654327393,False,28,0.0,14.681358981132504,1
Reggie Gilliam,RB,2025,17,2026,6,6,0.0,1.783967137336731,False,35,0.0,14.000659108161924,1
Reggie Gilliam,RB,2025,17,2026,7,7,0.0,1.7864933013916016,False,42,0.0,13.400049400329586,1
Reggie Gilliam,RB,2025,17,2026,8,8,0.0,1.820711612701416,False,49,0.0,12.837639141082756,1
Reggie Gilliam,RB,2025,17,2026,9,9,0.0,1.85185980796814,False,56,0.0,11.75773825645444,1
Reggie Gilliam,RB,2025,17,2026,10,10,0.0,1.876440525054932,False,63,0.0,11.147412896156313,1
Reggie Gilliam,RB,2025,17,2026,11,11,0.0,1.9378197193145752,False,70,0.0,10.940464115142811,1
Reggie Gilliam,RB,2025,17,2026,12,12,0.0,2.0349373817443848,False,77,0.0,10.481772232055658,1
Reggie Gilliam,RB,2025,17,2026,13,13,0.0,2.1119472980499268,False,84,0.0,9.75893578529357,1
Reggie Gilliam,RB,2025,17,2026,14,14,0.0,2.1792476177215576,False,91,0.0,7.7924269437789855,1
Reggie Gilliam,RB,2025,17,2026,15,15,0.0,2.2488820552825928,False,98,0.0,5.853375959396321,1
Reggie Gilliam,RB,2025,17,2026,16,16,0.0,2.309852361679077,False,105,0.0,3.257676911354058,1
Reggie Gilliam,RB,2025,17,2026,17,17,0.0,2.3632116317749023,False,112,0.0,0.0655537366867062,1
Reggie Virgil,WR,2025,17,2026,1,1,0.0,2.252272605895996,False,0,0.0,16.96803255081175,1
Reggie Virgil,WR,2025,17,2026,2,2,0.0,2.155724048614502,False,7,0.0,16.317036533355704,1
Reggie Virgil,WR,2025,17,2026,3,3,0.0,2.123284339904785,False,14,0.0,15.652513599395744,1
Reggie Virgil,WR,2025,17,2026,4,4,0.0,2.1055970191955566,False,21,0.0,15.65714950561522,1
Reggie Virgil,WR,2025,17,2026,5,5,0.0,2.033935308456421,False,28,0.0,14.976927924156186,1
Reggie Virgil,WR,2025,17,2026,6,6,0.0,2.006824016571045,False,35,0.0,14.223515987396237,1
Reggie Virgil,WR,2025,17,2026,7,7,0.0,1.9389331340789795,False,42,0.0,13.552489233016964,1
Reggie Virgil,WR,2025,17,2026,8,8,0.0,1.9100408554077148,False,49,0.0,12.926968383789056,1
Reggie Virgil,WR,2025,17,2026,9,9,0.0,1.8996033668518064,False,56,0.0,11.805481815338108,1
Reggie Virgil,WR,2025,17,2026,10,10,0.0,1.904662489891052,False,63,0.0,11.175634860992432,1
Reggie Virgil,WR,2025,17,2026,11,11,0.0,1.9596585035324097,False,70,0.0,10.962302899360648,1
Reggie Virgil,WR,2025,17,2026,12,12,0.0,2.065371036529541,False,77,0.0,10.512205886840814,1
Reggie Virgil,WR,2025,17,2026,13,13,0.0,2.1528124809265137,False,84,0.0,9.799800968170157,1
Reggie Virgil,WR,2025,17,2026,14,14,0.0,2.232391119003296,False,91,0.0,7.845570445060724,1
Reggie Virgil,WR,2025,17,2026,15,15,0.0,2.3055291175842285,False,98,0.0,5.910023021697957,1
Reggie Virgil,WR,2025,17,2026,16,16,0.0,2.3681743144989014,False,105,0.0,3.3159988641738822,1
Reggie Virgil,WR,2025,17,2026,17,17,0.0,2.4330687522888184,False,112,0.0,0.1354108572006223,1
Rhamondre Stevenson,RB,2025,17,2026,1,1,0.0,6.003145694732666,False,0,0.0,20.71890563964842,1
Rhamondre Stevenson,RB,2025,17,2026,2,2,0.0,5.988202095031738,False,7,0.0,20.14951457977294,1
Rhamondre Stevenson,RB,2025,17,2026,3,3,0.0,6.090838432312012,False,14,0.0,19.62006769180297,1
Rhamondre Stevenson,RB,2025,17,2026,4,4,0.0,6.286139965057373,False,21,0.0,19.83769245147704,1
Rhamondre Stevenson,RB,2025,17,2026,5,5,0.0,6.455729961395264,False,28,0.0,19.39872257709503,1
Rhamondre Stevenson,RB,2025,17,2026,6,6,0.0,6.665022373199463,False,35,0.0,18.88171434402465,1
Rhamondre Stevenson,RB,2025,17,2026,7,7,0.0,6.9451680183410645,False,42,0.0,18.55872411727905,1
Rhamondre Stevenson,RB,2025,17,2026,8,8,0.0,7.338681697845459,False,49,0.0,18.3556092262268,1
Rhamondre Stevenson,RB,2025,17,2026,9,9,0.0,7.7669358253479,False,56,0.0,17.6728142738342,1
Rhamondre Stevenson,RB,2025,17,2026,10,10,0.0,8.257081031799316,False,63,0.0,17.528053402900696,1
Rhamondre Stevenson,RB,2025,17,2026,11,11,0.0,8.735307693481445,False,70,0.0,17.737952089309683,1
Rhamondre Stevenson,RB,2025,17,2026,12,12,0.0,9.070975303649902,False,77,0.0,17.517810153961175,1
Rhamondre Stevenson,RB,2025,17,2026,13,13,0.0,9.205694198608398,False,84,0.0,16.85268268585204,1
Rhamondre Stevenson,RB,2025,17,2026,14,14,0.0,9.22923755645752,False,91,0.0,14.842416882514948,1
Rhamondre Stevenson,RB,2025,17,2026,15,15,0.0,9.165839195251465,False,98,0.0,12.770333099365192,1
Rhamondre Stevenson,RB,2025,17,2026,16,16,0.0,9.039639472961426,False,105,0.0,9.987464022636406,1
Rhamondre Stevenson,RB,2025,17,2026,17,17,0.0,8.87691593170166,False,112,0.0,6.579258036613464,1
Rico Dowdle,RB,2025,17,2026,1,1,0.0,14.073664665222168,False,0,2.975049209594726,28.78942461013792,1
Rico Dowdle,RB,2025,17,2026,2,2,0.0,13.950332641601562,False,7,0.2830384254455556,28.111645126342765,1
Rico Dowdle,RB,2025,17,2026,3,3,0.0,13.724620819091797,False,14,0.0,27.253850078582754,1
Rico Dowdle,RB,2025,17,2026,4,4,0.0,13.471059799194336,False,21,0.0,27.022612285614,1
Rico Dowdle,RB,2025,17,2026,5,5,0.0,13.142772674560549,False,28,0.0,26.085765290260312,1
Rico Dowdle,RB,2025,17,2026,6,6,0.0,12.521333694458008,False,35,0.0,24.7380256652832,1
Rico Dowdle,RB,2025,17,2026,7,7,0.0,11.845261573791504,False,42,0.0,23.458817672729488,1
Rico Dowdle,RB,2025,17,2026,8,8,0.0,11.253024101257324,False,49,0.0,22.269951629638665,1
Rico Dowdle,RB,2025,17,2026,9,9,0.0,10.668947219848633,False,56,0.0,20.57482566833493,1
Rico Dowdle,RB,2025,17,2026,10,10,0.0,10.195204734802246,False,63,0.0,19.466177105903625,1
Rico Dowdle,RB,2025,17,2026,11,11,0.0,9.810050010681152,False,70,0.0,18.81269440650939,1
Rico Dowdle,RB,2025,17,2026,12,12,0.0,9.4719877243042,False,77,0.0,17.918822574615472,1
Rico Dowdle,RB,2025,17,2026,13,13,0.0,9.246624946594238,False,84,0.0,16.89361343383788,1
Rico Dowdle,RB,2025,17,2026,14,14,0.0,9.11717128753662,False,91,0.0,14.730350613594048,1
Rico Dowdle,RB,2025,17,2026,15,15,0.0,9.00611400604248,False,98,0.0,12.610607910156208,1
Rico Dowdle,RB,2025,17,2026,16,16,0.0,8.93032169342041,False,105,0.0,9.87814624309539,1
Rico Dowdle,RB,2025,17,2026,17,17,0.0,8.858031272888184,False,112,0.0,6.560373377799987,1
Roman Wilson,WR,2025,17,2026,1,1,0.0,4.520442485809326,False,0,0.0,19.23620243072508,1
Roman Wilson,WR,2025,17,2026,2,2,0.0,4.635954856872559,False,7,0.0,18.79726734161376,1
Roman Wilson,WR,2025,17,2026,3,3,0.0,4.7446818351745605,False,14,0.0,18.27391109466552,1
Roman Wilson,WR,2025,17,2026,4,4,0.0,4.865058898925781,False,21,0.0,18.416611385345448,1
Roman Wilson,WR,2025,17,2026,5,5,0.0,4.922784805297852,False,28,0.0,17.865777420997617,1
Roman Wilson,WR,2025,17,2026,6,6,0.0,5.002915859222412,False,35,0.0,17.219607830047604,1
Roman Wilson,WR,2025,17,2026,7,7,0.0,5.108837604522705,False,42,0.0,16.72239370346069,1
Roman Wilson,WR,2025,17,2026,8,8,0.0,5.262654781341553,False,49,0.0,16.279582309722894,1
Roman Wilson,WR,2025,17,2026,9,9,0.0,5.386495113372803,False,56,0.0,15.292373561859105,1
Roman Wilson,WR,2025,17,2026,10,10,0.0,5.534332752227783,False,63,0.0,14.805305123329164,1
Roman Wilson,WR,2025,17,2026,11,11,0.0,5.760097026824951,False,70,0.0,14.762741422653187,1
Roman Wilson,WR,2025,17,2026,12,12,0.0,6.006025314331055,False,77,0.0,14.452860164642328,1
Roman Wilson,WR,2025,17,2026,13,13,0.0,6.139484882354736,False,84,0.0,13.78647336959838,1
Roman Wilson,WR,2025,17,2026,14,14,0.0,6.198312282562256,False,91,0.0,11.811491608619685,1
Roman Wilson,WR,2025,17,2026,15,15,0.0,6.179423809051514,False,98,0.0,9.78391771316524,1
Roman Wilson,WR,2025,17,2026,16,16,0.0,6.105594635009766,False,105,0.0,7.0534191846847465,1
Roman Wilson,WR,2025,17,2026,17,17,0.0,6.003568649291992,False,112,0.0,3.705910754203796,1
Rome Odunze,WR,2025,17,2026,1,1,0.0,9.835404396057127,False,0,0.0,24.55116434097288,1
Rome Odunze,WR,2025,17,2026,2,2,0.0,9.808375358581545,False,7,0.0,23.969687843322745,1
Rome Odunze,WR,2025,17,2026,3,3,0.0,9.603882789611816,False,14,0.0,23.13311204910277,1
Rome Odunze,WR,2025,17,2026,4,4,0.0,9.497936248779297,False,21,0.0,23.049488735198963,1
Rome Odunze,WR,2025,17,2026,5,5,0.0,9.406780242919922,False,28,0.0,22.349772858619687,1
Rome Odunze,WR,2025,17,2026,6,6,0.0,9.115467071533203,False,35,0.0,21.332159042358395,1
Rome Odunze,WR,2025,17,2026,7,7,0.0,8.844462394714355,False,42,0.0,20.45801849365234,1
Rome Odunze,WR,2025,17,2026,8,8,0.0,8.60666275024414,False,49,0.0,19.62359027862548,1
Rome Odunze,WR,2025,17,2026,9,9,0.0,8.244757652282715,False,56,0.0,18.150636100769013,1
Rome Odunze,WR,2025,17,2026,10,10,0.0,7.835003852844238,False,63,0.0,17.105976223945618,1
Rome Odunze,WR,2025,17,2026,11,11,0.0,7.417830944061279,False,70,0.0,16.420475339889517,1
Rome Odunze,WR,2025,17,2026,12,12,0.0,6.995843410491943,False,77,0.0,15.442678260803216,1
Rome Odunze,WR,2025,17,2026,13,13,0.0,6.633936405181885,False,84,0.0,14.280924892425528,1
Rome Odunze,WR,2025,17,2026,14,14,0.0,6.417341709136963,False,91,0.0,12.03052103519439,1
Rome Odunze,WR,2025,17,2026,15,15,0.0,6.275996685028076,False,98,0.0,9.880490589141804,1
Rome Odunze,WR,2025,17,2026,16,16,0.0,6.219331741333008,False,105,0.0,7.167156291007989,1
Rome Odunze,WR,2025,17,2026,17,17,0.0,6.193662643432617,False,112,0.0,3.896004748344421,1
Romeo Doubs,WR,2025,17,2026,1,1,0.0,13.7382230758667,False,0,2.639607620239257,28.45398302078245,1
Romeo Doubs,WR,2025,17,2026,2,2,0.0,13.694744110107422,False,7,0.0274498939514149,27.856056594848624,1
Romeo Doubs,WR,2025,17,2026,3,3,0.0,13.7217435836792,False,14,0.0,27.25097284317016,1
Romeo Doubs,WR,2025,17,2026,4,4,0.0,13.756174087524414,False,21,0.0,27.30772657394408,1
Romeo Doubs,WR,2025,17,2026,5,5,0.0,13.915888786315918,False,28,0.0,26.858881402015683,1
Romeo Doubs,WR,2025,17,2026,6,6,0.0,14.25541877746582,False,35,0.0,26.47211074829101,1
Romeo Doubs,WR,2025,17,2026,7,7,0.0,14.553959846496582,False,42,0.0,26.16751594543457,1
Romeo Doubs,WR,2025,17,2026,8,8,0.0,14.72165584564209,False,49,0.0662075996398918,25.73858337402343,1
Romeo Doubs,WR,2025,17,2026,9,9,0.0,14.771286010742188,False,56,0.0694689750671404,24.67716445922849,1
Romeo Doubs,WR,2025,17,2026,10,10,0.0,14.805937767028809,False,63,0.0412108421325694,24.076910138130188,1
Romeo Doubs,WR,2025,17,2026,11,11,0.0,14.82776927947998,False,70,0.0164956092834476,23.83041367530822,1
Romeo Doubs,WR,2025,17,2026,12,12,0.0,14.816262245178224,False,77,0.0,23.263097095489496,1
Romeo Doubs,WR,2025,17,2026,13,13,0.0,14.743597984313965,False,84,0.0,22.390586471557608,1
Romeo Doubs,WR,2025,17,2026,14,14,0.0,14.609519958496094,False,91,0.0,20.22269928455352,1
Romeo Doubs,WR,2025,17,2026,15,15,0.0,14.457771301269531,False,98,0.0,18.06226520538326,1
Romeo Doubs,WR,2025,17,2026,16,16,0.0,14.31741714477539,False,105,0.0,15.26524169445037,1
Romeo Doubs,WR,2025,17,2026,17,17,0.0,14.184822082519531,False,112,0.0,11.887164187431337,1
Ronnie Rivers,RB,2025,17,2026,1,1,0.0,2.313493490219116,False,0,0.0,17.02925343513487,1
Ronnie Rivers,RB,2025,17,2026,2,2,0.0,2.274373769760132,False,7,0.0,16.435686254501334,1
Ronnie Rivers,RB,2025,17,2026,3,3,0.0,2.26320481300354,False,14,0.0,15.792434072494498,1
Ronnie Rivers,RB,2025,17,2026,4,4,0.0,2.275482177734375,False,21,0.0,15.82703466415404,1
Ronnie Rivers,RB,2025,17,2026,5,5,0.0,2.238313674926758,False,28,0.0,15.181306290626525,1
Ronnie Rivers,RB,2025,17,2026,6,6,0.0,2.2593636512756348,False,35,0.0,14.476055622100828,1
Ronnie Rivers,RB,2025,17,2026,7,7,0.0,2.247398853302002,False,42,0.0,13.860954952239986,1
Ronnie Rivers,RB,2025,17,2026,8,8,0.0,2.274425983428955,False,49,0.0,13.291353511810296,1
Ronnie Rivers,RB,2025,17,2026,9,9,0.0,2.2966551780700684,False,56,0.0,12.202533626556368,1
Ronnie Rivers,RB,2025,17,2026,10,10,0.0,2.318830728530884,False,63,0.0,11.589803099632263,1
Ronnie Rivers,RB,2025,17,2026,11,11,0.0,2.388160467147827,False,70,0.0,11.390804862976063,1
Ronnie Rivers,RB,2025,17,2026,12,12,0.0,2.492269277572632,False,77,0.0,10.939104127883905,1
Ronnie Rivers,RB,2025,17,2026,13,13,0.0,2.578529596328736,False,84,0.0,10.225518083572378,1
Ronnie Rivers,RB,2025,17,2026,14,14,0.0,2.652113914489746,False,91,0.0,8.265293240547173,1
Ronnie Rivers,RB,2025,17,2026,15,15,0.0,2.7131755352020264,False,98,0.0,6.317669439315755,1
Ronnie Rivers,RB,2025,17,2026,16,16,0.0,2.763263463973999,False,105,0.0,3.71108801364898,1
Ronnie Rivers,RB,2025,17,2026,17,17,0.0,2.803790807723999,False,112,0.0,0.506132912635803,1
Roschon Johnson,RB,2025,17,2026,1,1,0.0,1.555994153022766,False,0,0.0,16.27175409793852,1
Roschon Johnson,RB,2025,17,2026,2,2,0.0,1.5319726467132568,False,7,0.0,15.69328513145446,1
Roschon Johnson,RB,2025,17,2026,3,3,0.0,1.5228867530822754,False,14,0.0,15.052116012573231,1
Roschon Johnson,RB,2025,17,2026,4,4,0.0,1.5348529815673828,False,21,0.0,15.086405467987047,1
Roschon Johnson,RB,2025,17,2026,5,5,0.0,1.480581283569336,False,28,0.0,14.4235738992691,1
Roschon Johnson,RB,2025,17,2026,6,6,0.0,1.4829156398773191,False,35,0.0,13.699607610702513,1
Roschon Johnson,RB,2025,17,2026,7,7,0.0,1.4483835697174072,False,42,0.0,13.061939668655391,1
Roschon Johnson,RB,2025,17,2026,8,8,0.0,1.4507806301116943,False,49,0.0,12.467708158493036,1
Roschon Johnson,RB,2025,17,2026,9,9,0.0,1.4573217630386353,False,56,0.0,11.363200211524935,1
Roschon Johnson,RB,2025,17,2026,10,10,0.0,1.4589537382125854,False,63,0.0,10.729926109313965,1
Roschon Johnson,RB,2025,17,2026,11,11,0.0,1.4960002899169922,False,70,0.0,10.49864468574523,1
Roschon Johnson,RB,2025,17,2026,12,12,0.0,1.5777442455291748,False,77,0.0,10.024579095840448,1
Roschon Johnson,RB,2025,17,2026,13,13,0.0,1.6450965404510498,False,84,0.0,9.292085027694691,1
Roschon Johnson,RB,2025,17,2026,14,14,0.0,1.7113665342330933,False,91,0.0,7.324545860290521,1
Roschon Johnson,RB,2025,17,2026,15,15,0.0,1.785722732543945,False,98,0.0,5.390216636657674,1
Roschon Johnson,RB,2025,17,2026,16,16,0.0,1.851826906204224,False,105,0.0,2.7996514558792045,1
Roschon Johnson,RB,2025,17,2026,17,17,0.0,1.916353821754456,False,112,0.0,-0.3813040733337405,1
Ryan Flournoy,WR,2025,17,2026,1,1,0.0,5.000494480133057,False,0,0.0,19.71625442504881,1
Ryan Flournoy,WR,2025,17,2026,2,2,0.0,5.123684406280518,False,7,0.0,19.28499689102172,1
Ryan Flournoy,WR,2025,17,2026,3,3,0.0,5.259375095367432,False,14,0.0,18.78860435485839,1
Ryan Flournoy,WR,2025,17,2026,4,4,0.0,5.417405605316162,False,21,0.0,18.96895809173583,1
Ryan Flournoy,WR,2025,17,2026,5,5,0.0,5.54748010635376,False,28,0.0,18.490472722053525,1
Ryan Flournoy,WR,2025,17,2026,6,6,0.0,5.658964157104492,False,35,0.0,17.875656127929684,1
Ryan Flournoy,WR,2025,17,2026,7,7,0.0,5.7877583503723145,False,42,0.0,17.4013144493103,1
Ryan Flournoy,WR,2025,17,2026,8,8,0.0,5.940647602081299,False,49,0.0,16.95757513046264,1
Ryan Flournoy,WR,2025,17,2026,9,9,0.0,6.0156025886535645,False,56,0.0,15.921481037139865,1
Ryan Flournoy,WR,2025,17,2026,10,10,0.0,6.097382068634033,False,63,0.0,15.368354439735413,1
Ryan Flournoy,WR,2025,17,2026,11,11,0.0,6.239857196807861,False,70,0.0,15.2425015926361,1
Ryan Flournoy,WR,2025,17,2026,12,12,0.0,6.367560863494873,False,77,0.0,14.814395713806146,1
Ryan Flournoy,WR,2025,17,2026,13,13,0.0,6.391289234161377,False,84,0.0,14.03827772140502,1
Ryan Flournoy,WR,2025,17,2026,14,14,0.0,6.369316577911377,False,91,0.0,11.982495903968804,1
Ryan Flournoy,WR,2025,17,2026,15,15,0.0,6.278645992279053,False,98,0.0,9.88313989639278,1
Ryan Flournoy,WR,2025,17,2026,16,16,0.0,6.177552700042725,False,105,0.0,7.1253772497177055,1
Ryan Flournoy,WR,2025,17,2026,17,17,0.0,6.071768283843994,False,112,0.0,3.774110388755798,1
Ryan Miller,WR,2025,17,2026,1,1,0.0,2.0239005088806152,False,0,0.0,16.73966045379637,1
Ryan Miller,WR,2025,17,2026,2,2,0.0,2.0219240188598637,False,7,0.0,16.183236503601066,1
Ryan Miller,WR,2025,17,2026,3,3,0.0,2.040667057037353,False,14,0.0,15.569896316528313,1
Ryan Miller,WR,2025,17,2026,4,4,0.0,2.08239221572876,False,21,0.0,15.633944702148424,1
Ryan Miller,WR,2025,17,2026,5,5,0.0,2.061917781829834,False,28,0.0,15.0049103975296,1
Ryan Miller,WR,2025,17,2026,6,6,0.0,2.0961902141571045,False,35,0.0,14.312882184982296,1
Ryan Miller,WR,2025,17,2026,7,7,0.0,2.087057113647461,False,42,0.0,13.700613212585443,1
Ryan Miller,WR,2025,17,2026,8,8,0.0,2.115208864212036,False,49,0.0,13.132136392593376,1
Ryan Miller,WR,2025,17,2026,9,9,0.0,2.1379175186157227,False,56,0.0,12.043795967102024,1
Ryan Miller,WR,2025,17,2026,10,10,0.0,2.1545724868774414,False,63,0.0,11.42554485797882,1
Ryan Miller,WR,2025,17,2026,11,11,0.0,2.214094400405884,False,70,0.0,11.216738796234122,1
Ryan Miller,WR,2025,17,2026,12,12,0.0,2.3083627223968506,False,77,0.0,10.755197572708123,1
Ryan Miller,WR,2025,17,2026,13,13,0.0,2.386029958724976,False,84,0.0,10.03301844596862,1
Ryan Miller,WR,2025,17,2026,14,14,0.0,2.45715880393982,False,91,0.0,8.070338129997246,1
Ryan Miller,WR,2025,17,2026,15,15,0.0,2.527439832687378,False,98,0.0,6.131933736801106,1
Ryan Miller,WR,2025,17,2026,16,16,0.0,2.5898258686065674,False,105,0.0,3.537650418281548,1
Ryan Miller,WR,2025,17,2026,17,17,0.0,2.645723581314087,False,112,0.0,0.3480656862258908,1
Samaje Perine,RB,2025,17,2026,1,1,0.0,5.824721813201904,False,0,0.0,20.540481758117657,1
Samaje Perine,RB,2025,17,2026,2,2,0.0,5.911494731903076,False,7,0.0,20.07280721664428,1
Samaje Perine,RB,2025,17,2026,3,3,0.0,5.912997722625732,False,14,0.0,19.44222698211669,1
Samaje Perine,RB,2025,17,2026,4,4,0.0,5.971868991851807,False,21,0.0,19.523421478271477,1
Samaje Perine,RB,2025,17,2026,5,5,0.0,6.083479404449463,False,28,0.0,19.026472020149228,1
Samaje Perine,RB,2025,17,2026,6,6,0.0,6.162917613983154,False,35,0.0,18.379609584808343,1
Samaje Perine,RB,2025,17,2026,7,7,0.0,6.242241382598877,False,42,0.0,17.85579748153686,1
Samaje Perine,RB,2025,17,2026,8,8,0.0,6.277048587799072,False,49,0.0,17.293976116180414,1
Samaje Perine,RB,2025,17,2026,9,9,0.0,6.211726665496826,False,56,0.0,16.117605113983124,1
Samaje Perine,RB,2025,17,2026,10,10,0.0,6.159137725830078,False,63,0.0,15.430110096931458,1
Samaje Perine,RB,2025,17,2026,11,11,0.0,6.194390773773193,False,70,0.0,15.197035169601431,1
Samaje Perine,RB,2025,17,2026,12,12,0.0,6.2221455574035645,False,77,0.0,14.668980407714836,1
Samaje Perine,RB,2025,17,2026,13,13,0.0,6.201212406158447,False,84,0.0,13.84820089340209,1
Samaje Perine,RB,2025,17,2026,14,14,0.0,6.1863932609558105,False,91,0.0,11.799572587013238,1
Samaje Perine,RB,2025,17,2026,15,15,0.0,6.110218048095703,False,98,0.0,9.71471195220943,1
Samaje Perine,RB,2025,17,2026,16,16,0.0,6.042965412139893,False,105,0.0,6.990789961814873,1
Samaje Perine,RB,2025,17,2026,17,17,0.0,5.953343868255615,False,112,0.0,3.655685973167419,1
Saquon Barkley,RB,2025,17,2026,1,1,0.0,16.86160659790039,False,0,5.7629911422729485,31.577366542816144,1
Saquon Barkley,RB,2025,17,2026,2,2,0.0,16.917055130004883,False,7,3.249760913848876,31.078367614746085,1
Saquon Barkley,RB,2025,17,2026,3,3,0.0,16.682676315307617,False,14,2.555090999603271,30.21190557479857,1
Saquon Barkley,RB,2025,17,2026,4,4,0.0,16.60249137878418,False,21,2.3147371292114265,30.15404386520385,1
Saquon Barkley,RB,2025,17,2026,5,5,0.0,16.59894371032715,False,28,2.160493469238281,29.541936326026917,1
Saquon Barkley,RB,2025,17,2026,6,6,0.0,16.444543838500977,False,35,1.911142635345458,28.66123580932617,1
Saquon Barkley,RB,2025,17,2026,7,7,0.0,16.3751220703125,False,42,1.7694693565368649,27.988678169250484,1
Saquon Barkley,RB,2025,17,2026,8,8,0.0,16.390825271606445,False,49,1.7353770256042471,27.407752799987787,1
Saquon Barkley,RB,2025,17,2026,9,9,0.0,16.37925910949707,False,56,1.6774420738220233,26.28513755798337,1
Saquon Barkley,RB,2025,17,2026,10,10,0.0,16.370990753173828,False,63,1.606263828277589,25.641963124275208,1
Saquon Barkley,RB,2025,17,2026,11,11,0.0,16.351987838745117,False,70,1.5407141685485843,25.354632234573355,1
Saquon Barkley,RB,2025,17,2026,12,12,0.0,16.293251037597656,False,77,1.4504460334777836,24.74008588790893,1
Saquon Barkley,RB,2025,17,2026,13,13,0.0,16.242013931274414,False,84,1.3894164085388176,23.889002418518057,1
Saquon Barkley,RB,2025,17,2026,14,14,0.0,16.167530059814453,False,91,1.28423719406128,21.78070938587188,1
Saquon Barkley,RB,2025,17,2026,15,15,0.0,16.07292938232422,False,98,1.1939381599426273,19.677423286437943,1
Saquon Barkley,RB,2025,17,2026,16,16,0.0,15.9636869430542,False,105,1.0509954452514645,16.91151149272918,1
Saquon Barkley,RB,2025,17,2026,17,17,0.0,15.769351959228516,False,112,0.8575342178344734,13.47169406414032,1
Sean Tucker,RB,2025,17,2026,1,1,0.0,4.574443340301514,False,0,0.0,19.290203285217267,1
Sean Tucker,RB,2025,17,2026,2,2,0.0,4.398620128631592,False,7,0.0,18.559932613372798,1
Sean Tucker,RB,2025,17,2026,3,3,0.0,4.137331485748291,False,14,0.0,17.66656074523925,1
Sean Tucker,RB,2025,17,2026,4,4,0.0,3.877843618392944,False,21,0.0,17.42939610481261,1
Sean Tucker,RB,2025,17,2026,5,5,0.0,3.629194498062134,False,28,0.0,16.5721871137619,1
Sean Tucker,RB,2025,17,2026,6,6,0.0,3.334904432296753,False,35,0.0,15.551596403121945,1
Sean Tucker,RB,2025,17,2026,7,7,0.0,3.055248498916626,False,42,0.0,14.66880459785461,1
Sean Tucker,RB,2025,17,2026,8,8,0.0,2.835012674331665,False,49,0.0,13.851940202713006,1
Sean Tucker,RB,2025,17,2026,9,9,0.0,2.631582975387573,False,56,0.0,12.537461423873872,1
Sean Tucker,RB,2025,17,2026,10,10,0.0,2.4719583988189697,False,63,0.0,11.74293076992035,1
Sean Tucker,RB,2025,17,2026,11,11,0.0,2.361128568649292,False,70,0.0,11.36377296447753,1
Sean Tucker,RB,2025,17,2026,12,12,0.0,2.300795316696167,False,77,0.0,10.74763016700744,1
Sean Tucker,RB,2025,17,2026,13,13,0.0,2.267286539077759,False,84,0.0,9.914275026321402,1
Sean Tucker,RB,2025,17,2026,14,14,0.0,2.286393642425537,False,91,0.0,7.899572968482965,1
Sean Tucker,RB,2025,17,2026,15,15,0.0,2.330101728439331,False,98,0.0,5.93459563255306,1
Sean Tucker,RB,2025,17,2026,16,16,0.0,2.403799295425415,False,105,0.0,3.351623845100396,1
Sean Tucker,RB,2025,17,2026,17,17,0.0,2.5103209018707275,False,112,0.0,0.2126630067825314,1
Seth McGowan,RB,2025,17,2026,1,1,0.0,2.2486462593078613,False,0,0.0,16.964406204223614,1
Seth McGowan,RB,2025,17,2026,2,2,0.0,2.1521291732788086,False,7,0.0,16.31344165802001,1
Seth McGowan,RB,2025,17,2026,3,3,0.0,2.1196329593658447,False,14,0.0,15.648862218856802,1
Seth McGowan,RB,2025,17,2026,4,4,0.0,2.1019461154937744,False,21,0.0,15.65349860191344,1
Seth McGowan,RB,2025,17,2026,5,5,0.0,2.03045916557312,False,28,0.0,14.973451781272884,1
Seth McGowan,RB,2025,17,2026,6,6,0.0,2.0035974979400635,False,35,0.0,14.220289468765255,1
Seth McGowan,RB,2025,17,2026,7,7,0.0,1.93579626083374,False,42,0.0,13.549352359771724,1
Seth McGowan,RB,2025,17,2026,8,8,0.0,1.9067316055297847,False,49,0.0,12.923659133911126,1
Seth McGowan,RB,2025,17,2026,9,9,0.0,1.8961373567581177,False,56,0.0,11.802015805244418,1
Seth McGowan,RB,2025,17,2026,10,10,0.0,1.901106357574463,False,63,0.0,11.172078728675842,1
Seth McGowan,RB,2025,17,2026,11,11,0.0,1.956109404563904,False,70,0.0,10.958753800392142,1
Seth McGowan,RB,2025,17,2026,12,12,0.0,2.0619051456451416,False,77,0.0,10.508739995956416,1
Seth McGowan,RB,2025,17,2026,13,13,0.0,2.149538993835449,False,84,0.0,9.796527481079092,1
Seth McGowan,RB,2025,17,2026,14,14,0.0,2.229331493377685,False,91,0.0,7.842510819435113,1
Seth McGowan,RB,2025,17,2026,15,15,0.0,2.3026463985443115,False,98,0.0,5.90714030265804,1
Seth McGowan,RB,2025,17,2026,16,16,0.0,2.365351438522339,False,105,0.0,3.31317598819732,1
Seth McGowan,RB,2025,17,2026,17,17,0.0,2.4302399158477783,False,112,0.0,0.1325820207595822,1
Simi Fehoko,WR,2025,17,2026,1,1,0.0,1.9006905555725095,False,0,0.0,16.616450500488263,1
Simi Fehoko,WR,2025,17,2026,2,2,0.0,1.9031541347503664,False,7,0.0,16.06446661949157,1
Simi Fehoko,WR,2025,17,2026,3,3,0.0,1.9106507301330569,False,14,0.0,15.439879989624014,1
Simi Fehoko,WR,2025,17,2026,4,4,0.0,1.951632499694824,False,21,0.0,15.503184986114489,1
Simi Fehoko,WR,2025,17,2026,5,5,0.0,1.9384856224060056,False,28,0.0,14.881478238105773,1
Simi Fehoko,WR,2025,17,2026,6,6,0.0,1.9812551736831665,False,35,0.0,14.197947144508358,1
Simi Fehoko,WR,2025,17,2026,7,7,0.0,1.9775525331497192,False,42,0.0,13.591108632087703,1
Simi Fehoko,WR,2025,17,2026,8,8,0.0,2.0022189617156982,False,49,0.0,13.01914649009704,1
Simi Fehoko,WR,2025,17,2026,9,9,0.0,2.019226312637329,False,56,0.0,11.92510476112363,1
Simi Fehoko,WR,2025,17,2026,10,10,0.0,2.031217336654663,False,63,0.0,11.302189707756042,1
Simi Fehoko,WR,2025,17,2026,11,11,0.0,2.086625814437866,False,70,0.0,11.089270210266104,1
Simi Fehoko,WR,2025,17,2026,12,12,0.0,2.1811485290527344,False,77,0.0,10.627983379364007,1
Simi Fehoko,WR,2025,17,2026,13,13,0.0,2.260110378265381,False,84,0.0,9.907098865509024,1
Simi Fehoko,WR,2025,17,2026,14,14,0.0,2.3316030502319336,False,91,0.0,7.9447823762893615,1
Simi Fehoko,WR,2025,17,2026,15,15,0.0,2.4023783206939697,False,98,0.0,6.006872224807698,1
Simi Fehoko,WR,2025,17,2026,16,16,0.0,2.4659206867218018,False,105,0.0,3.413745236396782,1
Simi Fehoko,WR,2025,17,2026,17,17,0.0,2.5233216285705566,False,112,0.0,0.2256637334823605,1
Sione Vaki,RB,2025,17,2026,1,1,0.0,1.5293220281600952,False,0,0.0,16.24508197307585,1
Sione Vaki,RB,2025,17,2026,2,2,0.0,1.479349970817566,False,7,0.0,15.64066245555877,1
Sione Vaki,RB,2025,17,2026,3,3,0.0,1.4457368850708008,False,14,0.0,14.974966144561758,1
Sione Vaki,RB,2025,17,2026,4,4,0.0,1.4470125436782837,False,21,0.0,14.998565030097948,1
Sione Vaki,RB,2025,17,2026,5,5,0.0,1.396401286125183,False,28,0.0,14.339393901824948,1
Sione Vaki,RB,2025,17,2026,6,6,0.0,1.3997658491134644,False,35,0.0,13.616457819938656,1
Sione Vaki,RB,2025,17,2026,7,7,0.0,1.3652572631835938,False,42,0.0,12.978813362121578,1
Sione Vaki,RB,2025,17,2026,8,8,0.0,1.3662667274475098,False,49,0.0,12.383194255828853,1
Sione Vaki,RB,2025,17,2026,9,9,0.0,1.373207688331604,False,56,0.0,11.279086136817904,1
Sione Vaki,RB,2025,17,2026,10,10,0.0,1.3766913414001465,False,63,0.0,10.647663712501526,1
Sione Vaki,RB,2025,17,2026,11,11,0.0,1.4167439937591553,False,70,0.0,10.419388389587391,1
Sione Vaki,RB,2025,17,2026,12,12,0.0,1.496413230895996,False,77,0.0,9.943248081207267,1
Sione Vaki,RB,2025,17,2026,13,13,0.0,1.561138153076172,False,84,0.0,9.208126640319817,1
Sione Vaki,RB,2025,17,2026,14,14,0.0,1.623396635055542,False,91,0.0,7.23657596111297,1
Sione Vaki,RB,2025,17,2026,15,15,0.0,1.69291353225708,False,98,0.0,5.297407436370809,1
Sione Vaki,RB,2025,17,2026,16,16,0.0,1.757016897201538,False,105,0.0,2.704841446876519,1
Sione Vaki,RB,2025,17,2026,17,17,0.0,1.826387405395508,False,112,0.0,-0.4712704896926882,1
Skyler Bell,WR,2025,17,2026,1,1,0.0,2.253114700317383,False,0,0.0,16.968874645233136,1
Skyler Bell,WR,2025,17,2026,2,2,0.0,2.156672239303589,False,7,0.0,16.31798472404479,1
Skyler Bell,WR,2025,17,2026,3,3,0.0,2.1243643760681152,False,14,0.0,15.653593635559073,1
Skyler Bell,WR,2025,17,2026,4,4,0.0,2.1067941188812256,False,21,0.0,15.65834660530089,1
Skyler Bell,WR,2025,17,2026,5,5,0.0,2.0352351665496826,False,28,0.0,14.978227782249448,1
Skyler Bell,WR,2025,17,2026,6,6,0.0,2.008249044418335,False,35,0.0,14.224941015243528,1
Skyler Bell,WR,2025,17,2026,7,7,0.0,1.9404845237731931,False,42,0.0,13.554040622711176,1
Skyler Bell,WR,2025,17,2026,8,8,0.0,1.9117231369018557,False,49,0.0,12.928650665283197,1
Skyler Bell,WR,2025,17,2026,9,9,0.0,1.9014307260513303,False,56,0.0,11.80730917453763,1
Skyler Bell,WR,2025,17,2026,10,10,0.0,1.906648874282837,False,63,0.0,11.177621245384216,1
Skyler Bell,WR,2025,17,2026,11,11,0.0,1.961825251579285,False,70,0.0,10.964469647407524,1
Skyler Bell,WR,2025,17,2026,12,12,0.0,2.067683219909668,False,77,0.0,10.51451807022094,1
Skyler Bell,WR,2025,17,2026,13,13,0.0,2.1552605628967285,False,84,0.0,9.802249050140372,1
Skyler Bell,WR,2025,17,2026,14,14,0.0,2.234931468963623,False,91,0.0,7.848110795021051,1
Skyler Bell,WR,2025,17,2026,15,15,0.0,2.308075428009033,False,98,0.0,5.912569332122762,1
Skyler Bell,WR,2025,17,2026,16,16,0.0,2.370676279067993,False,105,0.0,3.318500828742974,1
Skyler Bell,WR,2025,17,2026,17,17,0.0,2.435469388961792,False,112,0.0,0.1378114938735959,1
Skyy Moore,WR,2025,17,2026,1,1,0.0,1.9924718141555784,False,0,0.0,16.70823175907133,1
Skyy Moore,WR,2025,17,2026,2,2,0.0,1.9045491218566892,False,7,0.0,16.065861606597892,1
Skyy Moore,WR,2025,17,2026,3,3,0.0,1.8680531978607176,False,14,0.0,15.397282457351675,1
Skyy Moore,WR,2025,17,2026,4,4,0.0,1.8726121187210083,False,21,0.0,15.424164605140671,1
Skyy Moore,WR,2025,17,2026,5,5,0.0,1.8341636657714844,False,28,0.0,14.77715628147125,1
Skyy Moore,WR,2025,17,2026,6,6,0.0,1.8557441234588623,False,35,0.0,14.072436094284054,1
Skyy Moore,WR,2025,17,2026,7,7,0.0,1.837531328201294,False,42,0.0,13.451087427139278,1
Skyy Moore,WR,2025,17,2026,8,8,0.0,1.85627555847168,False,49,0.0,12.87320308685302,1
Skyy Moore,WR,2025,17,2026,9,9,0.0,1.8765623569488523,False,56,0.0,11.782440805435153,1
Skyy Moore,WR,2025,17,2026,10,10,0.0,1.896113634109497,False,63,0.0,11.167086005210876,1
Skyy Moore,WR,2025,17,2026,11,11,0.0,1.9592846632003784,False,70,0.0,10.961929059028616,1
Skyy Moore,WR,2025,17,2026,12,12,0.0,2.0583629608154297,False,77,0.0,10.505197811126704,1
Skyy Moore,WR,2025,17,2026,13,13,0.0,2.138946771621704,False,84,0.0,9.785935258865347,1
Skyy Moore,WR,2025,17,2026,14,14,0.0,2.208277463912964,False,91,0.0,7.821456789970392,1
Skyy Moore,WR,2025,17,2026,15,15,0.0,2.274854898452759,False,98,0.0,5.879348802566487,1
Skyy Moore,WR,2025,17,2026,16,16,0.0,2.334970235824585,False,105,0.0,3.282794785499566,1
Skyy Moore,WR,2025,17,2026,17,17,0.0,2.3970396518707275,False,112,0.0,0.0993817567825314,1
Stefon Diggs,WR,2025,17,2026,1,1,0.0,8.504406929016113,False,0,0.0,23.220166873931863,1
Stefon Diggs,WR,2025,17,2026,2,2,0.0,8.419281959533691,False,7,0.0,22.58059444427489,1
Stefon Diggs,WR,2025,17,2026,3,3,0.0,8.19701099395752,False,14,0.0,21.72624025344848,1
Stefon Diggs,WR,2025,17,2026,4,4,0.0,8.175683975219727,False,21,0.0,21.727236461639396,1
Stefon Diggs,WR,2025,17,2026,5,5,0.0,8.232839584350586,False,28,0.0,21.17583220005035,1
Stefon Diggs,WR,2025,17,2026,6,6,0.0,8.131114959716797,False,35,0.0,20.34780693054199,1
Stefon Diggs,WR,2025,17,2026,7,7,0.0,8.043265342712402,False,42,0.0,19.656821441650383,1
Stefon Diggs,WR,2025,17,2026,8,8,0.0,7.996006965637207,False,49,0.0,19.01293449401855,1
Stefon Diggs,WR,2025,17,2026,9,9,0.0,7.878719329833984,False,56,0.0,17.784597778320283,1
Stefon Diggs,WR,2025,17,2026,10,10,0.0,7.7317118644714355,False,63,0.0,17.002684235572815,1
Stefon Diggs,WR,2025,17,2026,11,11,0.0,7.575414657592773,False,70,0.0,16.57805905342101,1
Stefon Diggs,WR,2025,17,2026,12,12,0.0,7.411263942718506,False,77,0.0,15.85809879302978,1
Stefon Diggs,WR,2025,17,2026,13,13,0.0,7.271756172180176,False,84,0.0,14.91874465942382,1
Stefon Diggs,WR,2025,17,2026,14,14,0.0,7.218139171600342,False,91,0.0,12.831318497657769,1
Stefon Diggs,WR,2025,17,2026,15,15,0.0,7.177037715911865,False,98,0.0,10.781531620025593,1
Stefon Diggs,WR,2025,17,2026,16,16,0.0,7.159506320953369,False,105,0.0,8.10733087062835,1
Stefon Diggs,WR,2025,17,2026,17,17,0.0,7.136566638946533,False,112,0.0,4.838908743858337,1
Tahj Brooks,RB,2025,17,2026,1,1,0.0,3.581654787063598,False,0,0.0,18.29741473197935,1
Tahj Brooks,RB,2025,17,2026,2,2,0.0,3.672654390335083,False,7,0.0,17.833966875076285,1
Tahj Brooks,RB,2025,17,2026,3,3,0.0,3.7207210063934326,False,14,0.0,17.24995026588439,1
Tahj Brooks,RB,2025,17,2026,4,4,0.0,3.779053926467896,False,21,0.0,17.330606412887562,1
Tahj Brooks,RB,2025,17,2026,5,5,0.0,3.8205373287200928,False,28,0.0,16.763529944419858,1
Tahj Brooks,RB,2025,17,2026,6,6,0.0,3.8385262489318848,False,35,0.0,16.055218219757077,1
Tahj Brooks,RB,2025,17,2026,7,7,0.0,3.810875177383423,False,42,0.0,15.424431276321409,1
Tahj Brooks,RB,2025,17,2026,8,8,0.0,3.7560646533966064,False,49,0.0,14.772992181777948,1
Tahj Brooks,RB,2025,17,2026,9,9,0.0,3.645784378051758,False,56,0.0,13.551662826538058,1
Tahj Brooks,RB,2025,17,2026,10,10,0.0,3.555354118347168,False,63,0.0,12.826326489448547,1
Tahj Brooks,RB,2025,17,2026,11,11,0.0,3.536424160003662,False,70,0.0,12.5390685558319,1
Tahj Brooks,RB,2025,17,2026,12,12,0.0,3.5542562007904053,False,77,0.0,12.001091051101678,1
Tahj Brooks,RB,2025,17,2026,13,13,0.0,3.574246644973755,False,84,0.0,11.221235132217398,1
Tahj Brooks,RB,2025,17,2026,14,14,0.0,3.609071731567383,False,91,0.0,9.22225105762481,1
Tahj Brooks,RB,2025,17,2026,15,15,0.0,3.63102388381958,False,98,0.0,7.235517787933309,1
Tahj Brooks,RB,2025,17,2026,16,16,0.0,3.66452956199646,False,105,0.0,4.612354111671441,1
Tahj Brooks,RB,2025,17,2026,17,17,0.0,3.692215204238892,False,112,0.0,1.3945573091506955,1
Tai Felton,WR,2025,17,2026,1,1,0.0,2.6841471195220947,False,0,0.0,17.399907064437848,1
Tai Felton,WR,2025,17,2026,2,2,0.0,2.767307996749878,False,7,0.0,16.92862048149108,1
Tai Felton,WR,2025,17,2026,3,3,0.0,2.774946928024292,False,14,0.0,16.30417618751525,1
Tai Felton,WR,2025,17,2026,4,4,0.0,2.789257526397705,False,21,0.0,16.34081001281737,1
Tai Felton,WR,2025,17,2026,5,5,0.0,2.758653402328491,False,28,0.0,15.701646018028256,1
Tai Felton,WR,2025,17,2026,6,6,0.0,2.7267091274261475,False,35,0.0,14.94340109825134,1
Tai Felton,WR,2025,17,2026,7,7,0.0,2.629725694656372,False,42,0.0,14.243281793594356,1
Tai Felton,WR,2025,17,2026,8,8,0.0,2.5485870838165283,False,49,0.0,13.56551461219787,1
Tai Felton,WR,2025,17,2026,9,9,0.0,2.4577090740203857,False,56,0.0,12.363587522506686,1
Tai Felton,WR,2025,17,2026,10,10,0.0,2.3883066177368164,False,63,0.0,11.659278988838196,1
Tai Felton,WR,2025,17,2026,11,11,0.0,2.374488592147827,False,70,0.0,11.377132987976063,1
Tai Felton,WR,2025,17,2026,12,12,0.0,2.4035918712615967,False,77,0.0,10.85042672157287,1
Tai Felton,WR,2025,17,2026,13,13,0.0,2.4311769008636475,False,84,0.0,10.07816538810729,1
Tai Felton,WR,2025,17,2026,14,14,0.0,2.472818374633789,False,91,0.0,8.085997700691216,1
Tai Felton,WR,2025,17,2026,15,15,0.0,2.5262367725372314,False,98,0.0,6.13073067665096,1
Tai Felton,WR,2025,17,2026,16,16,0.0,2.587172269821167,False,105,0.0,3.534996819496148,1
Tai Felton,WR,2025,17,2026,17,17,0.0,2.657437324523926,False,112,0.0,0.3597794294357297,1
Tank Bigsby,RB,2025,17,2026,1,1,0.0,4.9355292320251465,False,0,0.0,19.6512891769409,1
Tank Bigsby,RB,2025,17,2026,2,2,0.0,5.014678955078125,False,7,0.0,19.175991439819327,1
Tank Bigsby,RB,2025,17,2026,3,3,0.0,4.995293140411377,False,14,0.0,18.52452239990233,1
Tank Bigsby,RB,2025,17,2026,4,4,0.0,5.003433704376221,False,21,0.0,18.554986190795887,1
Tank Bigsby,RB,2025,17,2026,5,5,0.0,5.023092746734619,False,28,0.0,17.966085362434384,1
Tank Bigsby,RB,2025,17,2026,6,6,0.0,4.99722146987915,False,35,0.0,17.213913440704342,1
Tank Bigsby,RB,2025,17,2026,7,7,0.0,4.928650856018066,False,42,0.0,16.54220695495605,1
Tank Bigsby,RB,2025,17,2026,8,8,0.0,4.792439937591553,False,49,0.0,15.809367465972894,1
Tank Bigsby,RB,2025,17,2026,9,9,0.0,4.558465480804443,False,56,0.0,14.464343929290743,1
Tank Bigsby,RB,2025,17,2026,10,10,0.0,4.3496575355529785,False,63,0.0,13.620629906654358,1
Tank Bigsby,RB,2025,17,2026,11,11,0.0,4.228988170623779,False,70,0.0,13.231632566452015,1
Tank Bigsby,RB,2025,17,2026,12,12,0.0,4.167932033538818,False,77,0.0,12.614766883850091,1
Tank Bigsby,RB,2025,17,2026,13,13,0.0,4.144580841064453,False,84,0.0,11.791569328308096,1
Tank Bigsby,RB,2025,17,2026,14,14,0.0,4.166409969329834,False,91,0.0,9.77958929538726,1
Tank Bigsby,RB,2025,17,2026,15,15,0.0,4.1772990226745605,False,98,0.0,7.781792926788289,1
Tank Bigsby,RB,2025,17,2026,16,16,0.0,4.201179027557373,False,105,0.0,5.149003577232354,1
Tank Bigsby,RB,2025,17,2026,17,17,0.0,4.219794750213623,False,112,0.0,1.922136855125427,1
Tay Martin,WR,2025,17,2026,1,1,0.0,1.838780403137207,False,0,0.0,16.55454034805296,1
Tay Martin,WR,2025,17,2026,2,2,0.0,1.8314155340194704,False,7,0.0,15.992728018760674,1
Tay Martin,WR,2025,17,2026,3,3,0.0,1.8306288719177248,False,14,0.0,15.359858131408682,1
Tay Martin,WR,2025,17,2026,4,4,0.0,1.8485900163650515,False,21,0.0,15.400142502784716,1
Tay Martin,WR,2025,17,2026,5,5,0.0,1.800023317337036,False,28,0.0,14.7430159330368,1
Tay Martin,WR,2025,17,2026,6,6,0.0,1.7877686023712158,False,35,0.0,14.004460573196408,1
Tay Martin,WR,2025,17,2026,7,7,0.0,1.7129864692687988,False,42,0.0,13.326542568206785,1
Tay Martin,WR,2025,17,2026,8,8,0.0,1.6700279712677002,False,49,0.0,12.68695549964904,1
Tay Martin,WR,2025,17,2026,9,9,0.0,1.635329246520996,False,56,0.0,11.541207695007296,1
Tay Martin,WR,2025,17,2026,10,10,0.0,1.6050169467926023,False,63,0.0,10.875989317893982,1
Tay Martin,WR,2025,17,2026,11,11,0.0,1.6114201545715332,False,70,0.0,10.614064550399773,1
Tay Martin,WR,2025,17,2026,12,12,0.0,1.6672320365905762,False,77,0.0,10.114066886901847,1
Tay Martin,WR,2025,17,2026,13,13,0.0,1.7166085243225098,False,84,0.0,9.363597011566153,1
Tay Martin,WR,2025,17,2026,14,14,0.0,1.7716877460479736,False,91,0.0,7.3848670721054015,1
Tay Martin,WR,2025,17,2026,15,15,0.0,1.8413748741149905,False,98,0.0,5.445868778228719,1
Tay Martin,WR,2025,17,2026,16,16,0.0,1.9040364027023315,False,105,0.0,2.8518609523773124,1
Tay Martin,WR,2025,17,2026,17,17,0.0,1.9675500392913816,False,112,0.0,-0.3301078557968142,1
Ted Hurst III,WR,2025,17,2026,1,1,0.0,2.2517082691192627,False,0,0.0,16.967468214035016,1
Ted Hurst III,WR,2025,17,2026,2,2,0.0,2.155214071273804,False,7,0.0,16.316526556015006,1
Ted Hurst III,WR,2025,17,2026,3,3,0.0,2.12283706665039,False,14,0.0,15.652066326141348,1
Ted Hurst III,WR,2025,17,2026,4,4,0.0,2.1052188873291016,False,21,0.0,15.656771373748766,1
Ted Hurst III,WR,2025,17,2026,5,5,0.0,2.033652067184448,False,28,0.0,14.976644682884212,1
Ted Hurst III,WR,2025,17,2026,6,6,0.0,2.006655693054199,False,35,0.0,14.223347663879393,1
Ted Hurst III,WR,2025,17,2026,7,7,0.0,1.9388651847839355,False,42,0.0,13.55242128372192,1
Ted Hurst III,WR,2025,17,2026,8,8,0.0,1.910040140151977,False,49,0.0,12.92696766853332,1
Ted Hurst III,WR,2025,17,2026,9,9,0.0,1.8996669054031368,False,56,0.0,11.805545353889435,1
Ted Hurst III,WR,2025,17,2026,10,10,0.0,1.904785394668579,False,63,0.0,11.175757765769958,1
Ted Hurst III,WR,2025,17,2026,11,11,0.0,1.959851861000061,False,70,0.0,10.9624962568283,1
Ted Hurst III,WR,2025,17,2026,12,12,0.0,2.065610647201538,False,77,0.0,10.512445497512813,1
Ted Hurst III,WR,2025,17,2026,13,13,0.0,2.153101682662964,False,84,0.0,9.800090169906609,1
Ted Hurst III,WR,2025,17,2026,14,14,0.0,2.2327167987823486,False,91,0.0,7.845896124839776,1
Ted Hurst III,WR,2025,17,2026,15,15,0.0,2.305861711502075,False,98,0.0,5.910355615615804,1
Ted Hurst III,WR,2025,17,2026,16,16,0.0,2.368487596511841,False,105,0.0,3.3163121461868217,1
Ted Hurst III,WR,2025,17,2026,17,17,0.0,2.433337688446045,False,112,0.0,0.1356797933578488,1
Tee Higgins,WR,2025,17,2026,1,1,0.0,14.237406730651855,False,0,3.1387912750244134,28.95316667556761,1
Tee Higgins,WR,2025,17,2026,2,2,0.0,14.081953048706056,False,7,0.4146588325500477,28.243265533447257,1
Tee Higgins,WR,2025,17,2026,3,3,0.0,13.894071578979492,False,14,0.0,27.42330083847045,1
Tee Higgins,WR,2025,17,2026,4,4,0.0,13.68752670288086,False,21,0.0,27.23907918930053,1
Tee Higgins,WR,2025,17,2026,5,5,0.0,13.528477668762209,False,28,0.0,26.47147028446197,1
Tee Higgins,WR,2025,17,2026,6,6,0.0,13.341465950012209,False,35,0.0,25.5581579208374,1
Tee Higgins,WR,2025,17,2026,7,7,0.0,13.211495399475098,False,42,0.0,24.82505149841308,1
Tee Higgins,WR,2025,17,2026,8,8,0.0,13.113299369812012,False,49,0.0,24.130226898193357,1
Tee Higgins,WR,2025,17,2026,9,9,0.0,12.91879177093506,False,56,0.0,22.82467021942136,1
Tee Higgins,WR,2025,17,2026,10,10,0.0,12.660853385925291,False,63,0.0,21.931825757026672,1
Tee Higgins,WR,2025,17,2026,11,11,0.0,12.396562576293944,False,70,0.0,21.399206972122183,1
Tee Higgins,WR,2025,17,2026,12,12,0.0,12.148871421813965,False,77,0.0,20.59570627212524,1
Tee Higgins,WR,2025,17,2026,13,13,0.0,11.927168846130373,False,84,0.0,19.57415733337401,1
Tee Higgins,WR,2025,17,2026,14,14,0.0,11.744812965393066,False,91,0.0,17.357992291450493,1
Tee Higgins,WR,2025,17,2026,15,15,0.0,11.573700904846191,False,98,0.0,15.17819480895992,1
Tee Higgins,WR,2025,17,2026,16,16,0.0,11.418462753295898,False,105,0.0,12.366287302970878,1
Tee Higgins,WR,2025,17,2026,17,17,0.0,11.261479377746582,False,112,0.0,8.963821482658386,1
Terry McLaurin,WR,2025,17,2026,1,1,0.0,6.084438323974609,False,0,0.0,20.80019826889036,1
Terry McLaurin,WR,2025,17,2026,2,2,0.0,6.031805515289307,False,7,0.0,20.19311800003051,1
Terry McLaurin,WR,2025,17,2026,3,3,0.0,6.048080921173096,False,14,0.0,19.577310180664053,1
Terry McLaurin,WR,2025,17,2026,4,4,0.0,6.205568790435791,False,21,0.0,19.757121276855457,1
Terry McLaurin,WR,2025,17,2026,5,5,0.0,6.375460147857666,False,28,0.0,19.31845276355743,1
Terry McLaurin,WR,2025,17,2026,6,6,0.0,6.599076747894287,False,35,0.0,18.81576871871948,1
Terry McLaurin,WR,2025,17,2026,7,7,0.0,6.928989887237549,False,42,0.0,18.542545986175533,1
Terry McLaurin,WR,2025,17,2026,8,8,0.0,7.37853479385376,False,49,0.0,18.3954623222351,1
Terry McLaurin,WR,2025,17,2026,9,9,0.0,7.831021785736084,False,56,0.0,17.736900234222382,1
Terry McLaurin,WR,2025,17,2026,10,10,0.0,8.314257621765137,False,63,0.0,17.585229992866516,1
Terry McLaurin,WR,2025,17,2026,11,11,0.0,8.741150856018066,False,70,0.0,17.743795251846304,1
Terry McLaurin,WR,2025,17,2026,12,12,0.0,9.00339412689209,False,77,0.0,17.450228977203363,1
Terry McLaurin,WR,2025,17,2026,13,13,0.0,9.055462837219238,False,84,0.0,16.70245132446288,1
Terry McLaurin,WR,2025,17,2026,14,14,0.0,9.003973960876465,False,91,0.0,14.617153286933892,1
Terry McLaurin,WR,2025,17,2026,15,15,0.0,8.88278579711914,False,98,0.0,12.487279701232868,1
Terry McLaurin,WR,2025,17,2026,16,16,0.0,8.724002838134766,False,105,0.0,9.671827387809746,1
Terry McLaurin,WR,2025,17,2026,17,17,0.0,8.548157691955566,False,112,0.0,6.25049979686737,1
Tetairoa McMillan,WR,2025,17,2026,1,1,0.0,10.227742195129396,False,0,0.0,24.943502140045148,1
Tetairoa McMillan,WR,2025,17,2026,2,2,0.0,10.149188041687012,False,7,0.0,24.31050052642821,1
Tetairoa McMillan,WR,2025,17,2026,3,3,0.0,10.202788352966309,False,14,0.0,23.732017612457263,1
Tetairoa McMillan,WR,2025,17,2026,4,4,0.0,10.393893241882324,False,21,0.0,23.94544572830199,1
Tetairoa McMillan,WR,2025,17,2026,5,5,0.0,10.5298490524292,False,28,0.0,23.472841668128964,1
Tetairoa McMillan,WR,2025,17,2026,6,6,0.0,10.627774238586426,False,35,0.0,22.844466209411618,1
Tetairoa McMillan,WR,2025,17,2026,7,7,0.0,10.865772247314451,False,42,0.0,22.47932834625244,1
Tetairoa McMillan,WR,2025,17,2026,8,8,0.0,11.303725242614746,False,49,0.0,22.320652770996087,1
Tetairoa McMillan,WR,2025,17,2026,9,9,0.0,11.818537712097168,False,56,0.0,21.724416160583463,1
Tetairoa McMillan,WR,2025,17,2026,10,10,0.0,12.238343238830566,False,63,0.0,21.509315609931942,1
Tetairoa McMillan,WR,2025,17,2026,11,11,0.0,12.475196838378906,False,70,0.0,21.477841234207144,1
Tetairoa McMillan,WR,2025,17,2026,12,12,0.0,12.59119701385498,False,77,0.0,21.038031864166253,1
Tetairoa McMillan,WR,2025,17,2026,13,13,0.0,12.616263389587402,False,84,0.0,20.263251876831045,1
Tetairoa McMillan,WR,2025,17,2026,14,14,0.0,12.59592628479004,False,91,0.0,18.209105610847462,1
Tetairoa McMillan,WR,2025,17,2026,15,15,0.0,12.551751136779783,False,98,0.0,16.156245040893513,1
Tetairoa McMillan,WR,2025,17,2026,16,16,0.0,12.49199390411377,False,105,0.0,13.43981845378875,1
Tetairoa McMillan,WR,2025,17,2026,17,17,0.0,12.395004272460938,False,112,0.0,10.09734637737274,1
Tez Johnson,WR,2025,17,2026,1,1,0.0,4.840449810028076,False,0,0.0,19.55620975494383,1
Tez Johnson,WR,2025,17,2026,2,2,0.0,4.929275035858154,False,7,0.0,19.09058752059936,1
Tez Johnson,WR,2025,17,2026,3,3,0.0,5.029806137084961,False,14,0.0,18.55903539657592,1
Tez Johnson,WR,2025,17,2026,4,4,0.0,5.171557903289795,False,21,0.0,18.72311038970946,1
Tez Johnson,WR,2025,17,2026,5,5,0.0,5.247511386871338,False,28,0.0,18.190504002571103,1
Tez Johnson,WR,2025,17,2026,6,6,0.0,5.340332508087158,False,35,0.0,17.55702447891235,1
Tez Johnson,WR,2025,17,2026,7,7,0.0,5.4710469245910645,False,42,0.0,17.08460302352905,1
Tez Johnson,WR,2025,17,2026,8,8,0.0,5.672011852264404,False,49,0.0,16.688939380645746,1
Tez Johnson,WR,2025,17,2026,9,9,0.0,5.838345050811768,False,56,0.0,15.744223499298068,1
Tez Johnson,WR,2025,17,2026,10,10,0.0,6.014058589935303,False,63,0.0,15.285030961036682,1
Tez Johnson,WR,2025,17,2026,11,11,0.0,6.256865501403809,False,70,0.0,15.259509897232046,1
Tez Johnson,WR,2025,17,2026,12,12,0.0,6.543278217315674,False,77,0.0,14.990113067626949,1
Tez Johnson,WR,2025,17,2026,13,13,0.0,6.75761604309082,False,84,0.0,14.404604530334463,1
Tez Johnson,WR,2025,17,2026,14,14,0.0,6.885095119476318,False,91,0.0,12.498274445533744,1
Tez Johnson,WR,2025,17,2026,15,15,0.0,6.906562328338623,False,98,0.0,10.51105623245235,1
Tez Johnson,WR,2025,17,2026,16,16,0.0,6.841659069061279,False,105,0.0,7.78948361873626,1
Tez Johnson,WR,2025,17,2026,17,17,0.0,6.725018501281738,False,112,0.0,4.427360606193542,1
Tim Patrick,WR,2025,17,2026,1,1,0.0,3.5595834255218506,False,0,0.0,18.275343370437604,1
Tim Patrick,WR,2025,17,2026,2,2,0.0,3.463139772415161,False,7,0.0,17.624452257156364,1
Tim Patrick,WR,2025,17,2026,3,3,0.0,3.3697350025177,False,14,0.0,16.898964262008658,1
Tim Patrick,WR,2025,17,2026,4,4,0.0,3.302769660949707,False,21,0.0,16.854322147369373,1
Tim Patrick,WR,2025,17,2026,5,5,0.0,3.240597009658813,False,28,0.0,16.18358962535858,1
Tim Patrick,WR,2025,17,2026,6,6,0.0,3.160975217819214,False,35,0.0,15.377667188644406,1
Tim Patrick,WR,2025,17,2026,7,7,0.0,3.035029649734497,False,42,0.0,14.64858574867248,1
Tim Patrick,WR,2025,17,2026,8,8,0.0,2.91603684425354,False,49,0.0,13.93296437263488,1
Tim Patrick,WR,2025,17,2026,9,9,0.0,2.775916337966919,False,56,0.0,12.68179478645322,1
Tim Patrick,WR,2025,17,2026,10,10,0.0,2.670239210128784,False,63,0.0,11.941211581230164,1
Tim Patrick,WR,2025,17,2026,11,11,0.0,2.631270170211792,False,70,0.0,11.63391456604003,1
Tim Patrick,WR,2025,17,2026,12,12,0.0,2.630086660385132,False,77,0.0,11.076921510696405,1
Tim Patrick,WR,2025,17,2026,13,13,0.0,2.6369128227233887,False,84,0.0,10.283901309967032,1
Tim Patrick,WR,2025,17,2026,14,14,0.0,2.6656110286712646,False,91,0.0,8.278790354728692,1
Tim Patrick,WR,2025,17,2026,15,15,0.0,2.7063910961151123,False,98,0.0,6.310885000228841,1
Tim Patrick,WR,2025,17,2026,16,16,0.0,2.7660675048828125,False,105,0.0,3.713892054557794,1
Tim Patrick,WR,2025,17,2026,17,17,0.0,2.850998878479004,False,112,0.0,0.5533409833908078,1
Tony Pollard,RB,2025,17,2026,1,1,0.0,12.031794548034668,False,0,0.933179092407226,26.74755449295042,1
Tony Pollard,RB,2025,17,2026,2,2,0.0,11.907029151916504,False,7,0.0,26.068341636657703,1
Tony Pollard,RB,2025,17,2026,3,3,0.0,11.827133178710938,False,14,0.0,25.35636243820189,1
Tony Pollard,RB,2025,17,2026,4,4,0.0,11.72908878326416,False,21,0.0,25.280641269683827,1
Tony Pollard,RB,2025,17,2026,5,5,0.0,11.570493698120115,False,28,0.0,24.51348631381988,1
Tony Pollard,RB,2025,17,2026,6,6,0.0,11.29248332977295,False,35,0.0,23.50917530059814,1
Tony Pollard,RB,2025,17,2026,7,7,0.0,11.189346313476562,False,42,0.0,22.802902412414547,1
Tony Pollard,RB,2025,17,2026,8,8,0.0,11.14977741241455,False,49,0.0,22.16670494079589,1
Tony Pollard,RB,2025,17,2026,9,9,0.0,10.990458488464355,False,56,0.0,20.896336936950654,1
Tony Pollard,RB,2025,17,2026,10,10,0.0,10.772130012512209,False,63,0.0,20.043102383613583,1
Tony Pollard,RB,2025,17,2026,11,11,0.0,10.510933876037598,False,70,0.0,19.513578271865835,1
Tony Pollard,RB,2025,17,2026,12,12,0.0,10.239663124084473,False,77,0.0,18.686497974395746,1
Tony Pollard,RB,2025,17,2026,13,13,0.0,9.986748695373535,False,84,0.0,17.63373718261718,1
Tony Pollard,RB,2025,17,2026,14,14,0.0,9.817584037780762,False,91,0.0,15.430763363838189,1
Tony Pollard,RB,2025,17,2026,15,15,0.0,9.675679206848145,False,98,0.0,13.280173110961872,1
Tony Pollard,RB,2025,17,2026,16,16,0.0,9.570971488952637,False,105,0.0,10.518796038627617,1
Tony Pollard,RB,2025,17,2026,17,17,0.0,9.48358154296875,False,112,0.0,7.1859236478805535,1
Tory Horton,WR,2025,17,2026,1,1,0.0,4.990916728973389,False,0,0.0,19.70667667388914,1
Tory Horton,WR,2025,17,2026,2,2,0.0,5.214778423309326,False,7,0.0,19.37609090805053,1
Tory Horton,WR,2025,17,2026,3,3,0.0,5.519046783447266,False,14,0.0,19.048276042938223,1
Tory Horton,WR,2025,17,2026,4,4,0.0,5.991596698760986,False,21,0.0,19.543149185180653,1
Tory Horton,WR,2025,17,2026,5,5,0.0,6.467411518096924,False,28,0.0,19.41040413379669,1
Tory Horton,WR,2025,17,2026,6,6,0.0,6.935068130493164,False,35,0.0,19.15176010131836,1
Tory Horton,WR,2025,17,2026,7,7,0.0,7.419654846191406,False,42,0.0,19.03321094512939,1
Tory Horton,WR,2025,17,2026,8,8,0.0,7.884666919708252,False,49,0.0,18.901594448089597,1
Tory Horton,WR,2025,17,2026,9,9,0.0,8.10934066772461,False,56,0.0,18.015219116210908,1
Tory Horton,WR,2025,17,2026,10,10,0.0,8.178757667541504,False,63,0.0,17.449730038642883,1
Tory Horton,WR,2025,17,2026,11,11,0.0,8.200364112854004,False,70,0.0,17.20300850868224,1
Tory Horton,WR,2025,17,2026,12,12,0.0,8.161837577819824,False,77,0.0,16.608672428131097,1
Tory Horton,WR,2025,17,2026,13,13,0.0,8.038534164428711,False,84,0.0,15.685522651672354,1
Tory Horton,WR,2025,17,2026,14,14,0.0,7.915835857391357,False,91,0.0,13.529015183448784,1
Tory Horton,WR,2025,17,2026,15,15,0.0,7.748832702636719,False,98,0.0,11.353326606750446,1
Tory Horton,WR,2025,17,2026,16,16,0.0,7.596382617950439,False,105,0.0,8.54420716762542,1
Tory Horton,WR,2025,17,2026,17,17,0.0,7.4277801513671875,False,112,0.0,5.130122256278991,1
Travis Etienne,RB,2025,17,2026,1,1,0.0,10.809904098510742,False,0,0.0,25.52566404342649,1
Travis Etienne,RB,2025,17,2026,2,2,0.0,10.690834999084473,False,7,0.0,24.852147483825675,1
Travis Etienne,RB,2025,17,2026,3,3,0.0,10.507071495056152,False,14,0.0,24.03630075454711,1
Travis Etienne,RB,2025,17,2026,4,4,0.0,10.417280197143556,False,21,0.0,23.96883268356322,1
Travis Etienne,RB,2025,17,2026,5,5,0.0,10.32022762298584,False,28,0.0,23.263220238685605,1
Travis Etienne,RB,2025,17,2026,6,6,0.0,10.109621047973633,False,35,0.0,22.326313018798825,1
Travis Etienne,RB,2025,17,2026,7,7,0.0,10.054235458374023,False,42,0.0,21.667791557312007,1
Travis Etienne,RB,2025,17,2026,8,8,0.0,10.080713272094728,False,49,0.0,21.097640800476068,1
Travis Etienne,RB,2025,17,2026,9,9,0.0,9.98544216156006,False,56,0.0,19.89132061004636,1
Travis Etienne,RB,2025,17,2026,10,10,0.0,9.813904762268066,False,63,0.0,19.08487713336945,1
Travis Etienne,RB,2025,17,2026,11,11,0.0,9.604399681091309,False,70,0.0,18.607044076919543,1
Travis Etienne,RB,2025,17,2026,12,12,0.0,9.377427101135254,False,77,0.0,17.824261951446527,1
Travis Etienne,RB,2025,17,2026,13,13,0.0,9.162147521972656,False,84,0.0,16.8091360092163,1
Travis Etienne,RB,2025,17,2026,14,14,0.0,9.026787757873535,False,91,0.0,14.639967083930962,1
Travis Etienne,RB,2025,17,2026,15,15,0.0,8.918335914611816,False,98,0.0,12.522829818725544,1
Travis Etienne,RB,2025,17,2026,16,16,0.0,8.837392807006836,False,105,0.0,9.785217356681816,1
Travis Etienne,RB,2025,17,2026,17,17,0.0,8.756119728088379,False,112,0.0,6.458461833000182,1
Travis Hunter,WR,2025,17,2026,1,1,0.0,1.6021225452423096,False,0,0.0,16.317882490158063,1
Travis Hunter,WR,2025,17,2026,2,2,0.0,1.5805518627166748,False,7,0.0,15.74186434745788,1
Travis Hunter,WR,2025,17,2026,3,3,0.0,1.584393858909607,False,14,0.0,15.113623118400564,1
Travis Hunter,WR,2025,17,2026,4,4,0.0,1.622344732284546,False,21,0.0,15.17389721870421,1
Travis Hunter,WR,2025,17,2026,5,5,0.0,1.599156618118286,False,28,0.0,14.542149233818051,1
Travis Hunter,WR,2025,17,2026,6,6,0.0,1.6316587924957275,False,35,0.0,13.84835076332092,1
Travis Hunter,WR,2025,17,2026,7,7,0.0,1.6162428855895996,False,42,0.0,13.229798984527584,1
Travis Hunter,WR,2025,17,2026,8,8,0.0,1.6296898126602173,False,49,0.0,12.64661734104156,1
Travis Hunter,WR,2025,17,2026,9,9,0.0,1.6430081129074097,False,56,0.0,11.54888656139371,1
Travis Hunter,WR,2025,17,2026,10,10,0.0,1.6514971256256104,False,63,0.0,10.92246949672699,1
Travis Hunter,WR,2025,17,2026,11,11,0.0,1.6987669467926023,False,70,0.0,10.70141134262084,1
Travis Hunter,WR,2025,17,2026,12,12,0.0,1.784855842590332,False,77,0.0,10.231690692901603,1
Travis Hunter,WR,2025,17,2026,13,13,0.0,1.8546490669250488,False,84,0.0,9.501637554168692,1
Travis Hunter,WR,2025,17,2026,14,14,0.0,1.9195549488067627,False,91,0.0,7.532734274864191,1
Travis Hunter,WR,2025,17,2026,15,15,0.0,1.9902348518371584,False,98,0.0,5.594728755950887,1
Travis Hunter,WR,2025,17,2026,16,16,0.0,2.053715944290161,False,105,0.0,3.001540493965142,1
Travis Hunter,WR,2025,17,2026,17,17,0.0,2.116023063659668,False,112,0.0,-0.1816348314285281,1
Tre Harris,WR,2025,17,2026,1,1,0.0,6.814039707183838,False,0,0.0,21.52979965209959,1
Tre Harris,WR,2025,17,2026,2,2,0.0,6.877805233001709,False,7,0.0,21.03911771774291,1
Tre Harris,WR,2025,17,2026,3,3,0.0,6.775516033172607,False,14,0.0,20.304745292663565,1
Tre Harris,WR,2025,17,2026,4,4,0.0,6.8485941886901855,False,21,0.0,20.40014667510985,1
Tre Harris,WR,2025,17,2026,5,5,0.0,6.973663806915283,False,28,0.0,19.91665642261505,1
Tre Harris,WR,2025,17,2026,6,6,0.0,6.978207111358643,False,35,0.0,19.194899082183834,1
Tre Harris,WR,2025,17,2026,7,7,0.0,6.932504177093506,False,42,0.0,18.54606027603149,1
Tre Harris,WR,2025,17,2026,8,8,0.0,6.844939231872559,False,49,0.0,17.8618667602539,1
Tre Harris,WR,2025,17,2026,9,9,0.0,6.65723180770874,False,56,0.0,16.56311025619504,1
Tre Harris,WR,2025,17,2026,10,10,0.0,6.467248916625977,False,63,0.0,15.738221287727356,1
Tre Harris,WR,2025,17,2026,11,11,0.0,6.302326202392578,False,70,0.0,15.304970598220816,1
Tre Harris,WR,2025,17,2026,12,12,0.0,6.117020130157471,False,77,0.0,14.563854980468744,1
Tre Harris,WR,2025,17,2026,13,13,0.0,5.968723297119141,False,84,0.0,13.615711784362784,1
Tre Harris,WR,2025,17,2026,14,14,0.0,5.905418872833252,False,91,0.0,11.51859819889068,1
Tre Harris,WR,2025,17,2026,15,15,0.0,5.847357749938965,False,98,0.0,9.451851654052692,1
Tre Harris,WR,2025,17,2026,16,16,0.0,5.837924480438232,False,105,0.0,6.785749030113213,1
Tre Harris,WR,2025,17,2026,17,17,0.0,5.8238139152526855,False,112,0.0,3.526156020164489,1
Tre Tucker,WR,2025,17,2026,1,1,0.0,9.435904502868652,False,0,0.0,24.151664447784405,1
Tre Tucker,WR,2025,17,2026,2,2,0.0,9.655196189880373,False,7,0.0,23.816508674621574,1
Tre Tucker,WR,2025,17,2026,3,3,0.0,9.910840034484863,False,14,0.0,23.44006929397582,1
Tre Tucker,WR,2025,17,2026,4,4,0.0,10.212388038635254,False,21,0.0,23.76394052505492,1
Tre Tucker,WR,2025,17,2026,5,5,0.0,10.551728248596191,False,28,0.0,23.49472086429596,1
Tre Tucker,WR,2025,17,2026,6,6,0.0,10.915749549865724,False,35,0.0,23.132441520690914,1
Tre Tucker,WR,2025,17,2026,7,7,0.0,11.333050727844238,False,42,0.0,22.946606826782222,1
Tre Tucker,WR,2025,17,2026,8,8,0.0,11.891923904418944,False,49,0.0,22.908851432800287,1
Tre Tucker,WR,2025,17,2026,9,9,0.0,12.515220642089844,False,56,0.0,22.421099090576146,1
Tre Tucker,WR,2025,17,2026,10,10,0.0,13.1923189163208,False,63,0.0,22.46329128742218,1
Tre Tucker,WR,2025,17,2026,11,11,0.0,13.841588020324709,False,70,0.0,22.844232416152945,1
Tre Tucker,WR,2025,17,2026,12,12,0.0,14.340792655944824,False,77,0.0,22.787627506256097,1
Tre Tucker,WR,2025,17,2026,13,13,0.0,14.564242362976074,False,84,0.0,22.21123085021972,1
Tre Tucker,WR,2025,17,2026,14,14,0.0,14.606966018676758,False,91,0.0,20.220145344734185,1
Tre Tucker,WR,2025,17,2026,15,15,0.0,14.66097354888916,False,98,0.0,18.265467453002888,1
Tre Tucker,WR,2025,17,2026,16,16,0.0,14.661516189575195,False,105,0.0,15.609340739250175,1
Tre Tucker,WR,2025,17,2026,17,17,0.0,14.588383674621582,False,112,0.0,12.290725779533386,1
TreVeyon Henderson,RB,2025,17,2026,1,1,0.0,12.21523666381836,False,0,1.1166212081909173,26.930996608734112,1
TreVeyon Henderson,RB,2025,17,2026,2,2,0.0,12.24219799041748,False,7,0.0,26.403510475158683,1
TreVeyon Henderson,RB,2025,17,2026,3,3,0.0,11.955718040466309,False,14,0.0,25.484947299957263,1
TreVeyon Henderson,RB,2025,17,2026,4,4,0.0,11.59561824798584,False,21,0.0,25.147170734405503,1
TreVeyon Henderson,RB,2025,17,2026,5,5,0.0,11.250423431396484,False,28,0.0,24.19341604709625,1
TreVeyon Henderson,RB,2025,17,2026,6,6,0.0,10.646047592163086,False,35,0.0,22.86273956298828,1
TreVeyon Henderson,RB,2025,17,2026,7,7,0.0,9.994614601135254,False,42,0.0,21.60817070007324,1
TreVeyon Henderson,RB,2025,17,2026,8,8,0.0,9.403489112854004,False,49,0.0,20.420416641235345,1
TreVeyon Henderson,RB,2025,17,2026,9,9,0.0,8.769513130187988,False,56,0.0,18.675391578674287,1
TreVeyon Henderson,RB,2025,17,2026,10,10,0.0,8.189092636108398,False,63,0.0,17.460065007209778,1
TreVeyon Henderson,RB,2025,17,2026,11,11,0.0,7.626701831817627,False,70,0.0,16.629346227645865,1
TreVeyon Henderson,RB,2025,17,2026,12,12,0.0,7.06662654876709,False,77,0.0,15.513461399078365,1
TreVeyon Henderson,RB,2025,17,2026,13,13,0.0,6.655043125152588,False,84,0.0,14.302031612396233,1
TreVeyon Henderson,RB,2025,17,2026,14,14,0.0,6.443986415863037,False,91,0.0,12.057165741920464,1
TreVeyon Henderson,RB,2025,17,2026,15,15,0.0,6.320724010467529,False,98,0.0,9.925217914581255,1
TreVeyon Henderson,RB,2025,17,2026,16,16,0.0,6.2826457023620605,False,105,0.0,7.230470252037041,1
TreVeyon Henderson,RB,2025,17,2026,17,17,0.0,6.270112991333008,False,112,0.0,3.972455096244812,1
Treylon Burks,WR,2025,17,2026,1,1,0.0,4.5322980880737305,False,0,0.0,19.248058032989483,1
Treylon Burks,WR,2025,17,2026,2,2,0.0,4.78387451171875,False,7,0.0,18.945186996459952,1
Treylon Burks,WR,2025,17,2026,3,3,0.0,5.067346572875977,False,14,0.0,18.59657583236693,1
Treylon Burks,WR,2025,17,2026,4,4,0.0,5.439561367034912,False,21,0.0,18.99111385345458,1
Treylon Burks,WR,2025,17,2026,5,5,0.0,5.775221824645996,False,28,0.0,18.71821444034576,1
Treylon Burks,WR,2025,17,2026,6,6,0.0,6.098738193511963,False,35,0.0,18.315430164337155,1
Treylon Burks,WR,2025,17,2026,7,7,0.0,6.409792423248291,False,42,0.0,18.023348522186275,1
Treylon Burks,WR,2025,17,2026,8,8,0.0,6.729060649871826,False,49,0.0,17.745988178253167,1
Treylon Burks,WR,2025,17,2026,9,9,0.0,6.925344944000244,False,56,0.0,16.831223392486542,1
Treylon Burks,WR,2025,17,2026,10,10,0.0,7.0472917556762695,False,63,0.0,16.31826412677765,1
Treylon Burks,WR,2025,17,2026,11,11,0.0,7.160641193389893,False,70,0.0,16.16328558921813,1
Treylon Burks,WR,2025,17,2026,12,12,0.0,7.240916728973389,False,77,0.0,15.687751579284662,1
Treylon Burks,WR,2025,17,2026,13,13,0.0,7.228667736053467,False,84,0.0,14.87565622329711,1
Treylon Burks,WR,2025,17,2026,14,14,0.0,7.177340984344482,False,91,0.0,12.79052031040191,1
Treylon Burks,WR,2025,17,2026,15,15,0.0,7.043062686920166,False,98,0.0,10.647556591033894,1
Treylon Burks,WR,2025,17,2026,16,16,0.0,6.872980117797852,False,105,0.0,7.820804667472832,1
Treylon Burks,WR,2025,17,2026,17,17,0.0,6.6641459465026855,False,112,0.0,4.366488051414489,1
Troy Franklin,WR,2025,17,2026,1,1,0.0,10.826437950134276,False,0,0.0,25.54219789505003,1
Troy Franklin,WR,2025,17,2026,2,2,0.0,11.107125282287598,False,7,0.0,25.2684377670288,1
Troy Franklin,WR,2025,17,2026,3,3,0.0,11.38879108428955,False,14,0.0,24.91802034378051,1
Troy Franklin,WR,2025,17,2026,4,4,0.0,11.708945274353027,False,21,0.0,25.260497760772694,1
Troy Franklin,WR,2025,17,2026,5,5,0.0,12.04905891418457,False,28,0.0,24.992051529884336,1
Troy Franklin,WR,2025,17,2026,6,6,0.0,12.40050983428955,False,35,0.0,24.617201805114743,1
Troy Franklin,WR,2025,17,2026,7,7,0.0,12.838833808898926,False,42,0.0,24.45238990783691,1
Troy Franklin,WR,2025,17,2026,8,8,0.0,13.38174533843994,False,49,0.0,24.398672866821283,1
Troy Franklin,WR,2025,17,2026,9,9,0.0,14.00878620147705,False,56,0.0,23.91466464996335,1
Troy Franklin,WR,2025,17,2026,10,10,0.0,14.704611778259276,False,63,0.0,23.975584149360657,1
Troy Franklin,WR,2025,17,2026,11,11,0.0,15.227012634277344,False,70,0.4157389640808109,24.22965703010558,1
Troy Franklin,WR,2025,17,2026,12,12,0.0,15.42277717590332,False,77,0.5799721717834476,23.869612026214597,1
Troy Franklin,WR,2025,17,2026,13,13,0.0,15.418235778808594,False,84,0.5656382560729973,23.06522426605224,1
Troy Franklin,WR,2025,17,2026,14,14,0.0,15.344314575195312,False,91,0.4610217094421394,20.95749390125274,1
Troy Franklin,WR,2025,17,2026,15,15,0.0,15.251532554626465,False,98,0.3725413322448734,18.856026458740192,1
Troy Franklin,WR,2025,17,2026,16,16,0.0,15.159852981567385,False,105,0.247161483764648,16.107677531242363,1
Troy Franklin,WR,2025,17,2026,17,17,0.0,15.029613494873049,False,112,0.1177957534790046,12.73195559978485,1
Tutu Atwell,WR,2025,17,2026,1,1,0.0,4.88449239730835,False,0,0.0,19.600252342224103,1
Tutu Atwell,WR,2025,17,2026,2,2,0.0,5.17669153213501,False,7,0.0,19.33800401687621,1
Tutu Atwell,WR,2025,17,2026,3,3,0.0,5.235148906707764,False,14,0.0,18.76437816619872,1
Tutu Atwell,WR,2025,17,2026,4,4,0.0,5.290862560272217,False,21,0.0,18.842415046691883,1
Tutu Atwell,WR,2025,17,2026,5,5,0.0,5.330288887023926,False,28,0.0,18.27328150272369,1
Tutu Atwell,WR,2025,17,2026,6,6,0.0,5.272141456604004,False,35,0.0,17.488833427429196,1
Tutu Atwell,WR,2025,17,2026,7,7,0.0,5.143846035003662,False,42,0.0,16.757402133941646,1
Tutu Atwell,WR,2025,17,2026,8,8,0.0,4.969580173492432,False,49,0.0,15.986507701873771,1
Tutu Atwell,WR,2025,17,2026,9,9,0.0,4.735063552856445,False,56,0.0,14.640942001342744,1
Tutu Atwell,WR,2025,17,2026,10,10,0.0,4.548096179962158,False,63,0.0,13.819068551063538,1
Tutu Atwell,WR,2025,17,2026,11,11,0.0,4.433584690093994,False,70,0.0,13.436229085922232,1
Tutu Atwell,WR,2025,17,2026,12,12,0.0,4.333489894866943,False,77,0.0,12.780324745178216,1
Tutu Atwell,WR,2025,17,2026,13,13,0.0,4.253933429718018,False,84,0.0,11.90092191696166,1
Tutu Atwell,WR,2025,17,2026,14,14,0.0,4.233347415924072,False,91,0.0,9.8465267419815,1
Tutu Atwell,WR,2025,17,2026,15,15,0.0,4.219871520996094,False,98,0.0,7.824365425109822,1
Tutu Atwell,WR,2025,17,2026,16,16,0.0,4.239431858062744,False,105,0.0,5.187256407737725,1
Tutu Atwell,WR,2025,17,2026,17,17,0.0,4.271603107452393,False,112,0.0,1.9739452123641965,1
Ty Johnson,RB,2025,17,2026,1,1,0.0,4.859841823577881,False,0,0.0,19.575601768493637,1
Ty Johnson,RB,2025,17,2026,2,2,0.0,4.922107219696045,False,7,0.0,19.083419704437247,1
Ty Johnson,RB,2025,17,2026,3,3,0.0,4.906912326812744,False,14,0.0,18.4361415863037,1
Ty Johnson,RB,2025,17,2026,4,4,0.0,4.881264686584473,False,21,0.0,18.43281717300414,1
Ty Johnson,RB,2025,17,2026,5,5,0.0,4.813416481018066,False,28,0.0,17.75640909671783,1
Ty Johnson,RB,2025,17,2026,6,6,0.0,4.709689617156982,False,35,0.0,16.926381587982174,1
Ty Johnson,RB,2025,17,2026,7,7,0.0,4.583011150360107,False,42,0.0,16.19656724929809,1
Ty Johnson,RB,2025,17,2026,8,8,0.0,4.474298000335693,False,49,0.0,15.491225528717036,1
Ty Johnson,RB,2025,17,2026,9,9,0.0,4.3356032371521,False,56,0.0,14.2414816856384,1
Ty Johnson,RB,2025,17,2026,10,10,0.0,4.239067554473877,False,63,0.0,13.510039925575256,1
Ty Johnson,RB,2025,17,2026,11,11,0.0,4.235776424407959,False,70,0.0,13.238420820236197,1
Ty Johnson,RB,2025,17,2026,12,12,0.0,4.292356967926025,False,77,0.0,12.739191818237298,1
Ty Johnson,RB,2025,17,2026,13,13,0.0,4.321185111999512,False,84,0.0,11.968173599243157,1
Ty Johnson,RB,2025,17,2026,14,14,0.0,4.3451313972473145,False,91,0.0,9.95831072330474,1
Ty Johnson,RB,2025,17,2026,15,15,0.0,4.339175701141357,False,98,0.0,7.943669605255086,1
Ty Johnson,RB,2025,17,2026,16,16,0.0,4.326792240142822,False,105,0.0,5.274616789817803,1
Ty Johnson,RB,2025,17,2026,17,17,0.0,4.321621894836426,False,112,0.0,2.0239639997482297,1
Tyjae Spears,RB,2025,17,2026,1,1,0.0,7.006671905517578,False,0,0.0,21.72243185043333,1
Tyjae Spears,RB,2025,17,2026,2,2,0.0,6.879188537597656,False,7,0.0,21.04050102233886,1
Tyjae Spears,RB,2025,17,2026,3,3,0.0,6.732756614685059,False,14,0.0,20.261985874176016,1
Tyjae Spears,RB,2025,17,2026,4,4,0.0,6.698084354400635,False,21,0.0,20.2496368408203,1
Tyjae Spears,RB,2025,17,2026,5,5,0.0,6.700733661651611,False,28,0.0,19.643726277351377,1
Tyjae Spears,RB,2025,17,2026,6,6,0.0,6.710791110992432,False,35,0.0,18.927483081817623,1
Tyjae Spears,RB,2025,17,2026,7,7,0.0,6.815850734710693,False,42,0.0,18.42940683364868,1
Tyjae Spears,RB,2025,17,2026,8,8,0.0,6.9923996925354,False,49,0.0,18.00932722091674,1
Tyjae Spears,RB,2025,17,2026,9,9,0.0,7.1374287605285645,False,56,0.0,17.043307209014863,1
Tyjae Spears,RB,2025,17,2026,10,10,0.0,7.313634395599365,False,63,0.0,16.584606766700745,1
Tyjae Spears,RB,2025,17,2026,11,11,0.0,7.573563575744629,False,70,0.0,16.576207971572867,1
Tyjae Spears,RB,2025,17,2026,12,12,0.0,7.8683037757873535,False,77,0.0,16.315138626098626,1
Tyjae Spears,RB,2025,17,2026,13,13,0.0,8.055377960205078,False,84,0.0,15.70236644744872,1
Tyjae Spears,RB,2025,17,2026,14,14,0.0,8.161282539367676,False,91,0.0,13.774461865425105,1
Tyjae Spears,RB,2025,17,2026,15,15,0.0,8.156521797180176,False,98,0.0,11.761015701293903,1
Tyjae Spears,RB,2025,17,2026,16,16,0.0,8.10245418548584,False,105,0.0,9.05027873516082,1
Tyjae Spears,RB,2025,17,2026,17,17,0.0,8.005461692810059,False,112,0.0,5.707803797721862,1
Tylan Wallace,WR,2025,17,2026,1,1,0.0,2.4504497051239014,False,0,0.0,17.166209650039654,1
Tylan Wallace,WR,2025,17,2026,2,2,0.0,2.516205072402954,False,7,0.0,16.677517557144157,1
Tylan Wallace,WR,2025,17,2026,3,3,0.0,2.585177421569824,False,14,0.0,16.114406681060782,1
Tylan Wallace,WR,2025,17,2026,4,4,0.0,2.676689386367798,False,21,0.0,16.228241872787464,1
Tylan Wallace,WR,2025,17,2026,5,5,0.0,2.6853177547454834,False,28,0.0,15.628310370445249,1
Tylan Wallace,WR,2025,17,2026,6,6,0.0,2.721355676651001,False,35,0.0,14.938047647476193,1
Tylan Wallace,WR,2025,17,2026,7,7,0.0,2.6953346729278564,False,42,0.0,14.30889077186584,1
Tylan Wallace,WR,2025,17,2026,8,8,0.0,2.6961324214935303,False,49,0.0,13.713059949874872,1
Tylan Wallace,WR,2025,17,2026,9,9,0.0,2.683748960494995,False,56,0.0,12.589627408981295,1
Tylan Wallace,WR,2025,17,2026,10,10,0.0,2.675135374069214,False,63,0.0,11.946107745170591,1
Tylan Wallace,WR,2025,17,2026,11,11,0.0,2.7177886962890625,False,70,0.0,11.7204330921173,1
Tylan Wallace,WR,2025,17,2026,12,12,0.0,2.796706438064575,False,77,0.0,11.243541288375848,1
Tylan Wallace,WR,2025,17,2026,13,13,0.0,2.857301712036133,False,84,0.0,10.504290199279776,1
Tylan Wallace,WR,2025,17,2026,14,14,0.0,2.9091637134552,False,91,0.0,8.522343039512627,1
Tylan Wallace,WR,2025,17,2026,15,15,0.0,2.96016526222229,False,98,0.0,6.5646591663360185,1
Tylan Wallace,WR,2025,17,2026,16,16,0.0,3.0032408237457275,False,105,0.0,3.951065373420709,1
Tylan Wallace,WR,2025,17,2026,17,17,0.0,3.0391552448272705,False,112,0.0,0.7414973497390744,1
Tyler Allgeier,RB,2025,17,2026,1,1,0.0,3.0275442600250244,False,0,0.0,17.743304204940777,1
Tyler Allgeier,RB,2025,17,2026,2,2,0.0,2.8959085941314697,False,7,0.0,17.057221078872672,1
Tyler Allgeier,RB,2025,17,2026,3,3,0.0,2.873268842697144,False,14,0.0,16.4024981021881,1
Tyler Allgeier,RB,2025,17,2026,4,4,0.0,2.8438141345977783,False,21,0.0,16.395366621017445,1
Tyler Allgeier,RB,2025,17,2026,5,5,0.0,2.749335289001465,False,28,0.0,15.69232790470123,1
Tyler Allgeier,RB,2025,17,2026,6,6,0.0,2.695791482925415,False,35,0.0,14.912483453750609,1
Tyler Allgeier,RB,2025,17,2026,7,7,0.0,2.639177083969116,False,42,0.0,14.2527331829071,1
Tyler Allgeier,RB,2025,17,2026,8,8,0.0,2.6399879455566406,False,49,0.0,13.656915473937982,1
Tyler Allgeier,RB,2025,17,2026,9,9,0.0,2.6588566303253174,False,56,0.0,12.564735078811616,1
Tyler Allgeier,RB,2025,17,2026,10,10,0.0,2.701838254928589,False,63,0.0,11.972810626029968,1
Tyler Allgeier,RB,2025,17,2026,11,11,0.0,2.811387300491333,False,70,0.0,11.81403169631957,1
Tyler Allgeier,RB,2025,17,2026,12,12,0.0,2.9804015159606934,False,77,0.0,11.427236366271966,1
Tyler Allgeier,RB,2025,17,2026,13,13,0.0,3.1116507053375244,False,84,0.0,10.758639192581168,1
Tyler Allgeier,RB,2025,17,2026,14,14,0.0,3.227555990219116,False,91,0.0,8.840735316276543,1
Tyler Allgeier,RB,2025,17,2026,15,15,0.0,3.3005685806274414,False,98,0.0,6.90506248474117,1
Tyler Allgeier,RB,2025,17,2026,16,16,0.0,3.322655439376831,False,105,0.0,4.270479989051812,1
Tyler Allgeier,RB,2025,17,2026,17,17,0.0,3.294000625610352,False,112,0.0,0.9963427305221556,1
Tyler Badie,RB,2025,17,2026,1,1,0.0,2.032665014266968,False,0,0.0,16.74842495918272,1
Tyler Badie,RB,2025,17,2026,2,2,0.0,1.9906929731369016,False,7,0.0,16.152005457878104,1
Tyler Badie,RB,2025,17,2026,3,3,0.0,1.915885329246521,False,14,0.0,15.44511458873748,1
Tyler Badie,RB,2025,17,2026,4,4,0.0,1.8482155799865725,False,21,0.0,15.399768066406237,1
Tyler Badie,RB,2025,17,2026,5,5,0.0,1.737565040588379,False,28,0.0,14.680557656288144,1
Tyler Badie,RB,2025,17,2026,6,6,0.0,1.6228666305541992,False,35,0.0,13.839558601379393,1
Tyler Badie,RB,2025,17,2026,7,7,0.0,1.4682739973068235,False,42,0.0,13.081830096244808,1
Tyler Badie,RB,2025,17,2026,8,8,0.0,1.351088523864746,False,49,0.0,12.368016052246087,1
Tyler Badie,RB,2025,17,2026,9,9,0.0,1.2456134557724,False,56,0.0,11.1514919042587,1
Tyler Badie,RB,2025,17,2026,10,10,0.0,1.1595569849014282,False,63,0.0,10.430529356002808,1
Tyler Badie,RB,2025,17,2026,11,11,0.0,1.1144604682922363,False,70,0.0,10.117104864120474,1
Tyler Badie,RB,2025,17,2026,12,12,0.0,1.131152868270874,False,77,0.0,9.577987718582149,1
Tyler Badie,RB,2025,17,2026,13,13,0.0,1.1562994718551636,False,84,0.0,8.803287959098807,1
Tyler Badie,RB,2025,17,2026,14,14,0.0,1.2011091709136963,False,91,0.0,6.814288496971124,1
Tyler Badie,RB,2025,17,2026,15,15,0.0,1.2693579196929932,False,98,0.0,4.873851823806722,1
Tyler Badie,RB,2025,17,2026,16,16,0.0,1.3403098583221436,False,105,0.0,2.2881344079971244,1
Tyler Badie,RB,2025,17,2026,17,17,0.0,1.434105396270752,False,112,0.0,-0.8635524988174441,1
Tyquan Thornton,WR,2025,17,2026,1,1,0.0,8.44946575164795,False,0,0.0,23.165225696563702,1
Tyquan Thornton,WR,2025,17,2026,2,2,0.0,8.5032377243042,False,7,0.0,22.6645502090454,1
Tyquan Thornton,WR,2025,17,2026,3,3,0.0,8.558929443359375,False,14,0.0,22.088158702850333,1
Tyquan Thornton,WR,2025,17,2026,4,4,0.0,8.81492805480957,False,21,0.0,22.36648054122924,1
Tyquan Thornton,WR,2025,17,2026,5,5,0.0,9.01380729675293,False,28,0.0,21.95679991245269,1
Tyquan Thornton,WR,2025,17,2026,6,6,0.0,8.890965461730957,False,35,0.0,21.10765743255615,1
Tyquan Thornton,WR,2025,17,2026,7,7,0.0,8.599505424499512,False,42,0.0,20.213061523437496,1
Tyquan Thornton,WR,2025,17,2026,8,8,0.0,8.265824317932129,False,49,0.0,19.28275184631347,1
Tyquan Thornton,WR,2025,17,2026,9,9,0.0,7.790316581726074,False,56,0.0,17.696195030212373,1
Tyquan Thornton,WR,2025,17,2026,10,10,0.0,7.352563858032227,False,63,0.0,16.623536229133606,1
Tyquan Thornton,WR,2025,17,2026,11,11,0.0,7.0050883293151855,False,70,0.0,16.007732725143423,1
Tyquan Thornton,WR,2025,17,2026,12,12,0.0,6.673435688018799,False,77,0.0,15.120270538330072,1
Tyquan Thornton,WR,2025,17,2026,13,13,0.0,6.444660663604736,False,84,0.0,14.09164915084838,1
Tyquan Thornton,WR,2025,17,2026,14,14,0.0,6.3141913414001465,False,91,0.0,11.927370667457572,1
Tyquan Thornton,WR,2025,17,2026,15,15,0.0,6.196601390838623,False,98,0.0,9.80109529495235,1
Tyquan Thornton,WR,2025,17,2026,16,16,0.0,6.147319316864014,False,105,0.0,7.0951438665389945,1
Tyquan Thornton,WR,2025,17,2026,17,17,0.0,6.103135108947754,False,112,0.0,3.805477213859558,1
Tyrone Tracy Jr.,RB,2025,17,2026,1,1,0.0,10.133915901184082,False,0,0.0,24.849675846099835,1
Tyrone Tracy Jr.,RB,2025,17,2026,2,2,0.0,10.188796043395996,False,7,0.0,24.3501085281372,1
Tyrone Tracy Jr.,RB,2025,17,2026,3,3,0.0,10.290457725524902,False,14,0.0,23.81968698501586,1
Tyrone Tracy Jr.,RB,2025,17,2026,4,4,0.0,10.427691459655762,False,21,0.0,23.979243946075428,1
Tyrone Tracy Jr.,RB,2025,17,2026,5,5,0.0,10.43911361694336,False,28,0.0,23.382106232643125,1
Tyrone Tracy Jr.,RB,2025,17,2026,6,6,0.0,10.425652503967283,False,35,0.0,22.64234447479248,1
Tyrone Tracy Jr.,RB,2025,17,2026,7,7,0.0,10.659266471862791,False,42,0.0,22.272822570800777,1
Tyrone Tracy Jr.,RB,2025,17,2026,8,8,0.0,11.061118125915527,False,49,0.0,22.07804565429687,1
Tyrone Tracy Jr.,RB,2025,17,2026,9,9,0.0,11.32412052154541,False,56,0.0,21.22999897003171,1
Tyrone Tracy Jr.,RB,2025,17,2026,10,10,0.0,11.459513664245604,False,63,0.0,20.730486035346985,1
Tyrone Tracy Jr.,RB,2025,17,2026,11,11,0.0,11.542966842651367,False,70,0.0,20.545611238479605,1
Tyrone Tracy Jr.,RB,2025,17,2026,12,12,0.0,11.593717575073242,False,77,0.0,20.040552425384515,1
Tyrone Tracy Jr.,RB,2025,17,2026,13,13,0.0,11.54702854156494,False,84,0.0,19.194017028808585,1
Tyrone Tracy Jr.,RB,2025,17,2026,14,14,0.0,11.476078987121582,False,91,0.0,17.08925831317901,1
Tyrone Tracy Jr.,RB,2025,17,2026,15,15,0.0,11.390532493591309,False,98,0.0,14.995026397705036,1
Tyrone Tracy Jr.,RB,2025,17,2026,16,16,0.0,11.293461799621582,False,105,0.0,12.241286349296562,1
Tyrone Tracy Jr.,RB,2025,17,2026,17,17,0.0,11.19094181060791,False,112,0.0,8.893283915519714,1
Wan'Dale Robinson,WR,2025,17,2026,1,1,0.0,13.615718841552734,False,0,2.5171033859252923,28.331478786468487,1
Wan'Dale Robinson,WR,2025,17,2026,2,2,0.0,13.453550338745115,False,7,0.0,27.61486282348632,1
Wan'Dale Robinson,WR,2025,17,2026,3,3,0.0,13.39297580718994,False,14,0.0,26.9222050666809,1
Wan'Dale Robinson,WR,2025,17,2026,4,4,0.0,13.367206573486328,False,21,0.0,26.918759059905994,1
Wan'Dale Robinson,WR,2025,17,2026,5,5,0.0,13.450047492980955,False,28,0.0,26.39304010868072,1
Wan'Dale Robinson,WR,2025,17,2026,6,6,0.0,13.668917655944824,False,35,0.0,25.885609626770016,1
Wan'Dale Robinson,WR,2025,17,2026,7,7,0.0,13.867566108703612,False,42,0.0,25.4811222076416,1
Wan'Dale Robinson,WR,2025,17,2026,8,8,0.0,13.982922554016112,False,49,0.0,24.99985008239745,1
Wan'Dale Robinson,WR,2025,17,2026,9,9,0.0,13.992962837219238,False,56,0.0,23.898841285705537,1
Wan'Dale Robinson,WR,2025,17,2026,10,10,0.0,13.976240158081056,False,63,0.0,23.247212529182438,1
Wan'Dale Robinson,WR,2025,17,2026,11,11,0.0,13.917363166809082,False,70,0.0,22.92000756263732,1
Wan'Dale Robinson,WR,2025,17,2026,12,12,0.0,13.805981636047363,False,77,0.0,22.25281648635864,1
Wan'Dale Robinson,WR,2025,17,2026,13,13,0.0,13.685562133789062,False,84,0.0,21.332550621032706,1
Wan'Dale Robinson,WR,2025,17,2026,14,14,0.0,13.589208602905272,False,91,0.0,19.2023879289627,1
Wan'Dale Robinson,WR,2025,17,2026,15,15,0.0,13.508944511413574,False,98,0.0,17.113438415527302,1
Wan'Dale Robinson,WR,2025,17,2026,16,16,0.0,13.432900428771973,False,105,0.0,14.380724978446953,1
Wan'Dale Robinson,WR,2025,17,2026,17,17,0.0,13.354544639587402,False,112,0.0,11.056886744499206,1
Will Shipley,RB,2025,17,2026,1,1,0.0,1.3982805013656616,False,0,0.0,16.114040446281415,1
Will Shipley,RB,2025,17,2026,2,2,0.0,1.3678189516067505,False,7,0.0,15.529131436347956,1
Will Shipley,RB,2025,17,2026,3,3,0.0,1.3487792015075684,False,14,0.0,14.878008460998526,1
Will Shipley,RB,2025,17,2026,4,4,0.0,1.3559765815734863,False,21,0.0,14.907529067993153,1
Will Shipley,RB,2025,17,2026,5,5,0.0,1.3013311624526978,False,28,0.0,14.244323778152465,1
Will Shipley,RB,2025,17,2026,6,6,0.0,1.2917730808258057,False,35,0.0,13.508465051650996,1
Will Shipley,RB,2025,17,2026,7,7,0.0,1.2392299175262451,False,42,0.0,12.85278601646423,1
Will Shipley,RB,2025,17,2026,8,8,0.0,1.2187697887420654,False,49,0.0,12.235697317123408,1
Will Shipley,RB,2025,17,2026,9,9,0.0,1.2066371440887451,False,56,0.0,11.112515592575043,1
Will Shipley,RB,2025,17,2026,10,10,0.0,1.1929843425750732,False,63,0.0,10.463956713676453,1
Will Shipley,RB,2025,17,2026,11,11,0.0,1.2150254249572754,False,70,0.0,10.217669820785511,1
Will Shipley,RB,2025,17,2026,12,12,0.0,1.2866356372833252,False,77,0.0,9.733470487594598,1
Will Shipley,RB,2025,17,2026,13,13,0.0,1.3486382961273191,False,84,0.0,8.995626783370962,1
Will Shipley,RB,2025,17,2026,14,14,0.0,1.413337230682373,False,91,0.0,7.026516556739801,1
Will Shipley,RB,2025,17,2026,15,15,0.0,1.4895174503326416,False,98,0.0,5.09401135444637,1
Will Shipley,RB,2025,17,2026,16,16,0.0,1.5575438737869265,False,105,0.0,2.505368423461907,1
Will Shipley,RB,2025,17,2026,17,17,0.0,1.629799246788025,False,112,0.0,-0.6678586483001712,1
Woody Marks,RB,2025,17,2026,1,1,0.0,10.26265811920166,False,0,0.0,24.978418064117413,1
Woody Marks,RB,2025,17,2026,2,2,0.0,10.007512092590332,False,7,0.0,24.16882457733153,1
Woody Marks,RB,2025,17,2026,3,3,0.0,10.047097206115724,False,14,0.0,23.57632646560668,1
Woody Marks,RB,2025,17,2026,4,4,0.0,10.477187156677246,False,21,0.0,24.028739643096912,1
Woody Marks,RB,2025,17,2026,5,5,0.0,11.128947257995604,False,28,0.0,24.07193987369537,1
Woody Marks,RB,2025,17,2026,6,6,0.0,11.865262031555176,False,35,0.0,24.081954002380368,1
Woody Marks,RB,2025,17,2026,7,7,0.0,12.580201148986816,False,42,0.0,24.1937572479248,1
Woody Marks,RB,2025,17,2026,8,8,0.0,13.238652229309082,False,49,0.0,24.255579757690423,1
Woody Marks,RB,2025,17,2026,9,9,0.0,13.858444213867188,False,56,0.0,23.76432266235349,1
Woody Marks,RB,2025,17,2026,10,10,0.0,14.520028114318848,False,63,0.0,23.791000485420227,1
Woody Marks,RB,2025,17,2026,11,11,0.0,15.249669075012209,False,70,0.4383954048156742,24.252313470840445,1
Woody Marks,RB,2025,17,2026,12,12,0.0,15.824706077575684,False,77,0.9819010734558108,24.27154092788696,1
Woody Marks,RB,2025,17,2026,13,13,0.0,16.080659866333008,False,84,1.2280623435974114,23.72764835357665,1
Woody Marks,RB,2025,17,2026,14,14,0.0,16.073040008544922,False,91,1.1897471427917488,21.68621933460235,1
Woody Marks,RB,2025,17,2026,15,15,0.0,15.915982246398926,False,98,1.0369910240173343,19.520476150512653,1
Woody Marks,RB,2025,17,2026,16,16,0.0,15.698260307312012,False,105,0.785568809509277,16.64608485698699,1
Woody Marks,RB,2025,17,2026,17,17,0.0,15.393926620483398,False,112,0.4821088790893562,13.096268725395202,1
Xavier Hutchinson,WR,2025,17,2026,1,1,0.0,8.104573249816895,False,0,0.0,22.820333194732648,1
Xavier Hutchinson,WR,2025,17,2026,2,2,0.0,8.105111122131348,False,7,0.0,22.26642360687255,1
Xavier Hutchinson,WR,2025,17,2026,3,3,0.0,8.126712799072266,False,14,0.0,21.655942058563223,1
Xavier Hutchinson,WR,2025,17,2026,4,4,0.0,8.38054370880127,False,21,0.0,21.932096195220936,1
Xavier Hutchinson,WR,2025,17,2026,5,5,0.0,8.68599796295166,False,28,0.0,21.628990578651425,1
Xavier Hutchinson,WR,2025,17,2026,6,6,0.0,8.913311004638672,False,35,0.0,21.130002975463864,1
Xavier Hutchinson,WR,2025,17,2026,7,7,0.0,9.18779468536377,False,42,0.0,20.801350784301757,1
Xavier Hutchinson,WR,2025,17,2026,8,8,0.0,9.591713905334473,False,49,0.0,20.60864143371581,1
Xavier Hutchinson,WR,2025,17,2026,9,9,0.0,9.916008949279783,False,56,0.0,19.821887397766083,1
Xavier Hutchinson,WR,2025,17,2026,10,10,0.0,10.091264724731444,False,63,0.0,19.362237095832825,1
Xavier Hutchinson,WR,2025,17,2026,11,11,0.0,10.126141548156738,False,70,0.0,19.128785943984976,1
Xavier Hutchinson,WR,2025,17,2026,12,12,0.0,10.067294120788574,False,77,0.0,18.514128971099847,1
Xavier Hutchinson,WR,2025,17,2026,13,13,0.0,9.914026260375977,False,84,0.0,17.56101474761962,1
Xavier Hutchinson,WR,2025,17,2026,14,14,0.0,9.775609016418455,False,91,0.0,15.388788342475884,1
Xavier Hutchinson,WR,2025,17,2026,15,15,0.0,9.63319969177246,False,98,0.0,13.237693595886189,1
Xavier Hutchinson,WR,2025,17,2026,16,16,0.0,9.501975059509276,False,105,0.0,10.449799609184256,1
Xavier Hutchinson,WR,2025,17,2026,17,17,0.0,9.369338035583496,False,112,0.0,7.0716801404953,1
Xavier Legette,WR,2025,17,2026,1,1,0.0,3.487921714782715,False,0,0.0,18.203681659698468,1
Xavier Legette,WR,2025,17,2026,2,2,0.0,3.3604729175567627,False,7,0.0,17.521785402297965,1
Xavier Legette,WR,2025,17,2026,3,3,0.0,3.2682626247406006,False,14,0.0,16.797491884231558,1
Xavier Legette,WR,2025,17,2026,4,4,0.0,3.189672470092773,False,21,0.0,16.74122495651244,1
Xavier Legette,WR,2025,17,2026,5,5,0.0,3.0586607456207275,False,28,0.0,16.001653361320493,1
Xavier Legette,WR,2025,17,2026,6,6,0.0,2.9624509811401367,False,35,0.0,15.179142951965328,1
Xavier Legette,WR,2025,17,2026,7,7,0.0,2.870994806289673,False,42,0.0,14.484550905227657,1
Xavier Legette,WR,2025,17,2026,8,8,0.0,2.837216377258301,False,49,0.0,13.854143905639642,1
Xavier Legette,WR,2025,17,2026,9,9,0.0,2.823991537094116,False,56,0.0,12.729869985580416,1
Xavier Legette,WR,2025,17,2026,10,10,0.0,2.8387115001678467,False,63,0.0,12.109683871269226,1
Xavier Legette,WR,2025,17,2026,11,11,0.0,2.926319122314453,False,70,0.0,11.928963518142693,1
Xavier Legette,WR,2025,17,2026,12,12,0.0,3.0847480297088623,False,77,0.0,11.531582880020135,1
Xavier Legette,WR,2025,17,2026,13,13,0.0,3.2107083797454834,False,84,0.0,10.857696866989128,1
Xavier Legette,WR,2025,17,2026,14,14,0.0,3.3231451511383057,False,91,0.0,8.936324477195733,1
Xavier Legette,WR,2025,17,2026,15,15,0.0,3.397124767303467,False,98,0.0,7.001618671417195,1
Xavier Legette,WR,2025,17,2026,16,16,0.0,3.4354898929595947,False,105,0.0,4.383314442634576,1
Xavier Legette,WR,2025,17,2026,17,17,0.0,3.462538003921509,False,112,0.0,1.1648801088333127,1
Xavier Smith,WR,2025,17,2026,1,1,0.0,3.5145084857940674,False,0,0.0,18.23026843070982,1
Xavier Smith,WR,2025,17,2026,2,2,0.0,3.596685647964477,False,7,0.0,17.75799813270568,1
Xavier Smith,WR,2025,17,2026,3,3,0.0,3.6339011192321777,False,14,0.0,17.163130378723135,1
Xavier Smith,WR,2025,17,2026,4,4,0.0,3.659071207046509,False,21,0.0,17.210623693466175,1
Xavier Smith,WR,2025,17,2026,5,5,0.0,3.614967584609986,False,28,0.0,16.55796020030975,1
Xavier Smith,WR,2025,17,2026,6,6,0.0,3.583575963973999,False,35,0.0,15.80026793479919,1
Xavier Smith,WR,2025,17,2026,7,7,0.0,3.5261802673339844,False,42,0.0,15.139736366271968,1
Xavier Smith,WR,2025,17,2026,8,8,0.0,3.5107810497283936,False,49,0.0,14.527708578109737,1
Xavier Smith,WR,2025,17,2026,9,9,0.0,3.4780428409576416,False,56,0.0,13.383921289443942,1
Xavier Smith,WR,2025,17,2026,10,10,0.0,3.459481239318848,False,63,0.0,12.730453610420229,1
Xavier Smith,WR,2025,17,2026,11,11,0.0,3.506427764892578,False,70,0.0,12.509072160720816,1
Xavier Smith,WR,2025,17,2026,12,12,0.0,3.593647718429565,False,77,0.0,12.040482568740838,1
Xavier Smith,WR,2025,17,2026,13,13,0.0,3.672516107559204,False,84,0.0,11.319504594802847,1
Xavier Smith,WR,2025,17,2026,14,14,0.0,3.749345064163208,False,91,0.0,9.362524390220637,1
Xavier Smith,WR,2025,17,2026,15,15,0.0,3.8047266006469727,False,98,0.0,7.409220504760701,1
Xavier Smith,WR,2025,17,2026,16,16,0.0,3.847565889358521,False,105,0.0,4.795390439033501,1
Xavier Smith,WR,2025,17,2026,17,17,0.0,3.873783826828003,False,112,0.0,1.5761259317398069,1
Xavier Worthy,WR,2025,17,2026,1,1,0.0,7.583407878875732,False,0,0.0,22.299167823791485,1
Xavier Worthy,WR,2025,17,2026,2,2,0.0,7.616189479827881,False,7,0.0,21.777501964569083,1
Xavier Worthy,WR,2025,17,2026,3,3,0.0,7.596335887908935,False,14,0.0,21.125565147399893,1
Xavier Worthy,WR,2025,17,2026,4,4,0.0,7.711058139801025,False,21,0.0,21.26261062622069,1
Xavier Worthy,WR,2025,17,2026,5,5,0.0,7.83564567565918,False,28,0.0,20.778638291358945,1
Xavier Worthy,WR,2025,17,2026,6,6,0.0,7.879664897918701,False,35,0.0,20.096356868743893,1
Xavier Worthy,WR,2025,17,2026,7,7,0.0,7.970766544342041,False,42,0.0,19.584322643280025,1
Xavier Worthy,WR,2025,17,2026,8,8,0.0,8.162516593933105,False,49,0.0,19.179444122314447,1
Xavier Worthy,WR,2025,17,2026,9,9,0.0,8.35440731048584,False,56,0.0,18.260285758972135,1
Xavier Worthy,WR,2025,17,2026,10,10,0.0,8.521491050720215,False,63,0.0,17.792463421821594,1
Xavier Worthy,WR,2025,17,2026,11,11,0.0,8.64499568939209,False,70,0.0,17.647640085220328,1
Xavier Worthy,WR,2025,17,2026,12,12,0.0,8.719017028808594,False,77,0.0,17.165851879119867,1
Xavier Worthy,WR,2025,17,2026,13,13,0.0,8.682753562927246,False,84,0.0,16.32974205017089,1
Xavier Worthy,WR,2025,17,2026,14,14,0.0,8.631487846374512,False,91,0.0,14.24466717243194,1
Xavier Worthy,WR,2025,17,2026,15,15,0.0,8.548157691955566,False,98,0.0,12.152651596069294,1
Xavier Worthy,WR,2025,17,2026,16,16,0.0,8.460234642028809,False,105,0.0,9.408059191703789,1
Xavier Worthy,WR,2025,17,2026,17,17,0.0,8.360243797302246,False,112,0.0,6.06258590221405,1
Zachariah Branch,WR,2025,17,2026,1,1,0.0,2.25321888923645,False,0,0.0,16.968978834152203,1
Zachariah Branch,WR,2025,17,2026,2,2,0.0,2.1568384170532227,False,7,0.0,16.318150901794425,1
Zachariah Branch,WR,2025,17,2026,3,3,0.0,2.124619245529175,False,14,0.0,15.653848505020132,1
Zachariah Branch,WR,2025,17,2026,4,4,0.0,2.1071367263793945,False,21,0.0,15.65868921279906,1
Zachariah Branch,WR,2025,17,2026,5,5,0.0,2.035667896270752,False,28,0.0,14.978660511970515,1
Zachariah Branch,WR,2025,17,2026,6,6,0.0,2.008795022964477,False,35,0.0,14.22548699378967,1
Zachariah Branch,WR,2025,17,2026,7,7,0.0,1.941143035888672,False,42,0.0,13.554699134826656,1
Zachariah Branch,WR,2025,17,2026,8,8,0.0,1.9124881029129028,False,49,0.0,12.929415631294244,1
Zachariah Branch,WR,2025,17,2026,9,9,0.0,1.9023079872131348,False,56,0.0,11.808186435699437,1
Zachariah Branch,WR,2025,17,2026,10,10,0.0,1.907639503479004,False,63,0.0,11.178611874580383,1
Zachariah Branch,WR,2025,17,2026,11,11,0.0,1.9629420042037964,False,70,0.0,10.965586400032034,1
Zachariah Branch,WR,2025,17,2026,12,12,0.0,2.0688953399658203,False,77,0.0,10.515730190277091,1
Zachariah Branch,WR,2025,17,2026,13,13,0.0,2.156560182571411,False,84,0.0,9.803548669815054,1
Zachariah Branch,WR,2025,17,2026,14,14,0.0,2.236289024353028,False,91,0.0,7.849468350410455,1
Zachariah Branch,WR,2025,17,2026,15,15,0.0,2.3094351291656494,False,98,0.0,5.913929033279378,1
Zachariah Branch,WR,2025,17,2026,16,16,0.0,2.372004508972168,False,105,0.0,3.319829058647149,1
Zachariah Branch,WR,2025,17,2026,17,17,0.0,2.4367263317108154,False,112,0.0,0.1390684366226193,1
Zavion Thomas,WR,2025,17,2026,1,1,0.0,2.254711389541626,False,0,0.0,16.97047133445738,1
Zavion Thomas,WR,2025,17,2026,2,2,0.0,2.1583011150360107,False,7,0.0,16.319613599777213,1
Zavion Thomas,WR,2025,17,2026,3,3,0.0,2.126020908355713,False,14,0.0,15.65525016784667,1
Zavion Thomas,WR,2025,17,2026,4,4,0.0,2.1084485054016118,False,21,0.0,15.660000991821276,1
Zavion Thomas,WR,2025,17,2026,5,5,0.0,2.036881446838379,False,28,0.0,14.979874062538144,1
Zavion Thomas,WR,2025,17,2026,6,6,0.0,2.009870767593384,False,35,0.0,14.226562738418576,1
Zavion Thomas,WR,2025,17,2026,7,7,0.0,1.9420828819274905,False,42,0.0,13.555638980865474,1
Zavion Thomas,WR,2025,17,2026,8,8,0.0,1.9133028984069824,False,49,0.0,12.930230426788324,1
Zavion Thomas,WR,2025,17,2026,9,9,0.0,1.902999997138977,False,56,0.0,11.808878445625275,1
Zavion Thomas,WR,2025,17,2026,10,10,0.0,1.9082400798797607,False,63,0.0,11.17921245098114,1
Zavion Thomas,WR,2025,17,2026,11,11,0.0,1.963456988334656,False,70,0.0,10.966101384162894,1
Zavion Thomas,WR,2025,17,2026,12,12,0.0,2.069350481033325,False,77,0.0,10.516185331344598,1
Zavion Thomas,WR,2025,17,2026,13,13,0.0,2.1569626331329346,False,84,0.0,9.803951120376578,1
Zavion Thomas,WR,2025,17,2026,14,14,0.0,2.236655712127685,False,91,0.0,7.849835038185113,1
Zavion Thomas,WR,2025,17,2026,15,15,0.0,2.3097870349884038,False,98,0.0,5.914280939102132,1
Zavion Thomas,WR,2025,17,2026,16,16,0.0,2.3723719120025635,False,105,0.0,3.3201964616775443,1
Zavion Thomas,WR,2025,17,2026,17,17,0.0,2.4371426105499268,False,112,0.0,0.1394847154617307,1
Zay Flowers,WR,2025,17,2026,1,1,0.0,15.303060531616213,False,0,4.204445075988769,30.018820476531964,1
Zay Flowers,WR,2025,17,2026,2,2,0.0,15.22996711730957,False,7,1.5626729011535634,29.391279602050773,1
Zay Flowers,WR,2025,17,2026,3,3,0.0,15.157843589782717,False,14,1.0302582740783688,28.687072849273672,1
Zay Flowers,WR,2025,17,2026,4,4,0.0,15.087786674499512,False,21,0.8000324249267585,28.639339160919175,1
Zay Flowers,WR,2025,17,2026,5,5,0.0,15.1912202835083,False,28,0.7527700424194332,28.134212899208062,1
Zay Flowers,WR,2025,17,2026,6,6,0.0,15.37077808380127,False,35,0.8373768806457509,27.58747005462646,1
Zay Flowers,WR,2025,17,2026,7,7,0.0,15.505037307739258,False,42,0.8993845939636227,27.11859340667724,1
Zay Flowers,WR,2025,17,2026,8,8,0.0,15.596445083618164,False,49,0.940996837615966,26.613372611999505,1
Zay Flowers,WR,2025,17,2026,9,9,0.0,15.612009048461914,False,56,0.910192012786867,25.51788749694821,1
Zay Flowers,WR,2025,17,2026,10,10,0.0,15.624412536621094,False,63,0.8596856117248546,24.895384907722477,1
Zay Flowers,WR,2025,17,2026,11,11,0.0,15.62935733795166,False,70,0.8180836677551273,24.632001733779894,1
Zay Flowers,WR,2025,17,2026,12,12,0.0,15.599791526794434,False,77,0.7569865226745609,24.046626377105703,1
Zay Flowers,WR,2025,17,2026,13,13,0.0,15.550174713134766,False,84,0.6975771903991692,23.19716320037841,1
Zay Flowers,WR,2025,17,2026,14,14,0.0,15.447681427001951,False,91,0.56438856124878,21.06086075305938,1
Zay Flowers,WR,2025,17,2026,15,15,0.0,15.300026893615724,False,98,0.4210356712341312,18.90452079772945,1
Zay Flowers,WR,2025,17,2026,16,16,0.0,15.13875961303711,False,105,0.2260681152343746,16.08658416271209,1
Zay Flowers,WR,2025,17,2026,17,17,0.0,14.949023246765137,False,112,0.0372055053710944,12.65136535167694,1
